Title,PDF Link
COMMISSION STAFF WORKING DOCUMENT IMPACT ASSESSMENT REPORT Accompanying the document Proposal for a DIRECTIVE OF THE EUROPEAN PARLIAMENT AND OF THE COUNCIL on Corporate Sustainability Due Diligence and amending Directive (EU) 2019/1937,https://eur-lex.europa.eu/legal-content/EN/TXT/PDF/?uri=CELEX:52022SC0042&qid=1700493741622
COMMISSION STAFF WORKING DOCUMENT IMPACT ASSESSMENT REPORT Accompanying the document Proposal for a DIRECTIVE OF THE EUROPEAN PARLIAMENT AND OF THE COUNCIL on Corporate Sustainability Due Diligence and amending Directive (EU) 2019/1937,https://eur-lex.europa.eu/legal-content/FR/TXT/PDF/?uri=CELEX:52022SC0042&qid=1700493741622
COMMISSION STAFF WORKING DOCUMENT IMPACT ASSESSMENT REPORT Accompanying the document Commission Delegated Regulation (EU) .../... supplementing Regulation (EU) 2020/852 of the European Parliament and of the Council by establishing the technical screening criteria for determining the conditions under which an economic activity qualifies as contributing substantially to climate change mitigation or climate change adaptation and for determining whether that economic activity causes no significant harm to any of the other environmental objectives.,https://eur-lex.europa.eu/legal-content/EN/TXT/PDF/?uri=CELEX:52021SC0152&qid=1700493741622
COMMISSION STAFF WORKING DOCUMENT IMPACT ASSESSMENT REPORT Accompanying the document Commission Delegated Regulation (EU) .../... supplementing Regulation (EU) 2020/852 of the European Parliament and of the Council by establishing the technical screening criteria for determining the conditions under which an economic activity qualifies as contributing substantially to climate change mitigation or climate change adaptation and for determining whether that economic activity causes no significant harm to any of the other environmental objectives.,https://eur-lex.europa.eu/legal-content/FR/TXT/PDF/?uri=CELEX:52021SC0152&qid=1700493741622
Commission Notice on the interpretation and implementation of certain legal provisions of the Disclosures Delegated Act under Article 8 of EU Taxonomy Regulation on the reporting of Taxonomy-eligible and Taxonomy-aligned economic activities and assets (second Commission Notice),https://eur-lex.europa.eu/legal-content/EN/TXT/PDF/?uri=OJ:C_202300305&qid=1700493741622
Commission Notice on the interpretation and implementation of certain legal provisions of the Disclosures Delegated Act under Article 8 of EU Taxonomy Regulation on the reporting of Taxonomy-eligible and Taxonomy-aligned economic activities and assets (second Commission Notice),https://eur-lex.europa.eu/legal-content/FR/TXT/PDF/?uri=OJ:C_202300305&qid=1700493741622
"COMMISSION STAFF WORKING DOCUMENT Article 8 of Taxonomy Regulation Accompanying the document Commission Delegated Regulation (EU) .../... supplementing Regulation (EU) 2020/852 of the European Parliament and of the Council by specifying the content and presentation of information to be disclosed by undertakings subject to Articles 19a or 29a of Directive 2013/34/EU concerning environmentally sustainable economic activities, and specifying the methodology to comply with that disclosure obligation",https://eur-lex.europa.eu/legal-content/EN/TXT/PDF/?uri=CELEX:52021SC0183&qid=1700493741622
"COMMISSION STAFF WORKING DOCUMENT Article 8 of Taxonomy Regulation Accompanying the document Commission Delegated Regulation (EU) .../... supplementing Regulation (EU) 2020/852 of the European Parliament and of the Council by specifying the content and presentation of information to be disclosed by undertakings subject to Articles 19a or 29a of Directive 2013/34/EU concerning environmentally sustainable economic activities, and specifying the methodology to comply with that disclosure obligation",https://eur-lex.europa.eu/legal-content/FR/TXT/PDF/?uri=CELEX:52021SC0183&qid=1700493741622
"COMMISSION STAFF WORKING DOCUMENT IMPACT ASSESSMENT REPORT Accompanying the documents Proposal for a Regulation of the European Parliament and of the Council establishing a European single access point providing centralised access to publicly available information of relevance to financial services, capital markets and sustainability Proposal for a Regulation of the European Parliament and of the Council amending certain Regulations as regards the establishment and functioning of the European single access point Proposal for a Directive of the European Parliament and of the Council amending certain Directives as regards the establishment and functioning of the European single access point",https://eur-lex.europa.eu/legal-content/EN/TXT/PDF/?uri=CELEX:52021SC0344&qid=1700493741622
"COMMISSION STAFF WORKING DOCUMENT IMPACT ASSESSMENT REPORT Accompanying the documents Proposal for a Regulation of the European Parliament and of the Council establishing a European single access point providing centralised access to publicly available information of relevance to financial services, capital markets and sustainability Proposal for a Regulation of the European Parliament and of the Council amending certain Regulations as regards the establishment and functioning of the European single access point Proposal for a Directive of the European Parliament and of the Council amending certain Directives as regards the establishment and functioning of the European single access point",https://eur-lex.europa.eu/legal-content/FR/TXT/PDF/?uri=CELEX:52021SC0344&qid=1700493741622
Commission Notice on the interpretation of certain legal provisions of the Disclosures Delegated Act under Article 8 of EU Taxonomy Regulation on the reporting of eligible economic activities and assets 2022/C 385/01,https://eur-lex.europa.eu/legal-content/EN/TXT/PDF/?uri=CELEX:52022XC1006(01)&qid=1700493741622
Commission Notice on the interpretation of certain legal provisions of the Disclosures Delegated Act under Article 8 of EU Taxonomy Regulation on the reporting of eligible economic activities and assets 2022/C 385/01,https://eur-lex.europa.eu/legal-content/FR/TXT/PDF/?uri=CELEX:52022XC1006(01)&qid=1700493741622
Proposal for a DIRECTIVE OF THE EUROPEAN PARLIAMENT AND OF THE COUNCIL on Corporate Sustainability Due Diligence and amending Directive (EU) 2019/1937,https://eur-lex.europa.eu/legal-content/EN/TXT/PDF/?uri=CELEX:52022PC0071&qid=1700493741622
Proposal for a DIRECTIVE OF THE EUROPEAN PARLIAMENT AND OF THE COUNCIL on Corporate Sustainability Due Diligence and amending Directive (EU) 2019/1937,https://eur-lex.europa.eu/legal-content/FR/TXT/PDF/?uri=CELEX:52022PC0071&qid=1700493741622
"COMMISSION STAFF WORKING DOCUMENT IMPACT ASSESSMENT REPORT Accompanying the document Proposal for a Regulation of the European Parliament and of the Council on the transparency and integrity of Environmental, Social and Governance (ESG) rating activities",https://eur-lex.europa.eu/legal-content/EN/TXT/PDF/?uri=CELEX:52023SC0204&qid=1700493741622
"COMMISSION STAFF WORKING DOCUMENT IMPACT ASSESSMENT REPORT Accompanying the document Proposal for a Regulation of the European Parliament and of the Council on the transparency and integrity of Environmental, Social and Governance (ESG) rating activities",https://eur-lex.europa.eu/legal-content/FR/TXT/PDF/?uri=CELEX:52023SC0204&qid=1700493741622
"Opinion of the European Economic and Social Committee on Proposal for a Directive of the European Parliament and of the Council amending Directive 2013/34/EU, Directive 2004/109/EC, Directive 2006/43/EC and Regulation (EU) No 537/2014, as regards corporate sustainability reporting (COM(2021) 189 final — 2021/104 (COD))",https://eur-lex.europa.eu/legal-content/EN/TXT/PDF/?uri=CELEX:52021AE2582&qid=1700493741622
"Opinion of the European Economic and Social Committee on Proposal for a Directive of the European Parliament and of the Council amending Directive 2013/34/EU, Directive 2004/109/EC, Directive 2006/43/EC and Regulation (EU) No 537/2014, as regards corporate sustainability reporting (COM(2021) 189 final — 2021/104 (COD))",https://eur-lex.europa.eu/legal-content/FR/TXT/PDF/?uri=CELEX:52021AE2582&qid=1700493741622
"COMMISSION STAFF WORKING DOCUMENT Enhancing the usability of the EU Taxonomy and the overall EU sustainable finance framework Accompanying the document Communication from the Commission to the European Parliament, the Council, the European Economic and Social Committee and the Committee of the Regions A sustainable finance framework that works on the ground",https://eur-lex.europa.eu/legal-content/EN/TXT/PDF/?uri=CELEX:52023SC0209&qid=1700493741622
"COMMISSION STAFF WORKING DOCUMENT Enhancing the usability of the EU Taxonomy and the overall EU sustainable finance framework Accompanying the document Communication from the Commission to the European Parliament, the Council, the European Economic and Social Committee and the Committee of the Regions A sustainable finance framework that works on the ground",https://eur-lex.europa.eu/legal-content/FR/TXT/PDF/?uri=CELEX:52023SC0209&qid=1700493741622
"COMMUNICATION FROM THE COMMISSION TO THE EUROPEAN PARLIAMENT, THE COUNCIL, THE EUROPEAN ECONOMIC AND SOCIAL COMMITTEE AND THE COMMITTEE OF THE REGIONS Strategy for Financing the Transition to a Sustainable Economy",https://eur-lex.europa.eu/legal-content/EN/TXT/PDF/?uri=CELEX:52021DC0390&qid=1700493741622
"COMMUNICATION FROM THE COMMISSION TO THE EUROPEAN PARLIAMENT, THE COUNCIL, THE EUROPEAN ECONOMIC AND SOCIAL COMMITTEE AND THE COMMITTEE OF THE REGIONS Strategy for Financing the Transition to a Sustainable Economy",https://eur-lex.europa.eu/legal-content/FR/TXT/PDF/?uri=CELEX:52021DC0390&qid=1700493741622
"COMMISSION STAFF WORKING DOCUMENT Accompanying the COMMUNICATION FROM THE COMMISSION TO THE EUROPEAN PARLIAMENT, THE COUNCIL, THE EUROPEAN ECONOMIC AND SOCIAL COMMITTEE AND THE COMMITTEE OF THE REGIONS Strategy for Financing the Transition to a Sustainable Economy",https://eur-lex.europa.eu/legal-content/EN/TXT/PDF/?uri=CELEX:52021SC0180&qid=1700493741622
"COMMISSION STAFF WORKING DOCUMENT Accompanying the COMMUNICATION FROM THE COMMISSION TO THE EUROPEAN PARLIAMENT, THE COUNCIL, THE EUROPEAN ECONOMIC AND SOCIAL COMMITTEE AND THE COMMITTEE OF THE REGIONS Strategy for Financing the Transition to a Sustainable Economy",https://eur-lex.europa.eu/legal-content/FR/TXT/PDF/?uri=CELEX:52021SC0180&qid=1700493741622
COMMISSION STAFF WORKING DOCUMENT Technical information Accompanying the document REPORT FROM THE COMMISSION TO THE EUROPEAN PARLIAMENT AND THE COUNCIL EU Climate Action Progress Report 2023,https://eur-lex.europa.eu/legal-content/EN/TXT/PDF/?uri=CELEX:52023SC0339&qid=1700493741622
COMMISSION STAFF WORKING DOCUMENT Technical information Accompanying the document REPORT FROM THE COMMISSION TO THE EUROPEAN PARLIAMENT AND THE COUNCIL EU Climate Action Progress Report 2023,https://eur-lex.europa.eu/legal-content/FR/TXT/PDF/?uri=CELEX:52023SC0339&qid=1700493741622
Commission Notice on the interpretation and implementation of certain legal provisions of the EU Taxonomy Climate Delegated Act establishing technical screening criteria for economic activities that contribute substantially to climate change mitigation or climate change adaptation and do no significant harm to other environmental objective,https://eur-lex.europa.eu/legal-content/EN/TXT/PDF/?uri=OJ:C_202300267&qid=1700493741622
Commission Notice on the interpretation and implementation of certain legal provisions of the EU Taxonomy Climate Delegated Act establishing technical screening criteria for economic activities that contribute substantially to climate change mitigation or climate change adaptation and do no significant harm to other environmental objective,https://eur-lex.europa.eu/legal-content/FR/TXT/PDF/?uri=OJ:C_202300267&qid=1700493741622
"COMMISSION STAFF WORKING DOCUMENT Accompanying the document COMMISSION DELEGATED REGULATION (EU) /... supplementing Regulation (EU) 2020/852 of the European Parliament and of the Council by establishing the technical screening criteria for determining the conditions under which an economic activity qualifies as contributing substantially to the sustainable use and protection of water and marine resources, to the transition to a circular economy, to pollution prevention and control or to the protection and restoration of biodiversity and ecosystems and for determining whether that economic activity causes no significant harm to any of the other environmental objectives and amending Delegated Regulation (EU) 2021/2178 as regards specific public disclosures for those economic activities and the COMMISSION DELEGATED REGULATION (EU) .../... amending Delegated Regulation (EU) 2021/2139 by establishing additional technical screening criteria for determining the conditions under which certain economic activities qualify as contributing substantially to climate change mitigation or climate change adaptation and for determining whether those activities cause no significant harm to any of the other environmental objectives",https://eur-lex.europa.eu/legal-content/EN/TXT/PDF/?uri=CELEX:52023SC0239&qid=1700493741622
"COMMISSION STAFF WORKING DOCUMENT Accompanying the document COMMISSION DELEGATED REGULATION (EU) /... supplementing Regulation (EU) 2020/852 of the European Parliament and of the Council by establishing the technical screening criteria for determining the conditions under which an economic activity qualifies as contributing substantially to the sustainable use and protection of water and marine resources, to the transition to a circular economy, to pollution prevention and control or to the protection and restoration of biodiversity and ecosystems and for determining whether that economic activity causes no significant harm to any of the other environmental objectives and amending Delegated Regulation (EU) 2021/2178 as regards specific public disclosures for those economic activities and the COMMISSION DELEGATED REGULATION (EU) .../... amending Delegated Regulation (EU) 2021/2139 by establishing additional technical screening criteria for determining the conditions under which certain economic activities qualify as contributing substantially to climate change mitigation or climate change adaptation and for determining whether those activities cause no significant harm to any of the other environmental objectives",https://eur-lex.europa.eu/legal-content/FR/TXT/PDF/?uri=CELEX:52023SC0239&qid=1700493741622
"COMMISSION STAFF WORKING DOCUMENT IMPACT ASSESSMENT REPORT Accompanying the document Proposal for a Regulation of the European Parliament and of the Council establishing a framework for ensuring a secure and sustainable supply of critical raw materials and amending Regulations (EU) 168/2013, (EU) 2018/858, 2018/1724 and (EU) 2019/1020",https://eur-lex.europa.eu/legal-content/EN/TXT/PDF/?uri=CELEX:52023SC0161&qid=1700493741622
"COMMISSION STAFF WORKING DOCUMENT IMPACT ASSESSMENT REPORT Accompanying the document Proposal for a Regulation of the European Parliament and of the Council establishing a framework for ensuring a secure and sustainable supply of critical raw materials and amending Regulations (EU) 168/2013, (EU) 2018/858, 2018/1724 and (EU) 2019/1020",https://eur-lex.europa.eu/legal-content/FR/TXT/PDF/?uri=CELEX:52023SC0161&qid=1700493741622
Opinion of the European Economic and Social Committee on Social taxonomy — Challenges and opportunities (own-initiative opinion),https://eur-lex.europa.eu/legal-content/EN/TXT/PDF/?uri=CELEX:52022IE0721&qid=1700493741622
Opinion of the European Economic and Social Committee on Social taxonomy — Challenges and opportunities (own-initiative opinion),https://eur-lex.europa.eu/legal-content/FR/TXT/PDF/?uri=CELEX:52022IE0721&qid=1700493741622
Proposal for a REGULATION OF THE EUROPEAN PARLIAMENT AND OF THE COUNCIL on the making available on the Union market as well as export from the Union of certain commodities and products associated with deforestation and forest degradation and repealing Regulation (EU) No 995/2010,https://eur-lex.europa.eu/legal-content/EN/TXT/PDF/?uri=CELEX:52021PC0706&qid=1700493741622
Proposal for a REGULATION OF THE EUROPEAN PARLIAMENT AND OF THE COUNCIL on the making available on the Union market as well as export from the Union of certain commodities and products associated with deforestation and forest degradation and repealing Regulation (EU) No 995/2010,https://eur-lex.europa.eu/legal-content/FR/TXT/PDF/?uri=CELEX:52021PC0706&qid=1700493741622
COMMISSION STAFF WORKING DOCUMENT IMPACT ASSESSMENT minimising the risk of deforestation and forest degradation associated with products placed on the EU market Accompanying the document Proposal for a REGULATION OF THE EUROPEAN PARLIAMENT AND OF THE COUNCIL on the making available on the Union market as well as export from the Union of certain commodities and products associated with deforestation and forest degradation and repealing Regulation (EU) No 995/2010,https://eur-lex.europa.eu/legal-content/EN/TXT/PDF/?uri=CELEX:52021SC0326&qid=1700493741622
COMMISSION STAFF WORKING DOCUMENT IMPACT ASSESSMENT minimising the risk of deforestation and forest degradation associated with products placed on the EU market Accompanying the document Proposal for a REGULATION OF THE EUROPEAN PARLIAMENT AND OF THE COUNCIL on the making available on the Union market as well as export from the Union of certain commodities and products associated with deforestation and forest degradation and repealing Regulation (EU) No 995/2010,https://eur-lex.europa.eu/legal-content/FR/TXT/PDF/?uri=CELEX:52021SC0326&qid=1700493741622
"COMMUNICATION FROM THE COMMISSION TO THE EUROPEAN PARLIAMENT, THE COUNCIL, THE EUROPEAN ECONOMIC AND SOCIAL COMMITTEE AND THE COMMITTEE OF THE REGIONS EU Taxonomy, Corporate Sustainability Reporting, Sustainability Preferences and Fiduciary Duties: Directing finance towards the European Green Deal",https://eur-lex.europa.eu/legal-content/EN/TXT/PDF/?uri=CELEX:52021DC0188&qid=1700493741622
"COMMUNICATION FROM THE COMMISSION TO THE EUROPEAN PARLIAMENT, THE COUNCIL, THE EUROPEAN ECONOMIC AND SOCIAL COMMITTEE AND THE COMMITTEE OF THE REGIONS EU Taxonomy, Corporate Sustainability Reporting, Sustainability Preferences and Fiduciary Duties: Directing finance towards the European Green Deal",https://eur-lex.europa.eu/legal-content/FR/TXT/PDF/?uri=CELEX:52021DC0188&qid=1700493741622
"COMMISSION STAFF WORKING DOCUMENT IMPACT ASSESSMENT Accompanying the document Proposal for a Directive of the European Parliament and of the Council amending Directive 2013/34/EU, Directive 2004/109/EC, Directive 2006/43/EC and Regulation (EU) No 537/2014, as regards corporate sustainability reporting",https://eur-lex.europa.eu/legal-content/EN/TXT/PDF/?uri=CELEX:52021SC0150&qid=1700493741622
"COMMISSION STAFF WORKING DOCUMENT IMPACT ASSESSMENT Accompanying the document Proposal for a Directive of the European Parliament and of the Council amending Directive 2013/34/EU, Directive 2004/109/EC, Directive 2006/43/EC and Regulation (EU) No 537/2014, as regards corporate sustainability reporting",https://eur-lex.europa.eu/legal-content/FR/TXT/PDF/?uri=CELEX:52021SC0150&qid=1700493741622
"COMMISSION STAFF WORKING DOCUMENT Fitness Check on the EU framework for public reporting by companies Accompanying the document Report from the Commission to the European Parliament, the Council and the European Economic and Social Committee on the review clauses in Directives 2013/34/EU, 2014/95/EU, and 2013/50/EU",https://eur-lex.europa.eu/legal-content/EN/TXT/PDF/?uri=CELEX:52021SC0081&qid=1700493741622
"COMMISSION STAFF WORKING DOCUMENT Fitness Check on the EU framework for public reporting by companies Accompanying the document Report from the Commission to the European Parliament, the Council and the European Economic and Social Committee on the review clauses in Directives 2013/34/EU, 2014/95/EU, and 2013/50/EU",https://eur-lex.europa.eu/legal-content/FR/TXT/PDF/?uri=CELEX:52021SC0081&qid=1700493741622
COMMISSION STAFF WORKING DOCUMENT IMPACT ASSESSMENT REPORT Accompanying the document Proposal for a REGULATION OF THE EUROPEAN PARLIAMENT AND OF THE COUNCIL on European green bonds,https://eur-lex.europa.eu/legal-content/EN/TXT/PDF/?uri=CELEX:52021SC0181&qid=1700493741622
COMMISSION STAFF WORKING DOCUMENT IMPACT ASSESSMENT REPORT Accompanying the document Proposal for a REGULATION OF THE EUROPEAN PARLIAMENT AND OF THE COUNCIL on European green bonds,https://eur-lex.europa.eu/legal-content/FR/TXT/PDF/?uri=CELEX:52021SC0181&qid=1700493741622
"Proposal for a DIRECTIVE OF THE EUROPEAN PARLIAMENT AND OF THE COUNCIL amending Directive 2013/34/EU, Directive 2004/109/EC, Directive 2006/43/EC and Regulation (EU) No 537/2014, as regards corporate sustainability reporting",https://eur-lex.europa.eu/legal-content/EN/TXT/PDF/?uri=CELEX:52021PC0189&qid=1700493741622
"Proposal for a DIRECTIVE OF THE EUROPEAN PARLIAMENT AND OF THE COUNCIL amending Directive 2013/34/EU, Directive 2004/109/EC, Directive 2006/43/EC and Regulation (EU) No 537/2014, as regards corporate sustainability reporting",https://eur-lex.europa.eu/legal-content/FR/TXT/PDF/?uri=CELEX:52021PC0189&qid=1700493741622
European Parliament resolution of 17 December 2020 on sustainable corporate governance (2020/2137(INI)),https://eur-lex.europa.eu/legal-content/EN/TXT/PDF/?uri=CELEX:52020IP0372&qid=1700493741622
European Parliament resolution of 17 December 2020 on sustainable corporate governance (2020/2137(INI)),https://eur-lex.europa.eu/legal-content/FR/TXT/PDF/?uri=CELEX:52020IP0372&qid=1700493741622
"COMMISSION STAFF WORKING DOCUMENT EXECUTIVE SUMMARY OF THE IMPACT ASSESSMENT Accompanying the document Proposal for a Directive of the European Parliament and of the Council amending Directive 2013/34/EU, Directive 2004/109/EC, Directive 2006/43/EC and Regulation (EU) No 537/2014, as regards corporate sustainability reporting",https://eur-lex.europa.eu/legal-content/EN/TXT/PDF/?uri=CELEX:52021SC0151&qid=1700493741622
"COMMISSION STAFF WORKING DOCUMENT EXECUTIVE SUMMARY OF THE IMPACT ASSESSMENT Accompanying the document Proposal for a Directive of the European Parliament and of the Council amending Directive 2013/34/EU, Directive 2004/109/EC, Directive 2006/43/EC and Regulation (EU) No 537/2014, as regards corporate sustainability reporting",https://eur-lex.europa.eu/legal-content/FR/TXT/PDF/?uri=CELEX:52021SC0151&qid=1700493741622
"REPORT FROM THE COMMISSION TO THE EUROPEAN PARLIAMENT, THE COUNCIL AND THE EUROPEAN ECONOMIC AND SOCIAL COMMITTEE on the review clauses in Directives 2013/34/EU, 2014/95/EU, and 2013/50/EU",https://eur-lex.europa.eu/legal-content/EN/TXT/PDF/?uri=CELEX:52021DC0199&qid=1700493741622
"REPORT FROM THE COMMISSION TO THE EUROPEAN PARLIAMENT, THE COUNCIL AND THE EUROPEAN ECONOMIC AND SOCIAL COMMITTEE on the review clauses in Directives 2013/34/EU, 2014/95/EU, and 2013/50/EU",https://eur-lex.europa.eu/legal-content/FR/TXT/PDF/?uri=CELEX:52021DC0199&qid=1700493741622
Communication from the Commission — Guidelines on non-financial reporting: Supplement on reporting climate-related information,https://eur-lex.europa.eu/legal-content/EN/TXT/PDF/?uri=CELEX:52019XC0620(01)&qid=1700493741622
Communication from the Commission — Guidelines on non-financial reporting: Supplement on reporting climate-related information,https://eur-lex.europa.eu/legal-content/FR/TXT/PDF/?uri=CELEX:52019XC0620(01)&qid=1700493741622
European Parliament resolution of 7 July 2022 on Better regulation: Joining forces to make better laws (2021/2166(INI)),https://eur-lex.europa.eu/legal-content/EN/TXT/PDF/?uri=CELEX:52022IP0301&qid=1700493741622
European Parliament resolution of 7 July 2022 on Better regulation: Joining forces to make better laws (2021/2166(INI)),https://eur-lex.europa.eu/legal-content/FR/TXT/PDF/?uri=CELEX:52022IP0301&qid=1700493741622
"Commission Implementing Regulation (EU) 2022/2453 of 30 November 2022 amending the implementing technical standards laid down in Implementing Regulation (EU) 2021/637 as regards the disclosure of environmental, social and governance risks (Text with EEA relevance)",https://eur-lex.europa.eu/legal-content/EN/TXT/PDF/?uri=CELEX:32022R2453&qid=1700493741622
"Commission Implementing Regulation (EU) 2022/2453 of 30 November 2022 amending the implementing technical standards laid down in Implementing Regulation (EU) 2021/637 as regards the disclosure of environmental, social and governance risks (Text with EEA relevance)",https://eur-lex.europa.eu/legal-content/FR/TXT/PDF/?uri=CELEX:32022R2453&qid=1700493741622
European Parliament resolution of 20 May 2021 on the liability of companies for environmental damage (2020/2027(INI)),https://eur-lex.europa.eu/legal-content/EN/TXT/PDF/?uri=CELEX:52021IP0259&qid=1700493741622
European Parliament resolution of 20 May 2021 on the liability of companies for environmental damage (2020/2027(INI)),https://eur-lex.europa.eu/legal-content/FR/TXT/PDF/?uri=CELEX:52021IP0259&qid=1700493741622
"Opinion of the European Central Bank of 7 September 2021 on a proposal for a directive amending Directive 2013/34/EU, Directive 2004/109/EC, Directive 2006/43/EC and Regulation (EU) No 537/2014, as regards corporate sustainability reporting (CON/2021/27) 2021/C 446/02",https://eur-lex.europa.eu/legal-content/EN/TXT/PDF/?uri=CELEX:52021AB0027&qid=1700493741622
"Opinion of the European Central Bank of 7 September 2021 on a proposal for a directive amending Directive 2013/34/EU, Directive 2004/109/EC, Directive 2006/43/EC and Regulation (EU) No 537/2014, as regards corporate sustainability reporting (CON/2021/27) 2021/C 446/02",https://eur-lex.europa.eu/legal-content/FR/TXT/PDF/?uri=CELEX:52021AB0027&qid=1700493741622
European Parliament resolution of 13 November 2020 on the Sustainable Europe Investment Plan — How to finance the Green Deal (2020/2058(INI)),https://eur-lex.europa.eu/legal-content/EN/TXT/PDF/?uri=CELEX:52020IP0305&qid=1700493741622
European Parliament resolution of 13 November 2020 on the Sustainable Europe Investment Plan — How to finance the Green Deal (2020/2058(INI)),https://eur-lex.europa.eu/legal-content/FR/TXT/PDF/?uri=CELEX:52020IP0305&qid=1700493741622
"European Parliament resolution of 8 October 2020 on further development of the Capital Markets Union (CMU): improving access to capital market finance, in particular by SMEs, and further enabling retail investor participation (2020/2036(INI))",https://eur-lex.europa.eu/legal-content/EN/TXT/PDF/?uri=CELEX:52020IP0266&qid=1700493741622
"European Parliament resolution of 8 October 2020 on further development of the Capital Markets Union (CMU): improving access to capital market finance, in particular by SMEs, and further enabling retail investor participation (2020/2036(INI))",https://eur-lex.europa.eu/legal-content/FR/TXT/PDF/?uri=CELEX:52020IP0266&qid=1700493741622
"COMMISSION STAFF WORKING DOCUMENT IMPACT ASSESSMENT REPORT Accompanying the documents Proposal for a Directive of the European Parliament and of the Council amending Directive 2009/138/EC as regards proportionality, quality of supervision, reporting, long-term guarantee measures, macro-prudential tools, sustainability risks, group and cross-border supervision and Proposal for a Directive of the European Parliament and of the Council establishing a framework for the recovery and resolution of insurance and reinsurance undertakings and amending Directives 2002/47/EC, 2004/25/EC, 2009/138/EC, (EU) 2017/1132 and Regulations (EU) No 1094/2010 and (EU) No 648/2012",https://eur-lex.europa.eu/legal-content/EN/TXT/PDF/?uri=CELEX:52021SC0260&qid=1700493741622
"COMMISSION STAFF WORKING DOCUMENT IMPACT ASSESSMENT REPORT Accompanying the documents Proposal for a Directive of the European Parliament and of the Council amending Directive 2009/138/EC as regards proportionality, quality of supervision, reporting, long-term guarantee measures, macro-prudential tools, sustainability risks, group and cross-border supervision and Proposal for a Directive of the European Parliament and of the Council establishing a framework for the recovery and resolution of insurance and reinsurance undertakings and amending Directives 2002/47/EC, 2004/25/EC, 2009/138/EC, (EU) 2017/1132 and Regulations (EU) No 1094/2010 and (EU) No 648/2012",https://eur-lex.europa.eu/legal-content/FR/TXT/PDF/?uri=CELEX:52021SC0260&qid=1700493741622
Commission Notice – Technical guidance on sustainability proofing for the InvestEU Fund,https://eur-lex.europa.eu/legal-content/EN/TXT/PDF/?uri=CELEX:52021XC0713(02)&qid=1700493741622
Commission Notice – Technical guidance on sustainability proofing for the InvestEU Fund,https://eur-lex.europa.eu/legal-content/FR/TXT/PDF/?uri=CELEX:52021XC0713(02)&qid=1700493741622
COMMISSION STAFF WORKING DOCUMENT IMPACT ASSESSMENT Accompanying the document Proposal for a DIRECTIVE OF THE EUROPEAN PARLIAMENT AND OF THE COUNCIL to strengthen the application of the principle of equal pay for equal work or work of equal value between men and women through pay transparency and enforcement mechanisms,https://eur-lex.europa.eu/legal-content/EN/TXT/PDF/?uri=CELEX:52021SC0041&qid=1700493741622
COMMISSION STAFF WORKING DOCUMENT IMPACT ASSESSMENT Accompanying the document Proposal for a DIRECTIVE OF THE EUROPEAN PARLIAMENT AND OF THE COUNCIL to strengthen the application of the principle of equal pay for equal work or work of equal value between men and women through pay transparency and enforcement mechanisms,https://eur-lex.europa.eu/legal-content/FR/TXT/PDF/?uri=CELEX:52021SC0041&qid=1700493741622
"COMMISSION STAFF WORKING DOCUMENT IMPACT ASSESSMENT REPORT Accompanying the document COMMUNICATION FROM THE COMMISSION TO THE EUROPEAN PARLIAMENT, THE COUNCIL, THE ECONOMIC AND SOCIAL COMMITTEE AND THE COMMITTEE OF THE REGIONS Forging a climate-resilient Europe - The new EU Strategy on Adaptation to Climate Change",https://eur-lex.europa.eu/legal-content/EN/TXT/PDF/?uri=CELEX:52021SC0025&qid=1700493741622
"COMMISSION STAFF WORKING DOCUMENT IMPACT ASSESSMENT REPORT Accompanying the document COMMUNICATION FROM THE COMMISSION TO THE EUROPEAN PARLIAMENT, THE COUNCIL, THE ECONOMIC AND SOCIAL COMMITTEE AND THE COMMITTEE OF THE REGIONS Forging a climate-resilient Europe - The new EU Strategy on Adaptation to Climate Change",https://eur-lex.europa.eu/legal-content/FR/TXT/PDF/?uri=CELEX:52021SC0025&qid=1700493741622
"COMMISSION STAFF WORKING DOCUMENT IMPACT ASSESSMENT REPORT Accompanying the document Proposal for a Regulation of the European Parliament and of the Council concerning batteries and waste batteries, repealing Directive 2006/66/EC and amending Regulation (EU) 2019/1020",https://eur-lex.europa.eu/legal-content/EN/TXT/PDF/?uri=CELEX:52020SC0335&qid=1700493741622
"COMMISSION STAFF WORKING DOCUMENT IMPACT ASSESSMENT REPORT Accompanying the document Proposal for a Regulation of the European Parliament and of the Council concerning batteries and waste batteries, repealing Directive 2006/66/EC and amending Regulation (EU) 2019/1020",https://eur-lex.europa.eu/legal-content/FR/TXT/PDF/?uri=CELEX:52020SC0335&qid=1700493741622
"COMMUNICATION FROM THE COMMISSION TO THE EUROPEAN PARLIAMENT, THE COUNCIL, THE EUROPEAN ECONOMIC AND SOCIAL COMMITTEE AND THE COMMITTEE OF THE REGIONS on an EU strategy to reduce methane emissions",https://eur-lex.europa.eu/legal-content/EN/TXT/PDF/?uri=CELEX:52020DC0663&qid=1700493741622
"COMMUNICATION FROM THE COMMISSION TO THE EUROPEAN PARLIAMENT, THE COUNCIL, THE EUROPEAN ECONOMIC AND SOCIAL COMMITTEE AND THE COMMITTEE OF THE REGIONS on an EU strategy to reduce methane emissions",https://eur-lex.europa.eu/legal-content/FR/TXT/PDF/?uri=CELEX:52020DC0663&qid=1700493741622
"Opinion of the European Economic and Social Committee on ‘Communication from the Commission to the European Parliament, the Council, the European Economic and Social Committee and the Committee of the Regions — Sustainable Europe Investment Plan — European Green Deal Investment Plan’ (COM(2020) 21 final)",https://eur-lex.europa.eu/legal-content/EN/TXT/PDF/?uri=CELEX:52020AE0463&qid=1700493741622
"Opinion of the European Economic and Social Committee on ‘Communication from the Commission to the European Parliament, the Council, the European Economic and Social Committee and the Committee of the Regions — Sustainable Europe Investment Plan — European Green Deal Investment Plan’ (COM(2020) 21 final)",https://eur-lex.europa.eu/legal-content/FR/TXT/PDF/?uri=CELEX:52020AE0463&qid=1700493741622
European Parliament resolution of 29 May 2018 on sustainable finance (2018/2007(INI)),https://eur-lex.europa.eu/legal-content/EN/TXT/PDF/?uri=CELEX:52018IP0215&qid=1700493741622
European Parliament resolution of 29 May 2018 on sustainable finance (2018/2007(INI)),https://eur-lex.europa.eu/legal-content/FR/TXT/PDF/?uri=CELEX:52018IP0215&qid=1700493741622
"REPORT FROM THE COMMISSION TO THE EUROPEAN PARLIAMENT AND THE COUNCIL on the activities of the IFRS Foundation, EFRAG and PIOB in 2022",https://eur-lex.europa.eu/legal-content/EN/TXT/PDF/?uri=CELEX:52023DC0712&qid=1700493741622
"REPORT FROM THE COMMISSION TO THE EUROPEAN PARLIAMENT AND THE COUNCIL on the activities of the IFRS Foundation, EFRAG and PIOB in 2022",https://eur-lex.europa.eu/legal-content/FR/TXT/PDF/?uri=CELEX:52023DC0712&qid=1700493741622
COMMISSION STAFF WORKING DOCUMENT IMPACT ASSESSMENT REPORT Accompanying the document Proposal for a Regulation of the European Parliament and the Council on combating late payments in commercial transactions,https://eur-lex.europa.eu/legal-content/EN/TXT/PDF/?uri=CELEX:52023SC0314&qid=1700493741622
COMMISSION STAFF WORKING DOCUMENT IMPACT ASSESSMENT REPORT Accompanying the document Proposal for a Regulation of the European Parliament and the Council on combating late payments in commercial transactions,https://eur-lex.europa.eu/legal-content/FR/TXT/PDF/?uri=CELEX:52023SC0314&qid=1700493741622
COMMISSION STAFF WORKING DOCUMENT Follow-up to the second opinion of the Regulatory Scrutiny Board Accompanying the document Proposal for a DIRECTIVE OF THE EUROPEAN PARLIAMENT AND OF THE COUNCIL on Corporate Sustainability Due Diligence and amending Directive (EU) 2019/1937,https://eur-lex.europa.eu/legal-content/EN/TXT/PDF/?uri=CELEX:52022SC0039&qid=1700493741622
COMMISSION STAFF WORKING DOCUMENT Follow-up to the second opinion of the Regulatory Scrutiny Board Accompanying the document Proposal for a DIRECTIVE OF THE EUROPEAN PARLIAMENT AND OF THE COUNCIL on Corporate Sustainability Due Diligence and amending Directive (EU) 2019/1937,https://eur-lex.europa.eu/legal-content/FR/TXT/PDF/?uri=CELEX:52022SC0039&qid=1700493741622
Commission Decision (EU) 2023/2463 of 3 November 2023 on the publication of the user’s guide setting out the steps needed to participate in the EU eco-management and audit scheme (EMAS) pursuant to Regulation (EC) No 1221/2009 of the European Parliament and of the Council (notified under document C(2023) 720),https://eur-lex.europa.eu/legal-content/EN/TXT/PDF/?uri=OJ:L_202302463&qid=1700493741622
Commission Decision (EU) 2023/2463 of 3 November 2023 on the publication of the user’s guide setting out the steps needed to participate in the EU eco-management and audit scheme (EMAS) pursuant to Regulation (EC) No 1221/2009 of the European Parliament and of the Council (notified under document C(2023) 720),https://eur-lex.europa.eu/legal-content/FR/TXT/PDF/?uri=OJ:L_202302463&qid=1700493741622
Commission Delegated Regulation (EU) 2023/2445 of 28 July 2023 supplementing Regulation (EU) 2021/690 of the European Parliament and of the Council as regards the establishment of a monitoring and evaluation framework for the Single Market Programme,https://eur-lex.europa.eu/legal-content/EN/TXT/PDF/?uri=OJ:L_202302445&qid=1700493741622
Commission Delegated Regulation (EU) 2023/2445 of 28 July 2023 supplementing Regulation (EU) 2021/690 of the European Parliament and of the Council as regards the establishment of a monitoring and evaluation framework for the Single Market Programme,https://eur-lex.europa.eu/legal-content/FR/TXT/PDF/?uri=OJ:L_202302445&qid=1700493741622
REPORT FROM THE COMMISSION TO THE EUROPEAN PARLIAMENT AND THE COUNCIL EU Climate Action Progress Report 2023,https://eur-lex.europa.eu/legal-content/EN/TXT/PDF/?uri=CELEX:52023DC0653&qid=1700493741622
REPORT FROM THE COMMISSION TO THE EUROPEAN PARLIAMENT AND THE COUNCIL EU Climate Action Progress Report 2023,https://eur-lex.europa.eu/legal-content/FR/TXT/PDF/?uri=CELEX:52023DC0653&qid=1700493741622
Proposal for a DECISION OF THE EUROPEAN PARLIAMENT AND OF THE COUNCIL amending Directive 2013/34/EU as regards the time limits for the adoption of sustainability reporting standards for certain sectors and for certain third-country undertakings,https://eur-lex.europa.eu/legal-content/EN/TXT/PDF/?uri=CELEX:52023PC0596&qid=1700493741622
Proposal for a DECISION OF THE EUROPEAN PARLIAMENT AND OF THE COUNCIL amending Directive 2013/34/EU as regards the time limits for the adoption of sustainability reporting standards for certain sectors and for certain third-country undertakings,https://eur-lex.europa.eu/legal-content/FR/TXT/PDF/?uri=CELEX:52023PC0596&qid=1700493741622
Opinion of the European Economic and Social Committee on ‘Strengthening collective bargaining power across the European Union’ (own-initiative opinion),https://eur-lex.europa.eu/legal-content/EN/TXT/PDF/?uri=CELEX:52023IE0866&qid=1700493741622
Opinion of the European Economic and Social Committee on ‘Strengthening collective bargaining power across the European Union’ (own-initiative opinion),https://eur-lex.europa.eu/legal-content/FR/TXT/PDF/?uri=CELEX:52023IE0866&qid=1700493741622
"COMMISSION STAFF WORKING DOCUMENT Implementation of the Digital Decade objectives and the Digital Rights and Principles Accompanying the document Communication from the Commission to the European Parliament, the Council, the European Economic and Social Committee and the Committee of the Regions Report on the state of the Digital Decade 2023",https://eur-lex.europa.eu/legal-content/EN/TXT/PDF/?uri=CELEX:52023SC0570&qid=1700493741622
"COMMISSION STAFF WORKING DOCUMENT Implementation of the Digital Decade objectives and the Digital Rights and Principles Accompanying the document Communication from the Commission to the European Parliament, the Council, the European Economic and Social Committee and the Committee of the Regions Report on the state of the Digital Decade 2023",https://eur-lex.europa.eu/legal-content/FR/TXT/PDF/?uri=CELEX:52023SC0570&qid=1700493741622
"COMMUNICATION FROM THE COMMISSION TO THE EUROPEAN PARLIAMENT, THE COUNCIL, THE EUROPEAN ECONOMIC AND SOCIAL COMMITTEE AND THE COMMITTEE OF THE REGIONS SME Relief Package",https://eur-lex.europa.eu/legal-content/EN/TXT/PDF/?uri=CELEX:52023DC0535&qid=1700493741622
"COMMUNICATION FROM THE COMMISSION TO THE EUROPEAN PARLIAMENT, THE COUNCIL, THE EUROPEAN ECONOMIC AND SOCIAL COMMITTEE AND THE COMMITTEE OF THE REGIONS SME Relief Package",https://eur-lex.europa.eu/legal-content/FR/TXT/PDF/?uri=CELEX:52023DC0535&qid=1700493741622
Opinion of the European Central Bank of 6 June 2023 on the proposal for a Directive on corporate sustainability due diligence (CON/2023/15) 2023/C 249/03,https://eur-lex.europa.eu/legal-content/EN/TXT/PDF/?uri=CELEX:52023AB0015&qid=1700493741622
Opinion of the European Central Bank of 6 June 2023 on the proposal for a Directive on corporate sustainability due diligence (CON/2023/15) 2023/C 249/03,https://eur-lex.europa.eu/legal-content/FR/TXT/PDF/?uri=CELEX:52023AB0015&qid=1700493741622
Proposal for a REGULATION OF THE EUROPEAN PARLIAMENT AND OF THE COUNCIL on the accounting of greenhouse gas emissions of transport services,https://eur-lex.europa.eu/legal-content/EN/TXT/PDF/?uri=CELEX:52023PC0441&qid=1700493741622
Proposal for a REGULATION OF THE EUROPEAN PARLIAMENT AND OF THE COUNCIL on the accounting of greenhouse gas emissions of transport services,https://eur-lex.europa.eu/legal-content/FR/TXT/PDF/?uri=CELEX:52023PC0441&qid=1700493741622
COMMISSION STAFF WORKING DOCUMENT IMPACT ASSESSMENT REPORT Accompanying the document Proposal for a REGULATION OF THE EUROPEAN PARLIAMENT AND THE COUNCIL on the accounting of greenhouse gas emissions of transport services,https://eur-lex.europa.eu/legal-content/EN/TXT/PDF/?uri=CELEX:52023SC0441&qid=1700493741622
COMMISSION STAFF WORKING DOCUMENT IMPACT ASSESSMENT REPORT Accompanying the document Proposal for a REGULATION OF THE EUROPEAN PARLIAMENT AND THE COUNCIL on the accounting of greenhouse gas emissions of transport services,https://eur-lex.europa.eu/legal-content/FR/TXT/PDF/?uri=CELEX:52023SC0441&qid=1700493741622
Commission Recommendation (EU) 2023/1425 of 27 June 2023 on facilitating finance for the transition to a sustainable economy,https://eur-lex.europa.eu/legal-content/EN/TXT/PDF/?uri=CELEX:32023H1425&qid=1700493741622
Commission Recommendation (EU) 2023/1425 of 27 June 2023 on facilitating finance for the transition to a sustainable economy,https://eur-lex.europa.eu/legal-content/FR/TXT/PDF/?uri=CELEX:32023H1425&qid=1700493741622
Commission Notice on the interpretation and implementation of certain legal provisions of the EU Taxonomy Regulation and links to the Sustainable Finance Disclosure Regulation 2023/C 211/01,https://eur-lex.europa.eu/legal-content/EN/TXT/PDF/?uri=CELEX:52023XC0616(01)&qid=1700493741622
Commission Notice on the interpretation and implementation of certain legal provisions of the EU Taxonomy Regulation and links to the Sustainable Finance Disclosure Regulation 2023/C 211/01,https://eur-lex.europa.eu/legal-content/FR/TXT/PDF/?uri=CELEX:52023XC0616(01)&qid=1700493741622
"Proposal for a REGULATION OF THE EUROPEAN PARLIAMENT AND OF THE COUNCIL on the transparency and integrity of Environmental, Social and Governance (ESG) rating activities",https://eur-lex.europa.eu/legal-content/EN/TXT/PDF/?uri=CELEX:52023PC0314&qid=1700493741622
"Proposal for a REGULATION OF THE EUROPEAN PARLIAMENT AND OF THE COUNCIL on the transparency and integrity of Environmental, Social and Governance (ESG) rating activities",https://eur-lex.europa.eu/legal-content/FR/TXT/PDF/?uri=CELEX:52023PC0314&qid=1700493741622
"COMMUNICATION FROM THE COMMISSION TO THE EUROPEAN PARLIAMENT, THE COUNCIL, THE EUROPEAN ECONOMIC AND SOCIAL COMMITTEE AND THE COMMITTEE OF THE REGIONS A sustainable finance framework that works on the ground",https://eur-lex.europa.eu/legal-content/EN/TXT/PDF/?uri=CELEX:52023DC0317&qid=1700493741622
"COMMUNICATION FROM THE COMMISSION TO THE EUROPEAN PARLIAMENT, THE COUNCIL, THE EUROPEAN ECONOMIC AND SOCIAL COMMITTEE AND THE COMMITTEE OF THE REGIONS A sustainable finance framework that works on the ground",https://eur-lex.europa.eu/legal-content/FR/TXT/PDF/?uri=CELEX:52023DC0317&qid=1700493741622
Opinion of the European Economic and Social Committee on the ‘Proposal for a regulation of the European Parliament and of the Council establishing a Union certification framework for carbon removal’ (COM(2022) 672 final – 2022/0394 (COD)),https://eur-lex.europa.eu/legal-content/EN/TXT/PDF/?uri=CELEX:52022AE6159&qid=1700493741622
Opinion of the European Economic and Social Committee on the ‘Proposal for a regulation of the European Parliament and of the Council establishing a Union certification framework for carbon removal’ (COM(2022) 672 final – 2022/0394 (COD)),https://eur-lex.europa.eu/legal-content/FR/TXT/PDF/?uri=CELEX:52022AE6159&qid=1700493741622
"COMMISSION STAFF WORKING DOCUMENT IMPACT ASSESSMENT REPORT Accompanying the document Proposal for a Directive of the European Parliament and of the Council amending Directives (EU) 2009/65/EC, 2009/138/EC, 2011/61/EU, 2014/65/EU and (EU) 2016/97 as regards the Union retail investor protection rules and Regulation of the European Parliament and of the Council amending Regulation (EU) No 1286/2014 as regards the modernisation of the key information document",https://eur-lex.europa.eu/legal-content/EN/TXT/PDF/?uri=CELEX:52023SC0278&qid=1700493741622
"COMMISSION STAFF WORKING DOCUMENT IMPACT ASSESSMENT REPORT Accompanying the document Proposal for a Directive of the European Parliament and of the Council amending Directives (EU) 2009/65/EC, 2009/138/EC, 2011/61/EU, 2014/65/EU and (EU) 2016/97 as regards the Union retail investor protection rules and Regulation of the European Parliament and of the Council amending Regulation (EU) No 1286/2014 as regards the modernisation of the key information document",https://eur-lex.europa.eu/legal-content/FR/TXT/PDF/?uri=CELEX:52023SC0278&qid=1700493741622
"COMMISSION STAFF WORKING DOCUMENT Progress in the implementation of the Sustainable Development Goals Accompanying the document REPORT FROM THE COMMISSION TO THE EUROPEAN PARLIAMENT, THE COUNCIL, THE EUROPEAN ECONOMIC AND SOCIAL COMMITTEE AND THE COMMITTEE OF THE REGIONS EU Voluntary Review on progress in the implementation of the 2030 Agenda for Sustainable Development",https://eur-lex.europa.eu/legal-content/EN/TXT/PDF/?uri=CELEX:52023SC0700&qid=1700493741622
"COMMISSION STAFF WORKING DOCUMENT Progress in the implementation of the Sustainable Development Goals Accompanying the document REPORT FROM THE COMMISSION TO THE EUROPEAN PARLIAMENT, THE COUNCIL, THE EUROPEAN ECONOMIC AND SOCIAL COMMITTEE AND THE COMMITTEE OF THE REGIONS EU Voluntary Review on progress in the implementation of the 2030 Agenda for Sustainable Development",https://eur-lex.europa.eu/legal-content/FR/TXT/PDF/?uri=CELEX:52023SC0700&qid=1700493741622
"COMMUNICATION FROM THE COMMISSION TO THE EUROPEAN PARLIAMENT, THE COUNCIL, THE EUROPEAN ECONOMIC AND SOCIAL COMMITTEE AND THE COMMITTEE OF THE REGIONS A secure and sustainable supply of critical raw materials in support of the twin transition",https://eur-lex.europa.eu/legal-content/EN/TXT/PDF/?uri=CELEX:52023DC0165&qid=1700493741622
"COMMUNICATION FROM THE COMMISSION TO THE EUROPEAN PARLIAMENT, THE COUNCIL, THE EUROPEAN ECONOMIC AND SOCIAL COMMITTEE AND THE COMMITTEE OF THE REGIONS A secure and sustainable supply of critical raw materials in support of the twin transition",https://eur-lex.europa.eu/legal-content/FR/TXT/PDF/?uri=CELEX:52023DC0165&qid=1700493741622
COMMISSION STAFF WORKING DOCUMENT Prohibiting products made with forced labour on the Union market,https://eur-lex.europa.eu/legal-content/EN/TXT/PDF/?uri=CELEX:52022SC0439&qid=1700493741622
COMMISSION STAFF WORKING DOCUMENT Prohibiting products made with forced labour on the Union market,https://eur-lex.europa.eu/legal-content/FR/TXT/PDF/?uri=CELEX:52022SC0439&qid=1700493741622
"COMMISSION STAFF WORKING DOCUMENT IMPACT ASSESSMENT REPORT Accompanying the documents Proposal for a DIRECTIVE OF THE EUROPEAN PARLIAMENT AND OF THE COUNCIL amending Directive 2014/65/EU to make public capital markets in the Union more attractive for companies and to facilitate access to capital for small and medium-sized enterprises and repealing Directive 2001/34/EC Proposal for a DIRECTIVE OF THE EUROPEAN PARLIAMENT AND OF THE COUNCIL on multiple-vote share structures in companies that seek the admission to trading of their shares on an SME growth market Proposal for a REGULATION OF THE EUROPEAN PARLIAMENT AND OF THE COUNCIL amending Regulations (EU) 2017/1129, (EU) No 596/2014 and (EU) No 600/2014 to make public capital markets in the Union more attractive for companies and to facilitate access to capital for small and medium-sized enterprises",https://eur-lex.europa.eu/legal-content/EN/TXT/PDF/?uri=CELEX:52022SC0762&qid=1700493741622
"COMMISSION STAFF WORKING DOCUMENT IMPACT ASSESSMENT REPORT Accompanying the documents Proposal for a DIRECTIVE OF THE EUROPEAN PARLIAMENT AND OF THE COUNCIL amending Directive 2014/65/EU to make public capital markets in the Union more attractive for companies and to facilitate access to capital for small and medium-sized enterprises and repealing Directive 2001/34/EC Proposal for a DIRECTIVE OF THE EUROPEAN PARLIAMENT AND OF THE COUNCIL on multiple-vote share structures in companies that seek the admission to trading of their shares on an SME growth market Proposal for a REGULATION OF THE EUROPEAN PARLIAMENT AND OF THE COUNCIL amending Regulations (EU) 2017/1129, (EU) No 596/2014 and (EU) No 600/2014 to make public capital markets in the Union more attractive for companies and to facilitate access to capital for small and medium-sized enterprises",https://eur-lex.europa.eu/legal-content/FR/TXT/PDF/?uri=CELEX:52022SC0762&qid=1700493741622
"Opinion of the European Economic and Social Committee on the proposal for a Directive of the European Parliament and of the Council on Corporate Sustainability, Due Diligence and amending Directive (EU) 2019/1937 (COM(2022) 71 final)",https://eur-lex.europa.eu/legal-content/EN/TXT/PDF/?uri=CELEX:52022AE1327&qid=1700493741622
"Opinion of the European Economic and Social Committee on the proposal for a Directive of the European Parliament and of the Council on Corporate Sustainability, Due Diligence and amending Directive (EU) 2019/1937 (COM(2022) 71 final)",https://eur-lex.europa.eu/legal-content/FR/TXT/PDF/?uri=CELEX:52022AE1327&qid=1700493741622
"REPORT FROM THE COMMISSION TO THE EUROPEAN PARLIAMENT, THE COUNCIL, THE EUROPEAN ECONOMIC AND SOCIAL COMMITTEE AND THE COMMITTEE OF THE REGIONS Accelerating the transition to climate neutrality for Europe’s security and prosperity EU Climate Action Progress Report 2022",https://eur-lex.europa.eu/legal-content/EN/TXT/PDF/?uri=CELEX:52022DC0514&qid=1700493741622
"REPORT FROM THE COMMISSION TO THE EUROPEAN PARLIAMENT, THE COUNCIL, THE EUROPEAN ECONOMIC AND SOCIAL COMMITTEE AND THE COMMITTEE OF THE REGIONS Accelerating the transition to climate neutrality for Europe’s security and prosperity EU Climate Action Progress Report 2022",https://eur-lex.europa.eu/legal-content/FR/TXT/PDF/?uri=CELEX:52022DC0514&qid=1700493741622
"COMMISSION STAFF WORKING DOCUMENT Accompanying the document COMMUNICATION FROM THE COMMISSION TO THE EUROPEAN PARLIAMENT, THE COUNCIL, THE EUROPEAN ECONOMIC AND SOCIAL COMMITTEE AND THE COMMITTEE OF THE REGIONS Digitalising the energy system - EU action plan",https://eur-lex.europa.eu/legal-content/EN/TXT/PDF/?uri=CELEX:52022SC0341&qid=1700493741622
"COMMISSION STAFF WORKING DOCUMENT Accompanying the document COMMUNICATION FROM THE COMMISSION TO THE EUROPEAN PARLIAMENT, THE COUNCIL, THE EUROPEAN ECONOMIC AND SOCIAL COMMITTEE AND THE COMMITTEE OF THE REGIONS Digitalising the energy system - EU action plan",https://eur-lex.europa.eu/legal-content/FR/TXT/PDF/?uri=CELEX:52022SC0341&qid=1700493741622
"REPORT FROM THE COMMISSION TO THE EUROPEAN PARLIAMENT AND THE COUNCIL on the activities of the IFRS Foundation, EFRAG and PIOB in 2021",https://eur-lex.europa.eu/legal-content/EN/TXT/PDF/?uri=CELEX:52022DC0504&qid=1700493741622
"REPORT FROM THE COMMISSION TO THE EUROPEAN PARLIAMENT AND THE COUNCIL on the activities of the IFRS Foundation, EFRAG and PIOB in 2021",https://eur-lex.europa.eu/legal-content/FR/TXT/PDF/?uri=CELEX:52022DC0504&qid=1700493741622
COMMISSION STAFF WORKING DOCUMENT Guidance to Member States on good practices to speed up permit-granting procedures for renewable energy projects and on facilitating Power Purchase Agreements Accompanying the document Commission Recommendation on speeding up permit-granting procedures for renewable energy projects and facilitating Power Purchase Agreements,https://eur-lex.europa.eu/legal-content/EN/TXT/PDF/?uri=CELEX:52022SC0149&qid=1700493741622
COMMISSION STAFF WORKING DOCUMENT Guidance to Member States on good practices to speed up permit-granting procedures for renewable energy projects and on facilitating Power Purchase Agreements Accompanying the document Commission Recommendation on speeding up permit-granting procedures for renewable energy projects and facilitating Power Purchase Agreements,https://eur-lex.europa.eu/legal-content/FR/TXT/PDF/?uri=CELEX:52022SC0149&qid=1700493741622
"Opinion of the European Economic and Social Committee on ‘Communication from the Commission to the European Parliament, the Council, the European Economic and Social Committee and the Committee of the Regions — Strategy for Financing the Transition to a Sustainable Economy’ (COM(2021) 390 final)",https://eur-lex.europa.eu/legal-content/EN/TXT/PDF/?uri=CELEX:52021AE3471&qid=1700493741622
"Opinion of the European Economic and Social Committee on ‘Communication from the Commission to the European Parliament, the Council, the European Economic and Social Committee and the Committee of the Regions — Strategy for Financing the Transition to a Sustainable Economy’ (COM(2021) 390 final)",https://eur-lex.europa.eu/legal-content/FR/TXT/PDF/?uri=CELEX:52021AE3471&qid=1700493741622
COMMISSION STAFF WORKING DOCUMENT IMPACT ASSESSMENT Accompanying the document Proposal for a Regulation of the European Parliament and of the Council establishing a framework for setting ecodesign requirements for sustainable products and repealing Directive 2009/125/EC,https://eur-lex.europa.eu/legal-content/EN/TXT/PDF/?uri=CELEX:52022SC0082&qid=1700493741622
COMMISSION STAFF WORKING DOCUMENT IMPACT ASSESSMENT Accompanying the document Proposal for a Regulation of the European Parliament and of the Council establishing a framework for setting ecodesign requirements for sustainable products and repealing Directive 2009/125/EC,https://eur-lex.europa.eu/legal-content/FR/TXT/PDF/?uri=CELEX:52022SC0082&qid=1700493741622
"REPORT FROM THE COMMISSION TO THE EUROPEAN PARLIAMENT AND THE COUNCIL on the activities of the IFRS Foundation, EFRAG and PIOB in 2020",https://eur-lex.europa.eu/legal-content/EN/TXT/PDF/?uri=CELEX:52022DC0104&qid=1700493741622
"REPORT FROM THE COMMISSION TO THE EUROPEAN PARLIAMENT AND THE COUNCIL on the activities of the IFRS Foundation, EFRAG and PIOB in 2020",https://eur-lex.europa.eu/legal-content/FR/TXT/PDF/?uri=CELEX:52022DC0104&qid=1700493741622
Opinion of the European Central Bank of 5 November 2021 on a proposal for a regulation on European green bonds (CON/2021/30) 2022/C 27/04,https://eur-lex.europa.eu/legal-content/EN/TXT/PDF/?uri=CELEX:52021AB0030&qid=1700493741622
Opinion of the European Central Bank of 5 November 2021 on a proposal for a regulation on European green bonds (CON/2021/30) 2022/C 27/04,https://eur-lex.europa.eu/legal-content/FR/TXT/PDF/?uri=CELEX:52021AB0030&qid=1700493741622
"COMMISSION STAFF WORKING DOCUMENT IMPACT ASSESSMENT REPORT Accompanying the documents Proposal for a REGULATION OF THE EUROPEAN PARLIAMENT AND OF THE COUNCIL amending Regulation (EU) No 575/2013 on prudential requirements for credit institutions as regards requirements for credit risk, credit valuation adjustment risk, operational risk, market risk and the output floor Proposal for a DIRECTIVE OF THE EUROPEAN PARLIAMENT AND OF THE COUNCIL amending Directive 2013/36/EU as regards supervisory powers, sanctions, third-country branches, and environmental, social and governance risks, and amending Directive 2014/59/EU",https://eur-lex.europa.eu/legal-content/EN/TXT/PDF/?uri=CELEX:52021SC0320&qid=1700493741622
"COMMISSION STAFF WORKING DOCUMENT IMPACT ASSESSMENT REPORT Accompanying the documents Proposal for a REGULATION OF THE EUROPEAN PARLIAMENT AND OF THE COUNCIL amending Regulation (EU) No 575/2013 on prudential requirements for credit institutions as regards requirements for credit risk, credit valuation adjustment risk, operational risk, market risk and the output floor Proposal for a DIRECTIVE OF THE EUROPEAN PARLIAMENT AND OF THE COUNCIL amending Directive 2013/36/EU as regards supervisory powers, sanctions, third-country branches, and environmental, social and governance risks, and amending Directive 2014/59/EU",https://eur-lex.europa.eu/legal-content/FR/TXT/PDF/?uri=CELEX:52021SC0320&qid=1700493741622
"REPORT FROM THE COMMISSION TO THE EUROPEAN PARLIAMENT, THE COUNCIL, THE EUROPEAN ECONOMIC AND SOCIAL COMMITTEE AND THE COMMITTEE OF THE REGIONS Speeding up European climate action towards a green, fair and prosperous future EU Climate Action Progress Report 2021",https://eur-lex.europa.eu/legal-content/EN/TXT/PDF/?uri=CELEX:52021DC0960&qid=1700493741622
"REPORT FROM THE COMMISSION TO THE EUROPEAN PARLIAMENT, THE COUNCIL, THE EUROPEAN ECONOMIC AND SOCIAL COMMITTEE AND THE COMMITTEE OF THE REGIONS Speeding up European climate action towards a green, fair and prosperous future EU Climate Action Progress Report 2021",https://eur-lex.europa.eu/legal-content/FR/TXT/PDF/?uri=CELEX:52021DC0960&qid=1700493741622
Proposal for a REGULATION OF THE EUROPEAN PARLIAMENT AND OF THE COUNCIL establishing an action programme for customs and taxation in the European Union for the period 2014-2020 (FISCUS) and repealing Decisions N°1482/2007/EC and N°624/2007/EC,https://eur-lex.europa.eu/legal-content/EN/TXT/PDF/?uri=CELEX:52011PC0706&qid=1700493741622
Proposal for a REGULATION OF THE EUROPEAN PARLIAMENT AND OF THE COUNCIL establishing an action programme for customs and taxation in the European Union for the period 2014-2020 (FISCUS) and repealing Decisions N°1482/2007/EC and N°624/2007/EC,https://eur-lex.europa.eu/legal-content/FR/TXT/PDF/?uri=CELEX:52011PC0706&qid=1700493741622
2010/588/EU: Council Decision of 27 September 2010 concerning the conclusion of consultations with the Republic of Niger under Article 96 of the ACP-EU Partnership Agreement,https://eur-lex.europa.eu/legal-content/EN/TXT/PDF/?uri=CELEX:32010D0588&qid=1700493741622
2010/588/EU: Council Decision of 27 September 2010 concerning the conclusion of consultations with the Republic of Niger under Article 96 of the ACP-EU Partnership Agreement,https://eur-lex.europa.eu/legal-content/FR/TXT/PDF/?uri=CELEX:32010D0588&qid=1700493741622
Proposal for a COUNCIL DECISION concerning the conclusion of consultations with the Republic of Niger under Article 96 of the revised Cotonou Agreement,https://eur-lex.europa.eu/legal-content/EN/TXT/PDF/?uri=CELEX:52010PC0394&qid=1700493741622
Proposal for a COUNCIL DECISION concerning the conclusion of consultations with the Republic of Niger under Article 96 of the revised Cotonou Agreement,https://eur-lex.europa.eu/legal-content/FR/TXT/PDF/?uri=CELEX:52010PC0394&qid=1700493741622
COMMISSION STAFF WORKING DOCUMENT IMPACT ASSESSMENT REPORT ANNEXES Accompanying the document Proposal for a DIRECTIVE OF THE EUROPEAN PARLIAMENT AND OF THE COUNCIL on Corporate Sustainability Due Diligence and amending Directive (EU) 2019/1937,https://eur-lex.europa.eu/legal-content/EN/TXT/PDF/?uri=CONSIL:ST_6533_2022_ADD_7&qid=1700493741622
COMMISSION STAFF WORKING DOCUMENT IMPACT ASSESSMENT REPORT ANNEXES Accompanying the document Proposal for a DIRECTIVE OF THE EUROPEAN PARLIAMENT AND OF THE COUNCIL on Corporate Sustainability Due Diligence and amending Directive (EU) 2019/1937,https://eur-lex.europa.eu/legal-content/FR/TXT/PDF/?uri=CONSIL:ST_6533_2022_ADD_7&qid=1700493741622
COMMISSION STAFF WORKING DOCUMENT IMPACT ASSESSMENT REPORT Accompanying the document Proposal for a DIRECTIVE OF THE EUROPEAN PARLIAMENT AND OF THE COUNCIL on Corporate Sustainability Due Diligence and amending Directive (EU) 2019/1937,https://eur-lex.europa.eu/legal-content/EN/TXT/PDF/?uri=CONSIL:ST_6533_2022_ADD_5&qid=1700493741622
COMMISSION STAFF WORKING DOCUMENT IMPACT ASSESSMENT REPORT Accompanying the document Proposal for a DIRECTIVE OF THE EUROPEAN PARLIAMENT AND OF THE COUNCIL on Corporate Sustainability Due Diligence and amending Directive (EU) 2019/1937,https://eur-lex.europa.eu/legal-content/FR/TXT/PDF/?uri=CONSIL:ST_6533_2022_ADD_5&qid=1700493741622
"COMMISSION STAFF WORKING DOCUMENT IMPACT ASSESSMENT REPORT Accompanying the documents Proposal for a Regulation of the European Parliament and of the Council establishing a European single access point providing centralised access to publicly available information of relevance to financial services, capital markets and sustainability Proposal for a Regulation of the European Parliament and of the Council amending certain Regulations as regards the establishment and functioning of the European single access point Proposal for a Directive of the European Parliament and of the Council amending certain Directives as regards the establishment and functioning of the European single access point",https://eur-lex.europa.eu/legal-content/EN/TXT/PDF/?uri=CONSIL:ST_14378_2021_ADD_1_REV_1&qid=1700493741622
"COMMISSION STAFF WORKING DOCUMENT IMPACT ASSESSMENT REPORT Accompanying the documents Proposal for a Regulation of the European Parliament and of the Council establishing a European single access point providing centralised access to publicly available information of relevance to financial services, capital markets and sustainability Proposal for a Regulation of the European Parliament and of the Council amending certain Regulations as regards the establishment and functioning of the European single access point Proposal for a Directive of the European Parliament and of the Council amending certain Directives as regards the establishment and functioning of the European single access point",https://eur-lex.europa.eu/legal-content/FR/TXT/PDF/?uri=CONSIL:ST_14378_2021_ADD_1_REV_1&qid=1700493741622
"COMMISSION STAFF WORKING DOCUMENT IMPACT ASSESSMENT REPORT Accompanying the documents Proposal for a Regulation of the European Parliament and of the Council establishing a European single access point providing centralised access to publicly available information of relevance to financial services, capital markets and sustainability Proposal for a Regulation of the European Parliament and of the Council amending certain Regulations as regards the establishment and functioning of the European single access point Proposal for a Directive of the European Parliament and of the Council amending certain Directives as regards the establishment and functioning of the European single access point",https://eur-lex.europa.eu/legal-content/EN/TXT/PDF/?uri=CONSIL:ST_14377_2021_ADD_1_REV_1&qid=1700493741622
"COMMISSION STAFF WORKING DOCUMENT IMPACT ASSESSMENT REPORT Accompanying the documents Proposal for a Regulation of the European Parliament and of the Council establishing a European single access point providing centralised access to publicly available information of relevance to financial services, capital markets and sustainability Proposal for a Regulation of the European Parliament and of the Council amending certain Regulations as regards the establishment and functioning of the European single access point Proposal for a Directive of the European Parliament and of the Council amending certain Directives as regards the establishment and functioning of the European single access point",https://eur-lex.europa.eu/legal-content/FR/TXT/PDF/?uri=CONSIL:ST_14377_2021_ADD_1_REV_1&qid=1700493741622
"COMMISSION STAFF WORKING DOCUMENT IMPACT ASSESSMENT REPORT Accompanying the documents Proposal for a Regulation of the European Parliament and of the Council establishing a European single access point providing centralised access to publicly available information of relevance to financial services, capital markets and sustainability Proposal for a Regulation of the European Parliament and of the Council amending certain Regulations as regards the establishment and functioning of the European single access point Proposal for a Directive of the European Parliament and of the Council amending certain Directives as regards the establishment and functioning of the European single access point",https://eur-lex.europa.eu/legal-content/EN/TXT/PDF/?uri=CONSIL:ST_14364_2021_ADD_2_REV_1&qid=1700493741622
"COMMISSION STAFF WORKING DOCUMENT IMPACT ASSESSMENT REPORT Accompanying the documents Proposal for a Regulation of the European Parliament and of the Council establishing a European single access point providing centralised access to publicly available information of relevance to financial services, capital markets and sustainability Proposal for a Regulation of the European Parliament and of the Council amending certain Regulations as regards the establishment and functioning of the European single access point Proposal for a Directive of the European Parliament and of the Council amending certain Directives as regards the establishment and functioning of the European single access point",https://eur-lex.europa.eu/legal-content/FR/TXT/PDF/?uri=CONSIL:ST_14364_2021_ADD_2_REV_1&qid=1700493741622
"COMMISSION STAFF WORKING DOCUMENT IMPACT ASSESSMENT REPORT Accompanying the documents Proposal for a Regulation of the European Parliament and of the Council establishing a European single access point providing centralised access to publicly available information of relevance to financial services, capital markets and sustainability Proposal for a Regulation of the European Parliament and of the Council amending certain Regulations as regards the establishment and functioning of the European single access point Proposal for a Directive of the European Parliament and of the Council amending certain Directives as regards the establishment and functioning of the European single access point",https://eur-lex.europa.eu/legal-content/EN/TXT/PDF/?uri=CELEX:52021SC0344R(01)&qid=1700493741622
"COMMISSION STAFF WORKING DOCUMENT IMPACT ASSESSMENT REPORT Accompanying the documents Proposal for a Regulation of the European Parliament and of the Council establishing a European single access point providing centralised access to publicly available information of relevance to financial services, capital markets and sustainability Proposal for a Regulation of the European Parliament and of the Council amending certain Regulations as regards the establishment and functioning of the European single access point Proposal for a Directive of the European Parliament and of the Council amending certain Directives as regards the establishment and functioning of the European single access point",https://eur-lex.europa.eu/legal-content/FR/TXT/PDF/?uri=CELEX:52021SC0344R(01)&qid=1700493741622
"COMMISSION STAFF WORKING DOCUMENT IMPACT ASSESSMENT REPORT Accompanying the documents Proposal for a Regulation of the European Parliament and of the Council establishing a European single access point providing centralised access to publicly available information of relevance to financial services, capital markets and sustainability Proposal for a Regulation of the European Parliament and of the Council amending certain Regulations as regards the establishment and functioning of the European single access point Proposal for a Directive of the European Parliament and of the Council amending certain Directives as regards the establishment and functioning of the European single access point",https://eur-lex.europa.eu/legal-content/EN/TXT/PDF/?uri=CONSIL:ST_14364_2021_ADD_2&qid=1700493741622
"COMMISSION STAFF WORKING DOCUMENT IMPACT ASSESSMENT REPORT Accompanying the documents Proposal for a Regulation of the European Parliament and of the Council establishing a European single access point providing centralised access to publicly available information of relevance to financial services, capital markets and sustainability Proposal for a Regulation of the European Parliament and of the Council amending certain Regulations as regards the establishment and functioning of the European single access point Proposal for a Directive of the European Parliament and of the Council amending certain Directives as regards the establishment and functioning of the European single access point",https://eur-lex.europa.eu/legal-content/FR/TXT/PDF/?uri=CONSIL:ST_14364_2021_ADD_2&qid=1700493741622
"COMMISSION STAFF WORKING DOCUMENT IMPACT ASSESSMENT REPORT Accompanying the documents Proposal for a Regulation of the European Parliament and of the Council establishing a European single access point providing centralised access to publicly available information of relevance to financial services, capital markets and sustainability Proposal for a Regulation of the European Parliament and of the Council amending certain Regulations as regards the establishment and functioning of the European single access point Proposal for a Directive of the European Parliament and of the Council amending certain Directives as regards the establishment and functioning of the European single access point",https://eur-lex.europa.eu/legal-content/EN/TXT/PDF/?uri=CONSIL:ST_14377_2021_ADD_1&qid=1700493741622
"COMMISSION STAFF WORKING DOCUMENT IMPACT ASSESSMENT REPORT Accompanying the documents Proposal for a Regulation of the European Parliament and of the Council establishing a European single access point providing centralised access to publicly available information of relevance to financial services, capital markets and sustainability Proposal for a Regulation of the European Parliament and of the Council amending certain Regulations as regards the establishment and functioning of the European single access point Proposal for a Directive of the European Parliament and of the Council amending certain Directives as regards the establishment and functioning of the European single access point",https://eur-lex.europa.eu/legal-content/FR/TXT/PDF/?uri=CONSIL:ST_14377_2021_ADD_1&qid=1700493741622
"COMMISSION STAFF WORKING DOCUMENT IMPACT ASSESSMENT REPORT Accompanying the documents Proposal for a Regulation of the European Parliament and of the Council establishing a European single access point providing centralised access to publicly available information of relevance to financial services, capital markets and sustainability Proposal for a Regulation of the European Parliament and of the Council amending certain Regulations as regards the establishment and functioning of the European single access point Proposal for a Directive of the European Parliament and of the Council amending certain Directives as regards the establishment and functioning of the European single access point",https://eur-lex.europa.eu/legal-content/EN/TXT/PDF/?uri=CONSIL:ST_14378_2021_ADD_1&qid=1700493741622
"COMMISSION STAFF WORKING DOCUMENT IMPACT ASSESSMENT REPORT Accompanying the documents Proposal for a Regulation of the European Parliament and of the Council establishing a European single access point providing centralised access to publicly available information of relevance to financial services, capital markets and sustainability Proposal for a Regulation of the European Parliament and of the Council amending certain Regulations as regards the establishment and functioning of the European single access point Proposal for a Directive of the European Parliament and of the Council amending certain Directives as regards the establishment and functioning of the European single access point",https://eur-lex.europa.eu/legal-content/FR/TXT/PDF/?uri=CONSIL:ST_14378_2021_ADD_1&qid=1700493741622
"COMMISSION DELEGATED REGULATION (EU) …/... supplementing Regulation (EU) 2020/852 of the European Parliament and of the Council by specifying the content and presentation of information to be disclosed by undertakings subject to Articles 19a or 29a of Directive 2013/34/EU concerning environmentally sustainable economic activities, and specifying the methodology to comply with that disclosure obligation",https://eur-lex.europa.eu/legal-content/EN/TXT/PDF/?uri=PI_COM:C(2021)4987&qid=1700493741622
"COMMISSION DELEGATED REGULATION (EU) …/... supplementing Regulation (EU) 2020/852 of the European Parliament and of the Council by specifying the content and presentation of information to be disclosed by undertakings subject to Articles 19a or 29a of Directive 2013/34/EU concerning environmentally sustainable economic activities, and specifying the methodology to comply with that disclosure obligation",https://eur-lex.europa.eu/legal-content/FR/TXT/PDF/?uri=PI_COM:C(2021)4987&qid=1700493741622
"COMMISSION STAFF WORKING DOCUMENT IMPACT ASSESSMENT REPORT Accompanying the document Proposal for a Regulation of the European Parliament and of the Council on the transparency and integrity of Environmental, Social and Governance (ESG) rating activities",https://eur-lex.europa.eu/legal-content/EN/TXT/PDF/?uri=CONSIL:ST_10638_2023_ADD_2&qid=1700493741622
"COMMISSION STAFF WORKING DOCUMENT IMPACT ASSESSMENT REPORT Accompanying the document Proposal for a Regulation of the European Parliament and of the Council on the transparency and integrity of Environmental, Social and Governance (ESG) rating activities",https://eur-lex.europa.eu/legal-content/FR/TXT/PDF/?uri=CONSIL:ST_10638_2023_ADD_2&qid=1700493741622
"Proposal for a DIRECTIVE OF THE EUROPEAN PARLIAMENT AND OF THE COUNCIL amending Directive 2013/34/EU, Directive 2004/109/EC, Directive 2006/43/EC and Regulation (EU) No 537/2014, as regards corporate sustainability reporting - Opinion of the European Economic and Social Committee (EESC)",https://eur-lex.europa.eu/legal-content/EN/TXT/PDF/?uri=CONSIL:ST_12257_2021_INIT&qid=1700493741622
"Proposal for a DIRECTIVE OF THE EUROPEAN PARLIAMENT AND OF THE COUNCIL amending Directive 2013/34/EU, Directive 2004/109/EC, Directive 2006/43/EC and Regulation (EU) No 537/2014, as regards corporate sustainability reporting - Opinion of the European Economic and Social Committee (EESC)",https://eur-lex.europa.eu/legal-content/FR/TXT/PDF/?uri=CONSIL:ST_12257_2021_INIT&qid=1700493741622
COMMISSION DELEGATED REGULATION (EU) …/... of 31.7.2023 supplementing Directive 2013/34/EU of the European Parliament and of the Council as regards sustainability reporting standards,https://eur-lex.europa.eu/legal-content/EN/TXT/PDF/?uri=CONSIL:ST_12481_2023_INIT&qid=1700493741622
COMMISSION DELEGATED REGULATION (EU) …/... of 31.7.2023 supplementing Directive 2013/34/EU of the European Parliament and of the Council as regards sustainability reporting standards,https://eur-lex.europa.eu/legal-content/FR/TXT/PDF/?uri=CONSIL:ST_12481_2023_INIT&qid=1700493741622
COMMISSION DELEGATED REGULATION (EU) /... supplementing Directive 2013/34/EU of the European Parliament and of the Council as regards sustainability reporting standards,https://eur-lex.europa.eu/legal-content/EN/TXT/PDF/?uri=PI_COM:C(2023)5303&qid=1700493741622
COMMISSION DELEGATED REGULATION (EU) /... supplementing Directive 2013/34/EU of the European Parliament and of the Council as regards sustainability reporting standards,https://eur-lex.europa.eu/legal-content/FR/TXT/PDF/?uri=PI_COM:C(2023)5303&qid=1700493741622
Proposal for a DIRECTIVE OF THE EUROPEAN PARLIAMENT AND OF THE COUNCIL on Corporate Sustainability Due Diligence and amending Directive (EU) 2019/1937,https://eur-lex.europa.eu/legal-content/EN/TXT/PDF/?uri=CONSIL:ST_6533_2022_INIT&qid=1700493741622
Proposal for a DIRECTIVE OF THE EUROPEAN PARLIAMENT AND OF THE COUNCIL on Corporate Sustainability Due Diligence and amending Directive (EU) 2019/1937,https://eur-lex.europa.eu/legal-content/FR/TXT/PDF/?uri=CONSIL:ST_6533_2022_INIT&qid=1700493741622
"COMMISSION STAFF WORKING DOCUMENT IMPACT ASSESSMENT REPORT Accompanying the document Proposal for a Regulation of the European Parliament and of the Council establishing a framework for ensuring a secure and sustainable supply of critical raw materials and amending Regulations (EU) 168/2013, (EU) 2018/858, 2018/1724 and (EU) 2019/1020",https://eur-lex.europa.eu/legal-content/EN/TXT/PDF/?uri=CONSIL:ST_7568_2023_ADD_4&qid=1700493741622
"COMMISSION STAFF WORKING DOCUMENT IMPACT ASSESSMENT REPORT Accompanying the document Proposal for a Regulation of the European Parliament and of the Council establishing a framework for ensuring a secure and sustainable supply of critical raw materials and amending Regulations (EU) 168/2013, (EU) 2018/858, 2018/1724 and (EU) 2019/1020",https://eur-lex.europa.eu/legal-content/FR/TXT/PDF/?uri=CONSIL:ST_7568_2023_ADD_4&qid=1700493741622
"Directive amending Directive 2013/34/EU, Directive 2004/109/EC, Directive 2006/43/EC and Regulation (EU) No 537/2014, as regards corporate sustainability reporting General approach",https://eur-lex.europa.eu/legal-content/EN/TXT/PDF/?uri=CONSIL:ST_6292_2022_INIT&qid=1700493741622
"Directive amending Directive 2013/34/EU, Directive 2004/109/EC, Directive 2006/43/EC and Regulation (EU) No 537/2014, as regards corporate sustainability reporting General approach",https://eur-lex.europa.eu/legal-content/FR/TXT/PDF/?uri=CONSIL:ST_6292_2022_INIT&qid=1700493741622
COMMISSION STAFF WORKING DOCUMENT IMPACT ASSESSMENT minimising the risk of deforestation and forest degradation associated with products placed on the EU market Accompanying the document Proposal for a REGULATION OF THE EUROPEAN PARLIAMENT AND OF THE COUNCIL on the making available on the Union market as well as export from the Union of certain commodities and products associated with deforestation and forest degradation and repealing Regulation (EU) No 995/2010,https://eur-lex.europa.eu/legal-content/EN/TXT/PDF/?uri=CONSIL:ST_14151_2021_ADD_3&qid=1700493741622
COMMISSION STAFF WORKING DOCUMENT IMPACT ASSESSMENT minimising the risk of deforestation and forest degradation associated with products placed on the EU market Accompanying the document Proposal for a REGULATION OF THE EUROPEAN PARLIAMENT AND OF THE COUNCIL on the making available on the Union market as well as export from the Union of certain commodities and products associated with deforestation and forest degradation and repealing Regulation (EU) No 995/2010,https://eur-lex.europa.eu/legal-content/FR/TXT/PDF/?uri=CONSIL:ST_14151_2021_ADD_3&qid=1700493741622
Proposal for a REGULATION OF THE EUROPEAN PARLIAMENT AND OF THE COUNCIL on the making available on the Union market as well as export from the Union of certain commodities and products associated with deforestation and forest degradation and repealing Regulation (EU) No 995/2010,https://eur-lex.europa.eu/legal-content/EN/TXT/PDF/?uri=CONSIL:ST_14151_2021_INIT&qid=1700493741622
Proposal for a REGULATION OF THE EUROPEAN PARLIAMENT AND OF THE COUNCIL on the making available on the Union market as well as export from the Union of certain commodities and products associated with deforestation and forest degradation and repealing Regulation (EU) No 995/2010,https://eur-lex.europa.eu/legal-content/FR/TXT/PDF/?uri=CONSIL:ST_14151_2021_INIT&qid=1700493741622
WRITTEN QUESTION No. 575/92 by Mr Sotiris KOSTOPOULOS to the Commission. Functioning of the National Foundation for the Rehabilitation of the Disabled (NFRD),https://eur-lex.europa.eu/legal-content/EN/TXT/PDF/?uri=OJ:C:1992:285:FULL&qid=1700493741622
WRITTEN QUESTION No. 575/92 by Mr Sotiris KOSTOPOULOS to the Commission. Functioning of the National Foundation for the Rehabilitation of the Disabled (NFRD),https://eur-lex.europa.eu/legal-content/FR/TXT/PDF/?uri=OJ:C:1992:285:FULL&qid=1700493741622
"COMMISSION STAFF WORKING DOCUMENT IMPACT ASSESSMENT Accompanying the document Proposal for a Directive of the European Parliament and of the Council amending Directive 2013/34/EU, Directive 2004/109/EC, Directive 2006/43/EC and Regulation (EU) No 537/2014, as regards corporate sustainability reporting",https://eur-lex.europa.eu/legal-content/EN/TXT/PDF/?uri=CONSIL:ST_8132_2021_ADD_2&qid=1700493741622
"COMMISSION STAFF WORKING DOCUMENT IMPACT ASSESSMENT Accompanying the document Proposal for a Directive of the European Parliament and of the Council amending Directive 2013/34/EU, Directive 2004/109/EC, Directive 2006/43/EC and Regulation (EU) No 537/2014, as regards corporate sustainability reporting",https://eur-lex.europa.eu/legal-content/FR/TXT/PDF/?uri=CONSIL:ST_8132_2021_ADD_2&qid=1700493741622
Proposal for a Regulation as regards disclosure of non-financial information by certain undertakings and groups,https://eur-lex.europa.eu/legal-content/EN/TXT/PDF/?uri=PI_COM:Ares(2020)3997889&qid=1700493741622
Proposal for a Regulation as regards disclosure of non-financial information by certain undertakings and groups,https://eur-lex.europa.eu/legal-content/FR/TXT/PDF/?uri=PI_COM:Ares(2020)3997889&qid=1700493741622
COMMISSION STAFF WORKING DOCUMENT IMPACT ASSESSMENT REPORT Accompanying the document Proposal for a REGULATION OF THE EUROPEAN PARLIAMENT AND OF THE COUNCIL on European green bonds,https://eur-lex.europa.eu/legal-content/EN/TXT/PDF/?uri=CONSIL:ST_10027_2021_ADD_2&qid=1700493741622
COMMISSION STAFF WORKING DOCUMENT IMPACT ASSESSMENT REPORT Accompanying the document Proposal for a REGULATION OF THE EUROPEAN PARLIAMENT AND OF THE COUNCIL on European green bonds,https://eur-lex.europa.eu/legal-content/FR/TXT/PDF/?uri=CONSIL:ST_10027_2021_ADD_2&qid=1700493741622
"Proposal for a DIRECTIVE OF THE EUROPEAN PARLIAMENT AND OF THE COUNCIL amending Directive 2013/34/EU, Directive 2004/109/EC, Directive 2006/43/EC and Regulation (EU) No 537/2014, as regards corporate sustainability reporting",https://eur-lex.europa.eu/legal-content/EN/TXT/PDF/?uri=CONSIL:ST_8132_2021_INIT&qid=1700493741622
"Proposal for a DIRECTIVE OF THE EUROPEAN PARLIAMENT AND OF THE COUNCIL amending Directive 2013/34/EU, Directive 2004/109/EC, Directive 2006/43/EC and Regulation (EU) No 537/2014, as regards corporate sustainability reporting",https://eur-lex.europa.eu/legal-content/FR/TXT/PDF/?uri=CONSIL:ST_8132_2021_INIT&qid=1700493741622
"COMMISSION STAFF WORKING DOCUMENT EXECUTIVE SUMMARY OF THE IMPACT ASSESSMENT Accompanying the document Proposal for a Directive of the European Parliament and of the Council amending Directive 2013/34/EU, Directive 2004/109/EC, Directive 2006/43/EC and Regulation (EU) No 537/2014, as regards corporate sustainability reporting",https://eur-lex.europa.eu/legal-content/EN/TXT/PDF/?uri=CONSIL:ST_8132_2021_ADD_3&qid=1700493741622
"COMMISSION STAFF WORKING DOCUMENT EXECUTIVE SUMMARY OF THE IMPACT ASSESSMENT Accompanying the document Proposal for a Directive of the European Parliament and of the Council amending Directive 2013/34/EU, Directive 2004/109/EC, Directive 2006/43/EC and Regulation (EU) No 537/2014, as regards corporate sustainability reporting",https://eur-lex.europa.eu/legal-content/FR/TXT/PDF/?uri=CONSIL:ST_8132_2021_ADD_3&qid=1700493741622
RSB opinion,https://eur-lex.europa.eu/legal-content/EN/TXT/PDF/?uri=PI_COM:SEC(2021)164&qid=1700493741622
RSB opinion,https://eur-lex.europa.eu/legal-content/FR/TXT/PDF/?uri=PI_COM:SEC(2021)164&qid=1700493741622
COMMISSION IMPLEMENTING DECISION amending Commission Implementing Decision C(2022)7550 final on the adoption of the work programme for 2023-2024 within the framework of the Specific Programme implementing Horizon Europe – the Framework Programme for Research and Innovation and on its financing,https://eur-lex.europa.eu/legal-content/EN/TXT/PDF/?uri=PI_COM:C(2023)2178&qid=1700493741622
COMMISSION IMPLEMENTING DECISION amending Commission Implementing Decision C(2022)7550 final on the adoption of the work programme for 2023-2024 within the framework of the Specific Programme implementing Horizon Europe – the Framework Programme for Research and Innovation and on its financing,https://eur-lex.europa.eu/legal-content/FR/TXT/PDF/?uri=PI_COM:C(2023)2178&qid=1700493741622
"Consolidated text: Commission Implementing Regulation (EU) 2021/637 of 15 March 2021 laying down implementing technical standards with regard to public disclosures by institutions of the information referred to in Titles II and III of Part Eight of Regulation (EU) No 575/2013 of the European Parliament and of the Council and repealing Commission Implementing Regulation (EU) No 1423/2013, Commission Delegated Regulation (EU) 2015/1555, Commission Implementing Regulation (EU) 2016/200 and Commission Delegated Regulation (EU) 2017/2295 (Text with EEA relevance)Text with EEA relevance",https://eur-lex.europa.eu/legal-content/EN/TXT/PDF/?uri=CELEX:02021R0637-20230108&qid=1700493741622
"Consolidated text: Commission Implementing Regulation (EU) 2021/637 of 15 March 2021 laying down implementing technical standards with regard to public disclosures by institutions of the information referred to in Titles II and III of Part Eight of Regulation (EU) No 575/2013 of the European Parliament and of the Council and repealing Commission Implementing Regulation (EU) No 1423/2013, Commission Delegated Regulation (EU) 2015/1555, Commission Implementing Regulation (EU) 2016/200 and Commission Delegated Regulation (EU) 2017/2295 (Text with EEA relevance)Text with EEA relevance",https://eur-lex.europa.eu/legal-content/FR/TXT/PDF/?uri=CELEX:02021R0637-20230108&qid=1700493741622
COMMISSION IMPLEMENTING DECISION on the adoption of the work programme for 2023-2024 within the framework of the Specific Programme implementing Horizon Europe – the Framework Programme for Research and Innovation and on its financing,https://eur-lex.europa.eu/legal-content/EN/TXT/PDF/?uri=PI_COM:C(2022)7550&qid=1700493741622
COMMISSION IMPLEMENTING DECISION on the adoption of the work programme for 2023-2024 within the framework of the Specific Programme implementing Horizon Europe – the Framework Programme for Research and Innovation and on its financing,https://eur-lex.europa.eu/legal-content/FR/TXT/PDF/?uri=PI_COM:C(2022)7550&qid=1700493741622
COMMISSION STAFF WORKING DOCUMENT IMPACT ASSESSMENT REPORT minimising the risk of deforestation and forest degradation associated with products placed on the EU market Accompanying the document Proposal for a REGULATION OF THE EUROPEAN PARLIAMENT AND OF THE COUNCIL on the making available on the Union market as well as export from the Union of certain commodities and products associated with deforestation and forest degradation and repealing Regulation (EU) No 995/2010,https://eur-lex.europa.eu/legal-content/EN/TXT/PDF/?uri=CONSIL:ST_14151_2021_ADD_4&qid=1700493741622
COMMISSION STAFF WORKING DOCUMENT IMPACT ASSESSMENT REPORT minimising the risk of deforestation and forest degradation associated with products placed on the EU market Accompanying the document Proposal for a REGULATION OF THE EUROPEAN PARLIAMENT AND OF THE COUNCIL on the making available on the Union market as well as export from the Union of certain commodities and products associated with deforestation and forest degradation and repealing Regulation (EU) No 995/2010,https://eur-lex.europa.eu/legal-content/FR/TXT/PDF/?uri=CONSIL:ST_14151_2021_ADD_4&qid=1700493741622
"COMMISSION STAFF WORKING DOCUMENT IMPACT ASSESSMENT REPORT Accompanying the documents Proposal for a Directive of the European Parliament and of the Council amending Directive 2009/138/EC as regards proportionality, quality of supervision, reporting, long-term guarantee measures, macro-prudential tools, sustainability risks, group and cross-border supervision and Proposal for a Directive of the European Parliament and of the Council establishing a framework for the recovery and resolution of insurance and reinsurance undertakings and amending Directives 2002/47/EC, 2004/25/EC, 2009/138/EC, (EU) 2017/1132 and Regulations (EU) No 1094/2010 and (EU) No 648/2012",https://eur-lex.europa.eu/legal-content/EN/TXT/PDF/?uri=CONSIL:ST_11764_2021_ADD_3&qid=1700493741622
"COMMISSION STAFF WORKING DOCUMENT IMPACT ASSESSMENT REPORT Accompanying the documents Proposal for a Directive of the European Parliament and of the Council amending Directive 2009/138/EC as regards proportionality, quality of supervision, reporting, long-term guarantee measures, macro-prudential tools, sustainability risks, group and cross-border supervision and Proposal for a Directive of the European Parliament and of the Council establishing a framework for the recovery and resolution of insurance and reinsurance undertakings and amending Directives 2002/47/EC, 2004/25/EC, 2009/138/EC, (EU) 2017/1132 and Regulations (EU) No 1094/2010 and (EU) No 648/2012",https://eur-lex.europa.eu/legal-content/FR/TXT/PDF/?uri=CONSIL:ST_11764_2021_ADD_3&qid=1700493741622
"COMMISSION STAFF WORKING DOCUMENT IMPACT ASSESSMENT REPORT Accompanying the documents Proposal for a Directive of the European Parliament and of the Council amending Directive 2009/138/EC as regards proportionality, quality of supervision, reporting, long-term guarantee measures, macro-prudential tools, sustainability risks, group and cross-border supervision and Proposal for a Directive of the European Parliament and of the Council establishing a framework for the recovery and resolution of insurance and reinsurance undertakings and amending Directives 2002/47/EC, 2004/25/EC, 2009/138/EC, (EU) 2017/1132 and Regulations (EU) No 1094/2010 and (EU) No 648/2012",https://eur-lex.europa.eu/legal-content/EN/TXT/PDF/?uri=CONSIL:ST_11764_2021_ADD_1&qid=1700493741622
"COMMISSION STAFF WORKING DOCUMENT IMPACT ASSESSMENT REPORT Accompanying the documents Proposal for a Directive of the European Parliament and of the Council amending Directive 2009/138/EC as regards proportionality, quality of supervision, reporting, long-term guarantee measures, macro-prudential tools, sustainability risks, group and cross-border supervision and Proposal for a Directive of the European Parliament and of the Council establishing a framework for the recovery and resolution of insurance and reinsurance undertakings and amending Directives 2002/47/EC, 2004/25/EC, 2009/138/EC, (EU) 2017/1132 and Regulations (EU) No 1094/2010 and (EU) No 648/2012",https://eur-lex.europa.eu/legal-content/FR/TXT/PDF/?uri=CONSIL:ST_11764_2021_ADD_1&qid=1700493741622
"COMMISSION STAFF WORKING DOCUMENT IMPACT ASSESSMENT REPORT Accompanying the documents Proposal for a Directive of the European Parliament and of the Council amending Directive 2009/138/EC as regards proportionality, quality of supervision, reporting, long-term guarantee measures, macro-prudential tools, sustainability risks, group and cross-border supervision and Proposal for a Directive of the European Parliament and of the Council establishing a framework for the recovery and resolution of insurance and reinsurance undertakings and amending Directives 2002/47/EC, 2004/25/EC, 2009/138/EC, (EU) 2017/1132 and Regulations (EU) No 1094/2010 and (EU) No 648/2012",https://eur-lex.europa.eu/legal-content/EN/TXT/PDF/?uri=CONSIL:ST_11763_2021_ADD_1&qid=1700493741622
"COMMISSION STAFF WORKING DOCUMENT IMPACT ASSESSMENT REPORT Accompanying the documents Proposal for a Directive of the European Parliament and of the Council amending Directive 2009/138/EC as regards proportionality, quality of supervision, reporting, long-term guarantee measures, macro-prudential tools, sustainability risks, group and cross-border supervision and Proposal for a Directive of the European Parliament and of the Council establishing a framework for the recovery and resolution of insurance and reinsurance undertakings and amending Directives 2002/47/EC, 2004/25/EC, 2009/138/EC, (EU) 2017/1132 and Regulations (EU) No 1094/2010 and (EU) No 648/2012",https://eur-lex.europa.eu/legal-content/FR/TXT/PDF/?uri=CONSIL:ST_11763_2021_ADD_1&qid=1700493741622
"COMMISSION STAFF WORKING DOCUMENT IMPACT ASSESSMENT REPORT Accompanying the documents Proposal for a Directive of the European Parliament and of the Council amending Directive 2009/138/EC as regards proportionality, quality of supervision, reporting, long-term guarantee measures, macro-prudential tools, sustainability risks, group and cross-border supervision and Proposal for a Directive of the European Parliament and of the Council establishing a framework for the recovery and resolution of insurance and reinsurance undertakings and amending Directives 2002/47/EC, 2004/25/EC, 2009/138/EC, (EU) 2017/1132 and Regulations (EU) No 1094/2010 and (EU) No 648/2012",https://eur-lex.europa.eu/legal-content/EN/TXT/PDF/?uri=CONSIL:ST_11763_2021_ADD_3&qid=1700493741622
"COMMISSION STAFF WORKING DOCUMENT IMPACT ASSESSMENT REPORT Accompanying the documents Proposal for a Directive of the European Parliament and of the Council amending Directive 2009/138/EC as regards proportionality, quality of supervision, reporting, long-term guarantee measures, macro-prudential tools, sustainability risks, group and cross-border supervision and Proposal for a Directive of the European Parliament and of the Council establishing a framework for the recovery and resolution of insurance and reinsurance undertakings and amending Directives 2002/47/EC, 2004/25/EC, 2009/138/EC, (EU) 2017/1132 and Regulations (EU) No 1094/2010 and (EU) No 648/2012",https://eur-lex.europa.eu/legal-content/FR/TXT/PDF/?uri=CONSIL:ST_11763_2021_ADD_3&qid=1700493741622
,https://eur-lex.europa.eu/legal-content/EN/TXT/PDF/?uri=PI_COM:SEC(2021)390&qid=1700493741622
,https://eur-lex.europa.eu/legal-content/FR/TXT/PDF/?uri=PI_COM:SEC(2021)390&qid=1700493741622
COMMISSION DELEGATED REGULATION (EU) …/... supplementing Regulation (EU) 2020/852 of the European Parliament and of the Council by establishing the technical screening criteria for determining the conditions under which an economic activity qualifies as contributing substantially to climate change mitigation or climate change adaptation and for determining whether that economic activity causes no significant harm to any of the other environmental objectives,https://eur-lex.europa.eu/legal-content/EN/TXT/PDF/?uri=PI_COM:C(2021)2800&qid=1700493741622
COMMISSION DELEGATED REGULATION (EU) …/... supplementing Regulation (EU) 2020/852 of the European Parliament and of the Council by establishing the technical screening criteria for determining the conditions under which an economic activity qualifies as contributing substantially to climate change mitigation or climate change adaptation and for determining whether that economic activity causes no significant harm to any of the other environmental objectives,https://eur-lex.europa.eu/legal-content/FR/TXT/PDF/?uri=PI_COM:C(2021)2800&qid=1700493741622
"COMMISSION STAFF WORKING DOCUMENT IMPACT ASSESSMENT REPORT Accompanying the document Proposal for a Regulation of the European Parliament and of the Council concerning batteries and waste batteries, repealing Directive 2006/66/EC and amending Regulation (EU) 2019/1020",https://eur-lex.europa.eu/legal-content/EN/TXT/PDF/?uri=CONSIL:ST_13944_2020_ADD_5&qid=1700493741622
"COMMISSION STAFF WORKING DOCUMENT IMPACT ASSESSMENT REPORT Accompanying the document Proposal for a Regulation of the European Parliament and of the Council concerning batteries and waste batteries, repealing Directive 2006/66/EC and amending Regulation (EU) 2019/1020",https://eur-lex.europa.eu/legal-content/FR/TXT/PDF/?uri=CONSIL:ST_13944_2020_ADD_5&qid=1700493741622
"COMMISSION STAFF WORKING DOCUMENT IMPACT ASSESSMENT REPORT Accompanying the document Proposal for a Regulation of the European Parliament and of the Council concerning batteries and waste batteries, repealing Directive 2006/66/EC and amending Regulation (EU) 2019/1020",https://eur-lex.europa.eu/legal-content/EN/TXT/PDF/?uri=CONSIL:ST_13944_2020_ADD_3&qid=1700493741622
"COMMISSION STAFF WORKING DOCUMENT IMPACT ASSESSMENT REPORT Accompanying the document Proposal for a Regulation of the European Parliament and of the Council concerning batteries and waste batteries, repealing Directive 2006/66/EC and amending Regulation (EU) 2019/1020",https://eur-lex.europa.eu/legal-content/FR/TXT/PDF/?uri=CONSIL:ST_13944_2020_ADD_3&qid=1700493741622
European Parliament,https://eur-lex.europa.eu/legal-content/EN/TXT/PDF/?uri=OJ:JOC_1992_285_R_0001_01&qid=1700493741622
European Parliament,https://eur-lex.europa.eu/legal-content/FR/TXT/PDF/?uri=OJ:JOC_1992_285_R_0001_01&qid=1700493741622
Written questions to which no answer has been given,https://eur-lex.europa.eu/legal-content/EN/TXT/PDF/?uri=OJ:JOC_1992_135_R_0001_01&qid=1700493741622
Written questions to which no answer has been given,https://eur-lex.europa.eu/legal-content/FR/TXT/PDF/?uri=OJ:JOC_1992_135_R_0001_01&qid=1700493741622
"Proposal for a Directive of the European Parliament and of the Council amending Directive 2013/34/EU, Directive 2004/109/EC, Directive 2006/43/EC and Regulation (EU) No 537/2014, as regards corporate sustainability reporting - Summary of stakeholder feedback on the CSRD proposal – Information from the Commission",https://eur-lex.europa.eu/legal-content/EN/TXT/PDF/?uri=CONSIL:ST_13912_2021_INIT&qid=1700493741622
"Proposal for a Directive of the European Parliament and of the Council amending Directive 2013/34/EU, Directive 2004/109/EC, Directive 2006/43/EC and Regulation (EU) No 537/2014, as regards corporate sustainability reporting - Summary of stakeholder feedback on the CSRD proposal – Information from the Commission",https://eur-lex.europa.eu/legal-content/FR/TXT/PDF/?uri=CONSIL:ST_13912_2021_INIT&qid=1700493741622
COMMISSION STAFF WORKING DOCUMENT IMPACT ASSESSMENT REPORT Accompanying the document Proposal for a Regulation of the European Parliament and the Council on combating late payments in commercial transactions,https://eur-lex.europa.eu/legal-content/EN/TXT/PDF/?uri=CONSIL:ST_12976_2023_ADD_4&qid=1700493741622
COMMISSION STAFF WORKING DOCUMENT IMPACT ASSESSMENT REPORT Accompanying the document Proposal for a Regulation of the European Parliament and the Council on combating late payments in commercial transactions,https://eur-lex.europa.eu/legal-content/FR/TXT/PDF/?uri=CONSIL:ST_12976_2023_ADD_4&qid=1700493741622
COMMISSION STAFF WORKING DOCUMENT Follow-up to the second opinion of the Regulatory Scrutiny Board Accompanying the document Proposal for a DIRECTIVE OF THE EUROPEAN PARLIAMENT AND OF THE COUNCIL on Corporate Sustainability Due Diligence and amending Directive (EU) 2019/1937,https://eur-lex.europa.eu/legal-content/EN/TXT/PDF/?uri=CONSIL:ST_6533_2022_ADD_4&qid=1700493741622
COMMISSION STAFF WORKING DOCUMENT Follow-up to the second opinion of the Regulatory Scrutiny Board Accompanying the document Proposal for a DIRECTIVE OF THE EUROPEAN PARLIAMENT AND OF THE COUNCIL on Corporate Sustainability Due Diligence and amending Directive (EU) 2019/1937,https://eur-lex.europa.eu/legal-content/FR/TXT/PDF/?uri=CONSIL:ST_6533_2022_ADD_4&qid=1700493741622
"Proposal for a Regulation of the European Parliament and of the Council on the transparency and integrity of Environmental, Social and Governance (ESG) rating activities (COM(2023) 314 final - 2023/0177 (COD)) Opinion of the Economic and Social Committee",https://eur-lex.europa.eu/legal-content/EN/TXT/PDF/?uri=CONSIL:ST_15614_2023_INIT&qid=1700493741622
"Proposal for a Regulation of the European Parliament and of the Council on the transparency and integrity of Environmental, Social and Governance (ESG) rating activities (COM(2023) 314 final - 2023/0177 (COD)) Opinion of the Economic and Social Committee",https://eur-lex.europa.eu/legal-content/FR/TXT/PDF/?uri=CONSIL:ST_15614_2023_INIT&qid=1700493741622
Proposal for a DECISION OF THE EUROPEAN PARLIAMENT AND OF THE COUNCIL amending Directive 2013/34/EU as regards the time limits for the adoption of sustainability reporting standards for certain sectors and for certain third-country undertakings,https://eur-lex.europa.eu/legal-content/EN/TXT/PDF/?uri=CONSIL:ST_14574_2023_INIT&qid=1700493741622
Proposal for a DECISION OF THE EUROPEAN PARLIAMENT AND OF THE COUNCIL amending Directive 2013/34/EU as regards the time limits for the adoption of sustainability reporting standards for certain sectors and for certain third-country undertakings,https://eur-lex.europa.eu/legal-content/FR/TXT/PDF/?uri=CONSIL:ST_14574_2023_INIT&qid=1700493741622
"COMMISSION DELEGATED DIRECTIVE (EU) .../ amending Directive 2013/34/EU of the European Parliament and of the Council as regards the adjustments of the size criteria for micro, small, medium-sized and large undertakings or groups",https://eur-lex.europa.eu/legal-content/EN/TXT/PDF/?uri=PI_COM:C(2023)7020&qid=1700493741622
"COMMISSION DELEGATED DIRECTIVE (EU) .../ amending Directive 2013/34/EU of the European Parliament and of the Council as regards the adjustments of the size criteria for micro, small, medium-sized and large undertakings or groups",https://eur-lex.europa.eu/legal-content/FR/TXT/PDF/?uri=PI_COM:C(2023)7020&qid=1700493741622
"Proposal for a REGULATION OF THE EUROPEAN PARLIAMENT AND OF THE COUNCIL on the transparency and integrity of Environmental, Social and Governance (ESG) rating activities",https://eur-lex.europa.eu/legal-content/EN/TXT/PDF/?uri=CONSIL:ST_10638_2023_REV_1&qid=1700493741622
"Proposal for a REGULATION OF THE EUROPEAN PARLIAMENT AND OF THE COUNCIL on the transparency and integrity of Environmental, Social and Governance (ESG) rating activities",https://eur-lex.europa.eu/legal-content/FR/TXT/PDF/?uri=CONSIL:ST_10638_2023_REV_1&qid=1700493741622
Proposal for a REGULATION OF THE EUROPEAN PARLIAMENT AND OF THE COUNCIL on the accounting of greenhouse gas emissions of transport services,https://eur-lex.europa.eu/legal-content/EN/TXT/PDF/?uri=CONSIL:ST_11821_2023_INIT&qid=1700493741622
Proposal for a REGULATION OF THE EUROPEAN PARLIAMENT AND OF THE COUNCIL on the accounting of greenhouse gas emissions of transport services,https://eur-lex.europa.eu/legal-content/FR/TXT/PDF/?uri=CONSIL:ST_11821_2023_INIT&qid=1700493741622
COMMISSION STAFF WORKING DOCUMENT IMPACT ASSESSMENT REPORT Accompanying the document Proposal for a REGULATION OF THE EUROPEAN PARLIAMENT AND THE COUNCIL on the accounting of greenhouse gas emissions of transport services,https://eur-lex.europa.eu/legal-content/EN/TXT/PDF/?uri=CONSIL:ST_11821_2023_ADD_2&qid=1700493741622
COMMISSION STAFF WORKING DOCUMENT IMPACT ASSESSMENT REPORT Accompanying the document Proposal for a REGULATION OF THE EUROPEAN PARLIAMENT AND THE COUNCIL on the accounting of greenhouse gas emissions of transport services,https://eur-lex.europa.eu/legal-content/FR/TXT/PDF/?uri=CONSIL:ST_11821_2023_ADD_2&qid=1700493741622
"Proposal for a REGULATION OF THE EUROPEAN PARLIAMENT AND OF THE COUNCIL on the transparency and integrity of Environmental, Social and Governance (ESG) rating activities",https://eur-lex.europa.eu/legal-content/EN/TXT/PDF/?uri=CELEX:52023PC0314R(01)&qid=1700493741622
"Proposal for a REGULATION OF THE EUROPEAN PARLIAMENT AND OF THE COUNCIL on the transparency and integrity of Environmental, Social and Governance (ESG) rating activities",https://eur-lex.europa.eu/legal-content/FR/TXT/PDF/?uri=CELEX:52023PC0314R(01)&qid=1700493741622
"Proposal for a REGULATION OF THE EUROPEAN PARLIAMENT AND OF THE COUNCIL on the transparency and integrity of Environmental, Social and Governance (ESG) rating activities",https://eur-lex.europa.eu/legal-content/EN/TXT/PDF/?uri=CONSIL:ST_10638_2023_INIT&qid=1700493741622
"Proposal for a REGULATION OF THE EUROPEAN PARLIAMENT AND OF THE COUNCIL on the transparency and integrity of Environmental, Social and Governance (ESG) rating activities",https://eur-lex.europa.eu/legal-content/FR/TXT/PDF/?uri=CONSIL:ST_10638_2023_INIT&qid=1700493741622
Proposal for a Proposal for a Directive of the European Parliament and of the Council on Corporate Sustainability Due Diligence and amending Directive (EU) 2019/1937 - 4 column-table,https://eur-lex.europa.eu/legal-content/EN/TXT/PDF/?uri=CONSIL:ST_10267_2023_INIT&qid=1700493741622
Proposal for a Proposal for a Directive of the European Parliament and of the Council on Corporate Sustainability Due Diligence and amending Directive (EU) 2019/1937 - 4 column-table,https://eur-lex.europa.eu/legal-content/FR/TXT/PDF/?uri=CONSIL:ST_10267_2023_INIT&qid=1700493741622
"COMMISSION STAFF WORKING DOCUMENT IMPACT ASSESSMENT REPORT Accompanying the document Proposal for a Directive of the European Parliament and of the Council amending Directives (EU) 2009/65/EC, 2009/138/EC, 2011/61/EU, 2014/65/EU and (EU) 2016/97 as regards the Union retail investor protection rules and Regulation of the European Parliament and of the Council amending Regulation (EU) No 1286/2014 as regards the modernisation of the key information document",https://eur-lex.europa.eu/legal-content/EN/TXT/PDF/?uri=CONSIL:ST_9671_2023_ADD_2&qid=1700493741622
"COMMISSION STAFF WORKING DOCUMENT IMPACT ASSESSMENT REPORT Accompanying the document Proposal for a Directive of the European Parliament and of the Council amending Directives (EU) 2009/65/EC, 2009/138/EC, 2011/61/EU, 2014/65/EU and (EU) 2016/97 as regards the Union retail investor protection rules and Regulation of the European Parliament and of the Council amending Regulation (EU) No 1286/2014 as regards the modernisation of the key information document",https://eur-lex.europa.eu/legal-content/FR/TXT/PDF/?uri=CONSIL:ST_9671_2023_ADD_2&qid=1700493741622
"COMMISSION STAFF WORKING DOCUMENT IMPACT ASSESSMENT REPORT Accompanying the document Proposal for a Directive of the European Parliament and of the Council amending Directives (EU) 2009/65/EC, 2009/138/EC, 2011/61/EU, 2014/65/EU and (EU) 2016/97 as regards the Union retail investor protection rules and Regulation of the European Parliament and of the Council amending Regulation (EU) No 1286/2014 as regards the modernisation of the key information document",https://eur-lex.europa.eu/legal-content/EN/TXT/PDF/?uri=CONSIL:ST_9669_2023_ADD_1&qid=1700493741622
"COMMISSION STAFF WORKING DOCUMENT IMPACT ASSESSMENT REPORT Accompanying the document Proposal for a Directive of the European Parliament and of the Council amending Directives (EU) 2009/65/EC, 2009/138/EC, 2011/61/EU, 2014/65/EU and (EU) 2016/97 as regards the Union retail investor protection rules and Regulation of the European Parliament and of the Council amending Regulation (EU) No 1286/2014 as regards the modernisation of the key information document",https://eur-lex.europa.eu/legal-content/FR/TXT/PDF/?uri=CONSIL:ST_9669_2023_ADD_1&qid=1700493741622
"REPORT FROM THE COMMISSION TO THE EUROPEAN PARLIAMENT, THE COUNCIL, THE EUROPEAN ECONOMIC AND SOCIAL COMMITTEE AND THE COMMITTEE OF THE REGIONS Accelerating the transition to climate neutrality for Europe’s security and prosperity EU Climate Action Progress Report 2022",https://eur-lex.europa.eu/legal-content/EN/TXT/PDF/?uri=CELEX:52022DC0514R(01)&qid=1700493741622
"REPORT FROM THE COMMISSION TO THE EUROPEAN PARLIAMENT, THE COUNCIL, THE EUROPEAN ECONOMIC AND SOCIAL COMMITTEE AND THE COMMITTEE OF THE REGIONS Accelerating the transition to climate neutrality for Europe’s security and prosperity EU Climate Action Progress Report 2022",https://eur-lex.europa.eu/legal-content/FR/TXT/PDF/?uri=CELEX:52022DC0514R(01)&qid=1700493741622
Proposal for a Regulation of the European Parliament and of the Council on European green bonds - Initial positions of the three Institutions prior to commencement of trilogues,https://eur-lex.europa.eu/legal-content/EN/TXT/PDF/?uri=CONSIL:ST_6546_2023_INIT&qid=1700493741622
Proposal for a Regulation of the European Parliament and of the Council on European green bonds - Initial positions of the three Institutions prior to commencement of trilogues,https://eur-lex.europa.eu/legal-content/FR/TXT/PDF/?uri=CONSIL:ST_6546_2023_INIT&qid=1700493741622
"COMMISSION STAFF WORKING DOCUMENT IMPACT ASSESSMENT REPORT Accompanying the documents Proposal for a DIRECTIVE OF THE EUROPEAN PARLIAMENT AND OF THE COUNCIL amending Directive 2014/65/EU to make public capital markets in the Union more attractive for companies and to facilitate access to capital for small and medium-sized enterprises and repealing Directive 2001/34/EC Proposal for a DIRECTIVE OF THE EUROPEAN PARLIAMENT AND OF THE COUNCIL on multiple-vote share structures in companies that seek the admission to trading of their shares on an SME growth market Proposal for a REGULATION OF THE EUROPEAN PARLIAMENT AND OF THE COUNCIL amending Regulations (EU) 2017/1129, (EU) No 596/2014 and (EU) No 600/2014 to make public capital markets in the Union more attractive for companies and to facilitate access to capital for small and medium-sized enterprises",https://eur-lex.europa.eu/legal-content/EN/TXT/PDF/?uri=CONSIL:ST_15834_2022_ADD_2&qid=1700493741622
"COMMISSION STAFF WORKING DOCUMENT IMPACT ASSESSMENT REPORT Accompanying the documents Proposal for a DIRECTIVE OF THE EUROPEAN PARLIAMENT AND OF THE COUNCIL amending Directive 2014/65/EU to make public capital markets in the Union more attractive for companies and to facilitate access to capital for small and medium-sized enterprises and repealing Directive 2001/34/EC Proposal for a DIRECTIVE OF THE EUROPEAN PARLIAMENT AND OF THE COUNCIL on multiple-vote share structures in companies that seek the admission to trading of their shares on an SME growth market Proposal for a REGULATION OF THE EUROPEAN PARLIAMENT AND OF THE COUNCIL amending Regulations (EU) 2017/1129, (EU) No 596/2014 and (EU) No 600/2014 to make public capital markets in the Union more attractive for companies and to facilitate access to capital for small and medium-sized enterprises",https://eur-lex.europa.eu/legal-content/FR/TXT/PDF/?uri=CONSIL:ST_15834_2022_ADD_2&qid=1700493741622
"COMMISSION STAFF WORKING DOCUMENT IMPACT ASSESSMENT REPORT Accompanying the documents Proposal for a DIRECTIVE OF THE EUROPEAN PARLIAMENT AND OF THE COUNCIL amending Directive 2014/65/EU to make public capital markets in the Union more attractive for companies and to facilitate access to capital for small and medium-sized enterprises and repealing Directive 2001/34/EC Proposal for a DIRECTIVE OF THE EUROPEAN PARLIAMENT AND OF THE COUNCIL on multiple-vote share structures in companies that seek the admission to trading of their shares on an SME growth market Proposal for a REGULATION OF THE EUROPEAN PARLIAMENT AND OF THE COUNCIL amending Regulations (EU) 2017/1129, (EU) No 596/2014 and (EU) No 600/2014 to make public capital markets in the Union more attractive for companies and to facilitate access to capital for small and medium-sized enterprises",https://eur-lex.europa.eu/legal-content/EN/TXT/PDF/?uri=CONSIL:ST_15835_2022_ADD_2&qid=1700493741622
"COMMISSION STAFF WORKING DOCUMENT IMPACT ASSESSMENT REPORT Accompanying the documents Proposal for a DIRECTIVE OF THE EUROPEAN PARLIAMENT AND OF THE COUNCIL amending Directive 2014/65/EU to make public capital markets in the Union more attractive for companies and to facilitate access to capital for small and medium-sized enterprises and repealing Directive 2001/34/EC Proposal for a DIRECTIVE OF THE EUROPEAN PARLIAMENT AND OF THE COUNCIL on multiple-vote share structures in companies that seek the admission to trading of their shares on an SME growth market Proposal for a REGULATION OF THE EUROPEAN PARLIAMENT AND OF THE COUNCIL amending Regulations (EU) 2017/1129, (EU) No 596/2014 and (EU) No 600/2014 to make public capital markets in the Union more attractive for companies and to facilitate access to capital for small and medium-sized enterprises",https://eur-lex.europa.eu/legal-content/FR/TXT/PDF/?uri=CONSIL:ST_15835_2022_ADD_2&qid=1700493741622
Proposal for a DIRECTIVE OF THE EUROPEAN PARLIAMENT AND OF THE COUNCIL on Corporate Sustainability Due Diligence and amending Directive (EU) 2019/1937 - General Approach,https://eur-lex.europa.eu/legal-content/EN/TXT/PDF/?uri=CONSIL:ST_15024_2022_REV_1&qid=1700493741622
Proposal for a DIRECTIVE OF THE EUROPEAN PARLIAMENT AND OF THE COUNCIL on Corporate Sustainability Due Diligence and amending Directive (EU) 2019/1937 - General Approach,https://eur-lex.europa.eu/legal-content/FR/TXT/PDF/?uri=CONSIL:ST_15024_2022_REV_1&qid=1700493741622
Proposal for a Directive of the European Parliament and of the Council on Corporate Sustainability Due Diligence and amending Directive (EU) 2019/1937 - Opinion of the European Economic and Social Committee (EESC),https://eur-lex.europa.eu/legal-content/EN/TXT/PDF/?uri=CONSIL:ST_11489_2022_INIT&qid=1700493741622
Proposal for a Directive of the European Parliament and of the Council on Corporate Sustainability Due Diligence and amending Directive (EU) 2019/1937 - Opinion of the European Economic and Social Committee (EESC),https://eur-lex.europa.eu/legal-content/FR/TXT/PDF/?uri=CONSIL:ST_11489_2022_INIT&qid=1700493741622
EUGB Regulation - Three-column table to commence trilogues,https://eur-lex.europa.eu/legal-content/EN/TXT/PDF/?uri=CONSIL:ST_9834_2022_INIT&qid=1700493741622
EUGB Regulation - Three-column table to commence trilogues,https://eur-lex.europa.eu/legal-content/FR/TXT/PDF/?uri=CONSIL:ST_9834_2022_INIT&qid=1700493741622
COMMISSION STAFF WORKING DOCUMENT IMPACT ASSESSMENT Accompanying the document Proposal for a Regulation of the European Parliament and of the Council establishing a framework for setting ecodesign requirements for sustainable products and repealing Directive 2009/125/EC,https://eur-lex.europa.eu/legal-content/EN/TXT/PDF/?uri=CONSIL:ST_7854_2022_ADD_6&qid=1700493741622
COMMISSION STAFF WORKING DOCUMENT IMPACT ASSESSMENT Accompanying the document Proposal for a Regulation of the European Parliament and of the Council establishing a framework for setting ecodesign requirements for sustainable products and repealing Directive 2009/125/EC,https://eur-lex.europa.eu/legal-content/FR/TXT/PDF/?uri=CONSIL:ST_7854_2022_ADD_6&qid=1700493741622
India's Union Budget 2022-23: Climate Budget and Green Bonds,https://www.indiabudget.gov.in/doc/bh1.pdf
India's Union Budget 2022-23: Climate Budget and Green Bonds,https://www.indiabudget.gov.in/doc/Budget_Speech.pdf
India's Union Budget 2022-23: Climate Budget and Green Bonds,https://www.indiabudget.gov.in/doc/Key_to_Budget_Document_2023.pdf
India's Union Budget 2022-23: Climate Budget and Green Bonds,https://www.indiabudget.gov.in/doc/bh1.pdf
India's Union Budget 2022-23: Climate Budget and Green Bonds,https://www.indiabudget.gov.in/doc/AFS/allafs.pdf
India's Union Budget 2022-23: Climate Budget and Green Bonds,https://www.indiabudget.gov.in/doc/AFS/afs1.pdf
India's Union Budget 2022-23: Climate Budget and Green Bonds,https://www.indiabudget.gov.in/doc/AFS/afs2.pdf
India's Union Budget 2022-23: Climate Budget and Green Bonds,https://www.indiabudget.gov.in/doc/AFS/afs3.pdf
India's Union Budget 2022-23: Climate Budget and Green Bonds,https://www.indiabudget.gov.in/doc/AFS/afs4.pdf
India's Union Budget 2022-23: Climate Budget and Green Bonds,https://www.indiabudget.gov.in/doc/AFS/afs5.pdf
India's Union Budget 2022-23: Climate Budget and Green Bonds,https://www.indiabudget.gov.in/doc/AFS/afs6.pdf
India's Union Budget 2022-23: Climate Budget and Green Bonds,https://www.indiabudget.gov.in/doc/AFS/afs7.pdf
India's Union Budget 2022-23: Climate Budget and Green Bonds,https://www.indiabudget.gov.in/doc/AFS/afs8.pdf
India's Union Budget 2022-23: Climate Budget and Green Bonds,https://www.indiabudget.gov.in/doc/AFS/afs9.pdf
India's Union Budget 2022-23: Climate Budget and Green Bonds,https://www.indiabudget.gov.in/doc/memo.pdf
India's Union Budget 2022-23: Climate Budget and Green Bonds,https://www.indiabudget.gov.in/doc/Finance_Bill.pdf
India's Union Budget 2022-23: Climate Budget and Green Bonds,https://www.indiabudget.gov.in/doc/frbm1.pdf
India's Union Budget 2022-23: Climate Budget and Green Bonds,https://www.indiabudget.gov.in/doc/OutcomeBudgetE2023_2024.pdf
India's Union Budget 2022-23: Climate Budget and Green Bonds,https://www.indiabudget.gov.in/doc/cen/cus0223.pdf
India's Union Budget 2022-23: Climate Budget and Green Bonds,https://www.indiabudget.gov.in/doc/cen/cus0323.pdf
India's Union Budget 2022-23: Climate Budget and Green Bonds,https://www.indiabudget.gov.in/doc/cen/cus0423.pdf
India's Union Budget 2022-23: Climate Budget and Green Bonds,https://www.indiabudget.gov.in/doc/cen/cus0523.pdf
India's Union Budget 2022-23: Climate Budget and Green Bonds,https://www.indiabudget.gov.in/doc/cen/cus0623.pdf
India's Union Budget 2022-23: Climate Budget and Green Bonds,https://www.indiabudget.gov.in/doc/cen/cus0723.pdf
India's Union Budget 2022-23: Climate Budget and Green Bonds,https://www.indiabudget.gov.in/doc/cen/cus0823.pdf
India's Union Budget 2022-23: Climate Budget and Green Bonds,https://www.indiabudget.gov.in/doc/cen/cus0923.pdf
India's Union Budget 2022-23: Climate Budget and Green Bonds,https://www.indiabudget.gov.in/doc/cen/cus1023.pdf
India's Union Budget 2022-23: Climate Budget and Green Bonds,https://www.indiabudget.gov.in/doc/cen/cus1123.pdf
India's Union Budget 2022-23: Climate Budget and Green Bonds,https://www.indiabudget.gov.in/doc/cen/cus1223.pdf
India's Union Budget 2022-23: Climate Budget and Green Bonds,https://www.indiabudget.gov.in/doc/cen/cen0523.pdf
India's Union Budget 2022-23: Climate Budget and Green Bonds,https://www.indiabudget.gov.in/doc/cen/explanatorynote.pdf
India's Union Budget 2022-23: Climate Budget and Green Bonds,https://www.indiabudget.gov.in/doc/cen/dojstru1.pdf
India's Union Budget 2022-23: Climate Budget and Green Bonds,https://www.indiabudget.gov.in/doc/impbud2022-23.pdf
India's Union Budget 2022-23: Climate Budget and Green Bonds,https://www.indiabudget.gov.in/doc/Budget_at_Glance/budget_at_a_glance.pdf
India's Union Budget 2022-23: Climate Budget and Green Bonds,https://www.indiabudget.gov.in/doc/Budget_at_Glance/bag1.pdf
India's Union Budget 2022-23: Climate Budget and Green Bonds,https://www.indiabudget.gov.in/doc/Budget_at_Glance/bag2.pdf
India's Union Budget 2022-23: Climate Budget and Green Bonds,https://www.indiabudget.gov.in/doc/Budget_at_Glance/bag3.pdf
India's Union Budget 2022-23: Climate Budget and Green Bonds,https://www.indiabudget.gov.in/doc/Budget_at_Glance/bag4.pdf
India's Union Budget 2022-23: Climate Budget and Green Bonds,https://www.indiabudget.gov.in/doc/Budget_at_Glance/bag5.pdf
India's Union Budget 2022-23: Climate Budget and Green Bonds,https://www.indiabudget.gov.in/doc/Budget_at_Glance/bag6.pdf
India's Union Budget 2022-23: Climate Budget and Green Bonds,https://www.indiabudget.gov.in/doc/Budget_at_Glance/bag7.pdf
India's Union Budget 2022-23: Climate Budget and Green Bonds,https://www.indiabudget.gov.in/doc/eb/vol1.pdf
India's Union Budget 2022-23: Climate Budget and Green Bonds,https://www.indiabudget.gov.in/doc/eb/intro.pdf
India's Union Budget 2022-23: Climate Budget and Green Bonds,https://www.indiabudget.gov.in/doc/eb/stat1.pdf
India's Union Budget 2022-23: Climate Budget and Green Bonds,https://www.indiabudget.gov.in/doc/eb/stat2a.pdf
India's Union Budget 2022-23: Climate Budget and Green Bonds,https://www.indiabudget.gov.in/doc/eb/stat2b.pdf
India's Union Budget 2022-23: Climate Budget and Green Bonds,https://www.indiabudget.gov.in/doc/eb/stat3a.pdf
India's Union Budget 2022-23: Climate Budget and Green Bonds,https://www.indiabudget.gov.in/doc/eb/stat4a.pdf
India's Union Budget 2022-23: Climate Budget and Green Bonds,https://www.indiabudget.gov.in/doc/eb/stat4b.pdf
India's Union Budget 2022-23: Climate Budget and Green Bonds,https://www.indiabudget.gov.in/doc/eb/stat4c.pdf
India's Union Budget 2022-23: Climate Budget and Green Bonds,https://www.indiabudget.gov.in/doc/eb/stat4d.pdf
India's Union Budget 2022-23: Climate Budget and Green Bonds,https://www.indiabudget.gov.in/doc/eb/stat5.pdf
India's Union Budget 2022-23: Climate Budget and Green Bonds,https://www.indiabudget.gov.in/doc/eb/stat6.pdf
India's Union Budget 2022-23: Climate Budget and Green Bonds,https://www.indiabudget.gov.in/doc/eb/stat7.pdf
India's Union Budget 2022-23: Climate Budget and Green Bonds,https://www.indiabudget.gov.in/doc/eb/stat8.pdf
India's Union Budget 2022-23: Climate Budget and Green Bonds,https://www.indiabudget.gov.in/doc/eb/stat9.pdf
India's Union Budget 2022-23: Climate Budget and Green Bonds,https://www.indiabudget.gov.in/doc/eb/stat10a.pdf
India's Union Budget 2022-23: Climate Budget and Green Bonds,https://www.indiabudget.gov.in/doc/eb/stat10b.pdf
India's Union Budget 2022-23: Climate Budget and Green Bonds,https://www.indiabudget.gov.in/doc/eb/stat11.pdf
India's Union Budget 2022-23: Climate Budget and Green Bonds,https://www.indiabudget.gov.in/doc/eb/stat12.pdf
India's Union Budget 2022-23: Climate Budget and Green Bonds,https://www.indiabudget.gov.in/doc/eb/stat13.pdf
India's Union Budget 2022-23: Climate Budget and Green Bonds,https://www.indiabudget.gov.in/doc/eb/stat14.pdf
India's Union Budget 2022-23: Climate Budget and Green Bonds,https://www.indiabudget.gov.in/doc/eb/stat15.pdf
India's Union Budget 2022-23: Climate Budget and Green Bonds,https://www.indiabudget.gov.in/doc/eb/stat15a.pdf
India's Union Budget 2022-23: Climate Budget and Green Bonds,https://www.indiabudget.gov.in/doc/eb/stat16.pdf
India's Union Budget 2022-23: Climate Budget and Green Bonds,https://www.indiabudget.gov.in/doc/eb/stat17.pdf
India's Union Budget 2022-23: Climate Budget and Green Bonds,https://www.indiabudget.gov.in/doc/eb/stat18.pdf
India's Union Budget 2022-23: Climate Budget and Green Bonds,https://www.indiabudget.gov.in/doc/eb/stat19.pdf
India's Union Budget 2022-23: Climate Budget and Green Bonds,https://www.indiabudget.gov.in/doc/eb/stat20.pdf
India's Union Budget 2022-23: Climate Budget and Green Bonds,https://www.indiabudget.gov.in/doc/eb/stat21.pdf
India's Union Budget 2022-23: Climate Budget and Green Bonds,https://www.indiabudget.gov.in/doc/eb/stat22.pdf
India's Union Budget 2022-23: Climate Budget and Green Bonds,https://www.indiabudget.gov.in/doc/eb/stat23.pdf
India's Union Budget 2022-23: Climate Budget and Green Bonds,https://www.indiabudget.gov.in/doc/eb/stat24.pdf
India's Union Budget 2022-23: Climate Budget and Green Bonds,https://www.indiabudget.gov.in/doc/eb/stat25.pdf
India's Union Budget 2022-23: Climate Budget and Green Bonds,https://www.indiabudget.gov.in/doc/eb/stat26.pdf
India's Union Budget 2022-23: Climate Budget and Green Bonds,https://www.indiabudget.gov.in/doc/eb/stat27.pdf
India's Union Budget 2022-23: Climate Budget and Green Bonds,https://www.indiabudget.gov.in/doc/eb/railstat1.pdf
India's Union Budget 2022-23: Climate Budget and Green Bonds,https://www.indiabudget.gov.in/doc/eb/railstat2.pdf
India's Union Budget 2022-23: Climate Budget and Green Bonds,https://www.indiabudget.gov.in/doc/eb/railstat3.pdf
India's Union Budget 2022-23: Climate Budget and Green Bonds,https://www.indiabudget.gov.in/doc/eb/railstat4.pdf
India's Union Budget 2022-23: Climate Budget and Green Bonds,https://www.indiabudget.gov.in/doc/eb/railstat5.pdf
India's Union Budget 2022-23: Climate Budget and Green Bonds,https://www.indiabudget.gov.in/doc/eb/railstat6.pdf
India's Union Budget 2022-23: Climate Budget and Green Bonds,https://www.indiabudget.gov.in/doc/eb/railstat7.pdf
India's Union Budget 2022-23: Climate Budget and Green Bonds,https://www.indiabudget.gov.in/doc/eb/sumsbe.pdf
India's Union Budget 2022-23: Climate Budget and Green Bonds,https://www.indiabudget.gov.in/doc/eb/allsbe.pdf
India's Union Budget 2022-23: Climate Budget and Green Bonds,https://www.indiabudget.gov.in/doc/eb/sbe1.pdf
India's Union Budget 2022-23: Climate Budget and Green Bonds,https://www.indiabudget.gov.in/doc/eb/sbe2.pdf
India's Union Budget 2022-23: Climate Budget and Green Bonds,https://www.indiabudget.gov.in/doc/eb/sbe3.pdf
India's Union Budget 2022-23: Climate Budget and Green Bonds,https://www.indiabudget.gov.in/doc/eb/sbe4.pdf
India's Union Budget 2022-23: Climate Budget and Green Bonds,https://www.indiabudget.gov.in/doc/eb/sbe5.pdf
India's Union Budget 2022-23: Climate Budget and Green Bonds,https://www.indiabudget.gov.in/doc/eb/sbe6.pdf
India's Union Budget 2022-23: Climate Budget and Green Bonds,https://www.indiabudget.gov.in/doc/eb/sbe7.pdf
India's Union Budget 2022-23: Climate Budget and Green Bonds,https://www.indiabudget.gov.in/doc/eb/sbe8.pdf
India's Union Budget 2022-23: Climate Budget and Green Bonds,https://www.indiabudget.gov.in/doc/eb/sbe9.pdf
India's Union Budget 2022-23: Climate Budget and Green Bonds,https://www.indiabudget.gov.in/doc/eb/sbe10.pdf
India's Union Budget 2022-23: Climate Budget and Green Bonds,https://www.indiabudget.gov.in/doc/eb/sbe11.pdf
India's Union Budget 2022-23: Climate Budget and Green Bonds,https://www.indiabudget.gov.in/doc/eb/sbe12.pdf
India's Union Budget 2022-23: Climate Budget and Green Bonds,https://www.indiabudget.gov.in/doc/eb/sbe13.pdf
India's Union Budget 2022-23: Climate Budget and Green Bonds,https://www.indiabudget.gov.in/doc/eb/sbe14.pdf
India's Union Budget 2022-23: Climate Budget and Green Bonds,https://www.indiabudget.gov.in/doc/eb/sbe15.pdf
India's Union Budget 2022-23: Climate Budget and Green Bonds,https://www.indiabudget.gov.in/doc/eb/sbe16.pdf
India's Union Budget 2022-23: Climate Budget and Green Bonds,https://www.indiabudget.gov.in/doc/eb/sbe17.pdf
India's Union Budget 2022-23: Climate Budget and Green Bonds,https://www.indiabudget.gov.in/doc/eb/sbe18.pdf
India's Union Budget 2022-23: Climate Budget and Green Bonds,https://www.indiabudget.gov.in/doc/eb/sbe19.pdf
India's Union Budget 2022-23: Climate Budget and Green Bonds,https://www.indiabudget.gov.in/doc/eb/sbe20.pdf
India's Union Budget 2022-23: Climate Budget and Green Bonds,https://www.indiabudget.gov.in/doc/eb/sbe21.pdf
India's Union Budget 2022-23: Climate Budget and Green Bonds,https://www.indiabudget.gov.in/doc/eb/sbe22.pdf
India's Union Budget 2022-23: Climate Budget and Green Bonds,https://www.indiabudget.gov.in/doc/eb/sbe23.pdf
India's Union Budget 2022-23: Climate Budget and Green Bonds,https://www.indiabudget.gov.in/doc/eb/sbe24.pdf
India's Union Budget 2022-23: Climate Budget and Green Bonds,https://www.indiabudget.gov.in/doc/eb/sbe25.pdf
India's Union Budget 2022-23: Climate Budget and Green Bonds,https://www.indiabudget.gov.in/doc/eb/sbe26.pdf
India's Union Budget 2022-23: Climate Budget and Green Bonds,https://www.indiabudget.gov.in/doc/eb/sbe27.pdf
India's Union Budget 2022-23: Climate Budget and Green Bonds,https://www.indiabudget.gov.in/doc/eb/sbe28.pdf
India's Union Budget 2022-23: Climate Budget and Green Bonds,https://www.indiabudget.gov.in/doc/eb/sbe29.pdf
India's Union Budget 2022-23: Climate Budget and Green Bonds,https://www.indiabudget.gov.in/doc/eb/sbe30.pdf
India's Union Budget 2022-23: Climate Budget and Green Bonds,https://www.indiabudget.gov.in/doc/eb/sbe31.pdf
India's Union Budget 2022-23: Climate Budget and Green Bonds,https://www.indiabudget.gov.in/doc/eb/sbe32.pdf
India's Union Budget 2022-23: Climate Budget and Green Bonds,https://www.indiabudget.gov.in/doc/eb/sbe33.pdf
India's Union Budget 2022-23: Climate Budget and Green Bonds,https://www.indiabudget.gov.in/doc/eb/sbe34.pdf
India's Union Budget 2022-23: Climate Budget and Green Bonds,https://www.indiabudget.gov.in/doc/eb/sbe35.pdf
India's Union Budget 2022-23: Climate Budget and Green Bonds,https://www.indiabudget.gov.in/doc/eb/sbe36.pdf
India's Union Budget 2022-23: Climate Budget and Green Bonds,https://www.indiabudget.gov.in/doc/eb/sbe37.pdf
India's Union Budget 2022-23: Climate Budget and Green Bonds,https://www.indiabudget.gov.in/doc/eb/sbe38.pdf
India's Union Budget 2022-23: Climate Budget and Green Bonds,https://www.indiabudget.gov.in/doc/eb/sbe39.pdf
India's Union Budget 2022-23: Climate Budget and Green Bonds,https://www.indiabudget.gov.in/doc/eb/sbe40.pdf
India's Union Budget 2022-23: Climate Budget and Green Bonds,https://www.indiabudget.gov.in/doc/eb/sbe41.pdf
India's Union Budget 2022-23: Climate Budget and Green Bonds,https://www.indiabudget.gov.in/doc/eb/sbe42.pdf
India's Union Budget 2022-23: Climate Budget and Green Bonds,https://www.indiabudget.gov.in/doc/eb/sbe43.pdf
India's Union Budget 2022-23: Climate Budget and Green Bonds,https://www.indiabudget.gov.in/doc/eb/sbe44.pdf
India's Union Budget 2022-23: Climate Budget and Green Bonds,https://www.indiabudget.gov.in/doc/eb/sbe45.pdf
India's Union Budget 2022-23: Climate Budget and Green Bonds,https://www.indiabudget.gov.in/doc/eb/sbe46.pdf
India's Union Budget 2022-23: Climate Budget and Green Bonds,https://www.indiabudget.gov.in/doc/eb/sbe47.pdf
India's Union Budget 2022-23: Climate Budget and Green Bonds,https://www.indiabudget.gov.in/doc/eb/sbe48.pdf
India's Union Budget 2022-23: Climate Budget and Green Bonds,https://www.indiabudget.gov.in/doc/eb/sbe49.pdf
India's Union Budget 2022-23: Climate Budget and Green Bonds,https://www.indiabudget.gov.in/doc/eb/sbe50.pdf
India's Union Budget 2022-23: Climate Budget and Green Bonds,https://www.indiabudget.gov.in/doc/eb/sbe51.pdf
India's Union Budget 2022-23: Climate Budget and Green Bonds,https://www.indiabudget.gov.in/doc/eb/sbe52.pdf
India's Union Budget 2022-23: Climate Budget and Green Bonds,https://www.indiabudget.gov.in/doc/eb/sbe53.pdf
India's Union Budget 2022-23: Climate Budget and Green Bonds,https://www.indiabudget.gov.in/doc/eb/sbe54.pdf
India's Union Budget 2022-23: Climate Budget and Green Bonds,https://www.indiabudget.gov.in/doc/eb/sbe55.pdf
India's Union Budget 2022-23: Climate Budget and Green Bonds,https://www.indiabudget.gov.in/doc/eb/sbe56.pdf
India's Union Budget 2022-23: Climate Budget and Green Bonds,https://www.indiabudget.gov.in/doc/eb/sbe57.pdf
India's Union Budget 2022-23: Climate Budget and Green Bonds,https://www.indiabudget.gov.in/doc/eb/sbe58.pdf
India's Union Budget 2022-23: Climate Budget and Green Bonds,https://www.indiabudget.gov.in/doc/eb/sbe59.pdf
India's Union Budget 2022-23: Climate Budget and Green Bonds,https://www.indiabudget.gov.in/doc/eb/sbe60.pdf
India's Union Budget 2022-23: Climate Budget and Green Bonds,https://www.indiabudget.gov.in/doc/eb/sbe61.pdf
India's Union Budget 2022-23: Climate Budget and Green Bonds,https://www.indiabudget.gov.in/doc/eb/sbe62.pdf
India's Union Budget 2022-23: Climate Budget and Green Bonds,https://www.indiabudget.gov.in/doc/eb/sbe63.pdf
India's Union Budget 2022-23: Climate Budget and Green Bonds,https://www.indiabudget.gov.in/doc/eb/sbe64.pdf
India's Union Budget 2022-23: Climate Budget and Green Bonds,https://www.indiabudget.gov.in/doc/eb/sbe65.pdf
India's Union Budget 2022-23: Climate Budget and Green Bonds,https://www.indiabudget.gov.in/doc/eb/sbe66.pdf
India's Union Budget 2022-23: Climate Budget and Green Bonds,https://www.indiabudget.gov.in/doc/eb/sbe67.pdf
India's Union Budget 2022-23: Climate Budget and Green Bonds,https://www.indiabudget.gov.in/doc/eb/sbe68.pdf
India's Union Budget 2022-23: Climate Budget and Green Bonds,https://www.indiabudget.gov.in/doc/eb/sbe69.pdf
India's Union Budget 2022-23: Climate Budget and Green Bonds,https://www.indiabudget.gov.in/doc/eb/sbe70.pdf
India's Union Budget 2022-23: Climate Budget and Green Bonds,https://www.indiabudget.gov.in/doc/eb/sbe71.pdf
India's Union Budget 2022-23: Climate Budget and Green Bonds,https://www.indiabudget.gov.in/doc/eb/sbe72.pdf
India's Union Budget 2022-23: Climate Budget and Green Bonds,https://www.indiabudget.gov.in/doc/eb/sbe73.pdf
India's Union Budget 2022-23: Climate Budget and Green Bonds,https://www.indiabudget.gov.in/doc/eb/sbe74.pdf
India's Union Budget 2022-23: Climate Budget and Green Bonds,https://www.indiabudget.gov.in/doc/eb/sbe75.pdf
India's Union Budget 2022-23: Climate Budget and Green Bonds,https://www.indiabudget.gov.in/doc/eb/sbe76.pdf
India's Union Budget 2022-23: Climate Budget and Green Bonds,https://www.indiabudget.gov.in/doc/eb/sbe77.pdf
India's Union Budget 2022-23: Climate Budget and Green Bonds,https://www.indiabudget.gov.in/doc/eb/sbe78.pdf
India's Union Budget 2022-23: Climate Budget and Green Bonds,https://www.indiabudget.gov.in/doc/eb/sbe79.pdf
India's Union Budget 2022-23: Climate Budget and Green Bonds,https://www.indiabudget.gov.in/doc/eb/sbe80.pdf
India's Union Budget 2022-23: Climate Budget and Green Bonds,https://www.indiabudget.gov.in/doc/eb/sbe81.pdf
India's Union Budget 2022-23: Climate Budget and Green Bonds,https://www.indiabudget.gov.in/doc/eb/sbe82.pdf
India's Union Budget 2022-23: Climate Budget and Green Bonds,https://www.indiabudget.gov.in/doc/eb/sbe83.pdf
India's Union Budget 2022-23: Climate Budget and Green Bonds,https://www.indiabudget.gov.in/doc/eb/sbe84.pdf
India's Union Budget 2022-23: Climate Budget and Green Bonds,https://www.indiabudget.gov.in/doc/eb/sbe85.pdf
India's Union Budget 2022-23: Climate Budget and Green Bonds,https://www.indiabudget.gov.in/doc/eb/sbe86.pdf
India's Union Budget 2022-23: Climate Budget and Green Bonds,https://www.indiabudget.gov.in/doc/eb/sbe87.pdf
India's Union Budget 2022-23: Climate Budget and Green Bonds,https://www.indiabudget.gov.in/doc/eb/sbe88.pdf
India's Union Budget 2022-23: Climate Budget and Green Bonds,https://www.indiabudget.gov.in/doc/eb/sbe89.pdf
India's Union Budget 2022-23: Climate Budget and Green Bonds,https://www.indiabudget.gov.in/doc/eb/sbe90.pdf
India's Union Budget 2022-23: Climate Budget and Green Bonds,https://www.indiabudget.gov.in/doc/eb/sbe91.pdf
India's Union Budget 2022-23: Climate Budget and Green Bonds,https://www.indiabudget.gov.in/doc/eb/sbe92.pdf
India's Union Budget 2022-23: Climate Budget and Green Bonds,https://www.indiabudget.gov.in/doc/eb/sbe93.pdf
India's Union Budget 2022-23: Climate Budget and Green Bonds,https://www.indiabudget.gov.in/doc/eb/sbe94.pdf
India's Union Budget 2022-23: Climate Budget and Green Bonds,https://www.indiabudget.gov.in/doc/eb/sbe95.pdf
India's Union Budget 2022-23: Climate Budget and Green Bonds,https://www.indiabudget.gov.in/doc/eb/sbe96.pdf
India's Union Budget 2022-23: Climate Budget and Green Bonds,https://www.indiabudget.gov.in/doc/eb/sbe97.pdf
India's Union Budget 2022-23: Climate Budget and Green Bonds,https://www.indiabudget.gov.in/doc/eb/sbe98.pdf
India's Union Budget 2022-23: Climate Budget and Green Bonds,https://www.indiabudget.gov.in/doc/eb/sbe99.pdf
India's Union Budget 2022-23: Climate Budget and Green Bonds,https://www.indiabudget.gov.in/doc/eb/sbe100.pdf
India's Union Budget 2022-23: Climate Budget and Green Bonds,https://www.indiabudget.gov.in/doc/eb/sbe101.pdf
India's Union Budget 2022-23: Climate Budget and Green Bonds,https://www.indiabudget.gov.in/doc/eb/sbe102.pdf
India's Union Budget 2022-23: Climate Budget and Green Bonds,https://www.indiabudget.gov.in/doc/eb/dgsum.pdf
India's Union Budget 2022-23: Climate Budget and Green Bonds,https://www.indiabudget.gov.in/doc/eb/alldg.pdf
India's Union Budget 2022-23: Climate Budget and Green Bonds,https://www.indiabudget.gov.in/doc/eb/dg1.pdf
India's Union Budget 2022-23: Climate Budget and Green Bonds,https://www.indiabudget.gov.in/doc/eb/dg2.pdf
India's Union Budget 2022-23: Climate Budget and Green Bonds,https://www.indiabudget.gov.in/doc/eb/dg3.pdf
India's Union Budget 2022-23: Climate Budget and Green Bonds,https://www.indiabudget.gov.in/doc/eb/dg4.pdf
India's Union Budget 2022-23: Climate Budget and Green Bonds,https://www.indiabudget.gov.in/doc/eb/dg5.pdf
India's Union Budget 2022-23: Climate Budget and Green Bonds,https://www.indiabudget.gov.in/doc/eb/dg6.pdf
India's Union Budget 2022-23: Climate Budget and Green Bonds,https://www.indiabudget.gov.in/doc/eb/dg7.pdf
India's Union Budget 2022-23: Climate Budget and Green Bonds,https://www.indiabudget.gov.in/doc/eb/dg8.pdf
India's Union Budget 2022-23: Climate Budget and Green Bonds,https://www.indiabudget.gov.in/doc/eb/dg9.pdf
India's Union Budget 2022-23: Climate Budget and Green Bonds,https://www.indiabudget.gov.in/doc/eb/dg10.pdf
India's Union Budget 2022-23: Climate Budget and Green Bonds,https://www.indiabudget.gov.in/doc/eb/dg11.pdf
India's Union Budget 2022-23: Climate Budget and Green Bonds,https://www.indiabudget.gov.in/doc/eb/dg12.pdf
India's Union Budget 2022-23: Climate Budget and Green Bonds,https://www.indiabudget.gov.in/doc/eb/dg13.pdf
India's Union Budget 2022-23: Climate Budget and Green Bonds,https://www.indiabudget.gov.in/doc/eb/dg14.pdf
India's Union Budget 2022-23: Climate Budget and Green Bonds,https://www.indiabudget.gov.in/doc/eb/dg15.pdf
India's Union Budget 2022-23: Climate Budget and Green Bonds,https://www.indiabudget.gov.in/doc/eb/dg16.pdf
India's Union Budget 2022-23: Climate Budget and Green Bonds,https://www.indiabudget.gov.in/doc/eb/dg17.pdf
India's Union Budget 2022-23: Climate Budget and Green Bonds,https://www.indiabudget.gov.in/doc/eb/dg18.pdf
India's Union Budget 2022-23: Climate Budget and Green Bonds,https://www.indiabudget.gov.in/doc/eb/dg19.pdf
India's Union Budget 2022-23: Climate Budget and Green Bonds,https://www.indiabudget.gov.in/doc/eb/dg20.pdf
India's Union Budget 2022-23: Climate Budget and Green Bonds,https://www.indiabudget.gov.in/doc/eb/dg21.pdf
India's Union Budget 2022-23: Climate Budget and Green Bonds,https://www.indiabudget.gov.in/doc/eb/dg22.pdf
India's Union Budget 2022-23: Climate Budget and Green Bonds,https://www.indiabudget.gov.in/doc/eb/dg23.pdf
India's Union Budget 2022-23: Climate Budget and Green Bonds,https://www.indiabudget.gov.in/doc/eb/dg24.pdf
India's Union Budget 2022-23: Climate Budget and Green Bonds,https://www.indiabudget.gov.in/doc/eb/dg25.pdf
India's Union Budget 2022-23: Climate Budget and Green Bonds,https://www.indiabudget.gov.in/doc/eb/dg26.pdf
India's Union Budget 2022-23: Climate Budget and Green Bonds,https://www.indiabudget.gov.in/doc/eb/dg27.pdf
India's Union Budget 2022-23: Climate Budget and Green Bonds,https://www.indiabudget.gov.in/doc/eb/dg28.pdf
India's Union Budget 2022-23: Climate Budget and Green Bonds,https://www.indiabudget.gov.in/doc/eb/dg29.pdf
India's Union Budget 2022-23: Climate Budget and Green Bonds,https://www.indiabudget.gov.in/doc/eb/dg30.pdf
India's Union Budget 2022-23: Climate Budget and Green Bonds,https://www.indiabudget.gov.in/doc/eb/dg31.pdf
India's Union Budget 2022-23: Climate Budget and Green Bonds,https://www.indiabudget.gov.in/doc/eb/dg32.pdf
India's Union Budget 2022-23: Climate Budget and Green Bonds,https://www.indiabudget.gov.in/doc/eb/dg33.pdf
India's Union Budget 2022-23: Climate Budget and Green Bonds,https://www.indiabudget.gov.in/doc/eb/dg34.pdf
India's Union Budget 2022-23: Climate Budget and Green Bonds,https://www.indiabudget.gov.in/doc/eb/dg35.pdf
India's Union Budget 2022-23: Climate Budget and Green Bonds,https://www.indiabudget.gov.in/doc/eb/dg36.pdf
India's Union Budget 2022-23: Climate Budget and Green Bonds,https://www.indiabudget.gov.in/doc/eb/dg37.pdf
India's Union Budget 2022-23: Climate Budget and Green Bonds,https://www.indiabudget.gov.in/doc/eb/dg38.pdf
India's Union Budget 2022-23: Climate Budget and Green Bonds,https://www.indiabudget.gov.in/doc/eb/dg39.pdf
India's Union Budget 2022-23: Climate Budget and Green Bonds,https://www.indiabudget.gov.in/doc/eb/dg40.pdf
India's Union Budget 2022-23: Climate Budget and Green Bonds,https://www.indiabudget.gov.in/doc/eb/dg41.pdf
India's Union Budget 2022-23: Climate Budget and Green Bonds,https://www.indiabudget.gov.in/doc/eb/dg42.pdf
India's Union Budget 2022-23: Climate Budget and Green Bonds,https://www.indiabudget.gov.in/doc/eb/dg43.pdf
India's Union Budget 2022-23: Climate Budget and Green Bonds,https://www.indiabudget.gov.in/doc/eb/dg44.pdf
India's Union Budget 2022-23: Climate Budget and Green Bonds,https://www.indiabudget.gov.in/doc/eb/dg45.pdf
India's Union Budget 2022-23: Climate Budget and Green Bonds,https://www.indiabudget.gov.in/doc/eb/dg46.pdf
India's Union Budget 2022-23: Climate Budget and Green Bonds,https://www.indiabudget.gov.in/doc/eb/dg47.pdf
India's Union Budget 2022-23: Climate Budget and Green Bonds,https://www.indiabudget.gov.in/doc/eb/dg48.pdf
India's Union Budget 2022-23: Climate Budget and Green Bonds,https://www.indiabudget.gov.in/doc/eb/dg49.pdf
India's Union Budget 2022-23: Climate Budget and Green Bonds,https://www.indiabudget.gov.in/doc/eb/dg50.pdf
India's Union Budget 2022-23: Climate Budget and Green Bonds,https://www.indiabudget.gov.in/doc/eb/dg51.pdf
India's Union Budget 2022-23: Climate Budget and Green Bonds,https://www.indiabudget.gov.in/doc/eb/dg52.pdf
India's Union Budget 2022-23: Climate Budget and Green Bonds,https://www.indiabudget.gov.in/doc/eb/dg53.pdf
India's Union Budget 2022-23: Climate Budget and Green Bonds,https://www.indiabudget.gov.in/doc/eb/dg54.pdf
India's Union Budget 2022-23: Climate Budget and Green Bonds,https://www.indiabudget.gov.in/doc/eb/dg55.pdf
India's Union Budget 2022-23: Climate Budget and Green Bonds,https://www.indiabudget.gov.in/doc/eb/dg56.pdf
India's Union Budget 2022-23: Climate Budget and Green Bonds,https://www.indiabudget.gov.in/doc/eb/dg57.pdf
India's Union Budget 2022-23: Climate Budget and Green Bonds,https://www.indiabudget.gov.in/doc/eb/dg58.pdf
India's Union Budget 2022-23: Climate Budget and Green Bonds,https://www.indiabudget.gov.in/doc/eb/dg59.pdf
India's Union Budget 2022-23: Climate Budget and Green Bonds,https://www.indiabudget.gov.in/doc/eb/dg60.pdf
India's Union Budget 2022-23: Climate Budget and Green Bonds,https://www.indiabudget.gov.in/doc/eb/dg61.pdf
India's Union Budget 2022-23: Climate Budget and Green Bonds,https://www.indiabudget.gov.in/doc/eb/dg62.pdf
India's Union Budget 2022-23: Climate Budget and Green Bonds,https://www.indiabudget.gov.in/doc/eb/dg63.pdf
India's Union Budget 2022-23: Climate Budget and Green Bonds,https://www.indiabudget.gov.in/doc/eb/dg64.pdf
India's Union Budget 2022-23: Climate Budget and Green Bonds,https://www.indiabudget.gov.in/doc/eb/dg65.pdf
India's Union Budget 2022-23: Climate Budget and Green Bonds,https://www.indiabudget.gov.in/doc/eb/dg66.pdf
India's Union Budget 2022-23: Climate Budget and Green Bonds,https://www.indiabudget.gov.in/doc/eb/dg67.pdf
India's Union Budget 2022-23: Climate Budget and Green Bonds,https://www.indiabudget.gov.in/doc/eb/dg68.pdf
India's Union Budget 2022-23: Climate Budget and Green Bonds,https://www.indiabudget.gov.in/doc/eb/dg69.pdf
India's Union Budget 2022-23: Climate Budget and Green Bonds,https://www.indiabudget.gov.in/doc/eb/dg70.pdf
India's Union Budget 2022-23: Climate Budget and Green Bonds,https://www.indiabudget.gov.in/doc/eb/dg71.pdf
India's Union Budget 2022-23: Climate Budget and Green Bonds,https://www.indiabudget.gov.in/doc/eb/dg72.pdf
India's Union Budget 2022-23: Climate Budget and Green Bonds,https://www.indiabudget.gov.in/doc/eb/dg73.pdf
India's Union Budget 2022-23: Climate Budget and Green Bonds,https://www.indiabudget.gov.in/doc/eb/dg74.pdf
India's Union Budget 2022-23: Climate Budget and Green Bonds,https://www.indiabudget.gov.in/doc/eb/dg75.pdf
India's Union Budget 2022-23: Climate Budget and Green Bonds,https://www.indiabudget.gov.in/doc/eb/dg76.pdf
India's Union Budget 2022-23: Climate Budget and Green Bonds,https://www.indiabudget.gov.in/doc/eb/dg77.pdf
India's Union Budget 2022-23: Climate Budget and Green Bonds,https://www.indiabudget.gov.in/doc/eb/dg78.pdf
India's Union Budget 2022-23: Climate Budget and Green Bonds,https://www.indiabudget.gov.in/doc/eb/dg79.pdf
India's Union Budget 2022-23: Climate Budget and Green Bonds,https://www.indiabudget.gov.in/doc/eb/dg80.pdf
India's Union Budget 2022-23: Climate Budget and Green Bonds,https://www.indiabudget.gov.in/doc/eb/dg81.pdf
India's Union Budget 2022-23: Climate Budget and Green Bonds,https://www.indiabudget.gov.in/doc/eb/dg82.pdf
India's Union Budget 2022-23: Climate Budget and Green Bonds,https://www.indiabudget.gov.in/doc/eb/dg83.pdf
India's Union Budget 2022-23: Climate Budget and Green Bonds,https://www.indiabudget.gov.in/doc/eb/dg84.pdf
India's Union Budget 2022-23: Climate Budget and Green Bonds,https://www.indiabudget.gov.in/doc/eb/dg85.pdf
India's Union Budget 2022-23: Climate Budget and Green Bonds,https://www.indiabudget.gov.in/doc/eb/dg86.pdf
India's Union Budget 2022-23: Climate Budget and Green Bonds,https://www.indiabudget.gov.in/doc/eb/dg87.pdf
India's Union Budget 2022-23: Climate Budget and Green Bonds,https://www.indiabudget.gov.in/doc/eb/dg88.pdf
India's Union Budget 2022-23: Climate Budget and Green Bonds,https://www.indiabudget.gov.in/doc/eb/dg89.pdf
India's Union Budget 2022-23: Climate Budget and Green Bonds,https://www.indiabudget.gov.in/doc/eb/dg90.pdf
India's Union Budget 2022-23: Climate Budget and Green Bonds,https://www.indiabudget.gov.in/doc/eb/dg91.pdf
India's Union Budget 2022-23: Climate Budget and Green Bonds,https://www.indiabudget.gov.in/doc/eb/dg92.pdf
India's Union Budget 2022-23: Climate Budget and Green Bonds,https://www.indiabudget.gov.in/doc/eb/dg93.pdf
India's Union Budget 2022-23: Climate Budget and Green Bonds,https://www.indiabudget.gov.in/doc/eb/dg94.pdf
India's Union Budget 2022-23: Climate Budget and Green Bonds,https://www.indiabudget.gov.in/doc/eb/dg95.pdf
India's Union Budget 2022-23: Climate Budget and Green Bonds,https://www.indiabudget.gov.in/doc/eb/dg96.pdf
India's Union Budget 2022-23: Climate Budget and Green Bonds,https://www.indiabudget.gov.in/doc/eb/dg97.pdf
India's Union Budget 2022-23: Climate Budget and Green Bonds,https://www.indiabudget.gov.in/doc/eb/dg98.pdf
India's Union Budget 2022-23: Climate Budget and Green Bonds,https://www.indiabudget.gov.in/doc/eb/dg99.pdf
India's Union Budget 2022-23: Climate Budget and Green Bonds,https://www.indiabudget.gov.in/doc/eb/dg100.pdf
India's Union Budget 2022-23: Climate Budget and Green Bonds,https://www.indiabudget.gov.in/doc/eb/dg101.pdf
India's Union Budget 2022-23: Climate Budget and Green Bonds,https://www.indiabudget.gov.in/doc/eb/dg102.pdf
India's Union Budget 2022-23: Climate Budget and Green Bonds,https://www.indiabudget.gov.in/doc/rec/allrec.pdf
India's Union Budget 2022-23: Climate Budget and Green Bonds,https://www.indiabudget.gov.in/doc/rec/int.pdf
India's Union Budget 2022-23: Climate Budget and Green Bonds,https://www.indiabudget.gov.in/doc/rec/ar.pdf
India's Union Budget 2022-23: Climate Budget and Green Bonds,https://www.indiabudget.gov.in/doc/rec/tr.pdf
India's Union Budget 2022-23: Climate Budget and Green Bonds,https://www.indiabudget.gov.in/doc/rec/ntr.pdf
India's Union Budget 2022-23: Climate Budget and Green Bonds,https://www.indiabudget.gov.in/doc/rec/cr.pdf
India's Union Budget 2022-23: Climate Budget and Green Bonds,https://www.indiabudget.gov.in/doc/rec/annex1.pdf
India's Union Budget 2022-23: Climate Budget and Green Bonds,https://www.indiabudget.gov.in/doc/rec/annex2.pdf
India's Union Budget 2022-23: Climate Budget and Green Bonds,https://www.indiabudget.gov.in/doc/rec/annex3.pdf
India's Union Budget 2022-23: Climate Budget and Green Bonds,https://www.indiabudget.gov.in/doc/rec/annex4.pdf
India's Union Budget 2022-23: Climate Budget and Green Bonds,https://www.indiabudget.gov.in/doc/rec/annex4a.pdf
India's Union Budget 2022-23: Climate Budget and Green Bonds,https://www.indiabudget.gov.in/doc/rec/annex4b.pdf
India's Union Budget 2022-23: Climate Budget and Green Bonds,https://www.indiabudget.gov.in/doc/rec/annex5.pdf
India's Union Budget 2022-23: Climate Budget and Green Bonds,https://www.indiabudget.gov.in/doc/rec/annex6.pdf
India's Union Budget 2022-23: Climate Budget and Green Bonds,https://www.indiabudget.gov.in/doc/rec/annex7.pdf
India's Union Budget 2022-23: Climate Budget and Green Bonds,https://www.indiabudget.gov.in/doc/rec/annex8.pdf
India's Union Budget 2022-23: Climate Budget and Green Bonds,https://www.indiabudget.gov.in/doc/rec/annex9.pdf
India's Union Budget 2022-23: Climate Budget and Green Bonds,https://www.indiabudget.gov.in/doc/rec/annex91.pdf
India's Union Budget 2022-23: Climate Budget and Green Bonds,https://www.indiabudget.gov.in/doc/rec/annex92.pdf
India's Union Budget 2022-23: Climate Budget and Green Bonds,https://www.indiabudget.gov.in/doc/rec/annex93.pdf
India's Union Budget 2022-23: Climate Budget and Green Bonds,https://www.indiabudget.gov.in/doc/rec/annex94.pdf
India's Union Budget 2022-23: Climate Budget and Green Bonds,https://www.indiabudget.gov.in/doc/rec/annex10.pdf
India's Union Budget 2022-23: Climate Budget and Green Bonds,https://www.indiabudget.gov.in/doc/rec/annex10a.pdf
India's Union Budget 2022-23: Climate Budget and Green Bonds,https://www.indiabudget.gov.in/doc/rec/annex10b.pdf
India's Union Budget 2022-23: Climate Budget and Green Bonds,https://www.indiabudget.gov.in/doc/rec/annex10c.pdf
India's Union Budget 2022-23: Climate Budget and Green Bonds,https://www.indiabudget.gov.in/doc/rec/annex10d.pdf
India's Union Budget 2022-23: Climate Budget and Green Bonds,https://www.indiabudget.gov.in/doc/rec/annex10e.pdf
India's Union Budget 2022-23: Climate Budget and Green Bonds,https://www.indiabudget.gov.in/doc/rec/annex10f.pdf
India's Union Budget 2022-23: Climate Budget and Green Bonds,https://www.indiabudget.gov.in/doc/rec/annex10g.pdf
India's Union Budget 2022-23: Climate Budget and Green Bonds,https://www.indiabudget.gov.in/doc/rec/annex10h.pdf
India's Union Budget 2022-23: Climate Budget and Green Bonds,https://www.indiabudget.gov.in/doc/rec/annex10i.pdf
India's Union Budget 2022-23: Climate Budget and Green Bonds,https://www.indiabudget.gov.in/doc/rec/annex10j.pdf
India's Union Budget 2022-23: Climate Budget and Green Bonds,https://www.indiabudget.gov.in/doc/rec/annex11.pdf
India's Union Budget 2022-23: Climate Budget and Green Bonds,https://www.indiabudget.gov.in/doc/rec/annex12.pdf
India's Union Budget 2022-23: Climate Budget and Green Bonds,https://www.indiabudget.gov.in/doc/rec/annex13.pdf
India's Union Budget 2022-23: Climate Budget and Green Bonds,https://www.indiabudget.gov.in/doc/rec/annex14.pdf
Technology Roadmap for Transition Finance,https://www.meti.go.jp/policy/energy_environment/global_warming/transition/transition_finance_roadmap_automobile_eng.pdf
Technology Roadmap for Transition Finance,https://www.meti.go.jp/policy/energy_environment/global_warming/transition/overview_jal_eng.pdf
Technology Roadmap for Transition Finance,https://www.meti.go.jp/policy/energy_environment/global_warming/transition/overview_kirinhd_eng.pdf
Technology Roadmap for Transition Finance,https://www.meti.go.jp/policy/energy_environment/global_warming/transition/overview_tokyogas_eng.pdf
Technology Roadmap for Transition Finance,https://www.meti.go.jp/policy/energy_environment/global_warming/transition/overview_hokuriku_electric_power_eng.pdf
Technology Roadmap for Transition Finance,https://www.meti.go.jp/policy/energy_environment/global_warming/transition/basic_guidelines_on_climate_transition_finance_eng.pdf
Technology Roadmap for Transition Finance,https://www.meti.go.jp/policy/energy_environment/global_warming/transition/overview_basic_guidelines_on_climate_transition_finance_eng.pdf
Technology Roadmap for Transition Finance,https://www.meti.go.jp/policy/energy_environment/global_warming/transition/transition_finance_technology_roadmap_iron_and_steel_eng.pdf
Technology Roadmap for Transition Finance,https://www.meti.go.jp/policy/energy_environment/global_warming/transition/transition_finance_technology_roadmap_iron_and_steel_jpn.pdf
Technology Roadmap for Transition Finance,https://www.meti.go.jp/policy/energy_environment/global_warming/transition/transition_finance_technology_roadmap_chemistry_eng.pdf
Technology Roadmap for Transition Finance,https://www.meti.go.jp/policy/energy_environment/global_warming/transition/transition_finance_technology_roadmap_chemistry_jpn.pdf
Technology Roadmap for Transition Finance,https://www.meti.go.jp/policy/energy_environment/global_warming/transition/transition_finance_technology_roadmap_power_eng.pdf
Technology Roadmap for Transition Finance,https://www.meti.go.jp/policy/energy_environment/global_warming/transition/transition_finance_roadmap_electric_jpn.pdf
Technology Roadmap for Transition Finance,https://www.meti.go.jp/policy/energy_environment/global_warming/transition/transition_finance_roadmap_gas_eng.pdf
Technology Roadmap for Transition Finance,https://www.meti.go.jp/policy/energy_environment/global_warming/transition/transition_finance_roadmap_gas_jpn.pdf
Technology Roadmap for Transition Finance,https://www.meti.go.jp/policy/energy_environment/global_warming/transition/transition_finance_roadmap_oil_eng.pdf
Technology Roadmap for Transition Finance,https://www.meti.go.jp/policy/energy_environment/global_warming/transition/transition_finance_roadmap_oil_jpn.pdf
Technology Roadmap for Transition Finance,https://www.meti.go.jp/policy/energy_environment/global_warming/transition/transition_finance_technology_roadmap_paper_eng.pdf
Technology Roadmap for Transition Finance,https://www.meti.go.jp/policy/energy_environment/global_warming/transition/transition_finance_technology_roadmap_paper_jpn.pdf
Technology Roadmap for Transition Finance,https://www.meti.go.jp/policy/energy_environment/global_warming/transition/transition_finance_technology_roadmap_cement_eng.pdf
Technology Roadmap for Transition Finance,https://www.meti.go.jp/policy/energy_environment/global_warming/transition/transition_finance_technology_roadmap_cement_jpn.pdf
Technology Roadmap for Transition Finance,https://www.meti.go.jp/policy/energy_environment/global_warming/transition/transition_finance_roadmap_automobile_eng.pdf
Technology Roadmap for Transition Finance,https://www.meti.go.jp/policy/energy_environment/global_warming/transition/transition_finance_roadmap_automotive_jpn.pdf
Technology Roadmap for Transition Finance,https://www.mlit.go.jp/common/001354314.pdf
Technology Roadmap for Transition Finance,https://www.mlit.go.jp/maritime/content/001447061.pdf
Technology Roadmap for Transition Finance,https://www.mlit.go.jp/common/001445923.pdf
Technology Roadmap for Transition Finance,https://www.meti.go.jp/policy/energy_environment/global_warming/transition/transition_finance_case_study_nykline_eng.pdf
Technology Roadmap for Transition Finance,https://www.meti.go.jp/policy/energy_environment/global_warming/transition/transition_finance_case_study_nykline_jpn.pdf
Technology Roadmap for Transition Finance,https://www.nyk.com/english/news/2021/__icsFiles/afieldfile/2021/07/30/DNV_NYK_Green-Transition_FW_SPO_ALL_ENG.pdf
Technology Roadmap for Transition Finance,https://www.dnv.jp/Images/00_JP_NYK_Green-Transition_Bond_SPO_20210701_tcm29-203740.pdf
Technology Roadmap for Transition Finance,https://www.meti.go.jp/policy/energy_environment/global_warming/transition/transition_finance_case_study_mol_eng.pdf
Technology Roadmap for Transition Finance,https://www.meti.go.jp/policy/energy_environment/global_warming/transition/transition_finance_case_study_mol_jpn.pdf
Technology Roadmap for Transition Finance,https://www.jcr.co.jp/download/0f009ec300aafb5bd5e1f01f19eae96c60e0bd700de809ea46/21d0586_en2.pdf
Technology Roadmap for Transition Finance,https://www.jcr.co.jp/download/f82e0cfcc4b094b111f24cc224ec824474fec94c7b47b14e24/21d0586_2.pdf
Technology Roadmap for Transition Finance,https://www.meti.go.jp/policy/energy_environment/global_warming/transition/transition_finance_case_study_kline_eng.pdf
Technology Roadmap for Transition Finance,https://www.meti.go.jp/policy/energy_environment/global_warming/transition/transition_finance_case_study_kline_jpn.pdf
Technology Roadmap for Transition Finance,https://www.jcr.co.jp/download/0144f5547591c378c9238232788227c86424935c2815782142/21d0585_en.pdf
Technology Roadmap for Transition Finance,https://www.jcr.co.jp/download/33845b6868e1e6986f6bfb0cbb6169cca3162126c5b371bbc6/21d0585.pdf
Technology Roadmap for Transition Finance,https://www.meti.go.jp/policy/energy_environment/global_warming/transition/transition_finance_case_study_jfehd_eng.pdf
Technology Roadmap for Transition Finance,https://www.meti.go.jp/policy/energy_environment/global_warming/transition/transition_finance_case_study_jfehd_jpn.pdf
Technology Roadmap for Transition Finance,https://www.jcr.co.jp/download/28f85d9d45bb3f28b5880624f505fb379f850dcab0caf367bc/21d1195en220510.pdf
Technology Roadmap for Transition Finance,https://www.jcr.co.jp/download/2e2de22e6661149d8967f29296bf9de934344cc94eb2ef9e1f/21d1195_220510%E4%BF%AE%E6%AD%A3.pdf
Technology Roadmap for Transition Finance,https://www.meti.go.jp/policy/energy_environment/global_warming/transition/transition_finance_case_study_jal_eng.pdf
Technology Roadmap for Transition Finance,https://www.meti.go.jp/policy/energy_environment/global_warming/transition/transition_finance_case_study_jal_jpn.pdf
Technology Roadmap for Transition Finance,https://mstar-sustops-cdn-mainwebsite-s3.s3.amazonaws.com/docs/default-source/spos/japan-airlines-co.-ltd.-transition-bond-framework-second-party-opinion-(2022).pdf?sfvrsn=aaf4db91_1
Technology Roadmap for Transition Finance,https://mstar-sustops-cdn-mainwebsite-s3.s3.amazonaws.com/docs/default-source/spos/japan-airlines-co.-ltd.-transition-bond-framework-second-party-opinion-(2022)-japanese3d1d96cc-b48c-419a-bc95-7a7bcd270e7c.pdf?sfvrsn=c124cf42_1
Technology Roadmap for Transition Finance,https://www.meti.go.jp/policy/energy_environment/global_warming/transition/transition_finance_case_study_sumitomochem_eng.pdf
Technology Roadmap for Transition Finance,https://www.meti.go.jp/policy/energy_environment/global_warming/transition/transition_finance_case_study_sumitomochem_jpn.pdf
Technology Roadmap for Transition Finance,https://www.jcr.co.jp/download/8c42ef55d72239e2d02c41421154d9121789535c41718492ad/21d1282en.pdf
Technology Roadmap for Transition Finance,https://www.jcr.co.jp/download/1a4da4b3fda1c65f37df9c5e1644dd65e1be9465dd749ff75a/21d1282.pdf
Technology Roadmap for Transition Finance,https://www.meti.go.jp/policy/energy_environment/global_warming/transition/transition_finance_case_study_tokyogas_eng.pdf
Technology Roadmap for Transition Finance,https://www.meti.go.jp/policy/energy_environment/global_warming/transition/transition_finance_case_study_tokyogas_jpn.pdf
Technology Roadmap for Transition Finance,"https://webmagazine.dnv.co.jp/assets/images/sus_list/data/sus_finance_list_/pdfreport_e/48.%20Tokyo%20Gas%20Co.,%20Ltd..pdf"
Technology Roadmap for Transition Finance,https://webmagazine.dnv.co.jp/assets/images/sus_list/data/sus_finance_list_/pdfreport_j/48.%20%E6%9D%B1%E4%BA%AC%E3%82%AC%E3%82%B9%E6%A0%AA%E5%BC%8F%E4%BC%9A%E7%A4%BE.pdf
Technology Roadmap for Transition Finance,https://www.meti.go.jp/policy/energy_environment/global_warming/transition/transition_finance_case_study_jera_eng.pdf
Technology Roadmap for Transition Finance,https://www.meti.go.jp/policy/energy_environment/global_warming/transition/transition_finance_case_study_jera_jpn.pdf
Technology Roadmap for Transition Finance,https://www.dnv.jp/Images/JERA_TB_SPO_EN_tcm29-220973.pdf
Technology Roadmap for Transition Finance,"https://webmagazine.dnv.co.jp/assets/images/sus_list/data/sus_finance_list_/pdfreport_e/47.JERA%20Co.,%20Inc..pdf"
Technology Roadmap for Transition Finance,https://www.jera.co.jp/static/files/corporate/esgfinance/transition/jera_transition_report_202202.pdf
Technology Roadmap for Transition Finance,https://www.jera.co.jp/static/files/corporate/esgfinance/transition/jera_transition_report_202205.pdf
Technology Roadmap for Transition Finance,https://www.meti.go.jp/policy/energy_environment/global_warming/transition/transition_finance_case_study_ihi_eng.pdf
Technology Roadmap for Transition Finance,https://www.meti.go.jp/policy/energy_environment/global_warming/transition/transition_finance_case_study_ihi_jpn.pdf
Technology Roadmap for Transition Finance,https://www.jcr.co.jp/download/2ac2b79b262d6722e50779f92c49ef2e0b59cb2e08c42227ad/21d1472en.pdf
Technology Roadmap for Transition Finance,https://www.jcr.co.jp/download/1788657df754627992b30db95279e69db649b4d6dd74647229/21d1472_3.pdf
Technology Roadmap for Transition Finance,https://www.meti.go.jp/policy/energy_environment/global_warming/transition/transition_finance_case_study_osakagas_eng.pdf
Technology Roadmap for Transition Finance,https://www.meti.go.jp/policy/energy_environment/global_warming/transition/transition_finance_case_study_osakagas_jpn.pdf
Technology Roadmap for Transition Finance,"https://webmagazine.dnv.co.jp/assets/images/sus_list/data/sus_finance_list_/pdfreport_e/53.Osaka%20Gas%20Co.,%20Ltd..pdf"
Technology Roadmap for Transition Finance,https://webmagazine.dnv.co.jp/assets/images/sus_list/data/sus_finance_list_/pdfreport_j/53.%E5%A4%A7%E9%98%AA%E3%82%AC%E3%82%B9%E6%A0%AA%E5%BC%8F%E4%BC%9A%E7%A4%BE.pdf
Technology Roadmap for Transition Finance,https://www.meti.go.jp/policy/energy_environment/global_warming/transition/transition_finance_case_study_mhi_eng.pdf
Technology Roadmap for Transition Finance,https://www.meti.go.jp/policy/energy_environment/global_warming/transition/transition_finance_case_study_mhi_jpn.pdf
Technology Roadmap for Transition Finance,"https://webmagazine.dnv.co.jp/assets/images/sus_list/data/sus_finance_list_/pdfreport_e/54.Mitsubishi%20Heavy%20Industries,%20Ltd..pdf"
Technology Roadmap for Transition Finance,https://webmagazine.dnv.co.jp/assets/images/sus_list/data/sus_finance_list_/pdfreport_j/54.%E4%B8%89%E8%8F%B1%E9%87%8D%E5%B7%A5%E6%A5%AD%E6%A0%AA%E5%BC%8F%E4%BC%9A%E7%A4%BE.pdf
Technology Roadmap for Transition Finance,https://www.meti.go.jp/policy/energy_environment/global_warming/transition/transition_finance_case_study_idemitsu_eng.pdf
Technology Roadmap for Transition Finance,https://www.meti.go.jp/policy/energy_environment/global_warming/transition/transition_finance_case_study_idemitsu_jpn.pdf
Technology Roadmap for Transition Finance,"https://webmagazine.dnv.co.jp/assets/images/sus_list/data/sus_finance_list_/pdfreport_e/56.Idemitsu%20Kosan%20Co.,Ltd..pdf"
Technology Roadmap for Transition Finance,https://webmagazine.dnv.co.jp/assets/images/sus_list/data/sus_finance_list_/pdfreport_j/56.%E5%87%BA%E5%85%89%E8%88%88%E7%94%A3%E6%A0%AA%E5%BC%8F%E4%BC%9A%E7%A4%BE.pdf
Technology Roadmap for Transition Finance,https://www.meti.go.jp/policy/energy_environment/global_warming/transition/overview_hokuriku_electric_power_eng.pdf
Technology Roadmap for Transition Finance,https://www.meti.go.jp/policy/energy_environment/global_warming/transition/overview_hokuriku_electric_power.pdf
Technology Roadmap for Transition Finance,https://webmagazine.dnv.co.jp/assets/images/sus_list/data/sus_finance_list_/pdfreport_j/70.%E5%8C%97%E9%99%B8%E9%9B%BB%E5%8A%9B%E6%A0%AA%E5%BC%8F%E4%BC%9A%E7%A4%BE.pdf
Technology Roadmap for Transition Finance,https://www.meti.go.jp/policy/energy_environment/global_warming/transition/overview_tohogas_eng.pdf
Technology Roadmap for Transition Finance,https://www.meti.go.jp/policy/energy_environment/global_warming/transition/overview_tohogas.pdf
Technology Roadmap for Transition Finance,"https://webmagazine.dnv.co.jp/assets/images/sus_list/data/sus_finance_list_/pdfreport_e/72.TOHO%20GAS%20CO.,LTD..pdf"
Technology Roadmap for Transition Finance,https://webmagazine.dnv.co.jp/assets/images/sus_list/data/sus_finance_list_/pdfreport_j/72.%E6%9D%B1%E9%82%A6%E3%82%AC%E3%82%B9%E6%A0%AA%E5%BC%8F%E4%BC%9A%E7%A4%BE(ANNEX).pdf
Technology Roadmap for Transition Finance,https://www.meti.go.jp/policy/energy_environment/global_warming/transition/overview_tokyogas_eng.pdf
Technology Roadmap for Transition Finance,https://www.meti.go.jp/policy/energy_environment/global_warming/transition/overview_tokyogas.pdf
Technology Roadmap for Transition Finance,"https://webmagazine.dnv.co.jp/assets/images/sus_list/data/sus_finance_list_/pdfreport_e/77.Tokyo%20Gas%20Co.,%20Ltd(2).pdf"
Technology Roadmap for Transition Finance,https://webmagazine.dnv.co.jp/assets/images/sus_list/data/sus_finance_list_/pdfreport_j/77.%E6%9D%B1%E4%BA%AC%E3%82%AC%E3%82%B9%E6%A0%AA%E5%BC%8F%E4%BC%9A%E7%A4%BE%20(2).pdf
Technology Roadmap for Transition Finance,https://www.meti.go.jp/policy/energy_environment/global_warming/transition/overview_kirinhd_eng.pdf
Technology Roadmap for Transition Finance,https://www.meti.go.jp/policy/energy_environment/global_warming/transition/overview_kirinhd.pdf
Technology Roadmap for Transition Finance,"https://webmagazine.dnv.co.jp/assets/images/sus_list/data/sus_finance_list_/pdfreport_e/81.Kirin%20Holdings%20Company,%20Limited(ANNEX).pdf"
Technology Roadmap for Transition Finance,https://webmagazine.dnv.co.jp/assets/images/sus_list/data/sus_finance_list_/pdfreport_j/81.%E3%82%AD%E3%83%AA%E3%83%B3%E3%83%9B%E3%83%BC%E3%83%AB%E3%83%87%E3%82%A3%E3%83%B3%E3%82%B0%E3%82%B9%E6%A0%AA%E5%BC%8F%E4%BC%9A%E7%A4%BE(ANNEX).pdf
Technology Roadmap for Transition Finance,https://www.meti.go.jp/policy/energy_environment/global_warming/transition/overview_jal_eng.pdf
Technology Roadmap for Transition Finance,https://www.meti.go.jp/policy/energy_environment/global_warming/transition/overview_jal.pdf
Sustainable Financing Framework of National Bank of Kuwait,https://www.nbk.com/dam/jcr:507f03bd-0473-4670-a131-fdbd0f0b404e/NBK-Sustainable-Financing-Framework.pdf
Sustainable Financing Framework of National Bank of Kuwait,https://www.nbk.com/dam/jcr:507f03bd-0473-4670-a131-fdbd0f0b404e/NBK-Sustainable-Financing-Framework.pdf
Sustainable Financing Framework of National Bank of Kuwait,https://www.nbk.com/dam/jcr:a908d210-1072-4e51-a0f2-3cf729a67ba8/NBK-SPO-Report-2022Feb25.pdf
Sustainable Financing Framework of National Bank of Kuwait,https://www.nbk.com/dam/jcr:a908d210-1072-4e51-a0f2-3cf729a67ba8/NBK-SPO-Report-2022Feb25.pdf
NextGenerationEU Green Bonds,https://commission.europa.eu/document/download/1f83bdba-2dc0-4a13-a3cc-4a95c0b29b63_en?filename=SWD_2022_442_F1_STAFF_WORKING_PAPER_EN_V4_P1_2417689.PDF
NextGenerationEU Green Bonds,https://commission.europa.eu/document/download/1f83bdba-2dc0-4a13-a3cc-4a95c0b29b63_en?filename=SWD_2022_442_F1_STAFF_WORKING_PAPER_EN_V4_P1_2417689.PDF
Shanghai Stock Exchange's ESG disclosure requirement for STAR Market companies,https://static.reuters.com/resources/media/editorial/20210405/DiversityReportApril2021.pdf
The Companies and LLPs (Climate-related Financial Disclosure) Regulations 2022,https://www.legislation.gov.uk/uksi/2022/31/pdfs/uksi_20220031_en.pdf
The Companies and LLPs (Climate-related Financial Disclosure) Regulations 2022,https://www.legislation.gov.uk/uksi/2022/31/made/data.pdf
The Companies and LLPs (Climate-related Financial Disclosure) Regulations 2022,https://www.legislation.gov.uk/uksi/2022/31/introduction/made/data.pdf
U.S. Department of Treasury signs a USD 1 billion loan agreement for Clean Technology Fund,https://home.treasury.gov/system/files/136/Fact-Sheet-IRA-Equitable-Clean-Energy-Economy.pdf
EU Taxonomy: Complementary Climate Delegated Act,https://finance.ec.europa.eu/document/download/e01e9e40-7698-4b08-a9ea-078fb7070f18_en?filename=sustainable-finance-taxonomy-complementary-climate-delegated-act-factsheet_en.pdf
EU Taxonomy: Complementary Climate Delegated Act,https://finance.ec.europa.eu/document/download/e01e9e40-7698-4b08-a9ea-078fb7070f18_en?filename=sustainable-finance-taxonomy-complementary-climate-delegated-act-factsheet_en.pdf
Egyptian FRA sets deadline for ESG & TCFD reporting in the non-banking financial sector,http://d3a0oa8cittb3t.cloudfront.net/researchreports/Disclaimers/TR%20Disclaimer.pdf
NSE-SES Integrated Guide to Business Responsibility & Sustainability Report,http://s3-ap-south-1.amazonaws.com/indigo-cms-contents/s3fs-public/public://2021-12/NSE_Circular_15102021.pdf
NSE-SES Integrated Guide to Business Responsibility & Sustainability Report,http://s3-ap-south-1.amazonaws.com/indigo-cms-contents/s3fs-public/public://2021-12/SEBI_Circular_14102021.pdf
NSE-SES Integrated Guide to Business Responsibility & Sustainability Report,http://s3-ap-south-1.amazonaws.com/indigo-cms-contents/s3fs-public/public://2022-04/NSE_Circular_04042022_0.pdf
NSE-SES Integrated Guide to Business Responsibility & Sustainability Report,http://s3-ap-south-1.amazonaws.com/indigo-cms-contents/s3fs-public/public://2022-04/SEBI_Circular_29032022.pdf
NSE-SES Integrated Guide to Business Responsibility & Sustainability Report,https://nsearchives.nseindia.com/content/circulars/CML59419.pdf
NSE-SES Integrated Guide to Business Responsibility & Sustainability Report,https://nsearchives.nseindia.com/content/circulars/CML59412.pdf
NSE-SES Integrated Guide to Business Responsibility & Sustainability Report,https://nsearchives.nseindia.com/content/circulars/FAOP59410.pdf
NSE-SES Integrated Guide to Business Responsibility & Sustainability Report,https://nsearchives.nseindia.com/content/circulars/CMPT59366.pdf
NSE-SES Integrated Guide to Business Responsibility & Sustainability Report,https://nsearchives.nseindia.com/content/circulars/CML59424.pdf
NSE-SES Integrated Guide to Business Responsibility & Sustainability Report,https://nsearchives.nseindia.com/content/circulars/CML59421.pdf
NSE-SES Integrated Guide to Business Responsibility & Sustainability Report,https://nsearchives.nseindia.com/content/circulars/CML59420.pdf
NSE-SES Integrated Guide to Business Responsibility & Sustainability Report,https://nsearchives.nseindia.com/content/circulars/CML59414.pdf
NSE-SES Integrated Guide to Business Responsibility & Sustainability Report,https://nsearchives.nseindia.com/content/circulars/CML59397.pdf
EIOPA's Climate stress test for the occupational pensions sector 2022,https://www.eiopa.europa.eu/document/download/2d53e24d-3631-465d-877c-603675b62c66_en?filename=2022%20IORP%20stress%20test%20technical%20specifications.pdf
EIOPA's Climate stress test for the occupational pensions sector 2022,https://www.eiopa.europa.eu/document/download/90ebe843-06c1-4f03-837e-81106076d980_en?filename=2022%20IORP%20stress%20test%20common%20balance%20sheet%20technical%20specifications.pdf
EIOPA's Climate stress test for the occupational pensions sector 2022,https://www.eiopa.europa.eu/document/download/21c15cc0-650d-4676-a4fc-f89cf5fea7ab_en?filename=QA%20contacts.pdf
EIOPA's Climate stress test for the occupational pensions sector 2022,https://www.eiopa.europa.eu/document/download/b35bf493-ba6e-49de-ba52-43bdc5e9c1c2_en?filename=ESRB%20climate%20scenario%20for%20the%20EIOPA%202022%20IORP%20stress%20test.pdf
"U.S Executive Order to strengthen the country's forests, boost wildfire resilience, and combat global deforestation",https://www.usda.gov/sites/default/files/documents/usda-rural-fact-sheet.pdf
"U.S Executive Order to strengthen the country's forests, boost wildfire resilience, and combat global deforestation",https://www.noaa.gov/sites/default/files/2022-04/Nature-based-Solutions-Compendium.pdf
A standard on climate-related risk disclosure for US insurance companies,https://content.naic.org/sites/default/files/inline-files/2022ProposedClimateRiskSurvey_0.pdf?msclkid=e24cf6f2b47211eca09ac1c752e22857
Notice on Doing a Good Job in the Management of Enterprise Greenhouse Gas Emissions Report in 2022,https://www.mee.gov.cn/xxgk2018/xxgk/xxgk06/202203/W020220315357527525875.pdf
Notice on Doing a Good Job in the Management of Enterprise Greenhouse Gas Emissions Report in 2022,https://www.mee.gov.cn/xxgk2018/xxgk/xxgk06/202203/W020220315357528424119.pdf
Notice on Doing a Good Job in the Management of Enterprise Greenhouse Gas Emissions Report in 2022,https://www.mee.gov.cn/xxgk2018/xxgk/xxgk06/202203/W020220315357530736747.pdf
EBA's final draft implementing technical standards on prudential disclosures on ESG risks,https://www.eba.europa.eu/sites/default/documents/files/document_library/Publications/Draft%20Technical%20Standards/2022/1026171/EBA%20draft%20ITS%20on%20Pillar%203%20disclosures%20on%20ESG%20risks.pdf
EBA's final draft implementing technical standards on prudential disclosures on ESG risks,https://www.eba.europa.eu/sites/default/documents/files/document_library/Publications/Draft%20Technical%20Standards/2022/1026173/Annex%20II%20-%20Instructions%20for%20ESG%20prudential%20disclosures%20templates.pdf
EBA's final draft implementing technical standards on prudential disclosures on ESG risks,https://www.eba.europa.eu/sites/default/documents/files/document_library/News%20and%20Press/Communication%20materials/Factsheets/1026177/EBA%202021.5984%20ESG%20Factsheet%20update2.pdf
Results of the 2021 Climate Biennial Exploratory Scenario (CBES) for the largest UK banks and insurers,https://www.bankofengland.co.uk/-/media/boe/files/stress-testing/2021/the-2021-biennial-exploratory-scenario-on-the-financial-risks-from-climate-change.pdf
Results of the 2021 Climate Biennial Exploratory Scenario (CBES) for the largest UK banks and insurers,https://www.fca.org.uk/publication/corporate/climate-financial-risk-forum-guide-2020-risk-management-chapter.pdf
Results of the 2021 Climate Biennial Exploratory Scenario (CBES) for the largest UK banks and insurers,https://assets.publishing.service.gov.uk/government/uploads/system/uploads/attachment_data/file/671018/A_guide_to_energy_performance_certificates_for_the_marketing__sale_and_let_of_dwellings.pdf
Results of the 2021 Climate Biennial Exploratory Scenario (CBES) for the largest UK banks and insurers,https://www.ngfs.net/sites/default/files/medias/documents/820184_ngfs_scenarios_final_version_v6.pdf
Results of the 2021 Climate Biennial Exploratory Scenario (CBES) for the largest UK banks and insurers,https://www.ngfs.net/en/sites/default/files/ngfs-scenarios-phase2-presentation.pdf
Results of the 2021 Climate Biennial Exploratory Scenario (CBES) for the largest UK banks and insurers,https://www.bankofengland.co.uk/-/media/boe/files/stress-testing/2021/the-2021-biennial-exploratory-scenario-on-the-financial-risks-from-climate-change.pdf
Results of the 2021 Climate Biennial Exploratory Scenario (CBES) for the largest UK banks and insurers,https://www.bankofengland.co.uk/-/media/boe/files/stress-testing/2021/the-2021-biennial-exploratory-scenario-on-the-financial-risks-from-climate-change.pdf
Results of the 2021 Climate Biennial Exploratory Scenario (CBES) for the largest UK banks and insurers,https://www.ngfs.net/en/sites/default/files/ngfs-scenarios-phase2-presentation.pdf
Results of the 2021 Climate Biennial Exploratory Scenario (CBES) for the largest UK banks and insurers,https://www.ngfs.net/sites/default/files/medias/documents/820184_ngfs_scenarios_final_version_v6.pdf
Results of the 2021 Climate Biennial Exploratory Scenario (CBES) for the largest UK banks and insurers,https://www.bankofengland.co.uk/-/media/boe/files/stress-testing/2022/results-of-the-2021-cbes.pdf
ECB’s Guide on climate-related and environmental risk,https://www.bankingsupervision.europa.eu/ecb/pub/pdf/ssm.202011finalguideonclimate-relatedandenvironmentalrisks~58213f6564.en.pdf
Status Report on the Sustainability of the Hungarian Financial System,https://www.mnb.hu/letoltes/20210303-zold-penzugyi-jelentes-angol.pdf
"France's Law on Energy and Climate Adds Coverage of Biodiversity, Ecosystems, and Renewable Energy to Investors' Non-Financial Reporting",https://www.legifrance.gouv.fr/contenu/Media/Files/autour-de-la-loi/legislatif-et-reglementaire/etudes-d-impact-des-lois/ei_art_39_2019/ei_consolidee_trex1914696l_lettre_rectificative_pjl_energie_climat_12.06.2019.pdf
"France's Law on Energy and Climate Adds Coverage of Biodiversity, Ecosystems, and Renewable Energy to Investors' Non-Financial Reporting",https://www.legifrance.gouv.fr/contenu/Media/Files/autour-de-la-loi/legislatif-et-reglementaire/avis-du-ce/2019/avis_ce_trex1911204l_pjl_energie_climat_cm_30.04.2019.pdf
"France's Law on Energy and Climate Adds Coverage of Biodiversity, Ecosystems, and Renewable Energy to Investors' Non-Financial Reporting",https://www.legifrance.gouv.fr/contenu/Media/Files/autour-de-la-loi/legislatif-et-reglementaire/avis-du-ce/2019/avis_ce_trex1914696l_6.6.2019.pdf
ACPR Main scenarios and assumptions of the climate pilot exercise,https://acpr.banque-france.fr/sites/default/files/medias/documents/20200717_main_assumptions_and_scenarios_of_the_acpr_climate_pilot_exercise.pdf
ACPR Main scenarios and assumptions of the climate pilot exercise,https://acpr.banque-france.fr/sites/default/files/medias/documents/20200717_main_assumptions_and_scenarios_of_the_acpr_climate_pilot_exercise.pdf
ACPR Main scenarios and assumptions of the climate pilot exercise,https://acpr.banque-france.fr/sites/default/files/medias/documents/20200717_main_assumptions_and_scenarios_of_the_acpr_climate_pilot_exercise.pdf
ACPR Main scenarios and assumptions of the climate pilot exercise,https://acpr.banque-france.fr/sites/default/files/medias/documents/20200717_main_assumptions_and_scenarios_of_the_acpr_climate_pilot_exercise.pdf
ACPR Main scenarios and assumptions of the climate pilot exercise,https://acpr.banque-france.fr/sites/default/files/medias/documents/20200717_main_assumptions_and_scenarios_of_the_acpr_climate_pilot_exercise.pdf
Malta Stock Exchange Green Market,https://borzamalta.com.mt/siteimages/Documents/byelaws/Chap5_Admission_Requirements.pdf
Malta Stock Exchange Green Market,https://cdn.borzamalta.com.mt/SiteImages/Documents/byelaws/MSE_ALL_Bye_Laws.pdf
Malta Stock Exchange Green Market,https://cdn.borzamalta.com.mt/download/Official_list/official_list.pdf
EFRAG recommendations on the development of EU sustainability reporting standards,https://www.efrag.org/Assets/DownLoad?assetUrl=%2Fsites%2Fwebpublishing%2FProject%2520Documents%2F1907190741044061%2FEFRAG_due_process_correspondence_register.pdf
EFRAG recommendations on the development of EU sustainability reporting standards,http://www.efrag.org/Assets/Download?assetUrl=%2fsites%2fwebpublishing%2fSiteAssets%2fJean-Paul%2520Gauz%c3%a8s%2520-%2520Ad%2520Personam%2520Mandate%2520-%2520Final%2520Report%2520-%252005-03-2021.pdf
EFRAG recommendations on the development of EU sustainability reporting standards,http://www.efrag.org/Assets/Download?assetUrl=/sites/webpublishing/SiteAssets/Letter%2520EVP%2520annexNFRD%2520%2520technical%2520mandate%25202020.pdf
EFRAG recommendations on the development of EU sustainability reporting standards,https://www.efrag.org/Assets/Download?assetUrl=/sites/webpublishing/SiteAssets/Letter%2520EVP%2520annex%2520NFRD%2520governance%2520mandate%25202020.pdf
EFRAG recommendations on the development of EU sustainability reporting standards,https://www.efrag.org/Assets/Download?assetUrl=%2Fsites%2Fwebpublishing%2FSiteAssets%2FJean-Paul%20Gauz%C3%A8s%20-%20Ad%20Personam%20Mandate%20-%20Final%20Report%20-%2005-03-2021.pdf
EFRAG recommendations on the development of EU sustainability reporting standards,https://www.efrag.org/Assets/Download?assetUrl=%2Fsites%2Fwebpublishing%2FSiteAssets%2F210308%2520Final%2520press%2520release%2520for%2520NFRS%2520mandates%2520report%2520publication.pdf
Bank Al -Maghrib (BAM) “Directive relative au dispositif de gestion des risques financiers liés au changement climatique et à l’environnement”.,https://www.bkam.ma/content/download/794796/8801570/Rapport%20DSSMPIF%202022.pdf
Bank Al -Maghrib (BAM) “Directive relative au dispositif de gestion des risques financiers liés au changement climatique et à l’environnement”.,https://www.bkam.ma/content/download/794796/8801570/Rapport%20DSSMPIF%202022.pdf
Bank Al -Maghrib (BAM) “Directive relative au dispositif de gestion des risques financiers liés au changement climatique et à l’environnement”.,https://www.bkam.ma/content/download/793755/8794105/CdP_Buna_Fr.pdf
Bank Al -Maghrib (BAM) “Directive relative au dispositif de gestion des risques financiers liés au changement climatique et à l’environnement”.,https://www.bkam.ma/content/download/793755/8794105/CdP_Buna_Fr.pdf
Bank Al -Maghrib (BAM) “Directive relative au dispositif de gestion des risques financiers liés au changement climatique et à l’environnement”.,https://www.bkam.ma/content/download/793020/8789218/World%20Bank%20SDB%20Oct%202023%20Press%20Release_FINAL%20FRENCH_.pdf
Bank Al -Maghrib (BAM) “Directive relative au dispositif de gestion des risques financiers liés au changement climatique et à l’environnement”.,https://www.bkam.ma/content/download/793020/8789218/World%20Bank%20SDB%20Oct%202023%20Press%20Release_FINAL%20FRENCH_.pdf
Bank Al -Maghrib (BAM) “Directive relative au dispositif de gestion des risques financiers liés au changement climatique et à l’environnement”.,https://www.bkam.ma/content/download/792395/8784893/CdP_ConseilBAM_T32023_Fr.pdf
Bank Al -Maghrib (BAM) “Directive relative au dispositif de gestion des risques financiers liés au changement climatique et à l’environnement”.,https://www.bkam.ma/content/download/792395/8784893/CdP_ConseilBAM_T32023_Fr.pdf
The American Jobs Plan,https://www.academia.edu/download/48805773/j.1600-0668.2004.00235.x20160913-16864-4x9hmc.pdf
The American Jobs Plan,https://www.ltsscenter.org/wp-content/uploads/2020/09/Making-Care-Work-Pay-Report-FINAL.pdf
The American Jobs Plan,https://equitablegrowth.org/wp-content/uploads/2020/06/060420-WP-Worker-earnings-service-quality-and-firm-profitability-Ruffini.pdf
The American Jobs Plan,https://lisadcook.net/wp-content/uploads/2014/02/pats_paper17_1013_final_web.pdf
The American Jobs Plan,http://www.equality-of-opportunity.org/assets/documents/inventors_summary.pdf
The American Jobs Plan,https://obamawhitehouse.archives.gov/sites/default/files/page/files/20161220_active_labor_market_policies_issue_brief_cea.pdf
Austria issued inaugural green bond,https://static.reuters.com/resources/media/editorial/20210405/DiversityReportApril2021.pdf
UK Government Green Gilt issuance,https://dmo.gov.uk/media/fk4l5mfd/031023conventional.pdf
UK Government Green Gilt issuance,https://dmo.gov.uk/media/egjbgaop/pr280923.pdf
UK Government Green Gilt issuance,https://dmo.gov.uk/media/t2gfuare/pr260923_2.pdf
UK Government Green Gilt issuance,https://dmo.gov.uk/media/pklh1uj5/prosp260923.pdf
UK Government Green Gilt issuance,https://dmo.gov.uk/media/lwgbvqoa/pr260923conventional.pdf
UK Government Green Gilt issuance,https://dmo.gov.uk/media/ds0o3vee/pr190923a.pdf
UK Government Green Gilt issuance,https://dmo.gov.uk/media/gubaap1f/prosp190923a.pdf
UK Government Green Gilt issuance,https://dmo.gov.uk/media/k5npylkk/040723conventional.pdf
UK Government Green Gilt issuance,https://dmo.gov.uk/media/1ttetzbg/pr270623b.pdf
UK Government Green Gilt issuance,https://dmo.gov.uk/media/odcds1ky/240523conventional.pdf
UK Government Green Gilt issuance,https://dmo.gov.uk/media/sukjxjvn/prosp270623b.pdf
UK Government Green Gilt issuance,https://dmo.gov.uk/media/odcds1ky/240523conventional.pdf
UK Government Green Gilt issuance,https://dmo.gov.uk/media/knmdy3yj/pr170523.pdf
UK Government Green Gilt issuance,https://dmo.gov.uk/media/rtlctnst/prosp170523a.pdf
UK Government Green Gilt issuance,https://dmo.gov.uk/media/tubgwj0w/220223conventional.pdf
UK Government Green Gilt issuance,https://dmo.gov.uk/media/3e1podjd/pr150223.pdf
UK Government Green Gilt issuance,https://dmo.gov.uk/media/fjjbgwf4/prosp150223.pdf
UK Government Green Gilt issuance,https://dmo.gov.uk/media/g30dx0al/010223conventional.pdf
UK Government Green Gilt issuance,https://dmo.gov.uk/media/mgbfna3y/pr250123.pdf
UK Government Green Gilt issuance,https://dmo.gov.uk/media/0owhybli/prosp250123.pdf
UK Government Green Gilt issuance,https://dmo.gov.uk/media/wlrjiq2c/091122conventional.pdf
UK Government Green Gilt issuance,https://dmo.gov.uk/media/w0dmeiwi/pr021122.pdf
UK Government Green Gilt issuance,https://dmo.gov.uk/media/ukdlwra2/prosp021122.pdf
UK Government Green Gilt issuance,https://dmo.gov.uk/media/qhijui35/prosp280922b.pdf
UK Government Green Gilt issuance,https://dmo.gov.uk/media/faajgkls/prosp280922a.pdf
UK Government Green Gilt issuance,https://dmo.gov.uk/media/ii1j1y4d/pr280922a.pdf
UK Government Green Gilt issuance,https://dmo.gov.uk/media/yxtnpt5l/pr260922.pdf
UK Government Green Gilt issuance,https://dmo.gov.uk/media/whubbj1o/pr150922.pdf
UK Government Green Gilt issuance,https://dmo.gov.uk/media/crldc2jv/mn090922.pdf
UK Government Green Gilt issuance,https://dmo.gov.uk/media/17984/pr100522.pdf
UK Government Green Gilt issuance,https://dmo.gov.uk/media/naeg51rd/pr030522.pdf
UK Government Green Gilt issuance,https://dmo.gov.uk/media/dqmlkb2j/prosp030522.pdf
UK Government Green Gilt issuance,https://dmo.gov.uk/media/17767/prosp211021a.pdf
UK Government Green Gilt issuance,https://dmo.gov.uk/media/17766/prosp211021b.pdf
UK Government Green Gilt issuance,https://dmo.gov.uk/media/17762/pr211021.pdf
UK Government Green Gilt issuance,https://dmo.gov.uk/media/17757/sa191021.pdf
UK Government Green Gilt issuance,https://dmo.gov.uk/media/17753/pr141021.pdf
UK Government Green Gilt issuance,https://dmo.gov.uk/media/fa5lzge4/pr121021.pdf
UK Government Green Gilt issuance,https://dmo.gov.uk/media/17743/pr081021.pdf
UK Government Green Gilt issuance,https://dmo.gov.uk/media/17726/pr011021.pdf
UK Government Green Gilt issuance,https://dmo.gov.uk/media/17710/prosp210921d.pdf
UK Government Green Gilt issuance,https://dmo.gov.uk/media/17709/prosp210921c.pdf
UK Government Green Gilt issuance,https://dmo.gov.uk/media/17705/pr210921.pdf
UK Government Green Gilt issuance,https://dmo.gov.uk/media/17708/pr210921c.pdf
UK Government Green Gilt issuance,https://dmo.gov.uk/media/17690/pr140921a.pdf
UK Government Green Gilt issuance,https://dmo.gov.uk/media/17686/pr130921.pdf
UK Government Green Gilt issuance,https://dmo.gov.uk/media/17685/pr090921.pdf
UK Government Green Gilt issuance,https://dmo.gov.uk/media/17668/pr030921.pdf
UK Government Green Gilt issuance,https://dmo.gov.uk/media/17652/pr270821.pdf
UK Government Green Gilt issuance,https://dmo.gov.uk/media/17583/pr020721a.pdf
UK Government Green Gilt issuance,https://dmo.gov.uk/media/17574/pr300621c.pdf
UK Government Green Gilt issuance,https://assets.website-files.com/5df9172583d7eec04960799a/6257df76b02ef7ca1b218a41_20210628_V.E_SPO_UK_Final%20Version%20docx.pdf
UK Government Green Gilt issuance,https://dmo.gov.uk/media/17601/pr150721.pdf
UK Government Green Gilt issuance,https://dmo.gov.uk/media/17571/sa300621.pdf
UK Government Green Gilt issuance,https://dmo.gov.uk/media/17497/pr280521.pdf
UK Government Green Gilt issuance,https://dmo.gov.uk/media/17450/pr040521b.pdf
UK Government Green Gilt issuance,https://dmo.gov.uk/media/17419/sa190421.pdf
UK Government Green Gilt issuance,https://dmo.gov.uk/media/17329/sa040321.pdf
UK Government Green Gilt issuance,https://dmo.gov.uk/media/cp1pjhga/drmr2122.pdf
UK Government Green Gilt issuance,https://dmo.gov.uk/media/c5ahu3rx/sa030321.pdf
UK Government Green Gilt issuance,https://assets.publishing.service.gov.uk/government/uploads/system/uploads/attachment_data/file/966868/BUDGET_2021_-_web.pdf
UK Government Green Gilt issuance,https://dmo.gov.uk/media/17251/sa270121.pdf
UK Government Green Gilt issuance,https://dmo.gov.uk/media/17077/sa031120.pdf
Working paper on mandatory climate-related disclosure by financial institutions and the financing of fossil energy,https://publications.banque-france.fr/sites/default/files/medias/documents/wp800.pdf
Working paper on mandatory climate-related disclosure by financial institutions and the financing of fossil energy,https://publications.banque-france.fr/sites/default/files/medias/documents/wp800.pdf
Working paper on mandatory climate-related disclosure by financial institutions and the financing of fossil energy,https://publications.banque-france.fr/sites/default/files/medias/documents/wp800.pdf
Working paper on mandatory climate-related disclosure by financial institutions and the financing of fossil energy,https://publications.banque-france.fr/sites/default/files/medias/documents/wp800.pdf
Working paper on mandatory climate-related disclosure by financial institutions and the financing of fossil energy,https://publications.banque-france.fr/sites/default/files/medias/documents/wp800.pdf
Euronext CAC40 ESG Index,https://www.euronext.com/sites/default/files/2021-03/22032021_Euronext_CAC%2040%20ESG.pdf
Luxembourg Green Exchange (LGX) section for Climate-Aligned issuers,https://www.luxse.com/discover-lgx/-/media/bdl-port-luxse-ssr/Data/Media/Files/footer-documents/reclamations-clients.pdf
Luxembourg Green Exchange (LGX) section for Climate-Aligned issuers,https://www.luxse.com/discover-lgx/-/media/bdl-port-luxse-ssr/Data/Media/Files/footer-documents/conflict-of-interest-policy.pdf
The EU Platform on Sustainable Finance advises on transition finance,https://ec.europa.eu/info/sites/info/files/business_economy_euro/banking_and_finance/documents/210319-eu-platform-transition-finance-report_en.pdf
Green and Sustainable Finance Cross-Agency Steering Group,https://www.hkma.gov.hk/media/eng/doc/key-information/press-release/2021/20210715e4a1.pdf
Development of a first national Green Finance Taxonomy for South Africa,http://www.treasury.gov.za/comm_media/press/2022/2022111101%20Media%20statement%20-%20Green%20Finance%20Taxonomy%20Treasury.pdf
Development of a first national Green Finance Taxonomy for South Africa,https://sustainablefinanceinitiative.org.za/wp-content/uploads/2022/11/EU-SA_greentaxonomy_2022.pdf
Development of a first national Green Finance Taxonomy for South Africa,https://sustainablefinanceinitiative.org.za/wp-content/uploads/2022/11/EU-SA_greentaxonomy_2022.pdf
Development of a first national Green Finance Taxonomy for South Africa,http://www.treasury.gov.za/comm_media/press/2022/2022040101%20Media%20statement%20-%20Green%20Finance%20Taxonomy.pdf
Development of a first national Green Finance Taxonomy for South Africa,https://sustainablefinanceinitiative.org.za/wp-content/downloads/SA-Green-Finance-Taxonomy-1st-Edition-Final-01-04-2022.pdf
Development of a first national Green Finance Taxonomy for South Africa,https://sustainablefinanceinitiative.org.za/wp-content/downloads/SA-Green-Finance-Taxonomy-1st-Edition-Final-01-04-2022.pdf
Development of a first national Green Finance Taxonomy for South Africa,https://sustainablefinanceinitiative.org.za/wp-content/downloads/Briefing-Paper_Development-Process-for-the-South-African-Green-Finance-Taxonomy.pdf
Development of a first national Green Finance Taxonomy for South Africa,https://sustainablefinanceinitiative.org.za/wp-content/downloads/Briefing-Paper_Starting-with-green-and-ending-with-sustainable.pdf
Development of a first national Green Finance Taxonomy for South Africa,https://sustainablefinanceinitiative.org.za/wp-content/downloads/Briefing-Paper_South-Africas-Ambitious-Green-Finance-Taxonomy.pdf
Development of a first national Green Finance Taxonomy for South Africa,https://sustainablefinanceinitiative.org.za/wp-content/downloads/Briefing-Paper_Developing-a-Buildings-Taxonomy-Entry-for-South-Africa.pdf
Development of a first national Green Finance Taxonomy for South Africa,https://sustainablefinanceinitiative.org.za/wp-content/uploads/2021/10/2021101501-Financing-a-Sustainable-Economy.pdf
Development of a first national Green Finance Taxonomy for South Africa,https://sustainablefinanceinitiative.org.za/wp-content/uploads/2022/11/GFTCaseStudy_1_PublicProcurement.pdf
Development of a first national Green Finance Taxonomy for South Africa,https://sustainablefinanceinitiative.org.za/wp-content/uploads/2022/11/GFTCaseStudy_2_AssetManagement.pdf
Development of a first national Green Finance Taxonomy for South Africa,https://sustainablefinanceinitiative.org.za/wp-content/uploads/2022/11/GFTCaseStudy_3_SFFrameworks.pdf
Development of a first national Green Finance Taxonomy for South Africa,https://sustainablefinanceinitiative.org.za/wp-content/uploads/2022/11/GFTCaseStudy_4_OppsforDFIs.pdf
Development of a first national Green Finance Taxonomy for South Africa,https://sustainablefinanceinitiative.org.za/wp-content/uploads/2022/11/CBT-GFT-Mapping.pdf
Development of a first national Green Finance Taxonomy for South Africa,https://sustainablefinanceinitiative.org.za/wp-content/uploads/2022/11/Sample-project-Assessment-DDdocs.pdf
Development of a first national Green Finance Taxonomy for South Africa,https://sustainablefinanceinitiative.org.za/wp-content/uploads/2022/11/GFTprocess-flow-for-extra-jurisdictional-investment.pdf
Development of a first national Green Finance Taxonomy for South Africa,https://sustainablefinanceinitiative.org.za/wp-content/uploads/2022/11/Train-the-Trainer.pdf
Development of a first national Green Finance Taxonomy for South Africa,http://asean_taxonomy_v1_final_310522.pdf/
Development of a first national Green Finance Taxonomy for South Africa,"https://ec.europa.eu/info/sites/default/files/business_economy_euro/banking_and_finance/documents/211104-ipsf-common-ground-taxonomy-instruction-report-2021_en.pdf#:~:text=The%20Common%20Ground%20Taxonomy%20%28CGT%29%20is%20a%20report,will%20be%20expanded%20over%20time%20%28see%20Chapter%207%29."
Development of a first national Green Finance Taxonomy for South Africa,https://content.ftserussell.com/sites/default/files/do-no-significant-harm-and-minimum-safeguards-in-practice.pdf
Development of a first national Green Finance Taxonomy for South Africa,https://www.icmagroup.org/assets/documents/Sustainable-finance/Ensuring-the-Usability-of-the-EU-Taxonomy-and-Ensuring-the-Usability-of-the-EU-Taxonomy.pdf?vid=2
Development of a first national Green Finance Taxonomy for South Africa,https://www.unepfi.org/wordpress/wp-content/uploads/2022/02/Practical-Approaches-to-Applying-the-EU-Taxonomy-to-Bank-Lending-2022.pdf
Development of a first national Green Finance Taxonomy for South Africa,https://finance.ec.europa.eu/system/files/2020-03/200309-sustainable-finance-teg-final-report-taxonomy_en.pdf
France issued a second sovereign green bond,https://www.aft.gouv.fr/files/archives/attachments/25562.pdf
Development of a first national Green Finance Taxonomy for South Africa,https://www.ebf.eu/wp-content/uploads/2021/01/Testing-the-application-of-the-EU-Taxonomy-to-core-banking-products-EBF-UNEPFI-report-January-2021.pdf
Development of a first national Green Finance Taxonomy for South Africa,https://ec.europa.eu/info/sites/default/files/business_economy_euro/banking_and_finance/documents/200309-sustainable-finance-teg-green-bond-standard-usability-guide_en.pdf
Development of a first national Green Finance Taxonomy for South Africa,https://sustainablefinanceinitiative.org.za/wp-content/uploads/2021/06/Draft-Green-Finance-Taxonomy.pdf
Development of a first national Green Finance Taxonomy for South Africa,https://sustainablefinanceinitiative.org.za/wp-content/uploads/2021/06/Draft-User-Guidance-Summary-Presentation.pdf
Development of a first national Green Finance Taxonomy for South Africa,https://sustainablefinanceinitiative.org.za/wp-content/uploads/2021/06/Draft-Green-Finance-Taxonomy-User-Guidance.pdf
Development of a first national Green Finance Taxonomy for South Africa,https://sustainablefinanceinitiative.org.za/wp-content/uploads/2021/06/Listing-of-developmental-aspects.pdf
Development of a first national Green Finance Taxonomy for South Africa,https://sustainablefinanceinitiative.org.za/wp-content/uploads/2021/06/Call-for-inputs_GreenTaxonomy_7June2021.pdf
Development of a first national Green Finance Taxonomy for South Africa,https://sustainablefinanceinitiative.org.za/wp-content/uploads/2021/10/2021101501-Financing-a-Sustainable-Economy.pdf
Development of a first national Green Finance Taxonomy for South Africa,http://www.treasury.gov.za/publications/other/Sustainability%20technical%20paper%202020.pdf
Development of a first national Green Finance Taxonomy for South Africa,https://sustainablefinanceinitiative.org.za/wp-content/downloads/Stakeholder_Briefing_Document_9_October_2020.pdf
Development of a first national Green Finance Taxonomy for South Africa,https://sustainablefinanceinitiative.org.za/wp-content/uploads/2020/10/South-African-Green-Finance-Taxonomy-Zero-Draft-Stakeholder-Consultation-23-Oct-2020.pdf
Development of a first national Green Finance Taxonomy for South Africa,https://sustainablefinanceinitiative.org.za/wp-content/uploads/2020/10/GFT-Workshop-1-DEFF-NCCAS-Presentation.pdf
Development of a first national Green Finance Taxonomy for South Africa,https://sustainablefinanceinitiative.org.za/wp-content/uploads/2020/10/GFT-Workshop-1-DSI-ENERGY-RDI-OVERVIEW_PROGRAMME.pdf
Development of a first national Green Finance Taxonomy for South Africa,https://sustainablefinanceinitiative.org.za/wp-content/uploads/2020/10/South-Africa-Climate-Change-Information-System_Climate-Finance-tracking-Final.pdf
Development of a first national Green Finance Taxonomy for South Africa,https://sustainablefinanceinitiative.org.za/wp-content/uploads/2020/10/TIPS-NBI-Sus-Fin-Tax_12-10-2020-002.pdf
Development of a first national Green Finance Taxonomy for South Africa,https://sustainablefinanceinitiative.org.za/wp-content/uploads/2020/10/South-Africa-Taxonomy-2020-002.pdf
Development of a first national Green Finance Taxonomy for South Africa,https://sustainablefinanceinitiative.org.za/wp-content/uploads/2021/01/City-of-Tshwane-GFT-Presentation.pdf
Development of a first national Green Finance Taxonomy for South Africa,https://sustainablefinanceinitiative.org.za/wp-content/uploads/2020/10/The-JSE-View-on-the-Use-Case-for-a-Green-Taxonomy_16-Oct.pdf
Development of a first national Green Finance Taxonomy for South Africa,https://sustainablefinanceinitiative.org.za/wp-content/uploads/2020/10/Old-Mutual-Inv-Group-Green-Economy-Taxonomy.pdf
Development of a first national Green Finance Taxonomy for South Africa,https://sustainablefinanceinitiative.org.za/wp-content/uploads/2020/10/Green-Taxonomy-Presentation-ASISA-Oct-2020.pdf
Development of a first national Green Finance Taxonomy for South Africa,https://sustainablefinanceinitiative.org.za/wp-content/uploads/2020/10/Land-Bank-Green-Taxonomy-Consultation-Workshop-19-Oct-2020.pdf
Development of a first national Green Finance Taxonomy for South Africa,https://sustainablefinanceinitiative.org.za/wp-content/uploads/2020/10/AfDB_Presentation-On-climate-Change-and-Green-Growth-21-Oct-2020.pdf
Development of a first national Green Finance Taxonomy for South Africa,https://sustainablefinanceinitiative.org.za/wp-content/uploads/2020/10/National-Green-Finance-Taxonomy-Workshop-Green-Bonds_GIZ-Final-002.pdf
Development of a first national Green Finance Taxonomy for South Africa,https://sustainablefinanceinitiative.org.za/wp-content/uploads/2021/05/GBCSA_Green-Finance-Taxonomy-Built-Environment_6Nov2020.pdf
Development of a first national Green Finance Taxonomy for South Africa,https://sustainablefinanceinitiative.org.za/wp-content/uploads/2021/05/PPC-Climate-Projects-GFT-Workshop-3_6Nov2020.pdf
Expert Panel on Sustainable Finance: The Second Report,https://www.fsa.go.jp/news/r4/singi/20220713/02.pdf
Expert Panel on Sustainable Finance: The Second Report,https://www.fsa.go.jp/news/r4/singi/20220713/04.pdf
Expert Panel on Sustainable Finance: The Second Report,https://www.fsa.go.jp/news/r4/singi/20220713/01.pdf
Expert Panel on Sustainable Finance: The Second Report,https://www.fsa.go.jp/en/refer/legislation/legislation.pdf
Monetary Authority of Singapore’s Grant Scheme to support Green and Sustainability-Linked Loans,https://www.lma.eu.com/application/files/5115/8866/8901/Sustainability_Linked_Loan_Principles_V032.pdf
Monetary Authority of Singapore’s Grant Scheme to support Green and Sustainability-Linked Loans,https://www.lma.eu.com/application/files/5115/8866/8901/Sustainability_Linked_Loan_Principles_V032.pdf
Monetary Authority of Singapore’s Grant Scheme to support Green and Sustainability-Linked Loans,https://www.mas.gov.sg/-/media/mas/news/media-releases/2020/gsls-infographic.pdf
Monetary Authority of Singapore’s Grant Scheme to support Green and Sustainability-Linked Loans,https://www.mas.gov.sg/-/media/mas/news/media-releases/2020/gsls-brochure.pdf
Prudential Standard SPS 530 Investment Governance in Superannuation,https://www.apra.gov.au/sites/default/files/2023-07/Prudential%20Practice%20Guide%20SPG%20530%20Investment%20Governance%20Integrated%20version%20-%20clean.pdf
Prudential Standard SPS 530 Investment Governance in Superannuation,https://www.apra.gov.au/sites/default/files/2023-07/Prudential%20Practice%20Guide%20SPG%20530%20Invesment%20Governance%20Integrated%20version%20-%20marked%20up.pdf
Prudential Standard SPS 530 Investment Governance in Superannuation,https://www.apra.gov.au/sites/default/files/2022-11/Prudential%20Practice%20Guide%20-%20Draft%20SPG%20530%20Investment%20Governance.pdf
Prudential Standard SPS 530 Investment Governance in Superannuation,https://www.apra.gov.au/sites/default/files/2022-11/Prudential%20Practice%20Guide%20-%20Draft%20SPG%20530%20Investment%20Governance%20integrated%20version.pdf
Prudential Standard SPS 530 Investment Governance in Superannuation,https://www.apra.gov.au/sites/default/files/2022-07/Prudential%20Standard%20SPS%20530%20Investment%20Governance.pdf
Prudential Standard SPS 530 Investment Governance in Superannuation,https://www.apra.gov.au/sites/default/files/2022-07/Prudential%20Standard%20%28SPS%20530%29%20Investment%20Governance%20-%20marked%20up.pdf
Prudential Standard SPS 530 Investment Governance in Superannuation,https://www.apra.gov.au/sites/default/files/2022-07/Submission%20Actuaries%20Institute%2016%20February%202022.pdf
Prudential Standard SPS 530 Investment Governance in Superannuation,https://www.apra.gov.au/sites/default/files/2022-07/Submission%20Australian%20Council%20of%20Superannuation%20Investors%2016%20February%202022.pdf
Prudential Standard SPS 530 Investment Governance in Superannuation,https://www.apra.gov.au/sites/default/files/2022-07/Submission%20Australian%20Institute%20of%20Superannuation%20Trustees%2016%20February%202022.pdf
Prudential Standard SPS 530 Investment Governance in Superannuation,https://www.apra.gov.au/sites/default/files/2022-07/Submission%20Australian%20Investment%20Council%2016%20February%202022.pdf
Prudential Standard SPS 530 Investment Governance in Superannuation,https://www.apra.gov.au/sites/default/files/2022-07/Submission%20CPA%20Australia%20and%20Chartered%20Accountants%20ANZ%2018%20February%202022.pdf
Prudential Standard SPS 530 Investment Governance in Superannuation,https://www.apra.gov.au/sites/default/files/2022-07/Submission%20Financial%20Services%20Council%2016%20February%202022.pdf
Prudential Standard SPS 530 Investment Governance in Superannuation,https://www.apra.gov.au/sites/default/files/2022-07/Submission%20-%20Mercer%2016%20February%202022.pdf
Prudential Standard SPS 530 Investment Governance in Superannuation,https://www.apra.gov.au/sites/default/files/2022-07/Submission%20Principles%20for%20Responsible%20Investment%2016%20February%202022_0.pdf
Prudential Standard SPS 530 Investment Governance in Superannuation,https://www.apra.gov.au/sites/default/files/2022-07/Submission%20Responsible%20Investment%20Association%20Australasia%2015%20February%202022.pdf
Prudential Standard SPS 530 Investment Governance in Superannuation,https://www.apra.gov.au/sites/default/files/2022-07/Submission%20Scott%20Donald%2016%20February%202022.pdf
Prudential Standard SPS 530 Investment Governance in Superannuation,https://www.apra.gov.au/sites/default/files/2022-07/Submission%20the%20Conexus%20Institute%2016%20February%202022.pdf
Prudential Standard SPS 530 Investment Governance in Superannuation,https://www.apra.gov.au/sites/default/files/2021-09/Prudential%20Standard%20SPS%20530%20Investment%20Governance%20-%20marked%20up.pdf
Prudential Standard SPS 530 Investment Governance in Superannuation,https://www.apra.gov.au/sites/default/files/2021-09/Prudential%20Standard%20SPS%20530%20Investment%20Governance%20-%20clean%20.pdf
UK Procurement Policy Note (PPN 06/21),https://assets.publishing.service.gov.uk/media/62066d5ae90e077f7dec749e/PPN-0621-Taking-account-of-Carbon-Reduction-Plans-Jan22__1_.pdf
UK Procurement Policy Note (PPN 06/21),https://assets.publishing.service.gov.uk/media/62066d5ae90e077f7dec749e/PPN-0621-Taking-account-of-Carbon-Reduction-Plans-Jan22__1_.pdf
UK Procurement Policy Note (PPN 06/21),https://assets.publishing.service.gov.uk/government/uploads/system/uploads/attachment_data/file/1148143/Guidance-on-adopting-and-applying-PPN-06_21-_-Selection-Criteria-April-23.pdf
UK Procurement Policy Note (PPN 06/21),https://assets.publishing.service.gov.uk/government/uploads/system/uploads/attachment_data/file/1148143/Guidance-on-adopting-and-applying-PPN-06_21-_-Selection-Criteria-April-23.pdf
UK Procurement Policy Note (PPN 06/21),https://assets.publishing.service.gov.uk/media/60ba4d208fa8f57ce980b5b7/PPN_0621_Technical_standard_for_the_Completion_of_Carbon_Reduction_Plans__2_.pdf
UK Procurement Policy Note (PPN 06/21),https://assets.publishing.service.gov.uk/media/60ba4d208fa8f57ce980b5b7/PPN_0621_Technical_standard_for_the_Completion_of_Carbon_Reduction_Plans__2_.pdf
China National Emissions Trading Scheme (ETS),https://www.mee.gov.cn/xxgk2018/xxgk/xxgk01/202105/W020210519636656625912.pdf
China National Emissions Trading Scheme (ETS),https://www.mee.gov.cn/xxgk2018/xxgk/xxgk01/202105/W020210519636657102983.pdf
China National Emissions Trading Scheme (ETS),https://www.mee.gov.cn/xxgk2018/xxgk/xxgk01/202105/W020210519636657447133.pdf
Bank of China issued a transition bond,https://pic.bankofchina.com/bocappd/report/202101/P020210106328283485400.pdf
Bank of China issued a transition bond,https://pic.bankofchina.com/bocappd/report/202101/P020210106328539121164.pdf
Bank of China issued a transition bond,https://pic.bankofchina.com/bocappd/report/202101/P020210106328842685396.pdf
Budapest Stock Exchange ESG Reporting Guide,https://bse.hu/pfile/file?path=/site/Magyar/Dokumentumok/Tozsdetagoknak/T7_12.0_Simulation_Calendar_20230821_-_20231217_Version_20230802_BSE.pdf1
Budapest Stock Exchange ESG Reporting Guide,https://bse.hu/pfile/file?path=/site/Magyar/Dokumentumok/Kibocsatok/esg/ESG_Reporting_Guide_final_ENG.pdf2
European Commission’s Fit for 55 package,https://www4.unfccc.int/sites/ndcstaging/PublishedDocuments/European%20Union%20First/EU_NDC_Submission_December%202020.pdf
European Commission’s Fit for 55 package,https://ec.europa.eu/commission/presscorner/api/files/document/print/en/ip_21_3541/IP_21_3541_EN.pdf
Banco Central Do Brasil’s consultation No. 85/2021,https://www.bcb.gov.br/content/publicacoes/Documents/cadip/Manual_Cadip.pdf
Banco Central Do Brasil’s consultation No. 85/2021,https://www.bcb.gov.br/content/publicacoes/Documents/cadip/Manual_Cadip.pdf
Remarks by the Governor of the People’s Bank of China on green finance and climate policy,https://www.bis.org/review/r210416a.pdf
Reform Plan for the Environmental Information Disclosure Mechanism,https://www.mee.gov.cn/xxgk2018/xxgk/xxgk03/202105/W020210525651775162451.pdf
Shenzhen Stock Exchange guidelines on corporate bonds,http://docs.static.szse.cn/www/disclosure/notice/general/W020210713654171796934.pdf
Monetary Authority of Singapore’s Climate Strategy,https://www.mas.gov.sg/-/media/mas-media-library/publications/sustainability-report/infographic-for-mas-sustainability-report-2020_21.pdf
BaFin Guidelines on sustainable investment funds,https://www.bafin.de/SharedDocs/Downloads/DE/Konsultation/2021/dl_kon_13_21_WA4_Leitlinien_Investmentvermoegen.pdf;jsessionid=E267CC9C90C376D6B3A720FB8A2A67F2.internet951?__blob=publicationFile&v=2
BaFin Guidelines on sustainable investment funds,https://www.bafin.de/SharedDocs/Downloads/DE/Konsultation/2021/dl_kon_13_21_WA4_Nachhaltigkeits_Richtlinie_Stellungnahme_GDV.pdf;jsessionid=E267CC9C90C376D6B3A720FB8A2A67F2.internet951?__blob=publicationFile&v=2
BaFin Guidelines on sustainable investment funds,https://www.bafin.de/SharedDocs/Downloads/DE/Konsultation/2021/dl_kon_13_21_WA4_Nachhaltigkeits_Richtlinie_Stellungnahme_VOTUM.pdf;jsessionid=E267CC9C90C376D6B3A720FB8A2A67F2.internet951?__blob=publicationFile&v=2
BaFin Guidelines on sustainable investment funds,https://www.bafin.de/SharedDocs/Downloads/DE/Konsultation/2021/dl_kon_13_21_WA4_Nachhaltigkeits_Richtlinie_Stellungnahme_BVI.pdf;jsessionid=E267CC9C90C376D6B3A720FB8A2A67F2.internet951?__blob=publicationFile&v=2
BaFin Guidelines on sustainable investment funds,https://www.bafin.de/SharedDocs/Downloads/DE/Konsultation/2021/dl_kon_13_21_WA4_Nachhaltigkeits_Richtlinie_Stellungnahme_BdB_DSGV-VOEB.pdf;jsessionid=E267CC9C90C376D6B3A720FB8A2A67F2.internet951?__blob=publicationFile&v=2
BaFin Guidelines on sustainable investment funds,https://www.bafin.de/SharedDocs/Downloads/DE/Konsultation/2021/dl_kon_13_21_WA4_Nachhaltigkeits_Richtlinie_Stellungnahme_DWS.pdf;jsessionid=E267CC9C90C376D6B3A720FB8A2A67F2.internet951?__blob=publicationFile&v=2
BaFin Guidelines on sustainable investment funds,https://www.bafin.de/SharedDocs/Downloads/DE/Konsultation/2021/dl_kon_13_21_WA4_Nachhaltigkeits_Richtlinie_Deutsche_Boerse.pdf;jsessionid=E267CC9C90C376D6B3A720FB8A2A67F2.internet951?__blob=publicationFile&v=2
BaFin Guidelines on sustainable investment funds,https://www.bafin.de/SharedDocs/Downloads/DE/Konsultation/2021/dl_kon_13_21_WA4_Nachhaltigkeits_Richtlinie_RWE.pdf;jsessionid=E267CC9C90C376D6B3A720FB8A2A67F2.internet951?__blob=publicationFile&v=2
BaFin Guidelines on sustainable investment funds,https://www.bafin.de/SharedDocs/Downloads/DE/Konsultation/2021/dl_kon_13_21_WA4_Nachhaltigkeits_Richtlinie_BVR.pdf;jsessionid=E267CC9C90C376D6B3A720FB8A2A67F2.internet951?__blob=publicationFile&v=2
BaFin Guidelines on sustainable investment funds,https://www.bafin.de/SharedDocs/Downloads/DE/Konsultation/2021/dl_kon_13_21_WA4_Nachhaltigkeits_Richtlinie_Troeger.pdf;jsessionid=E267CC9C90C376D6B3A720FB8A2A67F2.internet951?__blob=publicationFile&v=2
BaFin Guidelines on sustainable investment funds,https://www.bafin.de/SharedDocs/Downloads/DE/Konsultation/2021/dl_kon_13_21_WA4_Nachhaltigkeits_Richtlinie_BAI.pdf;jsessionid=E267CC9C90C376D6B3A720FB8A2A67F2.internet951?__blob=publicationFile&v=2
BaFin Guidelines on sustainable investment funds,https://www.bafin.de/SharedDocs/Downloads/DE/Konsultation/2021/dl_kon_13_21_WA4_Nachhaltigkeits_Richtlinie_FNG.pdf;jsessionid=E267CC9C90C376D6B3A720FB8A2A67F2.internet951?__blob=publicationFile&v=2
BaFin Guidelines on sustainable investment funds,https://www.bafin.de/SharedDocs/Downloads/DE/Konsultation/2021/dl_kon_13_21_WA4_Nachhaltigkeits_Richtlinie_Apo_Asset_Management.pdf;jsessionid=E267CC9C90C376D6B3A720FB8A2A67F2.internet951?__blob=publicationFile&v=2
BaFin Guidelines on sustainable investment funds,https://www.bafin.de/SharedDocs/Downloads/DE/Konsultation/2021/dl_kon_13_21_WA4_Nachhaltigkeits_Richtlinie_Wilhelm_Freund.pdf;jsessionid=E267CC9C90C376D6B3A720FB8A2A67F2.internet951?__blob=publicationFile&v=2
BaFin Guidelines on sustainable investment funds,https://www.bafin.de/SharedDocs/Downloads/DE/Konsultation/2021/dl_kon_13_21_WA4_Nachhaltigkeits_Richtlinie_NABU.pdf;jsessionid=E267CC9C90C376D6B3A720FB8A2A67F2.internet951?__blob=publicationFile&v=2
BaFin Guidelines on sustainable investment funds,https://www.bafin.de/SharedDocs/Downloads/DE/Konsultation/2021/dl_kon_13_21_WA4_Nachhaltigkeits_Richtlinie_PRI.pdf;jsessionid=E267CC9C90C376D6B3A720FB8A2A67F2.internet951?__blob=publicationFile&v=2
BaFin Guidelines on sustainable investment funds,https://www.bafin.de/SharedDocs/Downloads/DE/Konsultation/2021/dl_kon_13_21_WA4_Nachhaltigkeits_Richtlinie_VAB.pdf;jsessionid=E267CC9C90C376D6B3A720FB8A2A67F2.internet951?__blob=publicationFile&v=2
BaFin Guidelines on sustainable investment funds,https://www.bafin.de/SharedDocs/Downloads/DE/Konsultation/2021/dl_kon_13_21_WA4_Nachhaltigkeits_Richtlinie_RI_Vermoegensbetreuung.pdf;jsessionid=E267CC9C90C376D6B3A720FB8A2A67F2.internet951?__blob=publicationFile&v=2
BaFin Guidelines on sustainable investment funds,https://www.bafin.de/SharedDocs/Downloads/DE/Konsultation/2021/dl_kon_13_21_WA4_Nachhaltigkeits_Richtlinie_Warburg_Invest.pdf;jsessionid=E267CC9C90C376D6B3A720FB8A2A67F2.internet951?__blob=publicationFile&v=2
BaFin Guidelines on sustainable investment funds,https://www.bafin.de/SharedDocs/Downloads/DE/Konsultation/2021/dl_kon_13_21_WA4_Nachhaltigkeits_Richtlinie_ZIA.pdf;jsessionid=E267CC9C90C376D6B3A720FB8A2A67F2.internet951?__blob=publicationFile&v=2
New York Stock Exchange ESG Guidance,https://about.bankofamerica.com/assets/pdf/BofA_ESG-10-reasons-you-should-care-about-ESG-Investing.pdf
Guangzhou Futures Exchange,https://www.hkex.com.hk/-/media/HKEX-Market/Join-Our-Markets/IPO/2022/HKEX_IPO_Express_Issue5_en.pdf
Guangzhou Futures Exchange,https://www.hkex.com.hk/-/media/HKEX-Market/Join-Our-Markets/IPO/Biotech-Newsletter/HKEX-Biotech-Newsletter-Issue-6-EN.pdf
Guangzhou Futures Exchange,https://www.hkex.com.hk/-/media/HKEX-Market/Listing/Rules-and-Guidance/Other-Resources/Listing-Policy-Panel-Report/lpp_report.pdf
Guangzhou Futures Exchange,https://www.hkex.com.hk/-/media/HKEX-Market/Products/Securities/Derivative-Warrants/Industry-Frequently-Asked-Questions-on-Issuers-Websites/FAQs.pdf
Guangzhou Futures Exchange,https://www.hkex.com.hk/-/media/HKEX-Market/Products/Securities/Debt-Securities/Information-for-Debt-Issues-to-Professional-Investors/Summary-of-Listing-Requirements-pdf/requirements.pdf
Guangzhou Futures Exchange,https://www.hkex.com.hk/-/media/HKEX-Market/Products/Securities/Debt-Securities/Information-for-Debt-Issues-to-Professional-Investors/faq.pdf
Guangzhou Futures Exchange,https://www.hkex.com.hk/-/media/HKEX-Market/Join-Our-Markets/IPO/2022/HKEX_IPO_Express_Issue5_en.pdf
Guangzhou Futures Exchange,https://www.hkex.com.hk/-/media/HKEX-Market/Join-Our-Markets/IPO/2022/HKEX_IPO_Express_Issue5_en.pdf
Guangzhou Futures Exchange,https://www.hkex.com.hk/-/media/HKEX-Market/Join-Our-Markets/IPO/Biotech-Newsletter/HKEX-Biotech-Newsletter-Issue-6-EN.pdf
Guangzhou Futures Exchange,https://www.hkex.com.hk/-/media/HKEX-Market/Join-Our-Markets/IPO/Biotech-Newsletter/HKEX-Biotech-Newsletter-Issue-6-EN.pdf
Guangzhou Futures Exchange,https://www.hkex.com.hk/-/media/HKEX-Market/Listing/Rules-and-Guidance/Other-Resources/Listing-Policy-Panel-Report/lpp_report.pdf
Guangzhou Futures Exchange,https://www.hkex.com.hk/-/media/HKEX-Market/Products/Securities/Derivative-Warrants/Industry-Frequently-Asked-Questions-on-Issuers-Websites/FAQs.pdf
Guangzhou Futures Exchange,https://www.hkex.com.hk/-/media/HKEX-Market/Products/Securities/Debt-Securities/Information-for-Debt-Issues-to-Professional-Investors/Summary-of-Listing-Requirements-pdf/requirements.pdf
Guangzhou Futures Exchange,https://www.hkex.com.hk/-/media/HKEX-Market/Products/Securities/Debt-Securities/Information-for-Debt-Issues-to-Professional-Investors/faq.pdf
Guangzhou Futures Exchange,https://www.hkex.com.hk/-/media/HKEX-Market/News/News-Release/2023/231020news/231020news_e.pdf
FINMA specifies transparency obligations for climate risks,https://www.finma.ch/~/media/finma/dokumente/dokumentencenter/myfinma/6finmapublic/finma-ein-portraet.pdf?sc_lang=en&hash=0CADEB898C65A2CEAF6A410126A5190A
FINMA specifies transparency obligations for climate risks,https://www.finma.ch/~/media/finma/dokumente/dokumentencenter/myfinma/finma-publikationen/risikomonitor/20191210-finma-risikomonitor-2019.pdf?sc_lang=en&hash=413A04057F7C677F5C952BE3344889EE
FINMA specifies transparency obligations for climate risks,https://www.finma.ch/en/~/media/finma/dokumente/dokumentencenter/anhoerungen/laufende-anhoerungen/20201110-klimabezogene-finanzrisiken/sn_anh20201110_rs16_01_rs16_02-klima.pdf?sc_lang=en&hash=DD03A8FA1BFFF3FBEBA7CBCBA3400F9B
FINMA specifies transparency obligations for climate risks,https://www.finma.ch/en/~/media/finma/dokumente/dokumentencenter/anhoerungen/laufende-anhoerungen/20201110-klimabezogene-finanzrisiken/sn_anh20201110_rs16_01_rs16_02-klima.pdf?sc_lang=en&hash=DD03A8FA1BFFF3FBEBA7CBCBA3400F9B
FINMA specifies transparency obligations for climate risks,https://www.finma.ch/de/~/media/finma/dokumente/dokumentencenter/anhoerungen/laufende-anhoerungen/20201110-klimabezogene-finanzrisiken/sn_anh20201110_rs16_01_rs16_02-klima.pdf?sc_lang=de&hash=BC65BA64D2ECE50DA846DFA49D58A989
FINMA specifies transparency obligations for climate risks,https://www.finma.ch/en/~/media/finma/dokumente/dokumentencenter/8news/medienmitteilungen/2021/05/20210531-mm-transparenzpflichten-zu-klimarisiken.pdf?sc_lang=en&hash=A9F570CB2C2617930D7B35702C55BB78
FINMA specifies transparency obligations for climate risks,https://www.finma.ch/en/~/media/finma/dokumente/dokumentencenter/8news/medienmitteilungen/2021/05/20210531-mm-transparenzpflichten-zu-klimarisiken.pdf?sc_lang=en&hash=A9F570CB2C2617930D7B35702C55BB78
FINMA specifies transparency obligations for climate risks,https://www.finma.ch/de/~/media/finma/dokumente/dokumentencenter/8news/medienmitteilungen/2021/05/20210531-mm-transparenzpflichten-zu-klimarisiken.pdf?sc_lang=de&hash=AC297097C86CB9089E82FEB9DD14C44B
FINMA specifies transparency obligations for climate risks,https://www.finma.ch/fr/~/media/finma/dokumente/dokumentencenter/8news/medienmitteilungen/2021/05/20210531-mm-transparenzpflichten-zu-klimarisiken.pdf?sc_lang=fr&hash=125948CF2B236937B7F4A734C897C6F4
FINMA specifies transparency obligations for climate risks,https://www.finma.ch/it/~/media/finma/dokumente/dokumentencenter/8news/medienmitteilungen/2021/05/20210531-mm-transparenzpflichten-zu-klimarisiken.pdf?sc_lang=it&hash=C35AC3527035BF72C1EF953C180BE9AA
FINMA specifies transparency obligations for climate risks,https://www.finma.ch/en/~/media/finma/dokumente/dokumentencenter/8news/medienmitteilungen/2021/05/20210531-mm-transparenzpflichten-zu-klimarisiken.pdf?sc_lang=en&hash=A9F570CB2C2617930D7B35702C55BB78
FINMA specifies transparency obligations for climate risks,https://www.finma.ch/en/~/media/finma/dokumente/dokumentencenter/anhoerungen/laufende-anhoerungen/20201110-klimabezogene-finanzrisiken/ab_rs16_01_16_02_20210506_de.pdf?sc_lang=en&hash=6F33C94D939C39B81B1EAD772BC5C64E
FINMA specifies transparency obligations for climate risks,https://www.finma.ch/en/~/media/finma/dokumente/dokumentencenter/anhoerungen/laufende-anhoerungen/20201110-klimabezogene-finanzrisiken/ab_rs16_01_16_02_20210506_de.pdf?sc_lang=en&hash=6F33C94D939C39B81B1EAD772BC5C64E
FINMA specifies transparency obligations for climate risks,https://www.finma.ch/de/~/media/finma/dokumente/dokumentencenter/anhoerungen/laufende-anhoerungen/20201110-klimabezogene-finanzrisiken/ab_rs16_01_16_02_20210506_de.pdf?sc_lang=de&hash=C05B00C8389BB9BC8DD56C2EE3841971
FINMA specifies transparency obligations for climate risks,https://www.finma.ch/fr/~/media/finma/dokumente/dokumentencenter/anhoerungen/laufende-anhoerungen/20201110-klimabezogene-finanzrisiken/ab_rs16_01_16_02_20210506_de.pdf?sc_lang=fr&hash=EA37228182E01D76F6DD05095CB54D79
FINMA specifies transparency obligations for climate risks,https://www.finma.ch/en/~/media/finma/dokumente/dokumentencenter/myfinma/rundschreiben/finma-rs-2016-01.pdf?sc_lang=en&hash=D411DB5EE94E16A385AA2A689D94AF94
FINMA specifies transparency obligations for climate risks,https://www.finma.ch/en/~/media/finma/dokumente/dokumentencenter/myfinma/rundschreiben/finma-rs-2016-01.pdf?sc_lang=en&hash=D411DB5EE94E16A385AA2A689D94AF94
FINMA specifies transparency obligations for climate risks,https://www.finma.ch/de/~/media/finma/dokumente/dokumentencenter/myfinma/rundschreiben/finma-rs-2016-01.pdf?sc_lang=de&hash=5FBF9A823AD28AA4DA72BF1B7650C133
FINMA specifies transparency obligations for climate risks,https://www.finma.ch/fr/~/media/finma/dokumente/dokumentencenter/myfinma/rundschreiben/finma-rs-2016-01.pdf?sc_lang=fr&hash=AD70A2D65E4A8EBC01A9A1447203B977
FINMA specifies transparency obligations for climate risks,https://www.finma.ch/it/~/media/finma/dokumente/dokumentencenter/myfinma/rundschreiben/finma-rs-2016-01.pdf?sc_lang=it&hash=F10957AC15673EAD3F0A2000ACE8D709
FINMA specifies transparency obligations for climate risks,https://www.finma.ch/en/~/media/finma/dokumente/dokumentencenter/myfinma/rundschreiben/finma-rs-2016-02-20210506.pdf?sc_lang=en&hash=1FD2028AA8E5CC7BE4FCC83C11ECC737
FINMA specifies transparency obligations for climate risks,https://www.finma.ch/en/~/media/finma/dokumente/dokumentencenter/myfinma/rundschreiben/finma-rs-2016-02-20210506.pdf?sc_lang=en&hash=1FD2028AA8E5CC7BE4FCC83C11ECC737
FINMA specifies transparency obligations for climate risks,https://www.finma.ch/de/~/media/finma/dokumente/dokumentencenter/myfinma/rundschreiben/finma-rs-2016-02-20210506.pdf?sc_lang=de&hash=9BD907FA081A1F709095D69E79B1F5E0
FINMA specifies transparency obligations for climate risks,https://www.finma.ch/fr/~/media/finma/dokumente/dokumentencenter/myfinma/rundschreiben/finma-rs-2016-02-20210506.pdf?sc_lang=fr&hash=7C6D6A3EE10FF510B9DBE399D9C699AA
FINMA specifies transparency obligations for climate risks,https://www.finma.ch/it/~/media/finma/dokumente/dokumentencenter/myfinma/rundschreiben/finma-rs-2016-02-20210506.pdf?sc_lang=it&hash=DB49541251E49AECBD75E99ADCA9FFB7
FINMA specifies transparency obligations for climate risks,https://www.finma.ch/en/~/media/finma/dokumente/dokumentencenter/myfinma/rundschreiben/finma-rs-2016-02-20210506.pdf?sc_lang=en&hash=1FD2028AA8E5CC7BE4FCC83C11ECC737
FINMA specifies transparency obligations for climate risks,https://www.finma.ch/en/~/media/finma/dokumente/dokumentencenter/anhoerungen/laufende-anhoerungen/20201110-klimabezogene-finanzrisiken/erl_rs16_01_16_02_20210506_de.pdf?sc_lang=en&hash=817CF8ABA78C54A34CDCC60DFE3FA4C2
FINMA specifies transparency obligations for climate risks,https://www.finma.ch/en/~/media/finma/dokumente/dokumentencenter/anhoerungen/laufende-anhoerungen/20201110-klimabezogene-finanzrisiken/erl_rs16_01_16_02_20210506_de.pdf?sc_lang=en&hash=817CF8ABA78C54A34CDCC60DFE3FA4C2
FINMA specifies transparency obligations for climate risks,https://www.finma.ch/de/~/media/finma/dokumente/dokumentencenter/anhoerungen/laufende-anhoerungen/20201110-klimabezogene-finanzrisiken/erl_rs16_01_16_02_20210506_de.pdf?sc_lang=de&hash=BD7EF7B395737D43E9ACE6097A7DD3CA
FINMA specifies transparency obligations for climate risks,https://www.finma.ch/fr/~/media/finma/dokumente/dokumentencenter/anhoerungen/laufende-anhoerungen/20201110-klimabezogene-finanzrisiken/erl_rs16_01_16_02_20210506_de.pdf?sc_lang=fr&hash=16A258173DBC9DE05C3070FEB9D4C2F7
Sustainable Finance Strategy,https://sustainable-finance-beirat.de/wp-content/uploads/2021/03/210319_SustainableFinanceCommiteeRecommendations.pdf
Sustainable Finance Strategy,https://www.bundesfinanzministerium.de/Content/EN/Standardartikel/Press_Room/Publications/Brochures/sustainable-finance-strategy.pdf?__blob=publicationFile&v=9
Assessment of Biodiversity-Related Financial Risks in France,https://publications.banque-france.fr/sites/default/files/medias/documents/wp826_0.pdf
UK Infrastructure Bank,https://assets.publishing.service.gov.uk/media/603e91718fa8f577c95c1495/UKIB_Policy_Design.pdf
UK Infrastructure Bank,https://assets.publishing.service.gov.uk/media/603e91718fa8f577c95c1495/UKIB_Policy_Design.pdf
Banking Package 2021,https://ec.europa.eu/commission/presscorner/api/files/document/print/en/ip_21_5401/IP_21_5401_EN.pdf
Speech by the Governor of the Bank of Spain: The banking industry and the challenges of the pandemic,https://www.bis.org/review/r210212a.pdf
ECB's detailed roadmap of climate change-related actions,https://www.ecb.europa.eu/press/pr/date/2021/html/ecb.pr210708_1_annex~f84ab35968.en.pdf
ECB's detailed roadmap of climate change-related actions,https://www.ecb.europa.eu/press/pr/date/2021/html/ecb.pr210708_1_annex~f84ab35968.en.pdf
ECB's detailed roadmap of climate change-related actions,https://www.ecb.europa.eu/press/pr/date/2021/html/ecb.pr210708_1_annex~f84ab35968.en.pdf?63dcca7fb03eb388e400f9957815c4e6
ECB's detailed roadmap of climate change-related actions,https://www.ecb.europa.eu/press/pr/date/2021/html/ecb.pr210708_1_annex~f84ab35968.pt.pdf?482459072814c8f37b07603383e617fa
ECB's detailed roadmap of climate change-related actions,https://www.ecb.europa.eu/press/pr/date/2021/html/ecb.pr210708_1_annex~f84ab35968.bg.pdf?04aebc449e1fbea3145aa12839e631cb
ECB's detailed roadmap of climate change-related actions,https://www.ecb.europa.eu/press/pr/date/2021/html/ecb.pr210708_1_annex~f84ab35968.cs.pdf?04aebc449e1fbea3145aa12839e631cb
ECB's detailed roadmap of climate change-related actions,https://www.ecb.europa.eu/press/pr/date/2021/html/ecb.pr210708_1_annex~f84ab35968.de.pdf?04aebc449e1fbea3145aa12839e631cb
ECB's detailed roadmap of climate change-related actions,https://www.ecb.europa.eu/press/pr/date/2021/html/ecb.pr210708_1_annex~f84ab35968.el.pdf?e2f647eae54b136127d3c93a478b1729
ECB's detailed roadmap of climate change-related actions,https://www.ecb.europa.eu/press/pr/date/2021/html/ecb.pr210708_1_annex~f84ab35968.es.pdf?04aebc449e1fbea3145aa12839e631cb
ECB's detailed roadmap of climate change-related actions,https://www.ecb.europa.eu/press/pr/date/2021/html/ecb.pr210708_1_annex~f84ab35968.et.pdf?04aebc449e1fbea3145aa12839e631cb
ECB's detailed roadmap of climate change-related actions,https://www.ecb.europa.eu/press/pr/date/2021/html/ecb.pr210708_1_annex~f84ab35968.fi.pdf?e2f647eae54b136127d3c93a478b1729
ECB's detailed roadmap of climate change-related actions,https://www.ecb.europa.eu/press/pr/date/2021/html/ecb.pr210708_1_annex~f84ab35968.fr.pdf?04aebc449e1fbea3145aa12839e631cb
ECB's detailed roadmap of climate change-related actions,https://www.ecb.europa.eu/press/pr/date/2021/html/ecb.pr210708_1_annex~f84ab35968.hr.pdf?e2f647eae54b136127d3c93a478b1729
ECB's detailed roadmap of climate change-related actions,https://www.ecb.europa.eu/press/pr/date/2021/html/ecb.pr210708_1_annex~f84ab35968.hu.pdf?8f08aaf77c9864d99aa71a8556817b08
ECB's detailed roadmap of climate change-related actions,https://www.ecb.europa.eu/press/pr/date/2021/html/ecb.pr210708_1_annex~f84ab35968.it.pdf?04aebc449e1fbea3145aa12839e631cb
ECB's detailed roadmap of climate change-related actions,https://www.ecb.europa.eu/press/pr/date/2021/html/ecb.pr210708_1_annex~f84ab35968.nl.pdf?04aebc449e1fbea3145aa12839e631cb
ECB's detailed roadmap of climate change-related actions,https://www.ecb.europa.eu/press/pr/date/2021/html/ecb.pr210708_1_annex~f84ab35968.pl.pdf?04aebc449e1fbea3145aa12839e631cb
ECB's detailed roadmap of climate change-related actions,https://www.ecb.europa.eu/press/pr/date/2021/html/ecb.pr210708_1_annex~f84ab35968.ro.pdf?04aebc449e1fbea3145aa12839e631cb
ECB's detailed roadmap of climate change-related actions,https://www.ecb.europa.eu/press/pr/date/2021/html/ecb.pr210708_1_annex~f84ab35968.sv.pdf?8f08aaf77c9864d99aa71a8556817b08
Guidance on preventing and combating greenwashing,https://www.finma.ch/~/media/finma/dokumente/dokumentencenter/myfinma/6finmapublic/finma-ein-portraet.pdf
Guidance on preventing and combating greenwashing,https://www.finma.ch/en/~/media/finma/dokumente/dokumentencenter/myfinma/4dokumentation/finma-aufsichtsmitteilungen/20211103-finma-aufsichtsmitteilung-05-2021.pdf?sc_lang=en&hash=7F911020E829EA5910FF903AF851B2F3
Guidance on preventing and combating greenwashing,https://www.finma.ch/en/~/media/finma/dokumente/dokumentencenter/myfinma/4dokumentation/finma-aufsichtsmitteilungen/20211103-finma-aufsichtsmitteilung-05-2021.pdf?sc_lang=en&hash=7F911020E829EA5910FF903AF851B2F3
Guidance on preventing and combating greenwashing,https://www.finma.ch/de/~/media/finma/dokumente/dokumentencenter/myfinma/4dokumentation/finma-aufsichtsmitteilungen/20211103-finma-aufsichtsmitteilung-05-2021.pdf?sc_lang=de&hash=7BBBCFAD39942ADE4FB8CAA876020CF4
Guidance on preventing and combating greenwashing,https://www.finma.ch/fr/~/media/finma/dokumente/dokumentencenter/myfinma/4dokumentation/finma-aufsichtsmitteilungen/20211103-finma-aufsichtsmitteilung-05-2021.pdf?sc_lang=fr&hash=BF4141A742B26EA50BB28F89476F7775
Guidance on preventing and combating greenwashing,https://www.finma.ch/it/~/media/finma/dokumente/dokumentencenter/myfinma/4dokumentation/finma-aufsichtsmitteilungen/20211103-finma-aufsichtsmitteilung-05-2021.pdf?sc_lang=it&hash=2F9EED916B0AB689271E7170F4908E8C
Guidance on preventing and combating greenwashing,https://www.finma.ch/en/~/media/finma/dokumente/dokumentencenter/myfinma/4dokumentation/finma-aufsichtsmitteilungen/20211103-finma-aufsichtsmitteilung-05-2021.pdf?sc_lang=en&hash=7F911020E829EA5910FF903AF851B2F3
Climate loans scheme,https://www.boj.or.jp/en/about/press/koen_2021/data/ko211005a.pdf
The European Union issued a sovereign green bond,https://ec.europa.eu/commission/presscorner/api/files/document/print/en/ip_21_5207/IP_21_5207_EN.pdf
The Economics of Biodiversity: The Dasgupta Review,https://assets.publishing.service.gov.uk/media/602e92b2e90e07660f807b47/The_Economics_of_Biodiversity_The_Dasgupta_Review_Full_Report.pdf
The Economics of Biodiversity: The Dasgupta Review,https://assets.publishing.service.gov.uk/media/602e92b2e90e07660f807b47/The_Economics_of_Biodiversity_The_Dasgupta_Review_Full_Report.pdf
The Economics of Biodiversity: The Dasgupta Review,https://assets.publishing.service.gov.uk/media/6014329ce90e076265e4d9ba/Dasgupta_Review_-_Abridged_Version.pdf
The Economics of Biodiversity: The Dasgupta Review,https://assets.publishing.service.gov.uk/media/6014329ce90e076265e4d9ba/Dasgupta_Review_-_Abridged_Version.pdf
The Economics of Biodiversity: The Dasgupta Review,https://assets.publishing.service.gov.uk/media/60182857d3bf7f70c2afe5bb/Dasgupta_Review_-_Headline_Messages.pdf
The Economics of Biodiversity: The Dasgupta Review,https://assets.publishing.service.gov.uk/media/60182857d3bf7f70c2afe5bb/Dasgupta_Review_-_Headline_Messages.pdf
The Economics of Biodiversity: The Dasgupta Review,https://assets.publishing.service.gov.uk/media/60183a48d3bf7f70bc2e1ece/The_Economics_of_Biodiversity_-_The_Dasgupta_Review_-_Reactions.pdf
The Economics of Biodiversity: The Dasgupta Review,https://assets.publishing.service.gov.uk/media/60183a48d3bf7f70bc2e1ece/The_Economics_of_Biodiversity_-_The_Dasgupta_Review_-_Reactions.pdf
The three European supervisory authorities published final report and drafts on disclosures under SFDR,https://www.esma.europa.eu/sites/default/files/library/jc_2021_03_joint_esas_final_report_on_rts_under_sfdr.pdf
The three European supervisory authorities published final report and drafts on disclosures under SFDR,https://www.esma.europa.eu/sites/default/files/sfdr_rts_consumer_testing_1_-_afm_0.pdf
The three European supervisory authorities published final report and drafts on disclosures under SFDR,https://www.esma.europa.eu/sites/default/files/sfdr_rts_consumer_testing_2_-_sgh.pdf
The three European supervisory authorities published final report and drafts on disclosures under SFDR,https://www.esma.europa.eu/sites/default/files/library/eba_bs_2020_633_letter_to_the_esas_on_sfdr.pdf
The three European supervisory authorities published final report and drafts on disclosures under SFDR,https://www.esma.europa.eu/sites/default/files/library/jc_2021_03_joint_esas_final_report_on_rts_under_sfdr.pdf
Bank of England’s approach to greening the Corporate Bond Purchase Scheme,https://www.bankofengland.co.uk/-/media/boe/files/paper/2021/options-for-greening-the-bank-of-englands-corporate-bond-purchase-scheme-discussion-paper.pdf#page=31
Bank of England’s approach to greening the Corporate Bond Purchase Scheme,https://www.bankofengland.co.uk/-/media/boe/files/paper/2021/options-for-greening-the-bank-of-englands-corporate-bond-purchase-scheme-discussion-paper.pdf#page=53
Bank of England’s approach to greening the Corporate Bond Purchase Scheme,https://www.bankofengland.co.uk/-/media/boe/files/markets/greening-cbps/percentage-of-firms-on-the-cbps-eligible-list-across-scorecard-categories.pdf
Bank of England’s approach to greening the Corporate Bond Purchase Scheme,https://www.bankofengland.co.uk/-/media/boe/files/paper/2021/options-for-greening-the-bank-of-englands-corporate-bond-purchase-scheme-discussion-paper.pdf#page=26
Assessment of Biodiversity Risks for the Dutch Financial Sector,https://www.dnb.nl/en/binaries/Indebted%20to%20nature%20_tcm47-389172.pdf
Brazilian Securities Commission(CVM)'s Resolution No. 59,https://conteudo.cvm.gov.br/export/sites/cvm/legislacao/resolucoes/anexos/001/resol059consolid.pdf
Brazilian Securities Commission(CVM)'s Resolution No. 59,https://conteudo.cvm.gov.br/export/sites/cvm/legislacao/resolucoes/anexos/001/resol059consolid.pdf
Brazilian Securities Commission(CVM)'s Resolution No. 59,https://conteudo.cvm.gov.br/export/sites/cvm/legislacao/resolucoes/anexos/001/resol059.pdf
Brazilian Securities Commission(CVM)'s Resolution No. 59,https://conteudo.cvm.gov.br/export/sites/cvm/legislacao/resolucoes/anexos/001/resol059.pdf
Financial Conduct Authority's ESG Strategy,http://www.un-documents.net/our-common-future.pdf
Financial Conduct Authority's ESG Strategy,https://www.theia.org/sites/default/files/2021-09/IMS%20report%202021.pdf
Financial Conduct Authority's ESG Strategy,https://assets.publishing.service.gov.uk/government/uploads/system/uploads/attachment_data/file/972445/CX_Letter_-_FCA_Remit_230321.pdf
Financial Conduct Authority's ESG Strategy,https://www.fca.org.uk/publication/discussion/dp18-08.pdf
Financial Conduct Authority's ESG Strategy,https://www.fca.org.uk/publication/discussion/dp21-2.pdf
Financial Conduct Authority's ESG Strategy,https://assets.publishing.service.gov.uk/government/uploads/system/uploads/attachment_data/file/971371/KalifaFintechReview_ExecSumm.pdf
Financial Conduct Authority's ESG Strategy,https://www.iosco.org/library/pubdocs/pdf/IOSCOPD678.pdf
Financial Conduct Authority's ESG Strategy,https://www.fca.org.uk/publication/discussion/dp21-2.pdf
Financial Conduct Authority's ESG Strategy,https://www.fca.org.uk/publication/correspondence/dear-chair-letter-authorised-esg-sustainable-investment-funds.pdf
Financial Conduct Authority's ESG Strategy,https://www.iosco.org/library/pubdocs/pdf/IOSCOPD681.pdf
Financial Conduct Authority's ESG Strategy,https://assets.bbhub.io/company/sites/60/2021/07/2021-Metrics_Targets_Guidance-1.pdf
Financial Conduct Authority's ESG Strategy,https://www.fca.org.uk/publication/discussion/dp19-01.pdf
Financial Conduct Authority's ESG Strategy,https://www.fca.org.uk/publication/fca/esg-strategy-upcoming-milestones.pdf
Financial Conduct Authority's ESG Strategy,https://www.fca.org.uk/publication/consultation/cp20-3.pdf
Financial Conduct Authority's ESG Strategy,https://assets.publishing.service.gov.uk/government/uploads/system/uploads/attachment_data/file/933782/FINAL_TCFD_REPORT.pdf
Financial Conduct Authority's ESG Strategy,https://www.fca.org.uk/publication/primary-market/tn-801-1.pdf
Financial Conduct Authority's ESG Strategy,https://www.fca.org.uk/publication/correspondence/dear-chair-letter-authorised-esg-sustainable-investment-funds.pdf
Financial Conduct Authority's ESG Strategy,https://custom.cvent.com/97711B9A58C347AD93190D15A5611618/files/a5ac5a7ef3ec4de5ac5ab7136fc6bcb1.pdf
Financial Conduct Authority's ESG Strategy,https://www.theia.org/sites/default/files/2020-11/Asset%20Management%20Taskforce_proof7.pdf
Financial Conduct Authority's ESG Strategy,https://s3-eu-west-2.amazonaws.com/lawcom-prod-storage-11jsxou24uy7q/uploads/2020/11/Law-Commission-Intermediated-Securities-Scoping-Paper-1.pdf
Financial Conduct Authority's ESG Strategy,https://www.fca.org.uk/publication/consultation/cp21-18.pdf
The Bank of England’s climate-related disclosure 2020,https://www.bankofengland.co.uk/-/media/boe/files/annual-report/2020/climate-related-financial-disclosure-report-2019-20.pdf?la=en&hash=5DA959C54540287A2E90C823807E089055E6721B
The Bank of Canada Conducted Climate-related Scenario Analysis,https://www.bankofcanada.ca/wp-content/uploads/2020/05/SDP-2020-3.pdf
The UK Stewardship Code,https://www.frc.org.uk/getattachment/5aae591d-d9d3-4cf4-814a-d14e156a1d87/Stewardship-Code_Dec-19-Final-Corrected.pdf
China's Administrative Measures for the Legal Disclosure of Enterprise Environmental Information,https://www.mee.gov.cn/xxgk2018/xxgk/xxgk02/202112/W020211221725272800656.pdf
Hong Kong Exchanges and Clearing Limited’s Sustainable and Green Exchange ‘STAGE’,https://www.hkex.com.hk/-/media/HKEX-Market/Join-Our-Markets/IPO/2022/HKEX_IPO_Express_Issue5_en.pdf
Hong Kong Exchanges and Clearing Limited’s Sustainable and Green Exchange ‘STAGE’,https://www.hkex.com.hk/-/media/HKEX-Market/Join-Our-Markets/IPO/Biotech-Newsletter/HKEX-Biotech-Newsletter-Issue-6-EN.pdf
Hong Kong Exchanges and Clearing Limited’s Sustainable and Green Exchange ‘STAGE’,https://www.hkex.com.hk/-/media/HKEX-Market/Listing/Rules-and-Guidance/Other-Resources/Listing-Policy-Panel-Report/lpp_report.pdf
Hong Kong Exchanges and Clearing Limited’s Sustainable and Green Exchange ‘STAGE’,https://www.hkex.com.hk/-/media/HKEX-Market/Products/Securities/Derivative-Warrants/Industry-Frequently-Asked-Questions-on-Issuers-Websites/FAQs.pdf
Hong Kong Exchanges and Clearing Limited’s Sustainable and Green Exchange ‘STAGE’,https://www.hkex.com.hk/-/media/HKEX-Market/Products/Securities/Debt-Securities/Information-for-Debt-Issues-to-Professional-Investors/Summary-of-Listing-Requirements-pdf/requirements.pdf
Hong Kong Exchanges and Clearing Limited’s Sustainable and Green Exchange ‘STAGE’,https://www.hkex.com.hk/-/media/HKEX-Market/Products/Securities/Debt-Securities/Information-for-Debt-Issues-to-Professional-Investors/faq.pdf
Hong Kong Exchanges and Clearing Limited’s Sustainable and Green Exchange ‘STAGE’,https://www.hkex.com.hk/-/media/HKEX-Market/Join-Our-Markets/IPO/2022/HKEX_IPO_Express_Issue5_en.pdf
Hong Kong Exchanges and Clearing Limited’s Sustainable and Green Exchange ‘STAGE’,https://www.hkex.com.hk/-/media/HKEX-Market/Join-Our-Markets/IPO/2022/HKEX_IPO_Express_Issue5_en.pdf
Hong Kong Exchanges and Clearing Limited’s Sustainable and Green Exchange ‘STAGE’,https://www.hkex.com.hk/-/media/HKEX-Market/Join-Our-Markets/IPO/Biotech-Newsletter/HKEX-Biotech-Newsletter-Issue-6-EN.pdf
Hong Kong Exchanges and Clearing Limited’s Sustainable and Green Exchange ‘STAGE’,https://www.hkex.com.hk/-/media/HKEX-Market/Join-Our-Markets/IPO/Biotech-Newsletter/HKEX-Biotech-Newsletter-Issue-6-EN.pdf
Hong Kong Exchanges and Clearing Limited’s Sustainable and Green Exchange ‘STAGE’,https://www.hkex.com.hk/-/media/HKEX-Market/Listing/Rules-and-Guidance/Other-Resources/Listing-Policy-Panel-Report/lpp_report.pdf
Hong Kong Exchanges and Clearing Limited’s Sustainable and Green Exchange ‘STAGE’,https://www.hkex.com.hk/-/media/HKEX-Market/Products/Securities/Derivative-Warrants/Industry-Frequently-Asked-Questions-on-Issuers-Websites/FAQs.pdf
Hong Kong Exchanges and Clearing Limited’s Sustainable and Green Exchange ‘STAGE’,https://www.hkex.com.hk/-/media/HKEX-Market/Products/Securities/Debt-Securities/Information-for-Debt-Issues-to-Professional-Investors/Summary-of-Listing-Requirements-pdf/requirements.pdf
Hong Kong Exchanges and Clearing Limited’s Sustainable and Green Exchange ‘STAGE’,https://www.hkex.com.hk/-/media/HKEX-Market/Products/Securities/Debt-Securities/Information-for-Debt-Issues-to-Professional-Investors/faq.pdf
Japan's Stewardship Code—Principles for Responsible Institutional Investors,https://www.fsa.go.jp/en/refer/councils/stewardship/20140407/01.pdf
Banco de México calls on financial sector to plan for environmental risks,https://www.greenfinanceplatform.org/sites/default/files/downloads/resource//Climate%20and%20Environmental%20Risks%20and%20Opportunities%20in%20Mexico%27s%20Financial%20System%20from%20Diagnosis%20to%20Action_UNEI.pdf
"Muscat Stock Exchange's division on ESG, Diversity and Inclusion",https://www.msx.om/msmdocs/downloads/en_1699964464840_%D9%85%D8%A4%D8%B4%D8%B1%20%D8%A7%D9%84%D8%B3%D9%86%D8%AF%D8%A7%D8%AA.pdf
"Muscat Stock Exchange's division on ESG, Diversity and Inclusion",https://www.msx.om/MSMDOCS/downloads/ESG-MSX-E.pdf
"Muscat Stock Exchange's division on ESG, Diversity and Inclusion",https://www.facebook.com/sharer/sharer.php?u=https%3A//www.msx.om//MSMDOCS/downloads/en_1683614240441_2-MSX-AR2022-ENGLISH.pdf
"Muscat Stock Exchange's division on ESG, Diversity and Inclusion",https://twitter.com/intent/tweet?text=https%3A//www.msx.om//MSMDOCS/downloads/en_1683614240441_2-MSX-AR2022-ENGLISH.pdf
"Muscat Stock Exchange's division on ESG, Diversity and Inclusion",https://www.linkedin.com/shareArticle?mini=true&url=https%3A//www.msx.om//MSMDOCS/downloads/en_1683614240441_2-MSX-AR2022-ENGLISH.pdf&title=&summary=&source=
"Muscat Stock Exchange's division on ESG, Diversity and Inclusion",https://wa.me/?text=https%3A//www.msx.om//MSMDOCS/downloads/en_1683614240441_2-MSX-AR2022-ENGLISH.pdf
"Muscat Stock Exchange's division on ESG, Diversity and Inclusion","javascript:BookView('/MSMDOCS/downloads/en_1683614240441_2-MSX-AR2022-ENGLISH.pdf','EN');"
"Muscat Stock Exchange's division on ESG, Diversity and Inclusion","javascript:BookView('/MSMDOCS/downloads/ar_1683614240454_1-MSX-AR2022-ARABIC.pdf','AR');"
"Muscat Stock Exchange's division on ESG, Diversity and Inclusion",https://www.facebook.com/sharer/sharer.php?u=https%3A//www.msx.om//MSMDOCS/downloads/en_1654681600987_MSX-AR-2021-ENGLISH%20new.pdf
"Muscat Stock Exchange's division on ESG, Diversity and Inclusion",https://twitter.com/intent/tweet?text=https%3A//www.msx.om//MSMDOCS/downloads/en_1654681600987_MSX-AR-2021-ENGLISH%20new.pdf
"Muscat Stock Exchange's division on ESG, Diversity and Inclusion",https://www.linkedin.com/shareArticle?mini=true&url=https%3A//www.msx.om//MSMDOCS/downloads/en_1654681600987_MSX-AR-2021-ENGLISH%20new.pdf&title=&summary=&source=
"Muscat Stock Exchange's division on ESG, Diversity and Inclusion",https://wa.me/?text=https%3A//www.msx.om//MSMDOCS/downloads/en_1654681600987_MSX-AR-2021-ENGLISH%20new.pdf
"Muscat Stock Exchange's division on ESG, Diversity and Inclusion","javascript:BookView('/MSMDOCS/downloads/en_1654681600987_MSX-AR-2021-ENGLISH new.pdf','EN');"
"Muscat Stock Exchange's division on ESG, Diversity and Inclusion","javascript:BookView('/MSMDOCS/downloads/ar_1654681601075_MSX-AR-2021-ARABIC.pdf','AR');"
"Muscat Stock Exchange's division on ESG, Diversity and Inclusion",https://www.facebook.com/sharer/sharer.php?u=https%3A//www.msx.om//MSMDOCS/downloads/en_1640064857724_MSM%20English%202020.pdf
"Muscat Stock Exchange's division on ESG, Diversity and Inclusion",https://twitter.com/intent/tweet?text=https%3A//www.msx.om//MSMDOCS/downloads/en_1640064857724_MSM%20English%202020.pdf
"Muscat Stock Exchange's division on ESG, Diversity and Inclusion",https://www.linkedin.com/shareArticle?mini=true&url=https%3A//www.msx.om//MSMDOCS/downloads/en_1640064857724_MSM%20English%202020.pdf&title=&summary=&source=
"Muscat Stock Exchange's division on ESG, Diversity and Inclusion",https://wa.me/?text=https%3A//www.msx.om//MSMDOCS/downloads/en_1640064857724_MSM%20English%202020.pdf
"Muscat Stock Exchange's division on ESG, Diversity and Inclusion","javascript:BookView('/MSMDOCS/downloads/en_1640064857724_MSM English 2020.pdf','EN');"
"Muscat Stock Exchange's division on ESG, Diversity and Inclusion","javascript:BookView('/MSMDOCS/downloads/ar_1640064857783_MSM Arabic 2020.pdf','AR');"
"Muscat Stock Exchange's division on ESG, Diversity and Inclusion",https://www.facebook.com/sharer/sharer.php?u=https%3A//www.msx.om//MSMDOCS/downloads/en_1591255877688_MSM%20Annual%20Report%20English_04062020.pdf
"Muscat Stock Exchange's division on ESG, Diversity and Inclusion",https://twitter.com/intent/tweet?text=https%3A//www.msx.om//MSMDOCS/downloads/en_1591255877688_MSM%20Annual%20Report%20English_04062020.pdf
"Muscat Stock Exchange's division on ESG, Diversity and Inclusion",https://www.linkedin.com/shareArticle?mini=true&url=https%3A//www.msx.om//MSMDOCS/downloads/en_1591255877688_MSM%20Annual%20Report%20English_04062020.pdf&title=&summary=&source=
"Muscat Stock Exchange's division on ESG, Diversity and Inclusion",https://wa.me/?text=https%3A//www.msx.om//MSMDOCS/downloads/en_1591255877688_MSM%20Annual%20Report%20English_04062020.pdf
"Muscat Stock Exchange's division on ESG, Diversity and Inclusion","javascript:BookView('/MSMDOCS/downloads/en_1591255877688_MSM Annual Report English_04062020.pdf','EN');"
"Muscat Stock Exchange's division on ESG, Diversity and Inclusion","javascript:BookView('/MSMDOCS/downloads/ar_1591255877750_MSM Annual Report Arabic_04052020.pdf','AR');"
"Muscat Stock Exchange's division on ESG, Diversity and Inclusion",https://www.facebook.com/sharer/sharer.php?u=https%3A//www.msx.om//MSMDOCS/downloads/en_1557373802902_MSM_Annual_Report_2018_En_85951.pdf
"Muscat Stock Exchange's division on ESG, Diversity and Inclusion",https://twitter.com/intent/tweet?text=https%3A//www.msx.om//MSMDOCS/downloads/en_1557373802902_MSM_Annual_Report_2018_En_85951.pdf
"Muscat Stock Exchange's division on ESG, Diversity and Inclusion",https://www.linkedin.com/shareArticle?mini=true&url=https%3A//www.msx.om//MSMDOCS/downloads/en_1557373802902_MSM_Annual_Report_2018_En_85951.pdf&title=&summary=&source=
"Muscat Stock Exchange's division on ESG, Diversity and Inclusion",https://wa.me/?text=https%3A//www.msx.om//MSMDOCS/downloads/en_1557373802902_MSM_Annual_Report_2018_En_85951.pdf
"Muscat Stock Exchange's division on ESG, Diversity and Inclusion","javascript:BookView('/MSMDOCS/downloads/en_1557373802902_MSM_Annual_Report_2018_En_85951.pdf','EN');"
"Muscat Stock Exchange's division on ESG, Diversity and Inclusion","javascript:BookView('/MSMDOCS/downloads/ar_1557373802933_MSM_Annual_Report_2018_Ar_85951.pdf','AR');"
"Muscat Stock Exchange's division on ESG, Diversity and Inclusion",https://www.facebook.com/sharer/sharer.php?u=https%3A//www.msx.om//MSMDOCS/downloads/en_1526884536330_MSM_Annual_Report_2017_En.pdf
"Muscat Stock Exchange's division on ESG, Diversity and Inclusion",https://twitter.com/intent/tweet?text=https%3A//www.msx.om//MSMDOCS/downloads/en_1526884536330_MSM_Annual_Report_2017_En.pdf
"Muscat Stock Exchange's division on ESG, Diversity and Inclusion",https://www.linkedin.com/shareArticle?mini=true&url=https%3A//www.msx.om//MSMDOCS/downloads/en_1526884536330_MSM_Annual_Report_2017_En.pdf&title=&summary=&source=
"Muscat Stock Exchange's division on ESG, Diversity and Inclusion",https://wa.me/?text=https%3A//www.msx.om//MSMDOCS/downloads/en_1526884536330_MSM_Annual_Report_2017_En.pdf
"Muscat Stock Exchange's division on ESG, Diversity and Inclusion","javascript:BookView('/MSMDOCS/downloads/en_1526884536330_MSM_Annual_Report_2017_En.pdf','EN');"
"Muscat Stock Exchange's division on ESG, Diversity and Inclusion","javascript:BookView('/MSMDOCS/downloads/ar_1526884674330_MSM_Annual_Report_2017_Ar.pdf','AR');"
"Muscat Stock Exchange's division on ESG, Diversity and Inclusion",https://www.facebook.com/sharer/sharer.php?u=https%3A//www.msx.om//MSMDOCS/downloads/en_1495513417938_MSM-English.pdf
"Muscat Stock Exchange's division on ESG, Diversity and Inclusion",https://twitter.com/intent/tweet?text=https%3A//www.msx.om//MSMDOCS/downloads/en_1495513417938_MSM-English.pdf
"Muscat Stock Exchange's division on ESG, Diversity and Inclusion",https://www.linkedin.com/shareArticle?mini=true&url=https%3A//www.msx.om//MSMDOCS/downloads/en_1495513417938_MSM-English.pdf&title=&summary=&source=
"Muscat Stock Exchange's division on ESG, Diversity and Inclusion",https://wa.me/?text=https%3A//www.msx.om//MSMDOCS/downloads/en_1495513417938_MSM-English.pdf
"Muscat Stock Exchange's division on ESG, Diversity and Inclusion","javascript:BookView('/MSMDOCS/downloads/en_1495513417938_MSM-English.pdf','EN');"
"Muscat Stock Exchange's division on ESG, Diversity and Inclusion","javascript:BookView('/MSMDOCS/downloads/ar_1493538159703_MSM-Arabic.pdf','AR');"
"Muscat Stock Exchange's division on ESG, Diversity and Inclusion",https://www.facebook.com/sharer/sharer.php?u=https%3A//www.msx.om//MSMDOCS/downloads/en_1459850029371_MSM%20AR%202015%20ENGLISH.pdf
"Muscat Stock Exchange's division on ESG, Diversity and Inclusion",https://twitter.com/intent/tweet?text=https%3A//www.msx.om//MSMDOCS/downloads/en_1459850029371_MSM%20AR%202015%20ENGLISH.pdf
"Muscat Stock Exchange's division on ESG, Diversity and Inclusion",https://www.linkedin.com/shareArticle?mini=true&url=https%3A//www.msx.om//MSMDOCS/downloads/en_1459850029371_MSM%20AR%202015%20ENGLISH.pdf&title=&summary=&source=
"Muscat Stock Exchange's division on ESG, Diversity and Inclusion",https://wa.me/?text=https%3A//www.msx.om//MSMDOCS/downloads/en_1459850029371_MSM%20AR%202015%20ENGLISH.pdf
"Muscat Stock Exchange's division on ESG, Diversity and Inclusion","javascript:BookView('/MSMDOCS/downloads/en_1459850029371_MSM AR 2015 ENGLISH.pdf','EN');"
"Muscat Stock Exchange's division on ESG, Diversity and Inclusion","javascript:BookView('/MSMDOCS/downloads/ar_1459850029387_MSM AR 2015 ARABIC.pdf','AR');"
"Muscat Stock Exchange's division on ESG, Diversity and Inclusion",https://www.facebook.com/sharer/sharer.php?u=https%3A//www.msx.om//MSMDOCS/downloads/en_1431584607422_English%20Inside.pdf
"Muscat Stock Exchange's division on ESG, Diversity and Inclusion",https://twitter.com/intent/tweet?text=https%3A//www.msx.om//MSMDOCS/downloads/en_1431584607422_English%20Inside.pdf
"Muscat Stock Exchange's division on ESG, Diversity and Inclusion",https://www.linkedin.com/shareArticle?mini=true&url=https%3A//www.msx.om//MSMDOCS/downloads/en_1431584607422_English%20Inside.pdf&title=&summary=&source=
"Muscat Stock Exchange's division on ESG, Diversity and Inclusion",https://wa.me/?text=https%3A//www.msx.om//MSMDOCS/downloads/en_1431584607422_English%20Inside.pdf
"Muscat Stock Exchange's division on ESG, Diversity and Inclusion","javascript:BookView('/MSMDOCS/downloads/en_1431584607422_English Inside.pdf','EN');"
"Muscat Stock Exchange's division on ESG, Diversity and Inclusion","javascript:BookView('/MSMDOCS/downloads/ar_1431584607453_Arabic Inside.pdf','AR');"
"Muscat Stock Exchange's division on ESG, Diversity and Inclusion",https://www.facebook.com/sharer/sharer.php?u=https%3A//www.msx.om//MSMDOCS/downloads/en_1394610991036_MSM%20Annual%20Report%202013%20En.pdf
"Muscat Stock Exchange's division on ESG, Diversity and Inclusion",https://twitter.com/intent/tweet?text=https%3A//www.msx.om//MSMDOCS/downloads/en_1394610991036_MSM%20Annual%20Report%202013%20En.pdf
"Muscat Stock Exchange's division on ESG, Diversity and Inclusion",https://www.linkedin.com/shareArticle?mini=true&url=https%3A//www.msx.om//MSMDOCS/downloads/en_1394610991036_MSM%20Annual%20Report%202013%20En.pdf&title=&summary=&source=
"Muscat Stock Exchange's division on ESG, Diversity and Inclusion",https://wa.me/?text=https%3A//www.msx.om//MSMDOCS/downloads/en_1394610991036_MSM%20Annual%20Report%202013%20En.pdf
"Muscat Stock Exchange's division on ESG, Diversity and Inclusion","javascript:BookView('/MSMDOCS/downloads/en_1394610991036_MSM Annual Report 2013 En.pdf','EN');"
"Muscat Stock Exchange's division on ESG, Diversity and Inclusion","javascript:BookView('/MSMDOCS/downloads/ar_1395043066485_MSM Annual Report 2013 En.pdf','AR');"
"Muscat Stock Exchange's division on ESG, Diversity and Inclusion",https://www.facebook.com/sharer/sharer.php?u=https%3A//www.msx.om//MSMDOCS/downloads/f6a0baae-40ea-4ed8-a25d-d1e1fd174a92.pdf
"Muscat Stock Exchange's division on ESG, Diversity and Inclusion",https://twitter.com/intent/tweet?text=https%3A//www.msx.om//MSMDOCS/downloads/f6a0baae-40ea-4ed8-a25d-d1e1fd174a92.pdf
"Muscat Stock Exchange's division on ESG, Diversity and Inclusion",https://www.linkedin.com/shareArticle?mini=true&url=https%3A//www.msx.om//MSMDOCS/downloads/f6a0baae-40ea-4ed8-a25d-d1e1fd174a92.pdf&title=&summary=&source=
"Muscat Stock Exchange's division on ESG, Diversity and Inclusion",https://wa.me/?text=https%3A//www.msx.om//MSMDOCS/downloads/f6a0baae-40ea-4ed8-a25d-d1e1fd174a92.pdf
"Muscat Stock Exchange's division on ESG, Diversity and Inclusion","javascript:BookView('/MSMDOCS/downloads/f6a0baae-40ea-4ed8-a25d-d1e1fd174a92.pdf','EN');"
"Muscat Stock Exchange's division on ESG, Diversity and Inclusion","javascript:BookView('/MSMDOCS/downloads/57d8fd7a-6b8d-41af-b369-1784b868ed7d.pdf','AR');"
"Muscat Stock Exchange's division on ESG, Diversity and Inclusion","javascript:BookView('/MSMDOCS/downloads/90371c90-60cc-4a19-ad4a-a8e96804d864.pdf','AR');"
"Muscat Stock Exchange's division on ESG, Diversity and Inclusion",https://www.facebook.com/sharer/sharer.php?u=https%3A//www.msx.om//MSMDOCS/downloads/5bcf9bf1-6383-4f09-8549-cba047f7dbbd.pdf
"Muscat Stock Exchange's division on ESG, Diversity and Inclusion",https://twitter.com/intent/tweet?text=https%3A//www.msx.om//MSMDOCS/downloads/5bcf9bf1-6383-4f09-8549-cba047f7dbbd.pdf
"Muscat Stock Exchange's division on ESG, Diversity and Inclusion",https://www.linkedin.com/shareArticle?mini=true&url=https%3A//www.msx.om//MSMDOCS/downloads/5bcf9bf1-6383-4f09-8549-cba047f7dbbd.pdf&title=&summary=&source=
"Muscat Stock Exchange's division on ESG, Diversity and Inclusion",https://wa.me/?text=https%3A//www.msx.om//MSMDOCS/downloads/5bcf9bf1-6383-4f09-8549-cba047f7dbbd.pdf
"Muscat Stock Exchange's division on ESG, Diversity and Inclusion","javascript:BookView('/MSMDOCS/downloads/5bcf9bf1-6383-4f09-8549-cba047f7dbbd.pdf','EN');"
"Muscat Stock Exchange's division on ESG, Diversity and Inclusion","javascript:BookView('/MSMDOCS/downloads/c99380b6-738e-4375-bbf9-17a41920d000.pdf','AR');"
"Muscat Stock Exchange's division on ESG, Diversity and Inclusion",https://www.facebook.com/sharer/sharer.php?u=https%3A//www.msx.om//MSMDOCS/downloads/49236f69-8033-4c65-afc4-4e5d943d3f4d.pdf
"Muscat Stock Exchange's division on ESG, Diversity and Inclusion",https://twitter.com/intent/tweet?text=https%3A//www.msx.om//MSMDOCS/downloads/49236f69-8033-4c65-afc4-4e5d943d3f4d.pdf
"Muscat Stock Exchange's division on ESG, Diversity and Inclusion",https://www.linkedin.com/shareArticle?mini=true&url=https%3A//www.msx.om//MSMDOCS/downloads/49236f69-8033-4c65-afc4-4e5d943d3f4d.pdf&title=&summary=&source=
"Muscat Stock Exchange's division on ESG, Diversity and Inclusion",https://wa.me/?text=https%3A//www.msx.om//MSMDOCS/downloads/49236f69-8033-4c65-afc4-4e5d943d3f4d.pdf
"Muscat Stock Exchange's division on ESG, Diversity and Inclusion","javascript:BookView('/MSMDOCS/downloads/49236f69-8033-4c65-afc4-4e5d943d3f4d.pdf','EN');"
"Muscat Stock Exchange's division on ESG, Diversity and Inclusion","javascript:BookView('/MSMDOCS/downloads/4dc9bb29-82ce-484b-b34f-f35ec81a31f9.pdf','AR');"
"Muscat Stock Exchange's division on ESG, Diversity and Inclusion",https://www.facebook.com/sharer/sharer.php?u=https%3A//www.msx.om//MSMDOCS/downloads/d4e284d3-2b7e-468c-b3a2-68a3c81ab22b.pdf
"Muscat Stock Exchange's division on ESG, Diversity and Inclusion",https://twitter.com/intent/tweet?text=https%3A//www.msx.om//MSMDOCS/downloads/d4e284d3-2b7e-468c-b3a2-68a3c81ab22b.pdf
"Muscat Stock Exchange's division on ESG, Diversity and Inclusion",https://www.linkedin.com/shareArticle?mini=true&url=https%3A//www.msx.om//MSMDOCS/downloads/d4e284d3-2b7e-468c-b3a2-68a3c81ab22b.pdf&title=&summary=&source=
"Muscat Stock Exchange's division on ESG, Diversity and Inclusion",https://wa.me/?text=https%3A//www.msx.om//MSMDOCS/downloads/d4e284d3-2b7e-468c-b3a2-68a3c81ab22b.pdf
"Muscat Stock Exchange's division on ESG, Diversity and Inclusion","javascript:BookView('/MSMDOCS/downloads/d4e284d3-2b7e-468c-b3a2-68a3c81ab22b.pdf','EN');"
"Muscat Stock Exchange's division on ESG, Diversity and Inclusion","javascript:BookView('/MSMDOCS/downloads/fec3d54c-c64c-4b20-9e7a-ed2611ca8aac.pdf','AR');"
"Muscat Stock Exchange's division on ESG, Diversity and Inclusion",https://www.msx.om//MSMDOCS/downloads/listingreqirmentsEn.pdf
"Muscat Stock Exchange's division on ESG, Diversity and Inclusion",https://www.msx.om//MSMDOCS/downloads/tradingrulesEn.pdf
"Muscat Stock Exchange's division on ESG, Diversity and Inclusion",https://www.msx.om//MSMDOCS/downloads/Clearanceandsettlementregulation_12Oct2011_En.pdf
"Muscat Stock Exchange's division on ESG, Diversity and Inclusion",https://www.msx.om//MSMDOCS/downloads/marketlawEn.pdf
"Muscat Stock Exchange's division on ESG, Diversity and Inclusion",https://www.msx.om/MSMDOCS/downloads/PrivacyPolicyen.pdf
"Muscat Stock Exchange's division on ESG, Diversity and Inclusion",https://www.msx.om/MSMDOCS/downloads/TipsandHintsen.pdf
"Muscat Stock Exchange's division on ESG, Diversity and Inclusion",https://www.msx.om/MSMDOCS/downloads/Disclaimeren.pdf
Technical Expert Group on Sustainable Finance Setup to Help Implement Measures in the European Commission's Action Plan on Financing Sustainable Growth,https://finance.ec.europa.eu/document/download/30c740c3-b60d-466f-a292-8b33dbe5f0e6_en?filename=191219-sustainable-finance-teg-extension_en.pdf
Technical Expert Group on Sustainable Finance Setup to Help Implement Measures in the European Commission's Action Plan on Financing Sustainable Growth,https://finance.ec.europa.eu/document/download/7c5ea78a-dc53-428c-ae80-2e44a6ff252d_en?filename=sustainable-finance-teg-frequently-asked-questions_en.pdf
Technical Expert Group on Sustainable Finance Setup to Help Implement Measures in the European Commission's Action Plan on Financing Sustainable Growth,https://finance.ec.europa.eu/document/download/065d5a35-f94e-48e5-b4eb-bf54318c91b3_en?filename=200426-sustainable-finance-teg-statement-recovery_en.pdf
Technical Expert Group on Sustainable Finance Setup to Help Implement Measures in the European Commission's Action Plan on Financing Sustainable Growth,https://finance.ec.europa.eu/document/download/42d22937-be40-43d5-b3a0-f5b664ed0ef3_en?filename=200715-sustainable-finance-teg-statement-resilience-recovery_en.pdf
Technical Expert Group on Sustainable Finance Setup to Help Implement Measures in the European Commission's Action Plan on Financing Sustainable Growth,https://finance.ec.europa.eu/document/download/9101b639-ebe5-413e-9c86-3e291722899e_en?filename=200309-sustainable-finance-teg-final-report-taxonomy_en.pdf
Technical Expert Group on Sustainable Finance Setup to Help Implement Measures in the European Commission's Action Plan on Financing Sustainable Growth,https://finance.ec.europa.eu/document/download/329ca214-8dbd-49c2-8cc4-1aa52301d66d_en?filename=200309-sustainable-finance-teg-final-report-taxonomy-annexes_en.pdf
Technical Expert Group on Sustainable Finance Setup to Help Implement Measures in the European Commission's Action Plan on Financing Sustainable Growth,https://finance.ec.europa.eu/document/download/4c13e7c0-01bd-4ce7-9a39-2ad8c232e2fe_en?filename=190618-sustainable-finance-teg-report-taxonomy_en.pdf
Technical Expert Group on Sustainable Finance Setup to Help Implement Measures in the European Commission's Action Plan on Financing Sustainable Growth,https://finance.ec.europa.eu/document/download/baa0fa7e-32f6-47c6-9663-feb4bce0c383_en?filename=200610-sustainable-finance-teg-taxonomy-green-bond-standard-faq_en.pdf
Technical Expert Group on Sustainable Finance Setup to Help Implement Measures in the European Commission's Action Plan on Financing Sustainable Growth,https://finance.ec.europa.eu/document/download/42d22937-be40-43d5-b3a0-f5b664ed0ef3_en?filename=200715-sustainable-finance-teg-statement-resilience-recovery_en.pdf
Technical Expert Group on Sustainable Finance Setup to Help Implement Measures in the European Commission's Action Plan on Financing Sustainable Growth,https://finance.ec.europa.eu/document/download/065d5a35-f94e-48e5-b4eb-bf54318c91b3_en?filename=200426-sustainable-finance-teg-statement-recovery_en.pdf
Technical Expert Group on Sustainable Finance Setup to Help Implement Measures in the European Commission's Action Plan on Financing Sustainable Growth,https://finance.ec.europa.eu/document/download/065d5a35-f94e-48e5-b4eb-bf54318c91b3_es?filename=200426-sustainable-finance-teg-statement-recovery_es.pdf
Technical Expert Group on Sustainable Finance Setup to Help Implement Measures in the European Commission's Action Plan on Financing Sustainable Growth,https://finance.ec.europa.eu/document/download/065d5a35-f94e-48e5-b4eb-bf54318c91b3_fr?filename=200426-sustainable-finance-teg-statement-recovery_fr.pdf
Technical Expert Group on Sustainable Finance Setup to Help Implement Measures in the European Commission's Action Plan on Financing Sustainable Growth,https://finance.ec.europa.eu/document/download/065d5a35-f94e-48e5-b4eb-bf54318c91b3_it?filename=200426-sustainable-finance-teg-statement-recovery_it.pdf
Technical Expert Group on Sustainable Finance Setup to Help Implement Measures in the European Commission's Action Plan on Financing Sustainable Growth,https://finance.ec.europa.eu/document/download/9101b639-ebe5-413e-9c86-3e291722899e_en?filename=200309-sustainable-finance-teg-final-report-taxonomy_en.pdf
Technical Expert Group on Sustainable Finance Setup to Help Implement Measures in the European Commission's Action Plan on Financing Sustainable Growth,https://finance.ec.europa.eu/document/download/329ca214-8dbd-49c2-8cc4-1aa52301d66d_en?filename=200309-sustainable-finance-teg-final-report-taxonomy-annexes_en.pdf
Technical Expert Group on Sustainable Finance Setup to Help Implement Measures in the European Commission's Action Plan on Financing Sustainable Growth,https://finance.ec.europa.eu/document/download/491464eb-8ef9-42f3-a514-56fc83bf194e_en?filename=200309-sustainable-finance-teg-green-bond-standard-usability-guide_en.pdf
Technical Expert Group on Sustainable Finance Setup to Help Implement Measures in the European Commission's Action Plan on Financing Sustainable Growth,https://finance.ec.europa.eu/document/download/7de76bb6-18ec-4df1-80ed-f39fa1b81d0a_en?filename=sustainable-finance-teg-subgroup-benchmarks-progress-report_en.pdf
Technical Expert Group on Sustainable Finance Setup to Help Implement Measures in the European Commission's Action Plan on Financing Sustainable Growth,https://finance.ec.europa.eu/document/download/3392d7a6-2784-44ce-bb21-9f4d577ecf51_en?filename=sustainable-finance-teg-subgroup-gbs-progress-report_en.pdf
Technical Expert Group on Sustainable Finance Setup to Help Implement Measures in the European Commission's Action Plan on Financing Sustainable Growth,https://finance.ec.europa.eu/document/download/d8051810-16b7-467a-badb-9aa5c6b80fbd_en?filename=sustainable-finance-teg-subgroup-taxonomy-progress-report_en.pdf
Technical Expert Group on Sustainable Finance Setup to Help Implement Measures in the European Commission's Action Plan on Financing Sustainable Growth,https://finance.ec.europa.eu/document/download/149d1c1e-f72f-4ed8-817e-3f104a0bcec3_en?filename=sustainable-finance-taxonomy-spotlight_en.pdf
Technical Expert Group on Sustainable Finance Setup to Help Implement Measures in the European Commission's Action Plan on Financing Sustainable Growth,https://finance.ec.europa.eu/document/download/c148fa16-f58c-4b9c-9f99-f5077d9870f4_en?filename=sustainable-finance-teg-outreach-plans_en.pdf
Technical Expert Group on Sustainable Finance Setup to Help Implement Measures in the European Commission's Action Plan on Financing Sustainable Growth,https://finance.ec.europa.eu/document/download/09e380aa-c472-4290-b6e9-0e105ea18839_en?filename=180730-sustainable-finance-teg-statement_en.pdf
Technical Expert Group on Sustainable Finance Setup to Help Implement Measures in the European Commission's Action Plan on Financing Sustainable Growth,https://finance.ec.europa.eu/document/download/7df9385c-a5a4-4fb2-95f7-c31c83d31cce_en?filename=180613-sustainable-finance-press-release_en.pdf
Technical Expert Group on Sustainable Finance Setup to Help Implement Measures in the European Commission's Action Plan on Financing Sustainable Growth,https://finance.ec.europa.eu/document/download/68ad091b-f6ff-4de9-bc4a-1abd31abaa30_en?filename=sustainable-finance-teg-members_en.pdf
Technical Expert Group on Sustainable Finance Setup to Help Implement Measures in the European Commission's Action Plan on Financing Sustainable Growth,https://finance.ec.europa.eu/document/download/7c5ea78a-dc53-428c-ae80-2e44a6ff252d_en?filename=sustainable-finance-teg-frequently-asked-questions_en.pdf
Johannesburg Stock Exchange's Guidances on Sustainability and Climate Disclosure,https://www.jse.co.za/form/sustainability-page-webform?url=https://www.jse.co.za/sites/default/files/media/documents//JSE%20Sustainability%20Disclosure%20Guidance%20June%202022.pdf
Johannesburg Stock Exchange's Guidances on Sustainability and Climate Disclosure,https://www.jse.co.za/form/sustainability-page-webform?url=https://www.jse.co.za/sites/default/files/media/documents//JSE%20Climate%20Disclosure%20Guidance_June%202022.pdf
Johannesburg Stock Exchange's Guidances on Sustainability and Climate Disclosure,https://www.jse.co.za/sites/default/files/media/documents/sustainability/PGM%201.0%20-%20ESG%20Exchange%20-%20Event%20Outline%2020220609.pdf
Johannesburg Stock Exchange's Guidances on Sustainability and Climate Disclosure,https://www.jse.co.za/sites/default/files/media/documents/jse-contact-list/JSE%20Contact%20List%202023.pdf
ACPR Recommendations for French Banking Institutions about Governance and Management of Climate-related Risks,https://acpr.banque-france.fr/sites/default/files/medias/documents/20200525_synthese_gouvernance_anglais.pdf
Discussion paper on ‘Climate Change and Principle-based Taxonomy’,https://www.bnm.gov.my/documents/20124/761679/Climate+Change+and+Principle-based+Taxonomy_Discussion+Paper.pdf/459228e8-d4ac-e8f4-e8da-33cda15bb76f?t=1578628525516
European Central Bank’s Corporate Sector Purchase Programme (CSPP) moves toward green assets,https://www.ecb.europa.eu/press/pr/date/2022/html/ecb.pr220704_annex~cb39c2dcbb.en.pdf
TCFD Guidance 2.0,https://tcfd-consortium.jp/pdf/en/news/20081201/TCFD%20Guidance%202_0_2_e.pdf
TCFD Guidance 2.0,https://tcfd-consortium.jp/pdf/en/news/20081201/TCFD_Guidance_2_0_Case_examples-e.pdf
TCFD Guidance 2.0,https://tcfd-consortium.jp/pdf/en/news/20081201/TCFD%20Guidance%202_0_summary_2_e.pdf
TCFD Guidance 2.0,https://tcfd-consortium.jp/pdf/en/news/20081201/TCFD_Guidance_2_0_message-e.pdf
Sustainable Finance Framework (Circular No. 1085) for banks,https://www.bsp.gov.ph/About%20the%20Bank/Strategic%20Communication%20Framework%20of%20the%20BSP.pdf
Sustainable Finance Framework (Circular No. 1085) for banks,https://www.bsp.gov.ph/About%20the%20Bank/BSP+Org+Structure.pdf
Sustainable Finance Framework (Circular No. 1085) for banks,https://www.bsp.gov.ph/PaymentAndSettlement/PhilPaSSParticipants.pdf
Sustainable Finance Framework (Circular No. 1085) for banks,https://www.bsp.gov.ph/Lists/Directories/Attachments/18/BDA.pdf
Sustainable Finance Framework (Circular No. 1085) for banks,https://www.bsp.gov.ph/Consumer%20Corner/1-FSF%20Advisory%20on%20Bank%20Deposits.pdf
Sustainable Finance Framework (Circular No. 1085) for banks,https://www.bsp.gov.ph/Consumer%20Corner/2-FSF%20Advisory%20on%20Practical%20Reminders...pdf
Sustainable Finance Framework (Circular No. 1085) for banks,https://www.bsp.gov.ph/Consumer%20Corner/3-Gusto%20mo%20bang%20mag-invest.pdf
Sustainable Finance Framework (Circular No. 1085) for banks,https://www.bsp.gov.ph/Consumer%20Corner/4-Online%20Banking%202021.pdf
Sustainable Finance Framework (Circular No. 1085) for banks,https://www.bsp.gov.ph/Consumer%20Corner/5-ATM_English_REVISED.pdf
Canadian Net-Zero Emissions Accountability Act (Bill C-12),https://parl.ca/Content/Bills/432/Government/C-12/C-12_1/C-12_1.PDF
New Zealand Mandatory TCFD Reporting,https://legislation.govt.nz/bill/government/2021/0030/latest/096be8ed81b52623.pdf
Consultation on mandatory climate risk governance and TCFD reporting requirements for pension funds,https://assets.publishing.service.gov.uk/media/5f45263ed3bf7f69a9d62658/tcfd-taking-action-on-climate-risk.pdf
Consultation on mandatory climate risk governance and TCFD reporting requirements for pension funds,https://assets.publishing.service.gov.uk/media/5f45263ed3bf7f69a9d62658/tcfd-taking-action-on-climate-risk.pdf
Consultation on mandatory climate risk governance and TCFD reporting requirements for pension funds,https://assets.publishing.service.gov.uk/media/5f465327d3bf7f3d62ae264e/impact-assessment-consultation-climate-change_risk.pdf
Consultation on mandatory climate risk governance and TCFD reporting requirements for pension funds,https://assets.publishing.service.gov.uk/media/5f465327d3bf7f3d62ae264e/impact-assessment-consultation-climate-change_risk.pdf
Cross-Agency Steering Group’s Strategic Plan to Strengthen Hong Kong’s Financial Ecosystem to Support a Greener and More Sustainable Future,https://www.hkma.gov.hk/media/eng/doc/key-information/press-release/2020/20201217e4a1.pdf
Cross-Agency Steering Group’s Strategic Plan to Strengthen Hong Kong’s Financial Ecosystem to Support a Greener and More Sustainable Future,https://www.hkma.gov.hk/media/eng/doc/key-information/press-release/2020/20201217e4a2.pdf
Sustainable Finance Guidelines,"https://www.sif.admin.ch/dam/sif/en/dokumente/finanzmarktpolitik/Nachhaltigkeit/bericht_sust_finance.pdf.download.pdf/Report%20Sustainable%20finance%20in%20Switzerland%20-%20Areas%20for%20action%20for%20a%20leading%20sustainable%20financial%20centre,%202022%E2%80%932025.pdf"
Sustainable Finance Guidelines,https://www.sif.admin.ch/dam/sif/en/dokumente/finanzmarktpolitik/Nachhaltigkeit/empfehlungen_tcfd.pdf.download.pdf/TCFD%20EN.pdf
Sustainable Finance Guidelines,https://www.sif.admin.ch/dam/sif/en/dokumente/Publicationen/10_jahre_sif.pdf.download.pdf/factsheet-10-years-SIF.pdf
Swiss Federal Council fleshes out proposals for sustainable Swiss financial centre,https://www.sif.admin.ch/dam/sif/en/dokumente/Publicationen/10_jahre_sif.pdf.download.pdf/factsheet-10-years-SIF.pdf
Japan’s Green Growth Strategy,https://www.meti.go.jp/press/2020/12/20201225012/20201225012-1.pdf
Japan’s Green Growth Strategy,https://www.meti.go.jp/press/2020/12/20201225012/20201225012-2.pdf
Japan’s Green Growth Strategy,https://www.meti.go.jp/press/2020/12/20201225012/20201225012-4.pdf
Japan’s Green Growth Strategy,https://www.meti.go.jp/press/2020/12/20201225012/20201225012-5.pdf
Japan’s Green Growth Strategy,https://www.meti.go.jp/press/2020/12/20201225012/20201225012-4.pdf
Japan’s Green Growth Strategy,https://www.meti.go.jp/press/2020/12/20201225012/20201225012-5.pdf
Climate Innovation Finance Strategy 2020,https://www.meti.go.jp/english/press/2020/pdf/0916_001a.pdf
Climate Innovation Finance Strategy 2020,https://www.meti.go.jp/english/press/2020/pdf/0916_001b.pdf
Climate Innovation Finance Strategy 2020,https://www.meti.go.jp/english/press/2020/pdf/0916_001c.pdf
A Framework for Assessing Financial Impacts of Physical Climate Change,https://www.bankofengland.co.uk/-/media/boe/files/prudential-regulation/publication/2019/a-framework-for-assessing-financial-impacts-of-physical-climate-change.pdf#page=5
A Framework for Assessing Financial Impacts of Physical Climate Change,https://www.bankofengland.co.uk/-/media/boe/files/prudential-regulation/publication/2019/a-framework-for-assessing-financial-impacts-of-physical-climate-change.pdf#page=6
A Framework for Assessing Financial Impacts of Physical Climate Change,https://www.bankofengland.co.uk/-/media/boe/files/prudential-regulation/publication/2019/a-framework-for-assessing-financial-impacts-of-physical-climate-change.pdf#page=7
A Framework for Assessing Financial Impacts of Physical Climate Change,https://www.bankofengland.co.uk/-/media/boe/files/prudential-regulation/publication/2019/a-framework-for-assessing-financial-impacts-of-physical-climate-change.pdf#page=10
A Framework for Assessing Financial Impacts of Physical Climate Change,https://www.bankofengland.co.uk/-/media/boe/files/prudential-regulation/publication/2019/a-framework-for-assessing-financial-impacts-of-physical-climate-change.pdf#page=27
A Framework for Assessing Financial Impacts of Physical Climate Change,https://www.bankofengland.co.uk/-/media/boe/files/prudential-regulation/publication/2019/a-framework-for-assessing-financial-impacts-of-physical-climate-change.pdf#page=34
A Framework for Assessing Financial Impacts of Physical Climate Change,https://www.bankofengland.co.uk/-/media/boe/files/prudential-regulation/publication/2019/a-framework-for-assessing-financial-impacts-of-physical-climate-change.pdf#page=75
A Framework for Assessing Financial Impacts of Physical Climate Change,https://www.bankofengland.co.uk/-/media/boe/files/prudential-regulation/publication/2019/a-framework-for-assessing-financial-impacts-of-physical-climate-change.pdf
General Insurance Stress Tests (GIST) Cover Natural Catastrophe Scenarios and Climate Change Risks,https://www.bankofengland.co.uk/-/media/boe/files/prudential-regulation/letter/2019/insurance-stress-test-2019.pdf
General Insurance Stress Tests (GIST) Cover Natural Catastrophe Scenarios and Climate Change Risks,https://www.bankofengland.co.uk/-/media/boe/files/prudential-regulation/letter/2019/life-insurance-stress-test-2019-scenario-specification-guidelines-and-instructions.pdf
General Insurance Stress Tests (GIST) Cover Natural Catastrophe Scenarios and Climate Change Risks,https://www.bankofengland.co.uk/-/media/boe/files/prudential-regulation/letter/2019/general-insurance-stress-test-2019-scenario-specification-guidelines-and-instructions.pdf
"Reserve Bank of India Guidelines on Lending to Priority Sectors, Including Renewable Energy",https://rbidocs.rbi.org.in/rdocs/notification/PDFs/NT393B81B166B6EA476BB2D1BF9AF0946AC0.PDF
"Reserve Bank of India Guidelines on Lending to Priority Sectors, Including Renewable Energy",https://rbidocs.rbi.org.in/rdocs/content/pdfs/Utkarsh30122022.pdf
The Climate Risk and Resilience Working Group of the United States' National Association of Insurance Commissioners,https://www.naic.org/documents/committees_cmtelist.pdf
Financial Stability Review - Greening the Financial System,https://www.greenfinanceplatform.org/sites/default/files/downloads/resource//financial_stability_review.pdf
Hungary Credit Institutions to Establish Environmental Risk Management Systems,https://www.mnb.hu/letoltes/green-finance-in-hungary-consultation-paper.pdf
The Bank of Canada Announced a Multi-Year Research Initiative on Climate-Related Risks in its 2019 Financial System Review,https://www.bankofcanada.ca/wp-content/uploads/2019/05/Financial-System-Review%E2%80%942019-Bank-of-Canada.pdf
The Bank of Canada Announced a Multi-Year Research Initiative on Climate-Related Risks in its 2019 Financial System Review,https://www.bankofcanada.ca/wp-content/uploads/2017/06/fsr-june17-macdonald.pdf
The Bank of Canada Announced a Multi-Year Research Initiative on Climate-Related Risks in its 2019 Financial System Review,https://www.bankofcanada.ca/wp-content/uploads/2015/12/fsr-december2015-cateau.pdf
The Bank of Canada Announced a Multi-Year Research Initiative on Climate-Related Risks in its 2019 Financial System Review,https://fin.gc.ca/activty/G7/pdf/G7-cyber-risk-management-gestion-risques-cybernetiques-eng.pdf
The Bank of Canada Announced a Multi-Year Research Initiative on Climate-Related Risks in its 2019 Financial System Review,https://www.federalreserve.gov/publications/files/financial-stability-report-201905.pdf
The Bank of Canada Announced a Multi-Year Research Initiative on Climate-Related Risks in its 2019 Financial System Review,http://assets.ibc.ca/Documents/Facts%20Book/Facts_Book/2018/IBC-Fact-Book-2018.pdf
The Bank of Canada Announced a Multi-Year Research Initiative on Climate-Related Risks in its 2019 Financial System Review,https://www.securities-administrators.ca/uploadedFiles/Industry_Resources/2019mars14-21-402-doc-cons-en.pdf
The Bank of Canada Announced a Multi-Year Research Initiative on Climate-Related Risks in its 2019 Financial System Review,https://www.bankofcanada.ca/wp-content/uploads/2016/10/cfif-survey-overview-031016.pdf
The Bank of Canada Announced a Multi-Year Research Initiative on Climate-Related Risks in its 2019 Financial System Review,https://www.bankofcanada.ca/wp-content/uploads/2017/06/fsr-june17-macdonald.pdf
Expert Panel on Sustainable Finance,https://www.fsa.go.jp/en/news/2020/20201225-2/1.pdf
Expert Panel on Sustainable Finance,https://www.fsa.go.jp/en/refer/legislation/legislation.pdf
The United Kingdom's Climate Financial Risk Forum,https://www.fca.org.uk/publication/corporate/cfrf-scenario-analysis-2023-learning-bienennial-exploratory-scenario-cbes.pdf
The United Kingdom's Climate Financial Risk Forum,https://www.fca.org.uk/publication/corporate/cfrf-guide-2023-scenario-analysis-guide-asset-managers.pdf
The United Kingdom's Climate Financial Risk Forum,https://www.fca.org.uk/publication/corporate/cfrf-climate-data-webinars-2023.pdf
The United Kingdom's Climate Financial Risk Forum,https://www.fca.org.uk/publication/corporate/cfrf-guide-2023-climate-disclosures-dashboard.pdf
The United Kingdom's Climate Financial Risk Forum,https://www.fca.org.uk/publication/corporate/cfrf-guide-2022-ddm-wg-framework-and-metrics-relating-green-transition.pdf
The United Kingdom's Climate Financial Risk Forum,https://www.fca.org.uk/publication/corporate/cfrf-guide-2022-transition-net-zero-mobilise-investment-climate-solutions.pdf.pdf
The United Kingdom's Climate Financial Risk Forum,https://www.fca.org.uk/publication/corporate/cfrf-guide-2022-transition-net-zero-managing-legal-risks.pdf
The United Kingdom's Climate Financial Risk Forum,https://www.fca.org.uk/publication/corporate/cfrf-guide-2022-transition-net-zero-carbon-budget-primer-financial-institutions.pdf
The United Kingdom's Climate Financial Risk Forum,https://www.fca.org.uk/publication/corporate/cfrf-guide-2022-scenario-analysis-physical-risk-underwriting-guide.pdf.pdf
The United Kingdom's Climate Financial Risk Forum,https://www.fca.org.uk/publication/corporate/cfrf-guide-2022-scenario-analysis-banking-guide.pdf
The United Kingdom's Climate Financial Risk Forum,https://www.fca.org.uk/publication/corporate/cfrf-guide-2022-scenario-analysis-in-financial-firms.pdf
The United Kingdom's Climate Financial Risk Forum,https://www.fca.org.uk/publication/corporate/cfrf-guide-2022-scenario-analysis-working-group-climate-litigation-risk-chapter.pdf
The United Kingdom's Climate Financial Risk Forum,https://www.fca.org.uk/publication/corporate/climate-financial-risk-forum-guide-2021-appetite-statements.pdf
The United Kingdom's Climate Financial Risk Forum,https://www.fca.org.uk/publication/corporate/climate-financial-risk-forum-guide-2021-risk-managment-use-cases.pdf
The United Kingdom's Climate Financial Risk Forum,https://www.fca.org.uk/publication/corporate/climate-financial-risk-forum-guide-2021-climate-risk-training.pdf
The United Kingdom's Climate Financial Risk Forum,https://www.fca.org.uk/publication/corporate/climate-financial-risk-forum-guide-2021-scenario-analysis.pdf
The United Kingdom's Climate Financial Risk Forum,https://www.fca.org.uk/publication/corporate/climate-financial-risk-forum-guide-2021-case-studies.pdf
The United Kingdom's Climate Financial Risk Forum,https://www.fca.org.uk/publication/corporate/climate-financial-risk-forum-guide-2021-disclosures-legal-risk.pdf
The United Kingdom's Climate Financial Risk Forum,https://www.fca.org.uk/publication/corporate/climate-financial-risk-forum-guide-2021-innovation.pdf
TCFD Consortium of Japan,https://tcfd-consortium.jp/pdf/about/2021_TCFD_Implementing_Guidance_2110_jp.pdf
TCFD Consortium of Japan,https://tcfd-consortium.jp/pdf/about/2021_TCFD_Metric_Guidance_2110_jp.pdf
TCFD Consortium of Japan,https://tcfd-consortium.jp/pdf/about/TCFDguide_3rd_EN.pdf
The United Kingdom's Green Finance Strategy,https://www.greenfinanceplatform.org/sites/default/files/downloads/policy-database//Green%20Finance%20Strategy-%20Transforming%20Finance%20for%20a%20Greener%20Future.pdf
The United Kingdom's Green Finance Strategy,https://www.greenfinanceplatform.org/sites/default/files/downloads/policy-database//Green%20Finance%20Strategy-%20Transforming%20Finance%20for%20a%20Greener%20Future.pdf
ESMA Technical Advice on Sustainability Considerations in the Credit Rating Market and ESMA Final Guidelines on Disclosure Requirements Applicable to Credit Ratings,https://www.esma.europa.eu/sites/default/files/library/esma33-9-321_technical_advice_on_sustainability_considerations_in_the_credit_rating_market.pdf
ESMA Technical Advice on Sustainability Considerations in the Credit Rating Market and ESMA Final Guidelines on Disclosure Requirements Applicable to Credit Ratings,https://www.esma.europa.eu/sites/default/files/library/esma33-9-320_final_report_guidelines_on_disclosure_requirements_applicable_to_credit_rating_agencies.pdf
ESMA Technical Advice on Sustainability Considerations in the Credit Rating Market and ESMA Final Guidelines on Disclosure Requirements Applicable to Credit Ratings,https://www.esma.europa.eu/sites/default/files/library/esma71-99-1199_press_release_for_cra_sustainability.pdf
ESMA Technical Advice on Sustainability Considerations in the Credit Rating Market and ESMA Final Guidelines on Disclosure Requirements Applicable to Credit Ratings,https://www.esma.europa.eu/sites/default/files/library/esma33-9-321_technical_advice_on_sustainability_considerations_in_the_credit_rating_market.pdf
ESMA Technical Advice on Sustainability Considerations in the Credit Rating Market and ESMA Final Guidelines on Disclosure Requirements Applicable to Credit Ratings,https://www.esma.europa.eu/sites/default/files/library/esma33-9-320_final_report_guidelines_on_disclosure_requirements_applicable_to_credit_rating_agencies.pdf
French Banking Groups Facing Climate Change-Related Risks,https://acpr.banque-france.fr/sites/default/files/medias/documents/as_101_climate_risk_banks_en.pdf
French Banking Groups Facing Climate Change-Related Risks,https://acpr.banque-france.fr/sites/default/files/medias/documents/as_101_climate_risk_banks_en.pdf#page=4
French Banking Groups Facing Climate Change-Related Risks,https://acpr.banque-france.fr/sites/default/files/medias/documents/as_101_climate_risk_banks_en.pdf
French Banking Groups Facing Climate Change-Related Risks,https://acpr.banque-france.fr/sites/default/files/medias/documents/as_101_climate_risk_banks_en.pdf
French Banking Groups Facing Climate Change-Related Risks,https://acpr.banque-france.fr/sites/default/files/medias/documents/as_101_climate_risk_banks_en.pdf
French Banking Groups Facing Climate Change-Related Risks,https://acpr.banque-france.fr/sites/default/files/medias/documents/as_101_climate_risk_banks_en.pdf
European Commission Draft Rules Aim to Ensure That Investment Firms and Insurance Distributors Consider Sustainability When Advising Clients,https://ec.europa.eu/commission/presscorner/api/files/document/print/en/mex_19_101/MEX_19_101_EN.pdf
Hong Kong Green Bond,https://www.climatebonds.net/files/reports/hk_briefing_cbi_hkma_final_25feb2019.pdf
European Parliament legislative resolution of 18 April 2019 on the proposal for a regulation of the European Parliament and of the Council on disclosures relating to sustainable investments and sustainability risks and amending Directive (EU) 2016/2341,https://www.europarl.europa.eu/doceo/document/TA-8-2019-0435_EN.pdf
Roadmap for Aligning the Moroccan Financial Sector with Sustainable Development,https://www.bkam.ma/en/content/download/462869/3754811/Feuille+de+route+pour+l'alignement+du+secteur+financier+avec+le+developpement+durbale-ANG_finale.pdf
New Investment Guidelines for Sweden’s Pension Fund Include Higher Ambition Level on Sustainability,http://www.ap3.se/wp-content/uploads/2019/01/AP-Funds-common-core-values-for-managing-funds.pdf
New Investment Guidelines for Sweden’s Pension Fund Include Higher Ambition Level on Sustainability,http://www.ap3.se/wp-content/uploads/2019/01/AP-Funds-common-guidelines-reporting-on-how-the-objective-has-been-achieved.pdf
New Investment Guidelines for Sweden’s Pension Fund Include Higher Ambition Level on Sustainability,http://www.ap3.se/wp-content/uploads/2019/01/AP-Funds-common-guidelines-assets-should-not-be-invested-in.pdf
Morocco's Sustainable Insurance Strategy,https://www.greenfinanceplatform.org/sites/default/files/downloads/resource//sustainable%20insurance.pdf
BaFin Perspectives Special Study on Sustainability Issues,https://www.bafin.de/SharedDocs/Downloads/EN/BaFinPerspektiven/2019/bp_19-2_sustainable_finance_en.pdf?__blob=publicationFile&v=2
EU Sub-group on ESG Disclosures for Insurance-Based Investment Products,https://www.europarl.europa.eu/doceo/document/TA-8-2019-0435_EN.pdf
The Central Bank of Hungary’s Green Program,https://www.mnb.hu/letoltes/green-recommendation-vol2-no-10-2022-viii2.pdf
The Central Bank of Hungary’s Green Program,https://www.mnb.hu/letoltes/20220718-green-finance-report-2022-3.pdf
The Central Bank of Hungary’s Green Program,https://www.mnb.hu/letoltes/tcfd-jelente-s-2022-en.pdf
The Central Bank of Hungary’s Green Program,https://www.mnb.hu/letoltes/recommendations-report-deloitte-sustainable-capital-market.pdf
The Central Bank of Hungary’s Green Program,https://www.mnb.hu/letoltes/stress-test-main-results-en-09-12-21.pdf
The Central Bank of Hungary’s Green Program,https://www.mnb.hu/letoltes/preferential-capital-requirements-for-green-corporate-and-municipal-financing-summary.pdf
The Central Bank of Hungary’s Green Program,https://www.mnb.hu/letoltes/sustainability-and-central-bank-policy-green-aspects-of-the-magyar-nemzeti-bank-s-monetary-policy-toolkit.pdf
The Central Bank of Hungary’s Green Program,https://www.mnb.hu/letoltes/mnb-reflections-on-mainstreaming-the-transition-to-a-net-zero-economy.pdf
The Central Bank of Hungary’s Green Program,https://www.mnb.hu/letoltes/zold-ajanlas-en.pdf
The Central Bank of Hungary’s Green Program,https://www.mnb.hu/letoltes/20210303-zold-penzugyi-jelentes-angol.pdf
The Central Bank of Hungary’s Green Program,https://mnb.hu/letoltes/20210121-financing-the-hungarian-renewable-energy-sector.pdf
The Central Bank of Hungary’s Green Program,https://www.mnb.hu/letoltes/opportunities-for-jump-starting-the-green-bond-market-in-hungary.pdf
The Central Bank of Hungary’s Green Program,https://www.mnb.hu//letoltes/notice-preferential-green-capital-requirement.pdf
The Central Bank of Hungary’s Green Program,https://www.mnb.hu/letoltes/green-retail-lending-in-hungary.pdf
The Central Bank of Hungary’s Green Program,https://www.mnb.hu/letoltes/green-finance-in-hungary-consultation-paper.pdf
The Central Bank of Hungary’s Green Program,https://www.mnb.hu/letoltes/mnb-green-program-en.pdf
The Central Bank of Hungary’s Green Program,https://mnb.hu/letoltes/2022-green-finance-conference-agenda-honlapra.pdf
The Central Bank of Hungary’s Green Program,https://mnb.hu/letoltes/green-finance-conference-preliminary-agenda.pdf
The Central Bank of Hungary’s Green Program,https://www.mnb.hu/letoltes/agenda-green-conference-12-october.pdf
The Central Bank of Hungary’s Green Program,https://www.mnb.hu/letoltes/green-finance-conference-presentations.pdf
Singapore's Green Investments Programme,https://www.mas.gov.sg/-/media/mas/news/media-releases/2019/infographic-on-mas-green-finance-initiatives.pdf
Singapore's Green Finance Action Plan,https://www.mas.gov.sg/-/media/mas-media-library/development/sustainable-finance/finz-action-plan-infographic-fa.pdf
Review of Issuers' Disclosure of Climate-Related Risks and Financial Impacts (CSA Staff Notice 51-354),https://www.osc.ca/sites/default/files/pdfs/irps/csa_20180405_climate-change-related-disclosure-project.pdf
The Reserve Bank of Australia's Deputy Governor Calls for Incorporating Climate Models in Economic Modelling,https://www.rba.gov.au/speeches/2019/pdf/sp-dg-2019-03-12.pdf
The Reserve Bank of Australia's Deputy Governor Calls for Incorporating Climate Models in Economic Modelling,https://www.rba.gov.au/publications/confs/1994/pdf/gruen-shuetrim.pdf
"Environmental, Social, and Governance (ESG) Disclosure Requirements Included in Amendment to the United Kingdom's Occupational Pension Schemes Regulation",https://www.legislation.gov.uk/uksi/2019/982/pdfs/uksi_20190982_en.pdf
"Environmental, Social, and Governance (ESG) Disclosure Requirements Included in Amendment to the United Kingdom's Occupational Pension Schemes Regulation",https://www.legislation.gov.uk/uksi/2019/982/contents/made/data.pdf
"Environmental, Social, and Governance (ESG) Disclosure Requirements Included in Amendment to the United Kingdom's Occupational Pension Schemes Regulation",https://www.legislation.gov.uk/uksi/2019/982/made/data.pdf
Green Bond Grant Scheme,http://gia.info.gov.hk/general/201806/15/P2018061500373_286122_1_1529034245441.pdf
Green Bond Grant Scheme,http://gia.info.gov.hk/general/201806/15/P2018061500373_286122_1_1529034245441.pdf
Green Bond Grant Scheme,http://gia.info.gov.hk/general/201806/15/P2018061500373_286122_1_1529034245441.pdf
Green Bond Grant Scheme,http://gia.info.gov.hk/general/201806/15/P2018061500373_286122_1_1529034245441.pdf
"Nasdaq Copenhagen's Environmental, Social, and Governance (ESG) Data Portal",https://www.nasdaq.com/docs/2019/11/26/2019-ESG-Reporting-Guide.pdf
"Nasdaq Copenhagen's Environmental, Social, and Governance (ESG) Data Portal",https://www.nasdaq.com/docs/2020/04/02/ESG%20Data%20Portal%20Investor.pdf
Sustainable Finance Protocol,https://s26.q4cdn.com/426641508/files/doc_downloads/Nahila-Supervielle-Covid.pdf
Sustainable Finance Protocol,https://s26.q4cdn.com/426641508/files/doc_downloads/Nahila-Supervielle-Covid.pdf
Sustainable Finance Protocol,https://s26.q4cdn.com/426641508/files/doc_downloads/Nahila-Supervielle-Covid.pdf
Warsaw Stock Exchange ESG Index,https://gpwbenchmark.pl/pub/BENCHMARK/files/PDF/opis_indeksow/IndicesGPWB_0923.pdf
Australian Sustainable Finance Initiative,https://www.asfi.org.au/s/ASFI-Privacy-Policy-January-2023.pdf
Green Finance Network Japan,https://www.jpx.co.jp/english/equities/products/tpbm/green-and-social-bonds/b5b4pj00000247t6-att/fa_180629.pdf
Italy Introduces Regulation that Highlights the Importance of Environmental and Social Factors in Insurance Undertakings (No. 38/2018),https://www.ivass.it/normativa/nazionale/secondaria-ivass/regolamenti/2018/n38/Relazione_regolamento_38_2018.pdf?language_id=3
Italy Introduces Regulation that Highlights the Importance of Environmental and Social Factors in Insurance Undertakings (No. 38/2018),https://www.ivass.it/normativa/nazionale/secondaria-ivass/regolamenti/2018/n38/Regolamento_38_2018_All1.pdf?language_id=3
Italy Introduces Regulation that Highlights the Importance of Environmental and Social Factors in Insurance Undertakings (No. 38/2018),https://www.ivass.it/normativa/nazionale/secondaria-ivass/regolamenti/2018/n38/Regolamento_38_2018_All3.pdf?language_id=3
Italy Introduces Regulation that Highlights the Importance of Environmental and Social Factors in Insurance Undertakings (No. 38/2018),https://www.ivass.it/footer/Social_media_policy_IVASS_en.pdf?language_id=3
Guide for Environmental and Social risk management,https://www.bcp.gov.py/userfiles/files/Arancel_Nacional_Vigente_Decreto_6897_22_VII_Enmienda_2022.pdf
Guide for Environmental and Social risk management,https://www.bcp.gov.py/userfiles/files/el_guarani_70.pdf
Guide for Environmental and Social risk management,https://www.bcp.gov.py/userfiles/files/Res_N_8_Acta_N_78_Fecha_22112018.pdf
Belgium has Issued an EUR 4.5 Billion Green Bond,https://www.climatebonds.net/files/files/Sovereign_Briefing2017.pdf
Amendment to Regulation 2016/1011 Introduces a Framework for European Union (EU) Climate Transition and Paris-Aligned Benchmarks,https://www.europarl.europa.eu/doceo/document/TA-8-2019-0237_EN.pdf
The European Commission's Action Plan on Financing Sustainable Growth,http://ec.europa.eu/environment/circular-economy/implementation_report.pdf
The European Commission's Action Plan on Financing Sustainable Growth,https://www.imf.org/external/pubs/ft/sdn/2014/sdn1402.pdf
The European Commission's Action Plan on Financing Sustainable Growth,https://www.imf.org/external/pubs/ft/sdn/2014/sdn1402.pdf
The European Commission's Action Plan on Financing Sustainable Growth,https://www.esrb.europa.eu/pub/pdf/asc/Reports_ASC_6_1602.pdf
The European Commission's Action Plan on Financing Sustainable Growth,https://www.esrb.europa.eu/pub/pdf/asc/Reports_ASC_6_1602.pdf
The National Stock Exchange of Costa Rica Launched Initiatives to Develop the Green Bond Market,https://www.bolsacr.com/sites/default/files/32/spo-bnfondos_informe_final.pdf
Maldives Green Fund,https://www.finance.gov.mv/public/attachments/0d39RfQPOPRjcY27UbcUmiT0EydLbZjrtesE8UKB.pdf
Maldives Green Fund,https://www.finance.gov.mv/public/attachments/0d39RfQPOPRjcY27UbcUmiT0EydLbZjrtesE8UKB.pdf
Maldives Green Fund,https://www.finance.gov.mv/public/attachments/bf5QvBCRR5eeGhcUHQWjDcj6vszvkQ4vENjzl940.pdf
Maldives Green Fund,https://www.finance.gov.mv/public/attachments/14fOHblWPDSteb8AxGnUBO11WFjJrxCk4IDOSyx0.pdf
Maldives Green Fund,https://www.finance.gov.mv/public/attachments/JIOyTFqsvmO9z2Yn56ZM21ol9wwt9nACfow7T1jy.pdf
Maldives Green Fund,https://www.finance.gov.mv/public/attachments/L3P3o5vFufPGXrQIWJzzlLyBisHk8aE0CUqhUxH8.pdf
Maldives Green Fund,https://www.finance.gov.mv/public/attachments/3NIxlgdmWyIVwgWI2wrBHBXTsw5SqgSImgd4KPHP.pdf
Maldives Green Fund,https://www.finance.gov.mv/public/attachments/DZ8OSrjbphIojojKlBFD2SUOzMnl2tTv8vcFchLz.pdf
Maldives Green Fund,https://www.finance.gov.mv/public/attachments/e5SAHTR00qgZgSvEg5mIntexECN1zUccxHbJV02Z.pdf
Maldives Green Fund,https://www.finance.gov.mv/public/attachments/Kip8CsTdikD6lmaCw5oH9tujgWeEm6kIkJkebbLG.pdf
Maldives Green Fund,https://www.finance.gov.mv/public/attachments/cH2WI3sOOT4u5XCp1wpUlPJ9vkRrRp3mlQ0VbftY.pdf
Maldives Green Fund,https://www.finance.gov.mv/public/attachments/vg6NGDEW4YmsMXzKOd7hpzfwLqXQyvnQanurL1K5.pdf
Maldives Green Fund,https://www.finance.gov.mv/public/attachments/GawqL8QIpXXqO80CfJocXla8Hbki1dpKtWmq0asS.pdf
Maldives Green Fund,https://www.finance.gov.mv/public/attachments/Cvg5gBuqyYIvkMS20SWOvuSFCG9zjJuIH25fab7u.pdf
Maldives Green Fund,https://www.finance.gov.mv/public/attachments/VBxvTXfPSCyRKtTCA7XluTsiQENzYmrtOSsYGxWG.pdf
Maldives Green Fund,https://www.finance.gov.mv/public/attachments/NFVt8jAuFddcdrwOLRai6DwglKrnxBytEuh67HpG.pdf
Maldives Green Fund,https://www.finance.gov.mv/public/attachments/3JptyiL9fdpL1Jg6DUTXBorHZWNLao6I5E7e4UMy.pdf
Maldives Green Fund,https://www.finance.gov.mv/public/attachments/a93QzAzNwAedW0Ithq4iurCsZuXFZqicQettpG8S.pdf
Maldives Green Fund,https://www.finance.gov.mv/public/attachments/odoMcrkCEQxBDlBjzM5pdjBd3hVo56QQTh8zRD7P.pdf
Maldives Green Fund,https://www.finance.gov.mv/public/attachments/RsLW6dnCRTFUvuNUnJKQEaVLlgHuSQppO8a9MGJC.pdf
Maldives Green Fund,https://www.finance.gov.mv/public/attachments/UkOBSO0SnQuj3g2C7fOz9YRZhplOsLZj5GSnV8a4.pdf
Maldives Green Fund,https://www.finance.gov.mv/public/attachments/q0uLXSXGtl5pDgYKXMA9jST9wu692RhYIbAO710E.pdf
Maldives Green Fund,https://www.finance.gov.mv/public/attachments/COakmpNXfZ5EhK1pTzS08F1egFBFARvJgOgsU5h2.pdf
Maldives Green Fund,https://www.finance.gov.mv/public/attachments/uQ5IZYU0cFY6BNwF6pNZFBna40NS8YMCphHNerZx.pdf
Maldives Green Fund,https://www.finance.gov.mv/public/attachments/k3bCDzrIgj9jYUGyLRqWHFZoJmdF7zJsiGNZlQZj.pdf
Maldives Green Fund,https://www.finance.gov.mv/public/attachments/uasy9Y9BM4k2vXaPr1d3FgMyfIsYtIXfdIwh8nF2.pdf
Maldives Green Fund,https://www.finance.gov.mv/public/attachments/CZulKyvyscun4ArkE5cHeaiXBvdlXyg31uR7oArU.pdf
Maldives Green Fund,https://www.finance.gov.mv/public/attachments/8keI75LYqzyq6F8qWEAaOSVeFGgCYLmEtgE376h9.pdf
Maldives Green Fund,https://www.finance.gov.mv/public/attachments/v5d3lKg952N3EfgCCu1dl3LDLfZ4dmSzEshGsCcI.pdf
Maldives Green Fund,https://www.finance.gov.mv/public/attachments/wAIGnW3zEufOVfdeohj18owJQ6Nhg0Je4EDQnVGA.pdf
Maldives Green Fund,https://www.finance.gov.mv/public/attachments/afjgEF54TRIRUm9Ddbfnllb6mRIP3wxJc7u4JPWr.pdf
Maldives Green Fund,https://www.finance.gov.mv/public/attachments/IDd3IecYxhwLLM7fmFBDK5CuZIEeiSyGlVUASaas.pdf
Maldives Green Fund,https://www.finance.gov.mv/public/attachments/HfUnNnZuLeCVQrXYyzikqEnO6fnLLAdPzqClvJaC.pdf
Maldives Green Fund,https://www.finance.gov.mv/public/attachments/wV2KK7P7l0AankA8zXDYx44aLWZGffoWg0kviRPw.pdf
Maldives Green Fund,https://www.finance.gov.mv/public/attachments/EggCSAh8En1EDYjQnti1CN8SEa98En8qNZvXn8kF.pdf
Maldives Green Fund,https://www.finance.gov.mv/public/attachments/uQuCTbo8yo9DxBafOtzmaCKqESLuoiLuyLzDYIWp.pdf
Maldives Green Fund,https://www.finance.gov.mv/public/attachments/yPHXbdMHFvECQqLylbmbSt2eYpEUPCdyWJ5wHvyR.pdf
Maldives Green Fund,https://www.finance.gov.mv/public/attachments/FU0gmyMnMufZjxVMguRLGe1t4BzJOMRcUTr2xZi5.pdf
Maldives Green Fund,https://www.finance.gov.mv/public/attachments/4giFCLpvFuKLmUGliK7ckeES4nWcT8Q3pcC4QAB6.pdf
Maldives Green Fund,https://www.finance.gov.mv/public/attachments/7ssm2fqKI1r91Kvh9n4MI1QD1VeRmSjVk6ohfKcO.pdf
Maldives Green Fund,https://www.finance.gov.mv/public/attachments/ChqhC1KzmBSgdo4FpAX3X8XoobmYPhPr7apaVIDc.pdf
Maldives Green Fund,https://www.finance.gov.mv/public/attachments/JL79HbNE3OYjFVSIyPxgRL5F9z6eF7NOe9M97DGu.pdf
Maldives Green Fund,http://www.finance.gov.mv/public/attachments/fSHZwJTGSQFEbxb7J0znk5kRewbUrfneo9GrIK5c.pdf
Maldives Green Fund,http://www.finance.gov.mv/public/attachments/sr9avXvp1Iq8dZNjCpmxR6ZtEIeC5tPbfsu2z7Xe.pdf
Maldives Green Fund,http://www.finance.gov.mv/public/attachments/ZBOfwanUEO71wsf3nNjQuoUswPvVZL9bmZtYpgki.pdf
Maldives Green Fund,http://www.finance.gov.mv/public/attachments/n4i9DRuXhrWyqsWYhPXPup9IrRoZg9VzZNM1kOwI.pdf
Maldives Green Fund,http://www.finance.gov.mv/public/attachments/8VM4I9zbPuR5LDm0luqExyOQ8Z7UvKvSEA71toUS.pdf
Maldives Green Fund,http://www.finance.gov.mv/public/attachments/cwFuwMJ4kXFU0Ioue4B2sjjDYbJwFRoXUB1UHFCG.pdf
Maldives Green Fund,http://www.finance.gov.mv/public/attachments/8Re89Z0iYG0SQtLZrjOrvhkFPXpse9We9XmEz95u.pdf
Maldives Green Fund,http://www.finance.gov.mv/public/attachments/tlymA2wnLbPTxvlOfpuh7EO0vViL8L5Ya71IVz0J.pdf
Maldives Green Fund,http://www.finance.gov.mv/public/attachments/1vKDeOoMhgsDFV6dfSDxNFsFiEoNFadsbWFKEtzp.pdf
Maldives Green Fund,http://www.finance.gov.mv/public/attachments/0x1D0MMEGdQIlU7Q0ezZtBsTg44UredeUiZHxSti.pdf
Maldives Green Fund,http://www.finance.gov.mv/public/attachments/Q7qn0d0KEd7VNj5iBFhAKjlZOayDrnDyHXEBZ8Nu.pdf
Maldives Green Fund,http://www.finance.gov.mv/public/attachments/3UBsylPJbbBe8HA1MN9W3kQyzNHw2xHnp2ZJKAiO.pdf
Maldives Green Fund,http://www.finance.gov.mv/public/attachments/ds2FDTsmhHRKBWhO9aKvD1Fdxv88DlF6Kyi4f7OU.pdf
Maldives Green Fund,http://www.finance.gov.mv/public/attachments/j5Rtr95iFP3SoARmwAPJJ4I9cJmWDDERJZipxkJ1.pdf
Vienna Stock Exchange’s Green and Social Bonds Platform,https://adtarget.com.tr/adtarget-privacy-policy-2020.pdf
Vienna Stock Exchange’s Green and Social Bonds Platform,https://adtarget.com.tr/adtarget-privacy-policy-2020.pdf
Vienna Stock Exchange’s Green and Social Bonds Platform,https://www.alkimi.org/docs/privacy-notice.pdf
Vienna Stock Exchange’s Green and Social Bonds Platform,https://www.alkimi.org/docs/privacy-notice.pdf
Vienna Stock Exchange’s Green and Social Bonds Platform,https://appush.com/wp-content/uploads/2022/06/Platform-Privacy-Policy-Appush.pdf
Vienna Stock Exchange’s Green and Social Bonds Platform,https://appush.com/wp-content/uploads/2022/06/Platform-Privacy-Policy-Appush.pdf
Vienna Stock Exchange’s Green and Social Bonds Platform,https://public.arcspire.io/privacy.pdf
Vienna Stock Exchange’s Green and Social Bonds Platform,https://public.arcspire.io/privacy.pdf
Vienna Stock Exchange’s Green and Social Bonds Platform,https://www.audio-cc.com/audiocc_privacy_policy.pdf
Vienna Stock Exchange’s Green and Social Bonds Platform,https://www.audio-cc.com/audiocc_privacy_policy.pdf
Vienna Stock Exchange’s Green and Social Bonds Platform,https://en.betweenx.com/pdata.pdf
Vienna Stock Exchange’s Green and Social Bonds Platform,https://en.betweenx.com/pdata.pdf
Vienna Stock Exchange’s Green and Social Bonds Platform,https://www.bidtheatre.com/resource/LIA_ferq.pdf
Vienna Stock Exchange’s Green and Social Bonds Platform,https://collector.brandmetrics.com/brandmetrics_privacypolicy.pdf
Vienna Stock Exchange’s Green and Social Bonds Platform,https://collector.brandmetrics.com/brandmetrics_privacypolicy.pdf
Vienna Stock Exchange’s Green and Social Bonds Platform,https://www.businessclick.com/documents/Privacy_Policy.pdf
Vienna Stock Exchange’s Green and Social Bonds Platform,https://www.businessclick.com/documents/Privacy_Policy.pdf#page=7
Vienna Stock Exchange’s Green and Social Bonds Platform,https://castoola.com/wp-content/uploads/2022/01/castoola_pp_06.01.2022.pdf
Vienna Stock Exchange’s Green and Social Bonds Platform,https://castoola.com/wp-content/uploads/2022/01/castoola_pp_06.01.2022.pdf
Vienna Stock Exchange’s Green and Social Bonds Platform,https://www.cnd-motionmedia.de/media/pdf/datenschutz_b2b.pdf
Vienna Stock Exchange’s Green and Social Bonds Platform,https://www.cnd-motionmedia.de/media/pdf/datenschutz_b2b.pdf
Vienna Stock Exchange’s Green and Social Bonds Platform,https://cdnx.exponential.com/wp-content/uploads/2018/04/Balancing-Assessment-for-Legitimate-Interest-Publishers-v2.pdf
Vienna Stock Exchange’s Green and Social Bonds Platform,https://holid.io/assets/documents/Holid_Privacy_Policy.pdf
Vienna Stock Exchange’s Green and Social Bonds Platform,https://holid.io/assets/documents/Holid_Privacy_Policy.pdf
Vienna Stock Exchange’s Green and Social Bonds Platform,https://cdn.hubvisor.io/assets/policy.pdf
Vienna Stock Exchange’s Green and Social Bonds Platform,https://www.justtag.com/POLITYKA_PRYWATNOSCI.pdf
Vienna Stock Exchange’s Green and Social Bonds Platform,https://www.justtag.com/POLITYKA_PRYWATNOSCI.pdf
Vienna Stock Exchange’s Green and Social Bonds Platform,https://www.marketperf.com/assets/images/app/marketperf/pdf/privacy-policy.pdf
Vienna Stock Exchange’s Green and Social Bonds Platform,https://www.marketperf.com/assets/images/app/marketperf/pdf/privacy-policy.pdf
Vienna Stock Exchange’s Green and Social Bonds Platform,https://www.pinpoll.com/pdf/data-protection-declaration.pdf
Vienna Stock Exchange’s Green and Social Bonds Platform,https://www.pinpoll.com/pdf/data-protection-declaration.pdf
Vienna Stock Exchange’s Green and Social Bonds Platform,https://f.hubspotusercontent40.net/hubfs/2364596/Legal/2021-02-16%20Legitimate%20Interests.pdf
Vienna Stock Exchange’s Green and Social Bonds Platform,https://go.rakutenadvertising.com/hubfs/Services-Privacy-Policy-English.pdf
Vienna Stock Exchange’s Green and Social Bonds Platform,https://roivenue.com/wp-content/uploads/2022/04/Privacy-Policy-Roivenue.pdf
Vienna Stock Exchange’s Green and Social Bonds Platform,https://roivenue.com/wp-content/uploads/2022/04/Privacy-Policy-Roivenue.pdf
Vienna Stock Exchange’s Green and Social Bonds Platform,http://scattered.pl/PrivacyPolicyV1.pdf
Vienna Stock Exchange’s Green and Social Bonds Platform,http://scattered.pl/PrivacyPolicyV1.pdf
Vienna Stock Exchange’s Green and Social Bonds Platform,https://www.smartmeanalytics.com/_next/static/e18aa096eb299626.pdf
Vienna Stock Exchange’s Green and Social Bonds Platform,https://smartframe.io/wp-content/uploads/2023/07/Legitimate-Interest-Assessment.pdf
Vienna Stock Exchange’s Green and Social Bonds Platform,https://synkd.life/privacypolicy.pdf
Vienna Stock Exchange’s Green and Social Bonds Platform,https://synkd.life/privacypolicy.pdf
Vienna Stock Exchange’s Green and Social Bonds Platform,https://vrtcal.com/docs/PrivacyPolicy-Advertising.pdf
Vienna Stock Exchange’s Green and Social Bonds Platform,https://vrtcal.com/docs/PrivacyPolicy-Advertising.pdf
Vienna Stock Exchange’s Green and Social Bonds Platform,https://mobupps.com/pdf/Mobupps_Privacy_policy.pdf
Vienna Stock Exchange’s Green and Social Bonds Platform,https://mobupps.com/pdf/Mobupps_Privacy_policy.pdf
Vienna Stock Exchange’s Green and Social Bonds Platform,https://analights.com/docs/analights-consent-to-the-processing-of-personal-data-en.pdf
Vienna Stock Exchange’s Green and Social Bonds Platform,https://www.wienerborse.at/uploads/u/cms/files/issuers/bonds/rules-vienna-esg-segment.pdf
Vienna Stock Exchange’s Green and Social Bonds Platform,https://www.wienerborse.at/uploads/u/cms/files/issuers/bonds/rules-vienna-esg-segment.pdf
Vienna Stock Exchange’s Green and Social Bonds Platform,https://www.wienerborse.at/uploads/u/cms/files/issuers/bonds/letter-of-commitment-vienna-esg-segment.pdf
Fiji has Issued a USD 50 Million Green Bond,https://www.climatebonds.net/files/files/Sovereign_Briefing2017.pdf
Germany's State of North-Rhine Westphalia has Issued Three Sustainability Bonds,https://www.climatebonds.net/files/files/Sovereign_Briefing2017.pdf
Pilot tests to analyse the climate alignment of financial portfolios,https://www.bafu.admin.ch/dam/bafu/en/dokumente/klima/externe-studien-berichte/pacta-climate-test-switzerland-2022.pdf.download.pdf/PACTA_Climate_Test_Switzerland_2022.pdf
Pilot tests to analyse the climate alignment of financial portfolios,https://www.bafu.admin.ch/dam/bafu/en/dokumente/klima/fachinfo-daten/pacta-test-zusammenfassung-2022.pdf.download.pdf/DEF_EN_Summary_PACTA%20Climate%20Test%20Switzerland_'Aiming%20higher'_Nov%202022.pdf
Pilot tests to analyse the climate alignment of financial portfolios,https://www.bafu.admin.ch/dam/bafu/en/dokumente/klima/externe-studien-berichte/def-bridging-the-gap-pacta-2020-switzerland-november-2020.pdf.download.pdf/DEF_Bridging_the_Gap_PACTA_2020_Switzerland_november_2020.pdf
Pilot tests to analyse the climate alignment of financial portfolios,https://www.bafu.admin.ch/dam/bafu/de/dokumente/klima/externe-studien-berichte/DEF_Bericht%20Immobilienteil%20von%20PACTA%202020_Bridging%20the%20gap_Deutsch_Nov%202020.pdf.download.pdf/DEF_Bericht%20Immobilienteil%20von%20PACTA%202020_Bridging%20the%20gap_Deutsch_Nov%202020.pdf
Pilot tests to analyse the climate alignment of financial portfolios,https://www.bafu.admin.ch/dam/bafu/de/dokumente/klima/fachinfo-daten/bundesrat_2021-11-17_postulat_19-3966.pdf.download.pdf/Bundesrat_2021-11-17_Postulat_19-3966_DE.pdf
Pilot tests to analyse the climate alignment of financial portfolios,https://www.bafu.admin.ch/dam/bafu/de/dokumente/klima/externe-studien-berichte/DEF_Methodenbericht%20zum%20Immobilientool%20BAFU_WP_15.07.2020.pdf.download.pdf/DEF_Methodenbericht%20zum%20Immobilientool%20BAFU_WP_15.07.2020.pdf
Pilot tests to analyse the climate alignment of financial portfolios,https://www.bafu.admin.ch/dam/bafu/en/dokumente/klima/fachinfo-daten/klimavertraeglichkeitsanalyse.pdf.download.pdf/EN_2ii_Out_of_the_fog_v0_full_report_October_2017.pdf
Pilot tests to analyse the climate alignment of financial portfolios,https://www.bafu.admin.ch/dam/bafu/de/dokumente/klima/externe-studien-berichte/Klimafreundliche_Investitionsstrategien_und_Performance.pdf.download.pdf/Klimafreundliche_Investitionsstrategien_und_Performance.pdf
Pilot tests to analyse the climate alignment of financial portfolios,https://www.bafu.admin.ch/dam/bafu/en/dokumente/klima/externe-studien-berichte/Klimafreundliche_Investitionsstrategien_und_Performance_Zusammenfassung.pdf.download.pdf/EN_DEF_Zusammenfassung_07.11.2016_Klimafreundliche_Investitionsstrategie....pdf
Pilot tests to analyse the climate alignment of financial portfolios,https://www.bafu.admin.ch/dam/bafu/de/dokumente/klima/externe-studien-berichte/Klimafreundliche_Investitionsstrategien_und_Performance.pdf.download.pdf/Klimafreundliche_Investitionsstrategien_und_Performance.pdf
Pilot tests to analyse the climate alignment of financial portfolios,https://www.bafu.admin.ch/dam/bafu/de/dokumente/klima/externe-studien-berichte/kohlenstoffrisikenfuerdenfinanzplatzschweiz.pdf.download.pdf/kohlenstoffrisikenfuerdenfinanzplatzschweiz.pdf
Pilot tests to analyse the climate alignment of financial portfolios,https://www.bafu.admin.ch/dam/bafu/en/dokumente/klima/externe-studien-berichte/Trails_for_Climate_Disclosure_a_regulatory_review.pdf.download.pdf/2ii_Trails_v1.pdf
Pilot tests to analyse the climate alignment of financial portfolios,https://www.bafu.admin.ch/dam/bafu/en/dokumente/klima/externe-studien-berichte/measuring_progressongreeningfinancialmarkets.pdf.download.pdf/measuring_progressongreeningfinancialmarkets.pdf
Nigeria has Issued a USD 29.7 Million Green Bond,https://www.climatebonds.net/files/files/Sovereign_Briefing2017.pdf
"Japan's Guidebook on Environmental, Social, and Governance (ESG) Investment",https://www.env.go.jp/content/900453308.pdf
South Africa Sustainable Finance Initiative,http://www.treasury.gov.za/comm_media/press/2021/2021101501%20Media%20Statement%20-%20Publication%20of%20updated%20technical%20paper%20and%20comments%20matrix%20Financing%20a%20Sustainable%20Economy.pdf
South Africa Sustainable Finance Initiative,https://sustainablefinanceinitiative.org.za/wp-content/uploads/2021/10/2021101501-Media-Statement-Publication-of-updated-technical-paper-and-comments-matrix-Financing-a-Sustainable-Economy.pdf
South Africa Sustainable Finance Initiative,https://sustainablefinanceinitiative.org.za/wp-content/uploads/2021/10/2021101501-Annexure-A-_Financing-a-Sustainable-Economy-Technical-Paper_Comment-Matrix.pdf
South Africa Sustainable Finance Initiative,https://sustainablefinanceinitiative.org.za/wp-content/uploads/2021/10/2021101501-Financing-a-Sustainable-Economy.pdf
South Africa Sustainable Finance Initiative,https://sustainablefinanceinitiative.org.za/wp-content/uploads/2021/10/2021101501-Financing-a-Sustainable-Economy.pdf
South Africa Sustainable Finance Initiative,https://sustainablefinanceinitiative.org.za/wp-content/downloads/Sustainability_technical_paper_2020.pdf
France has Issued an EUR 7.5 Billion Green Bond,https://www.climatebonds.net/files/files/Sovereign_Briefing2017.pdf
Stocktake and Review of Sustainable Finance Opportunities for Argentina,https://www.greenfinanceplatform.org/sites/default/files/downloads/resource//Capitalizing_Sustainable_Finance_in_Argentina.pdf
Code 13: Governance and administration of occupational trust-based schemes providing money purchase benefits,https://assets.publishing.service.gov.uk/government/uploads/system/uploads/attachment_data/file/557888/charge-cap-guidance.pdf
Egypt's Corporate Governance Code,https://www.ecgi.global/sites/default/files/codes/documents/egyptian_cg_code_august_2016.pdf
Egypt's Corporate Governance Code,https://www.ecgi.global/sites/default/files/codes/documents/egypt_cg_code.pdf
"Victoria, Australia has Issued a USD 225 Million Green Bond",https://www.climatebonds.net/files/files/Sovereign_Briefing2017.pdf
EUR 750 Million Sovereign Green Bond Issued by Poland,https://www.climatebonds.net/files/files/Sovereign_Briefing2017.pdf
Italian National Dialogue on Sustainable Finance,https://www.greenfinanceplatform.org/sites/default/files/downloads/policy-database//ITALY%29%20Financing%20the%20Future%20-%20Report%20of%20the%20Italian%20national%20dialogue%20on%20sustainable%20finance.pdf
Italian National Dialogue on Sustainable Finance,https://www.greenfinanceplatform.org/sites/default/files/downloads/policy-database//ITALY%29%20Financing%20the%20Future%20-%20Report%20of%20the%20Italian%20national%20dialogue%20on%20sustainable%20finance.pdf
Greek Law 4403/2016 on the Publication of Non-Financial Information,https://www.hellenicparliament.gr/UserFiles/c8827c35-4399-4fbb-8ea6-aebdc768f4f7/9608738.pdf
Greek Law 4403/2016 on the Publication of Non-Financial Information,https://www.hellenicparliament.gr/UserFiles/c8827c35-4399-4fbb-8ea6-aebdc768f4f7/9608743.pdf
Greek Law 4403/2016 on the Publication of Non-Financial Information,https://www.hellenicparliament.gr/UserFiles/c8827c35-4399-4fbb-8ea6-aebdc768f4f7/9608746.pdf
Greek Law 4403/2016 on the Publication of Non-Financial Information,https://www.hellenicparliament.gr/UserFiles/c8827c35-4399-4fbb-8ea6-aebdc768f4f7/9608749.pdf
Greek Law 4403/2016 on the Publication of Non-Financial Information,https://www.hellenicparliament.gr/UserFiles/c8827c35-4399-4fbb-8ea6-aebdc768f4f7/9608752.pdf
Greek Law 4403/2016 on the Publication of Non-Financial Information,https://www.hellenicparliament.gr/UserFiles/c8827c35-4399-4fbb-8ea6-aebdc768f4f7/9608750.pdf
Greek Law 4403/2016 on the Publication of Non-Financial Information,https://www.hellenicparliament.gr/UserFiles/2f026f42-950c-4efc-b950-340c4fb76a24/p-enokat-eis-synoliko.pdf
Greek Law 4403/2016 on the Publication of Non-Financial Information,https://www.hellenicparliament.gr/UserFiles/7b24652e-78eb-4807-9d68-e9a5d4576eff/p-enokat-prakt.pdf
Greek Law 4403/2016 on the Publication of Non-Financial Information,https://www.hellenicparliament.gr/UserFiles/7b24652e-78eb-4807-9d68-e9a5d4576eff/p-odigia-epist.pdf
Greek Law 4403/2016 on the Publication of Non-Financial Information,https://www.hellenicparliament.gr/UserFiles/18a4e643-1429-4e6b-a317-d7c6a29adabf/9637620.pdf
Greek Law 4403/2016 on the Publication of Non-Financial Information,https://www.hellenicparliament.gr/UserFiles/bcc26661-143b-4f2d-8916-0e0e66ba4c50/p-enokat-pap.pdf
Greek Law 4403/2016 on the Publication of Non-Financial Information,https://www.hellenicparliament.gr/UserFiles/bbb19498-1ec8-431f-82e6-023bb91713a9/9628517.pdf
Greek Law 4403/2016 on the Publication of Non-Financial Information,https://www.hellenicparliament.gr/UserFiles/bbb19498-1ec8-431f-82e6-023bb91713a9/9628539.pdf
Greek Law 4403/2016 on the Publication of Non-Financial Information,https://www.hellenicparliament.gr/UserFiles/bbb19498-1ec8-431f-82e6-023bb91713a9/9628546.pdf
Greek Law 4403/2016 on the Publication of Non-Financial Information,https://www.hellenicparliament.gr/UserFiles/bbb19498-1ec8-431f-82e6-023bb91713a9/9628544.pdf
Greek Law 4403/2016 on the Publication of Non-Financial Information,https://www.hellenicparliament.gr/UserFiles/bbb19498-1ec8-431f-82e6-023bb91713a9/9628547.pdf
Greek Law 4403/2016 on the Publication of Non-Financial Information,https://www.hellenicparliament.gr/UserFiles/bbb19498-1ec8-431f-82e6-023bb91713a9/9629208.pdf
Greek Law 4403/2016 on the Publication of Non-Financial Information,https://www.hellenicparliament.gr/UserFiles/bbb19498-1ec8-431f-82e6-023bb91713a9/9633221.pdf
Greek Law 4403/2016 on the Publication of Non-Financial Information,https://www.hellenicparliament.gr/UserFiles/bbb19498-1ec8-431f-82e6-023bb91713a9/9633233.pdf
Greek Law 4403/2016 on the Publication of Non-Financial Information,https://www.hellenicparliament.gr/UserFiles/bbb19498-1ec8-431f-82e6-023bb91713a9/9635122.pdf
Greek Law 4403/2016 on the Publication of Non-Financial Information,https://www.hellenicparliament.gr/UserFiles/bbb19498-1ec8-431f-82e6-023bb91713a9/9635124.pdf
Greek Law 4403/2016 on the Publication of Non-Financial Information,https://www.hellenicparliament.gr/UserFiles/bbb19498-1ec8-431f-82e6-023bb91713a9/9635255.pdf
Greek Law 4403/2016 on the Publication of Non-Financial Information,https://www.hellenicparliament.gr/UserFiles/bbb19498-1ec8-431f-82e6-023bb91713a9/9636418.pdf
Greek Law 4403/2016 on the Publication of Non-Financial Information,https://www.hellenicparliament.gr/UserFiles/bbb19498-1ec8-431f-82e6-023bb91713a9/9636468.pdf
Greek Law 4403/2016 on the Publication of Non-Financial Information,https://www.hellenicparliament.gr/UserFiles/bbb19498-1ec8-431f-82e6-023bb91713a9/9636641.pdf
Greek Law 4403/2016 on the Publication of Non-Financial Information,https://www.hellenicparliament.gr/UserFiles/bbb19498-1ec8-431f-82e6-023bb91713a9/9636644.pdf
Mongolia's Green Development Policy and Action Plan,https://www.greenfinanceplatform.org/sites/default/files/downloads/policy-database//MONGOLIA%29%20Action%20Plan%2C%20Green%20Development%20Policy%20of%20Mongolia.pdf
Mongolia's Green Development Policy and Action Plan,https://www.greenfinanceplatform.org/sites/default/files/downloads/policy-database//MONGOLIA%29%20Action%20Plan%2C%20Green%20Development%20Policy%20of%20Mongolia.pdf
The California Lending for Energy and Environmental Needs (CLEEN) Center,https://cdn.ibank.ca.gov/wp-content/uploads/2023/09/IBankClimateFinancingFactSheet.pdf
"A Bulletin Issued by the United States Department of Labor Clarifies that Environmental, Social, and Governance (ESG) Factors Can Be Part of Investment Decision Making",https://www.govinfo.gov/content/pkg/FR-2015-10-26/pdf/2015-27146.pdf
"A Bulletin Issued by the United States Department of Labor Clarifies that Environmental, Social, and Governance (ESG) Factors Can Be Part of Investment Decision Making",http://www.archives.gov/federal-register/write/handbook/ddh.pdf
"A Bulletin Issued by the United States Department of Labor Clarifies that Environmental, Social, and Governance (ESG) Factors Can Be Part of Investment Decision Making",https://www.govinfo.gov/content/pkg/FR-2015-10-26/pdf/2015-27146.pdf
"A Bulletin Issued by the United States Department of Labor Clarifies that Environmental, Social, and Governance (ESG) Factors Can Be Part of Investment Decision Making",https://public-inspection.federalregister.gov/2015-27146.pdf?1445526923
Guidelines for Information Disclosure on Securities Market (Circular 155/2015/TT-BTC),https://ssc.gov.vn/ssc/contentattachfile/idcplg?dID=103390&dDocName=APPSSCGOVVN162103170&Rendition=No.155-2015-TT-BTC&filename=C155mf6Oct15DisclosureInformationSecurities%20(ban%20day%20du).pdf
California has Issued a USD 300 Million Green Bond,https://www.climatebonds.net/files/files/Sovereign_Briefing2017.pdf
Revisions to Financial Condition Examiners Handbook,https://content.naic.org/sites/default/files/inline-files/2023%20E-Financial%20Examiners%20Handbook%20TG_3.pdf
Revisions to Financial Condition Examiners Handbook,https://content.naic.org/sites/default/files/call_materials/FEHTG%2011.13.23%20Meeting%20Materials.pdf
Revisions to Financial Condition Examiners Handbook,https://content.naic.org/sites/default/files/inline-files/cmte_e_fehtg_exam_handbook_amendment_procedures.pdf
Revisions to Financial Condition Examiners Handbook,https://content.naic.org/sites/default/files/inline-files/Financial%20Examiners%20Comp%20and%20GERP%20Rates%202023%20%28FEHTG%20Page%29.pdf
Revisions to Financial Condition Examiners Handbook,https://content.naic.org/sites/default/files/inline-files/committees_e_examover_fehtg_Custodial_or_Safekeeping_Agreements.pdf
Revisions to Financial Condition Examiners Handbook,https://content.naic.org/sites/default/files/inline-files/committees_e_examover_fehtg_related_fin_cond_exam_hdbk_rev_form.pdf
Revisions to Financial Condition Examiners Handbook,https://content.naic.org/sites/default/files/inline-files/account_manager_rbc_updates_hard_card_1.pdf
Revisions to Financial Condition Examiners Handbook,https://content.naic.org/sites/default/files/documents/committee-list.pdf
"Germany's Act on the Supervision of Insurance Undertakings Requires Pension Funds to Report on Ethical, Social, and Ecological Considerations",https://www.bafin.de/SharedDocs/Downloads/EN/Aufsichtsrecht/dl_vag_en_va.pdf?__blob=publicationFile&v=2
Flood Re Makes the Flood Cover Part of Household Insurance Policies More Affordable,https://www.floodre.co.uk/wp-content/uploads/Prevention-of-Modern-Slavery-and-Human-Trafficking-Policy.pdf
Natural Capital Financing Facility,https://www.eib.org/attachments/cef-final-recipients-2022.pdf
Natural Capital Financing Facility,https://www.eib.org/attachments/documents/innovfin_final_recipients_2022_en.pdf
Natural Capital Financing Facility,https://www.eib.org/attachments/ncff-financed-projects-en.pdf
Natural Capital Financing Facility,https://www.eib.org/attachments/ncff-ta-operations-en.pdf
Natural Capital Financing Facility,https://www.eib.org/attachments/pj/ncff-invest-nature-report-en.pdf
Natural Capital Financing Facility,https://www.eib.org/attachments/pf4ee_support_beneficiaries.pdf
New York's Green Bank to Increase Investments in Clean Energy Markets,https://greenbank.ny.gov/-/media/Project/Greenbank/Files/NYGB_Quarterly_Report_PSC_Jun_2023_230831_vf.pdf
New York's Green Bank to Increase Investments in Clean Energy Markets,https://greenbank.ny.gov/-/media/Project/Nyserda/Files/Publications/Case-Studies/RiseBoro.pdf
Sustainable Finance Guiding Principles Adopted by Kenya's Banking Industry,https://www.kba.co.ke/wp-content/uploads/2023/09/Bank-and-Branches-July-2023v.pdf
Sustainable Finance Guiding Principles Adopted by Kenya's Banking Industry,https://www.kba.co.ke/wp-content/uploads/2022/05/Branches_list-2022.pdf
"CODIM Pronouncement no. 13 and 14, 2012",https://www.codim.org.br/Arquivos/Download/245-PO-CODIM-N26-Divulgacao-da-Saida-de-Exec-Relev-da-Cia-20200205.pdf
"CODIM Pronouncement no. 13 and 14, 2012",https://www.codim.org.br/Arquivos/Download/229-po-codim-n25-preview-20190801.pdf
"CODIM Pronouncement no. 13 and 14, 2012",https://www.codim.org.br/Arquivos/Download/166-PO-CODIM-N21-Segmentacao-da-Comunicacao-com-o-Publico-do-Mercado-de-Capitais-20170119.pdf
"CODIM Pronouncement no. 13 and 14, 2012",https://www.codim.org.br/Arquivos/Download/158-PO-CODIM-N17-Relacionamento-da-Companhia-com-Imprensa-R1-Comparativo-20150910.pdf
"CODIM Pronouncement no. 13 and 14, 2012",https://www.codim.org.br/Arquivos/Download/155-PO-CODIM-N16-Informacao-Relevante-nao-Divulgada-ao-Mercado-R1-Comparativo-20150910.pdf
"CODIM Pronouncement no. 13 and 14, 2012",https://www.codim.org.br/Arquivos/Download/153-PO-CODIM-N15-Codigo-de-Conduta-da-Companhia-R1-Comparativo-20151008.pdf
"CODIM Pronouncement no. 13 and 14, 2012",https://www.codim.org.br/Arquivos/Download/175-PO-N14-Melhores-Prat-Div-de-Inf-Sustentabilidade-R2.pdf
"CODIM Pronouncement no. 13 and 14, 2012",https://www.codim.org.br/Arquivos/Download/173-PO-N14-Melhores-Prat-Div-de-Inf-Sustentabilidade-Comparativo.pdf
"CODIM Pronouncement no. 13 and 14, 2012",https://www.codim.org.br/Arquivos/Download/151-PO-CODIM-N14-Melhores-Praticas-de-Divulgacao-de-Informacoes-sobre-Sustentabilidade-R1-Comparativo-20151210.pdf
"CODIM Pronouncement no. 13 and 14, 2012",https://www.codim.org.br/Arquivos/Download/174-PO-N13-Elaboracao-e-Divulgacao-do-Relatorio-Anual-R2.pdf
"CODIM Pronouncement no. 13 and 14, 2012",https://www.codim.org.br/Arquivos/Download/172-PO-N13-Elaboracao-Divulgacao-do-Relatorio-Anual-Comparativo.pdf
"CODIM Pronouncement no. 13 and 14, 2012",https://www.codim.org.br/Arquivos/Download/148-PO-CODIM-N13-Elaboracao-e-Divulgacao-do-Relatorio-Anual-R1-Comparativo-20151112.pdf
"CODIM Pronouncement no. 13 and 14, 2012",https://www.codim.org.br/Arquivos/Download/146-PO-CODIM-N12-Comunicacao-Eletronica-E-mail-R1-Comparativo-20150902.pdf
"CODIM Pronouncement no. 13 and 14, 2012",https://www.codim.org.br/Arquivos/Download/144-PO-CODIM-N11-Periodo-de-Silencio-em-Ofertas-Publicas-Manifestacao-na-Midia-RI-Comparativo-20150910.pdf
"CODIM Pronouncement no. 13 and 14, 2012",https://www.codim.org.br/Arquivos/Download/141-PO-CODIM-N10-Comunicacao-Eletronica-Website-de-RI-R1-Comparativo-20150910.pdf
"CODIM Pronouncement no. 13 and 14, 2012",https://www.codim.org.br/Arquivos/Download/139-PO-CODIM-N09-Instrucoes-Preparativas-para-o-Formulario-de-Referencia-R1-Comparativo-20150910.pdf
"CODIM Pronouncement no. 13 and 14, 2012",https://www.codim.org.br/Arquivos/Download/136-PO-CODIM-N08-Melhores-Praticas-de-Divulgacao-de-Resultados-Periodicos-R1-Comparativo-20151112.pdf
"CODIM Pronouncement no. 13 and 14, 2012",https://www.codim.org.br/Arquivos/Download/134-PO-CODIM-N07-Periodo-de-Silencio-antes-da-Divulgacao-Publica-das-Demonstracoes-Contabeis-R1-Comparativo-20150910.pdf
"CODIM Pronouncement no. 13 and 14, 2012",https://www.codim.org.br/Arquivos/Download/132-PO-CODIM-N06-Release-R1-Comparativo-20151023.pdf
"CODIM Pronouncement no. 13 and 14, 2012",https://www.codim.org.br/Arquivos/Download/130-PO-CODIM-N05-Ato-ou-Fato-Relevante-R1-Comparativo-20150910.pdf
"CODIM Pronouncement no. 13 and 14, 2012",https://www.codim.org.br/Arquivos/Download/128-PO-CODIM-N04-Guidance-R1-Comparativo-20150910.pdf
"CODIM Pronouncement no. 13 and 14, 2012",https://www.codim.org.br/Arquivos/Download/126-PO-CODIM-N03-Reunioes-Restritas-R1-Comparativo-20150910.pdf
"CODIM Pronouncement no. 13 and 14, 2012",https://www.codim.org.br/Arquivos/Download/121-PO-CODIM-N02-Apresentacoes-Publicas-Periodicas-R1-Comparativo-20151008.pdf
"CODIM Pronouncement no. 13 and 14, 2012",https://www.codim.org.br/Arquivos/Download/120-PO-CODIM-N01-Teleconferencias-R1-Comparativo-20151112.pdf
Japan Green Fund (Japan Green Finance Organisation),http://greenfinance.jp/news/case20230823.pdf
Japan Green Fund (Japan Green Finance Organisation),http://greenfinance.jp/news/case20230706.pdf
Japan Green Fund (Japan Green Finance Organisation),http://greenfinance.jp/news/case20230627.pdf
Japan Green Fund (Japan Green Finance Organisation),http://greenfinance.jp/news/case20230526.pdf
Japan Green Fund (Japan Green Finance Organisation),http://greenfinance.jp/news/case20230331.pdf
Japan Green Fund (Japan Green Finance Organisation),http://greenfinance.jp/news/rkouhu_r4_2.pdf
Japan Green Fund (Japan Green Finance Organisation),http://greenfinance.jp/news/bkouhu_r4_2.pdf
Japan Green Fund (Japan Green Finance Organisation),http://greenfinance.jp/news/r4pkoubo.pdf
Japan Green Fund (Japan Green Finance Organisation),http://greenfinance.jp/news/chiiki_r4.pdf
Japan Green Fund (Japan Green Finance Organisation),http://greenfinance.jp/news/case20220601.pdf
Japan Green Fund (Japan Green Finance Organisation),http://greenfinance.jp/news/rkouhu_r4.pdf
Japan Green Fund (Japan Green Finance Organisation),http://greenfinance.jp/news/bkouhu_r4.pdf
Japan Green Fund (Japan Green Finance Organisation),https://greenfinance.jp/example/case20220428.pdf
Japan Green Fund (Japan Green Finance Organisation),http://greenfinance.jp/news/case20220331-2.pdf
Hawaii's Green Infrastructure Authority Makes Clean Energy Investments More Accessible and Affordable,https://gems.hawaii.gov/wp-content/uploads/2017/11/17.11.14-HGIA-State-of-Green-Banks-Nationwide.pdf
Hawaii's Green Infrastructure Authority Makes Clean Energy Investments More Accessible and Affordable,https://gems.hawaii.gov/wp-content/uploads/2017/11/State-of-the-Solar-Industry-GEMS-2017-Nov.pdf
Hawaii's Green Infrastructure Authority Makes Clean Energy Investments More Accessible and Affordable,https://gems.hawaii.gov/wp-content/uploads/2017/11/The-State-of-GEMS_11-14-17.pdf
Hawaii's Green Infrastructure Authority Makes Clean Energy Investments More Accessible and Affordable,https://gems.hawaii.gov/wp-content/uploads/2017/05/HGIA_Audit_06-30-2015.pdf
Hawaii's Green Infrastructure Authority Makes Clean Energy Investments More Accessible and Affordable,https://gems.hawaii.gov/wp-content/uploads/2017/05/HGIA_Audit_06-30-2016.pdf
National Impact Initiative,http://www.opic.gov/sites/default/files/files/OPIC_2012_Final.pdf
FIji's Agriculture and Renewable Energy Loans Ratio,https://www.rbf.gov.fj/wp-content/uploads/2012/02/Press-Release-No-6-RBF-Introduces-Agriculture-and-Renewable-Energy-Loans-Ratio.pdf
Norway Adopts Amendment to the Accounting Act of 1998 that Requires Corporate Social Responsibility (CSR) Reporting by Large Companies,https://www.regjeringen.no/contentassets/7a38def698b64488a427633f4dc2592b/en-gb/pdfs/stm201320140021000engpdfs.pdf
St. Vincent and the Grenadines National Economic and Social Development Plan 2013 - 2025,https://finance.gov.vc/finance/images/PDF/nesdppart1.pdf
St. Vincent and the Grenadines National Economic and Social Development Plan 2013 - 2025,https://finance.gov.vc/finance/images/PDF/nesdppart2.pdf
Law 1523/2012 Expands the Role of Colombia's National Fund for Disaster Risk Management (FNGRD),https://www.oecd-ilibrary.org/deliver/eeb81954-en.pdf?itemId=%2Fcontent%2Fpublication%2Feeb81954-en&mimeType=pdf
Law 1523/2012 Expands the Role of Colombia's National Fund for Disaster Risk Management (FNGRD),https://www.oecd-ilibrary.org/foreword_8199bbc3-en.pdf?itemId=%2Fcontent%2Fcomponent%2F8199bbc3-en&mimeType=pdf
Law 1523/2012 Expands the Role of Colombia's National Fund for Disaster Risk Management (FNGRD),https://www.oecd-ilibrary.org/acronyms-and-abbreviations_12aeabbd-en.pdf?itemId=%2Fcontent%2Fcomponent%2F12aeabbd-en&mimeType=pdf
Law 1523/2012 Expands the Role of Colombia's National Fund for Disaster Risk Management (FNGRD),https://www.oecd-ilibrary.org/executive-summary_2eba6e56-en.pdf?itemId=%2Fcontent%2Fcomponent%2F2eba6e56-en&mimeType=pdf
Law 1523/2012 Expands the Role of Colombia's National Fund for Disaster Risk Management (FNGRD),https://www.oecd-ilibrary.org/assessment-and-recommendations_baac4746-en.pdf?itemId=%2Fcontent%2Fcomponent%2Fbaac4746-en&mimeType=pdf
Law 1523/2012 Expands the Role of Colombia's National Fund for Disaster Risk Management (FNGRD),https://www.oecd-ilibrary.org/national-context-for-disaster-risk-management-in-colombia_8a68d6d6-en.pdf?itemId=%2Fcontent%2Fcomponent%2F8a68d6d6-en&mimeType=pdf
Law 1523/2012 Expands the Role of Colombia's National Fund for Disaster Risk Management (FNGRD),https://www.oecd-ilibrary.org/colombia-s-strategic-framework-for-disaster-risk-governance_ac20a9c8-en.pdf?itemId=%2Fcontent%2Fcomponent%2Fac20a9c8-en&mimeType=pdf
Law 1523/2012 Expands the Role of Colombia's National Fund for Disaster Risk Management (FNGRD),https://www.oecd-ilibrary.org/disaster-risk-identification-and-assessment-in-colombia_57d2d1a7-en.pdf?itemId=%2Fcontent%2Fcomponent%2F57d2d1a7-en&mimeType=pdf
Law 1523/2012 Expands the Role of Colombia's National Fund for Disaster Risk Management (FNGRD),https://www.oecd-ilibrary.org/disaster-risk-reduction-in-colombia_0697460c-en.pdf?itemId=%2Fcontent%2Fcomponent%2F0697460c-en&mimeType=pdf
Law 1523/2012 Expands the Role of Colombia's National Fund for Disaster Risk Management (FNGRD),https://www.oecd-ilibrary.org/disaster-preparedness-and-response-in-colombia_529133b5-en.pdf?itemId=%2Fcontent%2Fcomponent%2F529133b5-en&mimeType=pdf
Law 1523/2012 Expands the Role of Colombia's National Fund for Disaster Risk Management (FNGRD),https://www.oecd-ilibrary.org/disaster-recovery-and-reconstruction-in-colombia_9cf613fe-en.pdf?itemId=%2Fcontent%2Fcomponent%2F9cf613fe-en&mimeType=pdf
Law 1523/2012 Expands the Role of Colombia's National Fund for Disaster Risk Management (FNGRD),https://www.oecd-ilibrary.org/stakeholder-interviewees_f322a290-en.pdf?itemId=%2Fcontent%2Fcomponent%2Ff322a290-en&mimeType=pdf
Law 1523/2012 Expands the Role of Colombia's National Fund for Disaster Risk Management (FNGRD),https://www.oecd-ilibrary.org/list-of-respondents-to-the-questionnaire_777e34e7-en.pdf?itemId=%2Fcontent%2Fcomponent%2F777e34e7-en&mimeType=pdf
Law 1523/2012 Expands the Role of Colombia's National Fund for Disaster Risk Management (FNGRD),https://www.oecd-ilibrary.org/questionnaires_4136692f-en.pdf?itemId=%2Fcontent%2Fcomponent%2F4136692f-en&mimeType=pdf
Law Commission Report,https://www.gov.uk/government/uploads/system/uploads/attachment_data/file/367070/bis-14-1157-implementation-of-the-kay-review-progress-report.pdf
Law Commission Report,https://s3-eu-west-2.amazonaws.com/cloud-platform-e218f50a4812967ba1215eaecede923f/uploads/sites/30/2015/03/kay-review-of-equity-markets-final-report.pdf
Law Commission Report,https://s3-eu-west-2.amazonaws.com/cloud-platform-e218f50a4812967ba1215eaecede923f/uploads/sites/30/2015/03/equity-markets-support-growth-response-to-kay-review.pdf
Law Commission Report,https://s3-eu-west-2.amazonaws.com/cloud-platform-e218f50a4812967ba1215eaecede923f/uploads/sites/30/2015/03/kay_final_terms_of_reference.pdf
Law Commission Report,https://cloud-platform-e218f50a4812967ba1215eaecede923f.s3.amazonaws.com/uploads/sites/30/2015/03/lc350_fiduciary_duties.pdf
Law Commission Report,https://cloud-platform-e218f50a4812967ba1215eaecede923f.s3.amazonaws.com/uploads/sites/30/2015/03/lc350_fiduciary_duties_summary.pdf
Law Commission Report,https://cloud-platform-e218f50a4812967ba1215eaecede923f.s3.amazonaws.com/uploads/sites/30/2015/03/lc350_fiduciary_duties_guidance.pdf
Law Commission Report,https://cloud-platform-e218f50a4812967ba1215eaecede923f.s3.amazonaws.com/uploads/sites/30/2015/03/cp215_fiduciary_duties.pdf
Law Commission Report,https://cloud-platform-e218f50a4812967ba1215eaecede923f.s3.amazonaws.com/uploads/sites/30/2015/03/cp215_fiduciary_duties_summary_web.pdf
Law Commission Report,https://cloud-platform-e218f50a4812967ba1215eaecede923f.s3.amazonaws.com/uploads/sites/30/2015/03/cp215_fiduciary_duties_responses.pdf
Law Commission Report,https://cloud-platform-e218f50a4812967ba1215eaecede923f.s3.amazonaws.com/uploads/sites/30/2015/06/kay-review-of-equity-markets-final-report.pdf
Law Commission Report,https://cloud-platform-e218f50a4812967ba1215eaecede923f.s3.amazonaws.com/uploads/sites/30/2015/06/bis-14-1157-implementation-of-the-kay-review-progress-report.pdf
Law Commission Report,https://cloud-platform-e218f50a4812967ba1215eaecede923f.s3.amazonaws.com/uploads/sites/30/2015/06/equity-markets-support-growth-response-to-kay-review.pdf
Law Commission Report,https://cloud-platform-e218f50a4812967ba1215eaecede923f.s3.amazonaws.com/uploads/sites/30/2015/06/kay_final_terms_of_reference.pdf
German Sustainability Code,https://www.nachhaltigkeitsrat.de/wp-content/uploads/2018/03/The_SustainabilityCode_2017.pdf
German Sustainability Code,https://www.nachhaltigkeitsrat.de/wp-content/uploads/2018/05/RNE_Sustainability_Code_Higher_Education_Institutions.pdf
German Sustainability Code,http://dip21.bundestag.de/dip21/btd/18/114/1811450.pdf
National Strategy for Climate Change and Low Carbon Development,https://www.greenfinanceplatform.org/sites/default/files/downloads/policy-database//RWANDA%29%20Green%20Growth%20and%20Climate%20Resilience%20-%20National%20Strategy%20for%20Climate%20Change%20and%20Low%20Carbon%20Development.pdf
National Strategy for Climate Change and Low Carbon Development,https://www.greenfinanceplatform.org/sites/default/files/downloads/policy-database//RWANDA%29%20Green%20Growth%20and%20Climate%20Resilience%20-%20National%20Strategy%20for%20Climate%20Change%20and%20Low%20Carbon%20Development.pdf
Ethiopia’s Climate Resilient Green Economy Strategy 2011,https://www.greenfinanceplatform.org/sites/default/files/downloads/policy-database//ETHIOPIA%29%20Ethiopia%27s%20Climate-Resilient%20Green%20Economy%20-%20Green%20Economy%20Strategy.pdf
Ethiopia’s Climate Resilient Green Economy Strategy 2011,https://www.greenfinanceplatform.org/sites/default/files/downloads/policy-database//ETHIOPIA%29%20Ethiopia%27s%20Climate-Resilient%20Green%20Economy%20-%20Green%20Economy%20Strategy.pdf
The UK's Climate Change Act of 2008,https://www.legislation.gov.uk/ukpga/2008/27/pdfs/ukpga_20080027_en.pdf
The UK's Climate Change Act of 2008,https://www.legislation.gov.uk/ukpga/2008/27/contents/data.pdf
The UK's Climate Change Act of 2008,https://www.legislation.gov.uk/ukpga/2008/27/data.pdf
Mexican Pension Funds Regulator (CONSAR) Issues Rule With Obligation to Analyse Companies’ Social Responsibility,https://www.gob.mx/cms/uploads/attachment/file/561772/CUF_compilada_20200303_.pdf
Mexican Pension Funds Regulator (CONSAR) Issues Rule With Obligation to Analyse Companies’ Social Responsibility,https://www.gob.mx/cms/uploads/attachment/file/790900/CUF_COMPILADA__20230111.pdf
Mexican Pension Funds Regulator (CONSAR) Issues Rule With Obligation to Analyse Companies’ Social Responsibility,https://www.gob.mx/cms/uploads/attachment/file/789100/SHCP_MODIFICACIONES_a_la_CUF_20221227.pdf
Mexican Pension Funds Regulator (CONSAR) Issues Rule With Obligation to Analyse Companies’ Social Responsibility,https://www.gob.mx/cms/uploads/attachment/file/768163/CUF_20220927.pdf
Mexican Pension Funds Regulator (CONSAR) Issues Rule With Obligation to Analyse Companies’ Social Responsibility,https://www.gob.mx/cms/uploads/attachment/file/713446/MODIFICACIO_N_Disposiciones_CUF_20220329.pdf
Mexican Pension Funds Regulator (CONSAR) Issues Rule With Obligation to Analyse Companies’ Social Responsibility,https://www.gob.mx/cms/uploads/attachment/file/702706/CUF_20220203.pdf
Mexican Pension Funds Regulator (CONSAR) Issues Rule With Obligation to Analyse Companies’ Social Responsibility,https://www.gob.mx/cms/uploads/attachment/file/576397/cuf_07_sept_20.pdf
Mexican Pension Funds Regulator (CONSAR) Issues Rule With Obligation to Analyse Companies’ Social Responsibility,https://www.gob.mx/cms/uploads/attachment/file/542141/Modificaciones_CUF_20200303.pdf
Mexican Pension Funds Regulator (CONSAR) Issues Rule With Obligation to Analyse Companies’ Social Responsibility,https://www.gob.mx/cms/uploads/attachment/file/494598/CUF_18_sept_2019.pdf
Mexican Pension Funds Regulator (CONSAR) Issues Rule With Obligation to Analyse Companies’ Social Responsibility,https://www.gob.mx/cms/uploads/attachment/file/495757/Requisitos_mi_nimos_que_debera_n_cumplir_los_Custodios_23092019.pdf
Mexican Pension Funds Regulator (CONSAR) Issues Rule With Obligation to Analyse Companies’ Social Responsibility,https://www.gob.mx/cms/uploads/attachment/file/676520/Esce_fijos_calc_del_Diferencial_del_CVaR_y__PID.pdf
Mexican Pension Funds Regulator (CONSAR) Issues Rule With Obligation to Analyse Companies’ Social Responsibility,https://www.gob.mx/cms/uploads/attachment/file/790900/CUF_COMPILADA__20230111.pdf
Mexican Pension Funds Regulator (CONSAR) Issues Rule With Obligation to Analyse Companies’ Social Responsibility,https://www.gob.mx/cms/uploads/attachment/file/730050/SHCP_Disposiciones_para_el_procedimiento_de_construccio_n_IRN_de_SIEFORES.pdf
Mexican Pension Funds Regulator (CONSAR) Issues Rule With Obligation to Analyse Companies’ Social Responsibility,https://www.gob.mx/cms/uploads/attachment/file/730050/SHCP_Disposiciones_para_el_procedimiento_de_construccio_n_IRN_de_SIEFORES.pdf
Mexican Pension Funds Regulator (CONSAR) Issues Rule With Obligation to Analyse Companies’ Social Responsibility,https://www.gob.mx/cms/uploads/attachment/file/871273/CUO_COMPILADA_20231017.pdf
Mexican Pension Funds Regulator (CONSAR) Issues Rule With Obligation to Analyse Companies’ Social Responsibility,https://www.gob.mx/cms/uploads/attachment/file/848505/Modificaciones_CUO_20230808.pdf
Mexican Pension Funds Regulator (CONSAR) Issues Rule With Obligation to Analyse Companies’ Social Responsibility,https://www.gob.mx/cms/uploads/attachment/file/754977/Modificacio_n_CUO_20220823.pdf
Mexican Pension Funds Regulator (CONSAR) Issues Rule With Obligation to Analyse Companies’ Social Responsibility,https://www.gob.mx/cms/uploads/attachment/file/693306/CUO_20221301_4_.pdf
Mexican Pension Funds Regulator (CONSAR) Issues Rule With Obligation to Analyse Companies’ Social Responsibility,https://www.gob.mx/cms/uploads/attachment/file/649054/MODIFICACIONES_CUO_20210629.pdf
Mexican Pension Funds Regulator (CONSAR) Issues Rule With Obligation to Analyse Companies’ Social Responsibility,https://www.gob.mx/cms/uploads/attachment/file/600859/modif_cuo_10_12_20.pdf
Mexican Pension Funds Regulator (CONSAR) Issues Rule With Obligation to Analyse Companies’ Social Responsibility,https://www.gob.mx/cms/uploads/attachment/file/594000/modif__y_adicio_a_dispo__en_materi_de_opera__sar_23-11_20.pdf
Mexican Pension Funds Regulator (CONSAR) Issues Rule With Obligation to Analyse Companies’ Social Responsibility,https://www.gob.mx/cms/uploads/attachment/file/552394/modifCUO15-05-20.pdf
Mexican Pension Funds Regulator (CONSAR) Issues Rule With Obligation to Analyse Companies’ Social Responsibility,https://www.gob.mx/cms/uploads/attachment/file/515513/MODIFICACIONES_a_las_disposiciones_de_cara_cter_general_en_materia_de_ope....pdf
Mexican Pension Funds Regulator (CONSAR) Issues Rule With Obligation to Analyse Companies’ Social Responsibility,https://www.gob.mx/cms/uploads/attachment/file/494383/MODIFICACIONES__CUO_20190913.pdf
Mexican Pension Funds Regulator (CONSAR) Issues Rule With Obligation to Analyse Companies’ Social Responsibility,https://www.gob.mx/cms/uploads/attachment/file/469867/Modificaciones_CUO_20190618.pdf
Mexican Pension Funds Regulator (CONSAR) Issues Rule With Obligation to Analyse Companies’ Social Responsibility,https://www.gob.mx/cms/uploads/attachment/file/447024/MODIFICACIONES_Y_ADICIONES_CUO_20190320.pdf
Mexican Pension Funds Regulator (CONSAR) Issues Rule With Obligation to Analyse Companies’ Social Responsibility,https://www.gob.mx/cms/uploads/attachment/file/413783/2018_1116_MODIFICACIONES_y_adiciones_a_las_Disposiciones_materia_de_operaciones_de_los_SAR.pdf
Mexican Pension Funds Regulator (CONSAR) Issues Rule With Obligation to Analyse Companies’ Social Responsibility,https://www.gob.mx/cms/uploads/attachment/file/239114/Modificaciones_a_las_Disposiciones_de_cara_cter_general_en_materia_de_operaciones_SAR_20170704.pdf
Mexican Pension Funds Regulator (CONSAR) Issues Rule With Obligation to Analyse Companies’ Social Responsibility,http://www.gob.mx/cms/uploads/attachment/file/159016/18_10_2016.pdf
Mexican Pension Funds Regulator (CONSAR) Issues Rule With Obligation to Analyse Companies’ Social Responsibility,http://www.gob.mx/cms/uploads/attachment/file/159015/25_08_2016.pdf
Mexican Pension Funds Regulator (CONSAR) Issues Rule With Obligation to Analyse Companies’ Social Responsibility,http://www.gob.mx/cms/uploads/attachment/file/110157/CUO_2a_modi_29062016_DOF.pdf
Mexican Pension Funds Regulator (CONSAR) Issues Rule With Obligation to Analyse Companies’ Social Responsibility,http://www.gob.mx/cms/uploads/attachment/file/85493/CUO_20160421.pdf
Mexican Pension Funds Regulator (CONSAR) Issues Rule With Obligation to Analyse Companies’ Social Responsibility,http://www.gob.mx/cms/uploads/attachment/file/113079/Disposiciones_en_materia_de_operaciones_SAR_20151228.pdf
Mexican Pension Funds Regulator (CONSAR) Issues Rule With Obligation to Analyse Companies’ Social Responsibility,https://www.gob.mx/cms/uploads/attachment/file/871273/CUO_COMPILADA_20231017.pdf
Mexican Pension Funds Regulator (CONSAR) Issues Rule With Obligation to Analyse Companies’ Social Responsibility,https://www.gob.mx/cms/uploads/attachment/file/446645/DISPOSICIONES_MODELOS_NOVEDODOS_20190311.pdf
Mexican Pension Funds Regulator (CONSAR) Issues Rule With Obligation to Analyse Companies’ Social Responsibility,https://www.gob.mx/cms/uploads/attachment/file/446645/DISPOSICIONES_MODELOS_NOVEDODOS_20190311.pdf
Mexican Pension Funds Regulator (CONSAR) Issues Rule With Obligation to Analyse Companies’ Social Responsibility,https://www.gob.mx/cms/uploads/attachment/file/446644/DISPOSICIONES_PROGRAMAS_DE_AUTOCORRECCIO_N_20190311.pdf
Mexican Pension Funds Regulator (CONSAR) Issues Rule With Obligation to Analyse Companies’ Social Responsibility,https://www.gob.mx/cms/uploads/attachment/file/446644/DISPOSICIONES_PROGRAMAS_DE_AUTOCORRECCIO_N_20190311.pdf
Mexican Pension Funds Regulator (CONSAR) Issues Rule With Obligation to Analyse Companies’ Social Responsibility,https://www.gob.mx/cms/uploads/attachment/file/446643/LINEAMIENTOS_DIVULGACION_SANCIONES_LFINTECH_20190312.pdf
Mexican Pension Funds Regulator (CONSAR) Issues Rule With Obligation to Analyse Companies’ Social Responsibility,https://www.gob.mx/cms/uploads/attachment/file/446643/LINEAMIENTOS_DIVULGACION_SANCIONES_LFINTECH_20190312.pdf
Mexican Pension Funds Regulator (CONSAR) Issues Rule With Obligation to Analyse Companies’ Social Responsibility,https://www.gob.mx/cms/uploads/attachment/file/560387/Circular_de_Servicio_compilada_20200625.pdf
Mexican Pension Funds Regulator (CONSAR) Issues Rule With Obligation to Analyse Companies’ Social Responsibility,https://www.gob.mx/cms/uploads/attachment/file/560387/Circular_de_Servicio_compilada_20200625.pdf
Mexican Pension Funds Regulator (CONSAR) Issues Rule With Obligation to Analyse Companies’ Social Responsibility,https://www.gob.mx/cms/uploads/attachment/file/785518/SHCP_MODIFICACIONES_a_las_Disposiciones_de_cara_cter_general_en_materia_de_servicio_a_los_usuarios_de_los_SAR.pdf
Mexican Pension Funds Regulator (CONSAR) Issues Rule With Obligation to Analyse Companies’ Social Responsibility,https://www.gob.mx/cms/uploads/attachment/file/413449/2018_1116_DISPOSICIONES_de_cara_cter_gral_en_materia_de_servicio_a_los_Usuarios_de_los_SAR.pdf
Mexican Pension Funds Regulator (CONSAR) Issues Rule With Obligation to Analyse Companies’ Social Responsibility,https://www.gob.mx/cms/uploads/attachment/file/428629/Modificaciones_Circular_Servicio_20190117.pdf
Mexican Pension Funds Regulator (CONSAR) Issues Rule With Obligation to Analyse Companies’ Social Responsibility,https://www.gob.mx/cms/uploads/attachment/file/517704/Modificaciones_Disposiciones_en_materia_de_servicio_a_usuarios_de_los_SAR__agosto_.pdf
Mexican Pension Funds Regulator (CONSAR) Issues Rule With Obligation to Analyse Companies’ Social Responsibility,https://www.gob.mx/cms/uploads/attachment/file/517705/Modificaciones_Disposiciones_en_materia_de_servicio_a_usuarios_de_los_SAR__diciembre_.pdf
Mexican Pension Funds Regulator (CONSAR) Issues Rule With Obligation to Analyse Companies’ Social Responsibility,https://www.gob.mx/cms/uploads/attachment/file/546946/MODIFICACION_SERVICIOS__130420.pdf
Mexican Pension Funds Regulator (CONSAR) Issues Rule With Obligation to Analyse Companies’ Social Responsibility,https://www.gob.mx/cms/uploads/attachment/file/560387/Circular_de_Servicio_compilada_20200625.pdf
Mexican Pension Funds Regulator (CONSAR) Issues Rule With Obligation to Analyse Companies’ Social Responsibility,https://www.gob.mx/cms/uploads/attachment/file/705407/Circular_de_Servicio_compilada_20220222.pdf
Mexican Pension Funds Regulator (CONSAR) Issues Rule With Obligation to Analyse Companies’ Social Responsibility,https://www.gob.mx/cms/uploads/attachment/file/785519/Circular_de_Servicio_compilada_20221214_1_web.pdf
Mexican Pension Funds Regulator (CONSAR) Issues Rule With Obligation to Analyse Companies’ Social Responsibility,https://www.gob.mx/cms/uploads/attachment/file/348174/DISPOSICIONES_de_cara_cter_general_aplicables_a_las_sociedades_controladoras_de_grupos_financieros_y_subcontroladoras_que_regulan_las_materias_que_corresponden_de_manera_conjunta_a_las_Comisiones_Nacionales_Supervisoras.pdf
Mexican Pension Funds Regulator (CONSAR) Issues Rule With Obligation to Analyse Companies’ Social Responsibility,https://www.gob.mx/cms/uploads/attachment/file/348174/DISPOSICIONES_de_cara_cter_general_aplicables_a_las_sociedades_controladoras_de_grupos_financieros_y_subcontroladoras_que_regulan_las_materias_que_corresponden_de_manera_conjunta_a_las_Comisiones_Nacionales_Supervisoras.pdf
Mexican Pension Funds Regulator (CONSAR) Issues Rule With Obligation to Analyse Companies’ Social Responsibility,https://www.gob.mx/cms/uploads/attachment/file/692750/Resolucio_n_Sociedades_Controladoras_de_Grupos_Financieros.pdf
Mexican Pension Funds Regulator (CONSAR) Issues Rule With Obligation to Analyse Companies’ Social Responsibility,http://www.gob.mx/cms/uploads/attachment/file/169394/Disposiciones_Generales-Contralores_Normativos..pdf
Mexican Pension Funds Regulator (CONSAR) Issues Rule With Obligation to Analyse Companies’ Social Responsibility,http://www.gob.mx/cms/uploads/attachment/file/169394/Disposiciones_Generales-Contralores_Normativos..pdf
Mexican Pension Funds Regulator (CONSAR) Issues Rule With Obligation to Analyse Companies’ Social Responsibility,https://www.gob.mx/cms/uploads/attachment/file/791529/Modificaciones_CUCN_DOF_20221229.pdf
Mexican Pension Funds Regulator (CONSAR) Issues Rule With Obligation to Analyse Companies’ Social Responsibility,https://www.gob.mx/cms/uploads/attachment/file/791530/DISPOSICIONES_APLICABLES_A_LOS_CONTRALORES_NORMATIVOS_Compilada_20221229.pdf
Mexican Pension Funds Regulator (CONSAR) Issues Rule With Obligation to Analyse Companies’ Social Responsibility,https://www.gob.mx/cms/uploads/attachment/file/621945/compi_regis_contab.pdf
Mexican Pension Funds Regulator (CONSAR) Issues Rule With Obligation to Analyse Companies’ Social Responsibility,https://www.gob.mx/cms/uploads/attachment/file/779225/Modificaciones_disposiciones_contabilidad_20221122.pdf
Mexican Pension Funds Regulator (CONSAR) Issues Rule With Obligation to Analyse Companies’ Social Responsibility,https://www.gob.mx/cms/uploads/attachment/file/693801/14_de_diciembre_de_2021.pdf
Mexican Pension Funds Regulator (CONSAR) Issues Rule With Obligation to Analyse Companies’ Social Responsibility,https://www.gob.mx/cms/uploads/attachment/file/594111/dispo_carac__general_sobre_registro_de_contabili_24-11-20.pdf
Mexican Pension Funds Regulator (CONSAR) Issues Rule With Obligation to Analyse Companies’ Social Responsibility,https://www.gob.mx/cms/uploads/attachment/file/559800/CONSAR_-_Adicio_n_disposiciones_contabilidad.pdf
Mexican Pension Funds Regulator (CONSAR) Issues Rule With Obligation to Analyse Companies’ Social Responsibility,https://www.gob.mx/cms/uploads/attachment/file/559802/23_23-X-2019__SHCP-CONSAR_CIRCULAR_ESTADOS_FINANCIEROS.pdf
Mexican Pension Funds Regulator (CONSAR) Issues Rule With Obligation to Analyse Companies’ Social Responsibility,https://www.gob.mx/cms/uploads/attachment/file/779226/Disposiciones_contabilidad_COMPILADA_20221122.pdf
Mexican Pension Funds Regulator (CONSAR) Issues Rule With Obligation to Analyse Companies’ Social Responsibility,https://www.gob.mx/cms/uploads/attachment/file/647111/SHCP_Disposiciones_de_carac_gene_aplicables_a_los__retiros_programados.pdf
Mexican Pension Funds Regulator (CONSAR) Issues Rule With Obligation to Analyse Companies’ Social Responsibility,https://www.gob.mx/cms/uploads/attachment/file/779219/DISPOSICIONES_RETIROS_PROGRAMADOS_20221116.pdf
Mexican Pension Funds Regulator (CONSAR) Issues Rule With Obligation to Analyse Companies’ Social Responsibility,https://www.gob.mx/cms/uploads/attachment/file/647111/SHCP_Disposiciones_de_carac_gene_aplicables_a_los__retiros_programados.pdf
Mexican Pension Funds Regulator (CONSAR) Issues Rule With Obligation to Analyse Companies’ Social Responsibility,https://www.gob.mx/cms/uploads/attachment/file/704664/Disposiciones_Agentes_Promotores_Compilada_20220222.pdf
Mexican Pension Funds Regulator (CONSAR) Issues Rule With Obligation to Analyse Companies’ Social Responsibility,https://www.gob.mx/cms/uploads/attachment/file/704663/MODIFICACIO_N_Disposiciones_de_Agentes_Promotores_20220222.pdf
Mexican Pension Funds Regulator (CONSAR) Issues Rule With Obligation to Analyse Companies’ Social Responsibility,http://www.gob.mx/cms/uploads/attachment/file/64260/MODIFICACION_Disposiciones_de_Agentes_Promotores_20151228.pdf
Mexican Pension Funds Regulator (CONSAR) Issues Rule With Obligation to Analyse Companies’ Social Responsibility,http://www.gob.mx/cms/uploads/attachment/file/64261/DISPOSICIONES_de_agentes_promotores.pdf
Mexican Pension Funds Regulator (CONSAR) Issues Rule With Obligation to Analyse Companies’ Social Responsibility,https://www.gob.mx/cms/uploads/attachment/file/704664/Disposiciones_Agentes_Promotores_Compilada_20220222.pdf
Mexican Pension Funds Regulator (CONSAR) Issues Rule With Obligation to Analyse Companies’ Social Responsibility,https://www.gob.mx/cms/uploads/attachment/file/602217/CIRCULAR_DE_PUBLICIDAD_COMPILADO_20201222.pdf
Mexican Pension Funds Regulator (CONSAR) Issues Rule With Obligation to Analyse Companies’ Social Responsibility,https://www.gob.mx/cms/uploads/attachment/file/602050/SHCP_CONSAR_-_Modificaciones_disposiciones_publicidad.pdf
Mexican Pension Funds Regulator (CONSAR) Issues Rule With Obligation to Analyse Companies’ Social Responsibility,https://www.gob.mx/cms/uploads/attachment/file/466422/modif_public_31_mayo_2019.pdf
Mexican Pension Funds Regulator (CONSAR) Issues Rule With Obligation to Analyse Companies’ Social Responsibility,https://www.gob.mx/cms/uploads/attachment/file/387525/6_sep_2018.pdf
Mexican Pension Funds Regulator (CONSAR) Issues Rule With Obligation to Analyse Companies’ Social Responsibility,https://www.gob.mx/cms/uploads/attachment/file/282024/Disposiciones_Publicidad_y_Promocio_n_SAR_20171215.pdf
Mexican Pension Funds Regulator (CONSAR) Issues Rule With Obligation to Analyse Companies’ Social Responsibility,https://www.gob.mx/cms/uploads/attachment/file/602217/CIRCULAR_DE_PUBLICIDAD_COMPILADO_20201222.pdf
Mexican Pension Funds Regulator (CONSAR) Issues Rule With Obligation to Analyse Companies’ Social Responsibility,https://www.gob.mx/cms/uploads/attachment/file/850372/COMPILACIO_N_RI_20230815_115900_final.pdf
Mexican Pension Funds Regulator (CONSAR) Issues Rule With Obligation to Analyse Companies’ Social Responsibility,https://www.gob.mx/cms/uploads/attachment/file/850371/SHCP_Modificaciones_DCG_Re_gimen_de_Inversio_n.pdf
Mexican Pension Funds Regulator (CONSAR) Issues Rule With Obligation to Analyse Companies’ Social Responsibility,https://www.gob.mx/cms/uploads/attachment/file/736251/Acuerdo_RI_20220621.pdf
Mexican Pension Funds Regulator (CONSAR) Issues Rule With Obligation to Analyse Companies’ Social Responsibility,https://www.gob.mx/cms/uploads/attachment/file/637436/SHCP-Modificaciones_Re_gimen_Inversio_n_CONSAR_20210506.pdf
Mexican Pension Funds Regulator (CONSAR) Issues Rule With Obligation to Analyse Companies’ Social Responsibility,https://www.gob.mx/cms/uploads/attachment/file/850372/COMPILACIO_N_RI_20230815_115900_final.pdf
Mexican Pension Funds Regulator (CONSAR) Issues Rule With Obligation to Analyse Companies’ Social Responsibility,https://www.gob.mx/cms/uploads/attachment/file/263936/Relacio_n_de_Pai_ses_Elegibles_para_Inversiones_13102017.pdf
Mexican Pension Funds Regulator (CONSAR) Issues Rule With Obligation to Analyse Companies’ Social Responsibility,https://www.gob.mx/cms/uploads/attachment/file/566272/indi_referencia.pdf
Mexican Pension Funds Regulator (CONSAR) Issues Rule With Obligation to Analyse Companies’ Social Responsibility,http://www.gob.mx/cms/uploads/attachment/file/64318/Disposiciones_aplicables_a_planes_de_pensiones.pdf
Mexican Pension Funds Regulator (CONSAR) Issues Rule With Obligation to Analyse Companies’ Social Responsibility,http://www.gob.mx/cms/uploads/attachment/file/64320/Disposiciones_aplicables_a_planes_de_pensiones.pdf
Mexican Pension Funds Regulator (CONSAR) Issues Rule With Obligation to Analyse Companies’ Social Responsibility,http://www.gob.mx/cms/uploads/attachment/file/104905/DECRETO_Modificaciones_Plan_de_pensiones.pdf
Mexican Pension Funds Regulator (CONSAR) Issues Rule With Obligation to Analyse Companies’ Social Responsibility,https://www.gob.mx/cms/uploads/attachment/file/322714/Modificaciones_Disposiciones_Planes_de_Pensiones_20180502.pdf
Mexican Pension Funds Regulator (CONSAR) Issues Rule With Obligation to Analyse Companies’ Social Responsibility,https://www.gob.mx/cms/uploads/attachment/file/322715/COMPILADA_Disposiciones_Planes_de_Pensiones_20180502.pdf
Mexican Pension Funds Regulator (CONSAR) Issues Rule With Obligation to Analyse Companies’ Social Responsibility,https://www.gob.mx/cms/uploads/attachment/file/691132/RP_RE_20211231_.pdf
Mexican Pension Funds Regulator (CONSAR) Issues Rule With Obligation to Analyse Companies’ Social Responsibility,https://www.gob.mx/cms/uploads/attachment/file/504627/SHCP-CONSAR_Re_gimen_patrimonial_AFORES__SIEFORES__PENSIONISSSTE_y_Reserv....pdf
Mexican Pension Funds Regulator (CONSAR) Issues Rule With Obligation to Analyse Companies’ Social Responsibility,https://www.gob.mx/cms/uploads/attachment/file/691112/Regimen_Patrimonial_y_Reserva_Especial.pdf
Mexican Pension Funds Regulator (CONSAR) Issues Rule With Obligation to Analyse Companies’ Social Responsibility,https://www.gob.mx/cms/uploads/attachment/file/737606/Disposiciones_Re_gimen_Patrimonial_compilada_20211231.pdf
Mexican Pension Funds Regulator (CONSAR) Issues Rule With Obligation to Analyse Companies’ Social Responsibility,https://www.gob.mx/cms/uploads/attachment/file/743579/CAR_criterios_RE_29062022_VPF_publicacio_n_2_.pdf
Mexican Pension Funds Regulator (CONSAR) Issues Rule With Obligation to Analyse Companies’ Social Responsibility,http://www.gob.mx/cms/uploads/attachment/file/116055/DISPOSICIONES_COMISIONES_PROCESAR_20160603.pdf
Mexican Pension Funds Regulator (CONSAR) Issues Rule With Obligation to Analyse Companies’ Social Responsibility,http://www.gob.mx/cms/uploads/attachment/file/116055/DISPOSICIONES_COMISIONES_PROCESAR_20160603.pdf
Mexican Pension Funds Regulator (CONSAR) Issues Rule With Obligation to Analyse Companies’ Social Responsibility,http://www.gob.mx/cms/uploads/attachment/file/64351/Circular_CONSAR_16-2.pdf
Mexican Pension Funds Regulator (CONSAR) Issues Rule With Obligation to Analyse Companies’ Social Responsibility,http://www.gob.mx/cms/uploads/attachment/file/64361/Circular_CONSAR_16-2.pdf
Mexican Pension Funds Regulator (CONSAR) Issues Rule With Obligation to Analyse Companies’ Social Responsibility,https://www.gob.mx/cms/uploads/attachment/file/860612/Circular_19_30__20231002_C.pdf
Mexican Pension Funds Regulator (CONSAR) Issues Rule With Obligation to Analyse Companies’ Social Responsibility,https://www.gob.mx/cms/uploads/attachment/file/846097/CIRCULAR_19-29_20230707.pdf
Mexican Pension Funds Regulator (CONSAR) Issues Rule With Obligation to Analyse Companies’ Social Responsibility,https://www.gob.mx/cms/uploads/attachment/file/746519/Circular_19-28_20220725.pdf
Mexican Pension Funds Regulator (CONSAR) Issues Rule With Obligation to Analyse Companies’ Social Responsibility,https://www.gob.mx/cms/uploads/attachment/file/702341/Circular_19-27_20220204.pdf
Mexican Pension Funds Regulator (CONSAR) Issues Rule With Obligation to Analyse Companies’ Social Responsibility,https://www.gob.mx/cms/uploads/attachment/file/644961/Circular_19-26_20210531.pdf
Mexican Pension Funds Regulator (CONSAR) Issues Rule With Obligation to Analyse Companies’ Social Responsibility,https://www.gob.mx/cms/uploads/attachment/file/601909/Circular_19-25_17_12_20.pdf
Mexican Pension Funds Regulator (CONSAR) Issues Rule With Obligation to Analyse Companies’ Social Responsibility,https://www.gob.mx/cms/uploads/attachment/file/516798/Circular_CONSAR_19-24.pdf
Mexican Pension Funds Regulator (CONSAR) Issues Rule With Obligation to Analyse Companies’ Social Responsibility,https://www.gob.mx/cms/uploads/attachment/file/500138/Circular_CONSAR_19-23__20191008.pdf
Mexican Pension Funds Regulator (CONSAR) Issues Rule With Obligation to Analyse Companies’ Social Responsibility,http://www.gob.mx/cms/uploads/attachment/file/64408/Circular_CONSAR_19-08.pdf
Mexican Pension Funds Regulator (CONSAR) Issues Rule With Obligation to Analyse Companies’ Social Responsibility,http://www.gob.mx/cms/uploads/attachment/file/64420/Circular_CONSAR_19-09.pdf
Mexican Pension Funds Regulator (CONSAR) Issues Rule With Obligation to Analyse Companies’ Social Responsibility,http://www.gob.mx/cms/uploads/attachment/file/64424/Circular_CONSAR_19-10.pdf
Mexican Pension Funds Regulator (CONSAR) Issues Rule With Obligation to Analyse Companies’ Social Responsibility,http://www.gob.mx/cms/uploads/attachment/file/64430/Circular_CONSAR_19-11.pdf
Mexican Pension Funds Regulator (CONSAR) Issues Rule With Obligation to Analyse Companies’ Social Responsibility,http://www.gob.mx/cms/uploads/attachment/file/64440/Circular_CONSAR_19-12.pdf
Mexican Pension Funds Regulator (CONSAR) Issues Rule With Obligation to Analyse Companies’ Social Responsibility,http://www.gob.mx/cms/uploads/attachment/file/64485/Circular_CONSAR_19-13-Parte1.pdf
Mexican Pension Funds Regulator (CONSAR) Issues Rule With Obligation to Analyse Companies’ Social Responsibility,http://www.gob.mx/cms/uploads/attachment/file/64488/Circular_CONSAR_19-13-Parte2.pdf
Mexican Pension Funds Regulator (CONSAR) Issues Rule With Obligation to Analyse Companies’ Social Responsibility,http://www.gob.mx/cms/uploads/attachment/file/64489/Circular_CONSAR_19-13-Parte3.pdf
Mexican Pension Funds Regulator (CONSAR) Issues Rule With Obligation to Analyse Companies’ Social Responsibility,http://www.gob.mx/cms/uploads/attachment/file/64490/Circular_CONSAR_19-13-Parte4.pdf
Mexican Pension Funds Regulator (CONSAR) Issues Rule With Obligation to Analyse Companies’ Social Responsibility,http://www.gob.mx/cms/uploads/attachment/file/64491/Circular_CONSAR_19-14.pdf
Mexican Pension Funds Regulator (CONSAR) Issues Rule With Obligation to Analyse Companies’ Social Responsibility,http://www.gob.mx/cms/uploads/attachment/file/64495/CIRCULAR__CONSAR_19-15-Parte1.pdf
Mexican Pension Funds Regulator (CONSAR) Issues Rule With Obligation to Analyse Companies’ Social Responsibility,http://www.gob.mx/cms/uploads/attachment/file/64497/CIRCULAR__CONSAR_19-15-Parte2.pdf
Mexican Pension Funds Regulator (CONSAR) Issues Rule With Obligation to Analyse Companies’ Social Responsibility,http://www.gob.mx/cms/uploads/attachment/file/64497/CIRCULAR__CONSAR_19-15-Parte2.pdf
Mexican Pension Funds Regulator (CONSAR) Issues Rule With Obligation to Analyse Companies’ Social Responsibility,http://www.gob.mx/cms/uploads/attachment/file/64498/CIRCULAR__CONSAR_19-15-Parte3.pdf
Mexican Pension Funds Regulator (CONSAR) Issues Rule With Obligation to Analyse Companies’ Social Responsibility,http://www.gob.mx/cms/uploads/attachment/file/64503/CIRCULAR_CONSAR_19-16-Parte1.pdf
Mexican Pension Funds Regulator (CONSAR) Issues Rule With Obligation to Analyse Companies’ Social Responsibility,http://www.gob.mx/cms/uploads/attachment/file/64505/CIRCULAR_CONSAR_19-16-Parte2.pdf
Mexican Pension Funds Regulator (CONSAR) Issues Rule With Obligation to Analyse Companies’ Social Responsibility,http://www.gob.mx/cms/uploads/attachment/file/64505/CIRCULAR_CONSAR_19-16-Parte2.pdf
Mexican Pension Funds Regulator (CONSAR) Issues Rule With Obligation to Analyse Companies’ Social Responsibility,http://www.gob.mx/cms/uploads/attachment/file/64505/CIRCULAR_CONSAR_19-16-Parte2.pdf
Mexican Pension Funds Regulator (CONSAR) Issues Rule With Obligation to Analyse Companies’ Social Responsibility,http://www.gob.mx/cms/uploads/attachment/file/64507/CIRCULAR_CONSAR_19-17-Parte1.pdf
Mexican Pension Funds Regulator (CONSAR) Issues Rule With Obligation to Analyse Companies’ Social Responsibility,http://www.gob.mx/cms/uploads/attachment/file/64508/CIRCULAR_CONSAR_19-17-Parte2.pdf
Mexican Pension Funds Regulator (CONSAR) Issues Rule With Obligation to Analyse Companies’ Social Responsibility,http://www.gob.mx/cms/uploads/attachment/file/64508/CIRCULAR_CONSAR_19-17-Parte2.pdf
Mexican Pension Funds Regulator (CONSAR) Issues Rule With Obligation to Analyse Companies’ Social Responsibility,http://www.gob.mx/cms/uploads/attachment/file/64509/CIRCULAR_CONSAR_19-17-Parte3.pdf
Mexican Pension Funds Regulator (CONSAR) Issues Rule With Obligation to Analyse Companies’ Social Responsibility,http://www.gob.mx/cms/uploads/attachment/file/64509/CIRCULAR_CONSAR_19-17-Parte3.pdf
Mexican Pension Funds Regulator (CONSAR) Issues Rule With Obligation to Analyse Companies’ Social Responsibility,http://www.gob.mx/cms/uploads/attachment/file/64510/CIRCULAR_CONSAR_19-17-Parte4.pdf
Mexican Pension Funds Regulator (CONSAR) Issues Rule With Obligation to Analyse Companies’ Social Responsibility,http://www.gob.mx/cms/uploads/attachment/file/64510/CIRCULAR_CONSAR_19-17-Parte4.pdf
Mexican Pension Funds Regulator (CONSAR) Issues Rule With Obligation to Analyse Companies’ Social Responsibility,http://www.gob.mx/cms/uploads/attachment/file/64511/CIRCULAR_CONSAR_19-17-Parte5.pdf
Mexican Pension Funds Regulator (CONSAR) Issues Rule With Obligation to Analyse Companies’ Social Responsibility,http://www.gob.mx/cms/uploads/attachment/file/64511/CIRCULAR_CONSAR_19-17-Parte5.pdf
Mexican Pension Funds Regulator (CONSAR) Issues Rule With Obligation to Analyse Companies’ Social Responsibility,http://www.gob.mx/cms/uploads/attachment/file/101486/Circular_CONSAR_19-18.pdf
Mexican Pension Funds Regulator (CONSAR) Issues Rule With Obligation to Analyse Companies’ Social Responsibility,https://www.gob.mx/cms/uploads/attachment/file/255047/Circular_CONSAR_19-19_20170906.pdf
Mexican Pension Funds Regulator (CONSAR) Issues Rule With Obligation to Analyse Companies’ Social Responsibility,https://www.gob.mx/cms/uploads/attachment/file/312941/Circular_CONSAR_19-20_20180315.pdf
Mexican Pension Funds Regulator (CONSAR) Issues Rule With Obligation to Analyse Companies’ Social Responsibility,https://www.gob.mx/cms/uploads/attachment/file/439448/18-enero-19.pdf
Mexican Pension Funds Regulator (CONSAR) Issues Rule With Obligation to Analyse Companies’ Social Responsibility,https://www.gob.mx/cms/uploads/attachment/file/466005/CIRCULAR_CONSAR_19-22_20190531.pdf
Mexican Pension Funds Regulator (CONSAR) Issues Rule With Obligation to Analyse Companies’ Social Responsibility,https://www.gob.mx/cms/uploads/attachment/file/860613/CIRCULAR_CONSAR_19-8_Compilacio_n_a_Circular_19-30_C-Parte_1.pdf
Mexican Pension Funds Regulator (CONSAR) Issues Rule With Obligation to Analyse Companies’ Social Responsibility,https://www.gob.mx/cms/uploads/attachment/file/860613/CIRCULAR_CONSAR_19-8_Compilacio_n_a_Circular_19-30_C-Parte_1.pdf
Mexican Pension Funds Regulator (CONSAR) Issues Rule With Obligation to Analyse Companies’ Social Responsibility,https://www.gob.mx/cms/uploads/attachment/file/860614/CIRCULAR_CONSAR_19-8_Compilacio_n_a_Circular_19-30_C-Parte_2.pdf
Mexican Pension Funds Regulator (CONSAR) Issues Rule With Obligation to Analyse Companies’ Social Responsibility,http://www.gob.mx/cms/uploads/attachment/file/64512/Circular_CONSAR_54-01.pdf
Mexican Pension Funds Regulator (CONSAR) Issues Rule With Obligation to Analyse Companies’ Social Responsibility,http://www.gob.mx/cms/uploads/attachment/file/64514/Circular_CONSAR_54-01.pdf
Mexican Pension Funds Regulator (CONSAR) Issues Rule With Obligation to Analyse Companies’ Social Responsibility,http://www.gob.mx/cms/uploads/attachment/file/101525/Reglas_prudenciales_en_materia_de_administracion_de_riesgos.pdf
Mexican Pension Funds Regulator (CONSAR) Issues Rule With Obligation to Analyse Companies’ Social Responsibility,https://www.gob.mx/cms/uploads/attachment/file/850373/Blanco.pdf
Austrian Eco-label (Österreichisches Umweltzeichen) Guideline UZ 49,https://www.umweltzeichen.at/file/Guideline/UZ%2049/Long/UZ49%20Sustainable%20Financial%20Products%202020_EN.pdf
Bangladesh's Policy Guidelines on Green Banking,"javascript:showpdf('annual/green_banking/2012/g_speech.pdf','Governor Speech');"
Bangladesh's Policy Guidelines on Green Banking,"javascript:showpdf('annual/green_banking/2012/dg_speech.pdf','Governor Speech');"
Bangladesh's Policy Guidelines on Green Banking,"javascript:showpdf('annual/green_banking/2012/full_rpt.pdf','Report 2012');"
"Guidelines on Disclosing How Investments Take Into Account Labour Standards or Environmental, Social, or Ethical Considerations (Regulatory Guide 65)",https://download.asic.gov.au/media/1239069/rg65-published-30-november-2011.pdf
The Canadian Environmental Protection Act Requires Large Emitters to Report Greenhouse Gas Emissions,https://laws-lois.justice.gc.ca/PDF/C-15.31.pdf
Brazil's National Electrical Energy Agency's (ANEEL) Requirements for Annual Sustainability Reporting (Despacho 3034/2006),https://www2.aneel.gov.br/aplicacoes/leitura_arquivo/arquivos/MANUAL-ONS-Cont-Vers%C3%A3o15-01-03FINAL.pdf
Brazil's National Electrical Energy Agency's (ANEEL) Requirements for Annual Sustainability Reporting (Despacho 3034/2006),https://www2.aneel.gov.br/aplicacoes/leitura_arquivo/arquivos/Manual%20do%20Programa%20Regular%20de%20Fiscaliza%C3%A7%C3%A3o%20no%20ONS%20-%20Revis%C3%A3o%201.pdf
Brazil's National Electrical Energy Agency's (ANEEL) Requirements for Annual Sustainability Reporting (Despacho 3034/2006),https://www2.aneel.gov.br/aplicacoes/leitura_arquivo/arquivos/Resolucao444.pdf
Brazil's National Electrical Energy Agency's (ANEEL) Requirements for Annual Sustainability Reporting (Despacho 3034/2006),https://www2.aneel.gov.br/aplicacoes/leitura_arquivo/arquivos/Manual-02-2008-despacho-1618-2008.pdf
Brazil's National Electrical Energy Agency's (ANEEL) Requirements for Annual Sustainability Reporting (Despacho 3034/2006),https://www2.aneel.gov.br/aplicacoes/leitura_arquivo/arquivos/Manual-10-2008-despacho-3466-e-3467-de-2008.pdf
Brazil's National Electrical Energy Agency's (ANEEL) Requirements for Annual Sustainability Reporting (Despacho 3034/2006),https://www2.aneel.gov.br/aplicacoes/leitura_arquivo/arquivos/Manual-01-2009-despacho-4815-de-2008.pdf
Brazil's National Electrical Energy Agency's (ANEEL) Requirements for Annual Sustainability Reporting (Despacho 3034/2006),https://www2.aneel.gov.br/aplicacoes/leitura_arquivo/arquivos/Manual-02-1-2009-desp627-2009-res367-2009.pdf
Brazil's National Electrical Energy Agency's (ANEEL) Requirements for Annual Sustainability Reporting (Despacho 3034/2006),https://www2.aneel.gov.br/aplicacoes/leitura_arquivo/arquivos/resolucao668.pdf
Brazil's National Electrical Energy Agency's (ANEEL) Requirements for Annual Sustainability Reporting (Despacho 3034/2006),https://www2.aneel.gov.br/aplicacoes/leitura_arquivo/arquivos/Resolucao339.pdf
Brazil's National Electrical Energy Agency's (ANEEL) Requirements for Annual Sustainability Reporting (Despacho 3034/2006),https://www2.aneel.gov.br/aplicacoes/leitura_arquivo/arquivos/res473.pdf
Brazil's National Electrical Energy Agency's (ANEEL) Requirements for Annual Sustainability Reporting (Despacho 3034/2006),https://www2.aneel.gov.br/aplicacoes/leitura_arquivo/arquivos/des657.pdf
Brazil's National Electrical Energy Agency's (ANEEL) Requirements for Annual Sustainability Reporting (Despacho 3034/2006),https://www2.aneel.gov.br/aplicacoes/leitura_arquivo/arquivos/Resolucao219-2006.pdf
Brazil's National Electrical Energy Agency's (ANEEL) Requirements for Annual Sustainability Reporting (Despacho 3034/2006),https://www2.aneel.gov.br/aplicacoes/leitura_arquivo/arquivos/Despacho-3073-2006-public1.pdf
Brazil's National Electrical Energy Agency's (ANEEL) Requirements for Annual Sustainability Reporting (Despacho 3034/2006),https://www2.aneel.gov.br/aplicacoes/leitura_arquivo/arquivos/Despacho-3073-2006-public2.pdf
Brazil's National Electrical Energy Agency's (ANEEL) Requirements for Annual Sustainability Reporting (Despacho 3034/2006),https://www2.aneel.gov.br/aplicacoes/leitura_arquivo/arquivos/Despacho-294-2008-Alteracao-MCSE.pdf
Brazil's National Electrical Energy Agency's (ANEEL) Requirements for Annual Sustainability Reporting (Despacho 3034/2006),https://www2.aneel.gov.br/aplicacoes/leitura_arquivo/arquivos/Despacho-1618-2008.pdf
Brazil's National Electrical Energy Agency's (ANEEL) Requirements for Annual Sustainability Reporting (Despacho 3034/2006),https://www2.aneel.gov.br/aplicacoes/leitura_arquivo/arquivos/Despacho-3466-2008.pdf
Brazil's National Electrical Energy Agency's (ANEEL) Requirements for Annual Sustainability Reporting (Despacho 3034/2006),https://www2.aneel.gov.br/aplicacoes/leitura_arquivo/arquivos/Despacho-3467-2008.pdf
Brazil's National Electrical Energy Agency's (ANEEL) Requirements for Annual Sustainability Reporting (Despacho 3034/2006),https://www2.aneel.gov.br/aplicacoes/leitura_arquivo/arquivos/Despacho-4815-2008-Mcse.pdf
Brazil's National Electrical Energy Agency's (ANEEL) Requirements for Annual Sustainability Reporting (Despacho 3034/2006),https://www2.aneel.gov.br/aplicacoes/leitura_arquivo/arquivos/Despacho-627-2009-Alteracao-MCSE.pdf
Brazil's National Electrical Energy Agency's (ANEEL) Requirements for Annual Sustainability Reporting (Despacho 3034/2006),https://www2.aneel.gov.br/aplicacoes/leitura_arquivo/arquivos/Resolucao370-2009.pdf
"Belgium's Law on Supplementary Pensions Requires Disclosure of Social, Environmental, and Ethical Criteria",https://www.simplexeb.be/sites/default/files/2023-10/Simplex%20EBI_privacy%20verklaring_EN_0.pdf
Spain's Resolution of 25 March 2002 Requires Companies to Include Environment Impact Information in their Annual Accounts,https://www.boe.es/boe/dias/2002/04/04/pdfs/A12831-12834.pdf
Pension Fund Disclosure Requirements to Include ESG Factors (Pensionskassengesetz – PKG 2005),https://www.ris.bka.gv.at/GeltendeFassung/Bundesnormen/10007055/PKG%2c%20Fassung%20vom%2020.11.2023.pdf
Pension Fund Disclosure Requirements to Include ESG Factors (Pensionskassengesetz – PKG 2005),https://www.ris.bka.gv.at/Dokumente/BgblPdf/1990_281_0/1990_281_0.pdf
Pension Fund Disclosure Requirements to Include ESG Factors (Pensionskassengesetz – PKG 2005),https://www.ris.bka.gv.at/Dokumente/BgblPdf/1991_10_0/1991_10_0.pdf
Pension Fund Disclosure Requirements to Include ESG Factors (Pensionskassengesetz – PKG 2005),https://www.ris.bka.gv.at/Dokumente/BgblPdf/1992_20_0/1992_20_0.pdf
Pension Fund Disclosure Requirements to Include ESG Factors (Pensionskassengesetz – PKG 2005),https://www.ris.bka.gv.at/Dokumente/BgblPdf/1992_209_0/1992_209_0.pdf
Pension Fund Disclosure Requirements to Include ESG Factors (Pensionskassengesetz – PKG 2005),https://www.ris.bka.gv.at/Dokumente/BgblPdf/1993_532_0/1993_532_0.pdf
Pension Fund Disclosure Requirements to Include ESG Factors (Pensionskassengesetz – PKG 2005),https://www.ris.bka.gv.at/Dokumente/BgblPdf/1996_755_0/1996_755_0.pdf
Pension Fund Disclosure Requirements to Include ESG Factors (Pensionskassengesetz – PKG 2005),https://www.ris.bka.gv.at/Dokumente/BgblPdf/1997_64_1/1997_64_1.pdf
Pension Fund Disclosure Requirements to Include ESG Factors (Pensionskassengesetz – PKG 2005),https://www.ris.bka.gv.at/Dokumente/BgblPdf/1998_126_1/1998_126_1.pdf
Pension Fund Disclosure Requirements to Include ESG Factors (Pensionskassengesetz – PKG 2005),https://www.ris.bka.gv.at/Dokumente/BgblPdf/1999_127_1/1999_127_1.pdf
Pension Fund Disclosure Requirements to Include ESG Factors (Pensionskassengesetz – PKG 2005),https://www.ris.bka.gv.at/Dokumente/BgblPdf/2000_73_1/2000_73_1.pdf
Pension Fund Disclosure Requirements to Include ESG Factors (Pensionskassengesetz – PKG 2005),https://www.ris.bka.gv.at/Dokumente/BgblPdf/2000_142_1/2000_142_1.pdf
Pension Fund Disclosure Requirements to Include ESG Factors (Pensionskassengesetz – PKG 2005),https://www.ris.bka.gv.at/Dokumente/BgblPdf/2001_97_1/2001_97_1.pdf
Pension Fund Disclosure Requirements to Include ESG Factors (Pensionskassengesetz – PKG 2005),https://www.ris.bka.gv.at/Dokumente/BgblPdf/2002_9_1/2002_9_1.pdf
Pension Fund Disclosure Requirements to Include ESG Factors (Pensionskassengesetz – PKG 2005),https://www.ris.bka.gv.at/Dokumente/BgblPdf/2002_14_2/2002_14_2.pdf
Pension Fund Disclosure Requirements to Include ESG Factors (Pensionskassengesetz – PKG 2005),https://www.ris.bka.gv.at/Dokumente/BgblPdf/2003_71_1/2003_71_1.pdf
Pension Fund Disclosure Requirements to Include ESG Factors (Pensionskassengesetz – PKG 2005),https://www.ris.bka.gv.at/Dokumente/BgblPdf/2003_80_1/2003_80_1.pdf
Pension Fund Disclosure Requirements to Include ESG Factors (Pensionskassengesetz – PKG 2005),https://www.ris.bka.gv.at/Dokumente/BgblPdf/2003_135_1/2003_135_1.pdf
Pension Fund Disclosure Requirements to Include ESG Factors (Pensionskassengesetz – PKG 2005),https://www.ris.bka.gv.at/Dokumente/BgblPdf/1996_755_0/1996_755_0.pdf
Pension Fund Disclosure Requirements to Include ESG Factors (Pensionskassengesetz – PKG 2005),https://www.ris.bka.gv.at/Dokumente/BgblPdf/1998_126_1/1998_126_1.pdf
Pension Fund Disclosure Requirements to Include ESG Factors (Pensionskassengesetz – PKG 2005),https://www.ris.bka.gv.at/Dokumente/BgblPdf/1994_194_0/1994_194_0.pdf
Pension Fund Disclosure Requirements to Include ESG Factors (Pensionskassengesetz – PKG 2005),https://www.ris.bka.gv.at/Dokumente/BgblPdf/1955_189_0/1955_189_0.pdf
Pension Fund Disclosure Requirements to Include ESG Factors (Pensionskassengesetz – PKG 2005),https://www.ris.bka.gv.at/Dokumente/BgblPdf/1999_58_1/1999_58_1.pdf
Pension Fund Disclosure Requirements to Include ESG Factors (Pensionskassengesetz – PKG 2005),https://www.ris.bka.gv.at/Dokumente/BgblPdf/2001_154_1/2001_154_1.pdf
Pension Fund Disclosure Requirements to Include ESG Factors (Pensionskassengesetz – PKG 2005),https://www.ris.bka.gv.at/Dokumente/BgblPdf/1955_189_0/1955_189_0.pdf
Pension Fund Disclosure Requirements to Include ESG Factors (Pensionskassengesetz – PKG 2005),https://www.ris.bka.gv.at/Dokumente/BgblPdf/2003_80_1/2003_80_1.pdf
Pension Fund Disclosure Requirements to Include ESG Factors (Pensionskassengesetz – PKG 2005),https://www.ris.bka.gv.at/Dokumente/BgblPdf/1996_755_0/1996_755_0.pdf
Pension Fund Disclosure Requirements to Include ESG Factors (Pensionskassengesetz – PKG 2005),https://www.ris.bka.gv.at/Dokumente/BgblPdf/1972_273_0/1972_273_0.pdf
Pension Fund Disclosure Requirements to Include ESG Factors (Pensionskassengesetz – PKG 2005),https://www.ris.bka.gv.at/Dokumente/BgblPdf/1997_64_1/1997_64_1.pdf
Pension Fund Disclosure Requirements to Include ESG Factors (Pensionskassengesetz – PKG 2005),https://www.ris.bka.gv.at/Dokumente/BgblPdf/2001_97_1/2001_97_1.pdf
Pension Fund Disclosure Requirements to Include ESG Factors (Pensionskassengesetz – PKG 2005),https://www.ris.bka.gv.at/Dokumente/BgblPdf/2001_97_1/2001_97_1.pdf
Pension Fund Disclosure Requirements to Include ESG Factors (Pensionskassengesetz – PKG 2005),https://www.ris.bka.gv.at/Dokumente/BgblPdf/2001_97_1/2001_97_1.pdf
Pension Fund Disclosure Requirements to Include ESG Factors (Pensionskassengesetz – PKG 2005),https://www.ris.bka.gv.at/Dokumente/BgblPdf/2000_142_1/2000_142_1.pdf
Pension Fund Disclosure Requirements to Include ESG Factors (Pensionskassengesetz – PKG 2005),https://www.ris.bka.gv.at/Dokumente/BgblPdf/2003_97_1/2003_97_1.pdf
Pension Fund Disclosure Requirements to Include ESG Factors (Pensionskassengesetz – PKG 2005),https://www.ris.bka.gv.at/Dokumente/BgblPdf/1992_20_0/1992_20_0.pdf
Pension Fund Disclosure Requirements to Include ESG Factors (Pensionskassengesetz – PKG 2005),https://www.ris.bka.gv.at/Dokumente/BgblPdf/1996_755_0/1996_755_0.pdf
Pension Fund Disclosure Requirements to Include ESG Factors (Pensionskassengesetz – PKG 2005),https://www.ris.bka.gv.at/Dokumente/BgblPdf/1991_198_0/1991_198_0.pdf
Pension Fund Disclosure Requirements to Include ESG Factors (Pensionskassengesetz – PKG 2005),https://www.ris.bka.gv.at/Dokumente/BgblPdf/1991_93_0/1991_93_0.pdf
Pension Fund Disclosure Requirements to Include ESG Factors (Pensionskassengesetz – PKG 2005),https://www.ris.bka.gv.at/Dokumente/BgblPdf/1997_64_1/1997_64_1.pdf
Pension Fund Disclosure Requirements to Include ESG Factors (Pensionskassengesetz – PKG 2005),https://www.ris.bka.gv.at/Dokumente/BgblPdf/1998_126_1/1998_126_1.pdf
Pension Fund Disclosure Requirements to Include ESG Factors (Pensionskassengesetz – PKG 2005),https://www.ris.bka.gv.at/Dokumente/BgblPdf/1998_126_1/1998_126_1.pdf
Pension Fund Disclosure Requirements to Include ESG Factors (Pensionskassengesetz – PKG 2005),https://www.ris.bka.gv.at/Dokumente/BgblPdf/1999_127_1/1999_127_1.pdf
Pension Fund Disclosure Requirements to Include ESG Factors (Pensionskassengesetz – PKG 2005),https://www.ris.bka.gv.at/Dokumente/BgblPdf/2000_73_1/2000_73_1.pdf
Pension Fund Disclosure Requirements to Include ESG Factors (Pensionskassengesetz – PKG 2005),https://www.ris.bka.gv.at/Dokumente/BgblPdf/2000_73_1/2000_73_1.pdf
Pension Fund Disclosure Requirements to Include ESG Factors (Pensionskassengesetz – PKG 2005),https://www.ris.bka.gv.at/Dokumente/BgblPdf/2000_142_1/2000_142_1.pdf
Pension Fund Disclosure Requirements to Include ESG Factors (Pensionskassengesetz – PKG 2005),https://www.ris.bka.gv.at/Dokumente/BgblPdf/2001_97_1/2001_97_1.pdf
Pension Fund Disclosure Requirements to Include ESG Factors (Pensionskassengesetz – PKG 2005),https://www.ris.bka.gv.at/Dokumente/BgblPdf/2001_97_1/2001_97_1.pdf
Pension Fund Disclosure Requirements to Include ESG Factors (Pensionskassengesetz – PKG 2005),https://www.ris.bka.gv.at/Dokumente/BgblPdf/2001_97_1/2001_97_1.pdf
Pension Fund Disclosure Requirements to Include ESG Factors (Pensionskassengesetz – PKG 2005),https://www.ris.bka.gv.at/Dokumente/BgblPdf/2001_97_1/2001_97_1.pdf
Pension Fund Disclosure Requirements to Include ESG Factors (Pensionskassengesetz – PKG 2005),https://www.ris.bka.gv.at/Dokumente/BgblPdf/2002_9_1/2002_9_1.pdf
Pension Fund Disclosure Requirements to Include ESG Factors (Pensionskassengesetz – PKG 2005),https://www.ris.bka.gv.at/Dokumente/BgblPdf/2002_9_1/2002_9_1.pdf
Pension Fund Disclosure Requirements to Include ESG Factors (Pensionskassengesetz – PKG 2005),https://www.ris.bka.gv.at/Dokumente/BgblPdf/2003_71_1/2003_71_1.pdf
Pension Fund Disclosure Requirements to Include ESG Factors (Pensionskassengesetz – PKG 2005),https://www.ris.bka.gv.at/Dokumente/BgblPdf/2003_80_1/2003_80_1.pdf
Pension Fund Disclosure Requirements to Include ESG Factors (Pensionskassengesetz – PKG 2005),https://www.ris.bka.gv.at/Dokumente/BgblPdf/2003_135_1/2003_135_1.pdf
Pension Fund Disclosure Requirements to Include ESG Factors (Pensionskassengesetz – PKG 2005),https://www.ris.bka.gv.at/Dokumente/BgblPdf/1997_75_2/1997_75_2.pdf
Pension Fund Disclosure Requirements to Include ESG Factors (Pensionskassengesetz – PKG 2005),https://www.ris.bka.gv.at/Dokumente/BgblPdf/1998_444_2/1998_444_2.pdf
Pension Fund Disclosure Requirements to Include ESG Factors (Pensionskassengesetz – PKG 2005),https://www.ris.bka.gv.at/Dokumente/BgblPdf/1990_281_0/1990_281_0.pdf
Pension Fund Disclosure Requirements to Include ESG Factors (Pensionskassengesetz – PKG 2005),https://www.ris.bka.gv.at/Dokumente/BgblPdf/1990_281_0/1990_281_0.pdf
Pension Fund Disclosure Requirements to Include ESG Factors (Pensionskassengesetz – PKG 2005),https://www.ris.bka.gv.at/Dokumente/BgblPdf/1990_281_0/1990_281_0.pdf
Pension Fund Disclosure Requirements to Include ESG Factors (Pensionskassengesetz – PKG 2005),https://www.ris.bka.gv.at/Dokumente/BgblPdf/1990_281_0/1990_281_0.pdf
Pension Fund Disclosure Requirements to Include ESG Factors (Pensionskassengesetz – PKG 2005),https://www.ris.bka.gv.at/Dokumente/BgblPdf/1990_281_0/1990_281_0.pdf
Pension Fund Disclosure Requirements to Include ESG Factors (Pensionskassengesetz – PKG 2005),https://www.ris.bka.gv.at/Dokumente/BgblPdf/1990_281_0/1990_281_0.pdf
Pension Fund Disclosure Requirements to Include ESG Factors (Pensionskassengesetz – PKG 2005),https://www.ris.bka.gv.at/Dokumente/BgblPdf/1990_281_0/1990_281_0.pdf
Pension Fund Disclosure Requirements to Include ESG Factors (Pensionskassengesetz – PKG 2005),https://www.ris.bka.gv.at/Dokumente/BgblPdf/1990_281_0/1990_281_0.pdf
Pension Fund Disclosure Requirements to Include ESG Factors (Pensionskassengesetz – PKG 2005),https://www.ris.bka.gv.at/Dokumente/BgblPdf/1990_281_0/1990_281_0.pdf
Pension Fund Disclosure Requirements to Include ESG Factors (Pensionskassengesetz – PKG 2005),https://www.ris.bka.gv.at/Dokumente/BgblPdf/1990_281_0/1990_281_0.pdf
Pension Fund Disclosure Requirements to Include ESG Factors (Pensionskassengesetz – PKG 2005),https://www.ris.bka.gv.at/Dokumente/BgblPdf/1990_281_0/1990_281_0.pdf
Zimbabwe’s Environmental Management Act (Chapter 20:27),https://www.law.co.zw/download/environmental-management-actchapter-2027/?wpdmdl=396&refresh=655ad0b30b5331700450483&ind=0&filename=2027updated.pdf
ATHEX - ESG Reporting Guide 2022,https://www.athexgroup.gr/documents/10180/6599246/ESG+Reporting+Guide+2022-2202.pdf/d5fe6a40-c493-46a7-b307-37494b6ca49d
Canadian Securities Administrators' Staff Notice 81-334 ESG-Related Investment Fund Disclosure,https://www.osc.ca/sites/default/files/2022-01/csa_20220119_81-334_esg-related-investement-fund-disclosure.pdf
India's Union Budget 2022-23: Climate Budget and Green Bonds,https://www.indiabudget.gov.in/doc/budget_speech.pdf
Information disclosure and transparency rules for Mongolian issuers,https://mse.mn/uploads/laws/%D2%AE%D0%BD%D1%8D%D1%82%20%D1%86%D0%B0%D0%B0%D1%81%20%D0%B3%D0%B0%D1%80%D0%B3%D0%B0%D0%B3%D1%87%D0%B0%D0%B0%D1%81%20%D0%BE%D0%BB%D0%BE%D0%BD%20%D0%BD%D0%B8%D0%B9%D1%82%D1%8D%D0%B4%20%D1%85%D2%AF%D1%80%D0%B3%D1%8D%D1%85%20%D0%BC%D1%8D%D0%B4%D1%8D%D1%8D%D0%BB%D0%BB%D0%B8%D0%B9%D0%BD%20%D0%B6%D1%83%D1%80%D0%B0%D0%BC.pdf
Integrated financial products: Review of managed fund documentation,https://www.fma.govt.nz/assets/Guidance/Disclosure-framework-for-integrated-financial-products.pdf
Integrated financial products: Review of managed fund documentation,https://www.fma.govt.nz/assets/Reports/Integrated-financial-products-Review-of-managed-fund-documentation.pdf
Call for evidence on market characteristics for ESG rating providers in the EU﻿,https://www.esma.europa.eu/sites/default/files/library/esma80-416-250_call_for_evidence_on_market_characteristics_for_esg_rating_providers_in_the_eu.pdf
Philippine Sustainable Finance Roadmap and Guiding Principles,https://www.bsp.gov.ph/Regulations/Issuances/2022/CL-2022-011.pdf
The Companies and LLPs (Climate-related Financial Disclosure) Regulations 2022,https://assets.publishing.service.gov.uk/government/uploads/system/uploads/attachment_data/file/1056085/mandatory-climate-related-financial-disclosures-publicly-quoted-private-cos-llps.pdf
Qatar Central Bank's plan on green finance,http://www.qcb.gov.qa/Arabic/Publications/ReportsAndStatements/Documents/QCB%20Financial%20Stability%20Report%202020.pdf
Qatar Central Bank's plan on green finance,http://www.qcb.gov.qa/English/AboutQCB/Documents/The%20Second%20Strategic%20plan%202017-2022%20english.pdf
U.S. Securities and Exchange Commission's Staff Report on Nationally Recognized Statistical Rating Organizations,https://www.sec.gov/files/2022-ocr-staff-report.pdf
ECB Occasional Paper Series: Disclosure of climate change risk in credit ratings,https://www.ecb.europa.eu/pub/pdf/scpops/ecb.op303~eaa6fe6583.en.pdf?26d23c18fd6af8516a0d3b1c86384422
A standard on climate-related risk disclosure for US insurance companies,https://content.naic.org/sites/default/files/inline-files/2022ProposedClimateRiskSurvey_0.pdf?msclkid=e24cf6f2b47211eca09ac1c752e22857
ESMA Sustainable Finance Roadmap 2022-2024,https://www.esma.europa.eu/sites/default/files/library/esma30-379-1051_sustainable_finance_roadmap.pdf
Mongolia Monetary Policy Guidelines for 2022,https://www.mongolbank.mn/documents/guidelinesproject/2022.pdf
The Enhancement and Standardization of Climate-Related Disclosures for Investors,https://www.sec.gov/rules/proposed/2022/33-11042.pdf
Regulatory technical standards on sustainability-related disclosure,https://ec.europa.eu/finance/docs/level-2-measures/C_2022_1931_1_EN_ACT_part1_v6%20(1).pdf
Rules on corporate sustainability reporting directive (CSRD),https://www.consilium.europa.eu/media/57644/st10835-xx22.pdf
Indonesia Green Taxonomy Edition 1.0,https://www.ojk.go.id/keuanganberkelanjutan/Uploads/Content/Regulasi/Regulasi_22012011321251.pdf
India's International Sustainability Platform on ESG,https://static.nseindia.com/s3fs-public/2022-04/PR_cc_22042022_0.pdf
Framework for a Just Transition in South Africa: Draft for Discussion,https://pccommissionflow.imgix.net/uploads/images/South-Africas-Just-Transition-Framework-for-Stakeholder-Consultation-Feb-2022_2022-02-23-092221_xtvt.pdf
Rwanda Sustainable Finance Roadmap,https://rfl.rw/docs/KIFCSustainableFinanceRoadmap.pdf
Bucharest Stock Exchange's ESG Reporting Guidelines,https://bvb.ro/info/Rapoarte/Ghiduri/ESG_Reporting_Guidelines.pdf
EBA Discussion paper on the role of environmental risks in the prudential framework,https://www.eba.europa.eu/sites/default/documents/files/document_library/Publications/Discussions/2022/Discussion%20paper%20on%20the%20role%20of%20environmental%20risk%20in%20the%20prudential%20framework/1031947/Discussion%20paper%20on%20role%20of%20ESG%20risks%20in%20prudential%20framework.pdf
Tel Aviv Stock Exchange (TASE) Sustainability Report 2021,https://info.tase.co.il/Eng/Lists/gen_res/1330_tase_esg_reports/File_1330_202112_tase_ESG_report_eng.pdf
Sri Lanka Green Finance Taxonomy,https://www.cbsl.gov.lk/sites/default/files/cbslweb_documents/sl_green_finance_taxonomy.pdf
SDGs & Sustainability - Pakistan Banking Sector Perspective,https://www.ukifc.com/wp-content/uploads/2022/03/SDGs-Sustainability-Pakistan.pdf
Enhancement and Standardization of Climate-Related Disclosures for Investors,https://www.sec.gov/rules/proposed/2022/33-11042.pdf
Bill on the Climate Risk Disclosure Act of 2021,https://financialservices.house.gov/uploadedfiles/02.25_bills-1173ih.pdf
ACPR Main scenarios and assumptions of the climate pilot exercise,https://acpr.banque-france.fr/sites/default/files/medias/documents/20200717_main_assumptions_and_scenarios_of_the_acpr_climate_pilot_exercise.pdf
EFRAG recommendations on the development of EU sustainability reporting standards,https://www.efrag.org/Assets/Download?assetUrl=%2Fsites%2Fwebpublishing%2FSiteAssets%2FEFRAG%2520PTF-NFRS_MAIN_REPORT.pdf
EFRAG recommendations on the development of EU sustainability reporting standards,https://www.efrag.org/Assets/Download?assetUrl=%2Fsites%2Fwebpublishing%2FSiteAssets%2FJean-Paul%20Gauz%C3%A8s%20-%20Ad%20Personam%20Mandate%20-%20Final%20Report%20-%2005-03-2021.pdf
Enhanced Disclosures by Certain Investment Advisers and Investment Companies about ESG Investment Practices,https://www.sec.gov/rules/proposed/2022/ia-6034.pdf
"Circular to Management Companies of SFC-Authorized Unit Trusts and Mutual Funds on Green or Environmental, Social, and Governance (ESG) Funds",https://www.sfc.hk/web/EN/files/ER/PDF/SFCs%20Strategic%20Framework%20for%20Green%20Finance%20-%20Final%20Report%20(21%20Sept%202018....pdf
"Circular to Management Companies of SFC-Authorized Unit Trusts and Mutual Funds on Green or Environmental, Social, and Governance (ESG) Funds",https://www.sfc.hk/web/doc/EN/intermediaries/products/handBooks/Eng_UT.pdf
Banque de France’s Climate Change Centre,https://www.banque-france.fr/sites/default/files/medias/documents/cp_ra_isr_et_ccc_engl.pdf
UK Government Green Gilt issuance,https://assets.publishing.service.gov.uk/government/uploads/system/uploads/attachment_data/file/998127/20210630_UK_Government_Green_Financing_Framework_Final.pdf
Banque de France responsible investment policy 2021,https://www.banque-france.fr/sites/default/files/medias/documents/responsible_investment_policy_reinforcing_exclusions_with_regard_to_fossil_fuels.pdf
2024 Climate Risk Stress Testing Exercise by the Bank Negara of Malaysia,https://www.bnm.gov.my/documents/20124/3770663/DP_2024_CRST.pdf
Development of a first national Green Finance Taxonomy for South Africa,http://www.treasury.gov.za/publications/other/Sustainability%20technical%20paper%202020.pdf
Development of a first national Green Finance Taxonomy for South Africa,https://sustainablefinanceinitiative.org.za/wp-content/downloads/SA-Green-Finance-Taxonomy-1st-Edition-Final-01-04-2022.pdf
Law 57-07 on incentives for development of renewable energy sources and its special regimes,https://www.cne.gob.do/wp-content/uploads/2015/11/Ley-No.-57-07-Sobre-Incentivos-al-Desarrollo-de-Energ--as-Renovables.pdf
Department of Labor’s Statement Regarding Enforcement of its Final Rules on ESG Investments and Proxy Voting by Employee Benefit Plans,https://www.govinfo.gov/content/pkg/FR-2020-11-13/pdf/2020-24515.pdf
Department of Labor’s Statement Regarding Enforcement of its Final Rules on ESG Investments and Proxy Voting by Employee Benefit Plans,https://www.govinfo.gov/content/pkg/FR-2020-12-16/pdf/2020-27465.pdf
Department of Labor’s Statement Regarding Enforcement of its Final Rules on ESG Investments and Proxy Voting by Employee Benefit Plans,https://www.dol.gov/sites/dolgov/files/ebsa/laws-and-regulations/laws/erisa/statement-on-enforcement-of-final-rules-on-esg-investments-and-proxy-voting.pdf
Italy issued a sovereign green bond,https://www.mef.gov.it/en/focus/documents/btp_green/Green-Bond-FrameWork_ENG-.pdf
Italy issued a sovereign green bond,https://www.mef.gov.it/ufficio-stampa/comunicati/2021/documenti/comunicato_0040-en.pdf
Spain to issue a sovereign green bond,https://www.tesoro.es/sites/default/files/estrategia/Estrategia_ES.pdf
The EU Platform on Sustainable Finance advises on transition finance,https://ec.europa.eu/info/sites/info/files/business_economy_euro/banking_and_finance/documents/210118-commission-request-transition-financing_en.pdf
France issued a second sovereign green bond,https://www.aft.gouv.fr/files/archives/attachments/25562.pdf
Amendments to the Federal Proxy Rules Governing Proxy Voting Advice,https://www.sec.gov/rules/final/2022/34-95266.pdf
Switzerland became an official supporter of the TCFD,https://assets.bbhub.io/company/sites/60/2021/01/Press-release-TCFD-SwitzerlandV3.pdf
"Guide for Reporting and Voluntary Disclosure of Environmental, Social and Corporate Governance Factors (ASG)",https://www.panabolsa.com/biblioteca/Sostenibilidad/Guias_Sostenibilidad/Guia_para_el_Reporte_y_Divulgacion_Voluntaria_de_Factores_ASG_v1.pdf
Danmarks Nationalbanks’ climate and sustainability work,https://www.nationalbanken.dk/en/publications/Documents/2021/06/ANALYSIS%20No.%2013%20-%20Flood%20risk%20can%20potentially%20affect%20a%20large%20share%20of%20credit%20institutions%E2%80%99%20exposures%20.pdf
Danmarks Nationalbanks’ climate and sustainability work,https://www.nationalbanken.dk/en/publications/Documents/2021/07/ANALYSIS_No.%2019_Climate%20change%20and%20the%20role%20of%20central%20banks.pdf
Pakistan issued first green bond,http://www.wapda.gov.pk/images/phocadownloadapp/InverstorCorner-greenBond-2021/wapda%20green%20bond%20framework%20draft%20final%20v17.pdf
Pakistan issued first green bond,http://www.wapda.gov.pk/images/phocadownloadapp/wapda%20green%20bond.pdf
The Green Finance Industry Taskforce’s implementation guide for climate-related disclosures by FIs,https://abs.org.sg/docs/library/fostering-green-finance-solutions-white-paper.pdf
The Green Finance Industry Taskforce’s implementation guide for climate-related disclosures by FIs,https://abs.org.sg/docs/library/financial-institutions-climate-related-disclosure-document.pdf
Platform on Sustainable Finance’s draft report on an extended taxonomy to support economic transition,https://ec.europa.eu/info/sites/default/files/business_economy_euro/banking_and_finance/documents/sustainable-finance-platform-report-taxonomy-extension-july2021_en.pdf
EU’s Strategy for Financing the Transition to a Sustainable Economy,https://ec.europa.eu/finance/docs/law/210704-communication-sustainable-finance-strategy_en.pdf
SFD Circular No. 1,https://www.bb.org.bd/mediaroom/circulars/gbcrd/jan112021sfd01.pdf
Revisions of Japan’s Corporate Governance Code and Guidelines for Investor and Company Engagement,https://www.fsa.go.jp/en/news/2021/20210406/01.pdf
Government commits to ‘nature-positive’ future in response to Dasgupta review,https://assets.publishing.service.gov.uk/government/uploads/system/uploads/attachment_data/file/993290/MASTER_Dasgupta_Response__web.pdf
DNB Sustainable Finance Strategy 2021-2025,https://www.dnb.nl/media/pf5a4wmp/sustainable-finance-strategy-dnb-13-7-2021.pdf
ECB Monetary Policy Strategy,https://www.ecb.europa.eu/press/pr/date/2021/html/ecb.pr210708_1_annex~f84ab35968.en.pdf
Speech of the Governor of the National Bank of Romania on investment finance in Romania,https://www.bis.org/review/r200305a.pdf
Bank of Japan introduces fund-provisioning measure to address climate change,https://www.boj.or.jp/en/announcements/release_2021/k210618a.pdf
Bank of Japan introduces fund-provisioning measure to address climate change,https://www.boj.or.jp/en/announcements/release_2021/rel210716b.pdf
Resolutions on ESG disclosure,https://enterprise.press/wp-content/uploads/2021/07/PRL-FRA.docx.pdf
ESG Reporting Guidelines,https://www.gpw.pl/pub/GPW/ESG/ESG_Reporting_Guidelines.pdf
Prudential Practice Guide CPG 229 Climate Change Financial Risks (CPG 229),https://www.apra.gov.au/sites/default/files/2021-04/Draft%20CPG%20229%20Climate%20Change%20Financial%20Risks_1.pdf
Slovenia’s Sustainability Bond,https://www.gov.si/assets/ministrstva/MF/Zakladnistvo/Dolg-RS/Slovenian-Sovereign-Sustainability-Bond-Framework.pdf
The Occupational Pension Schemes (Climate Change Governance and Reporting) Regulations 2021,https://assets.publishing.service.gov.uk/government/uploads/system/uploads/attachment_data/file/994910/government-response-taking-action-on-climate-risk-improving-governance-and-reporting-by-occupational-pension-schemes.pdf
The Occupational Pension Schemes (Climate Change Governance and Reporting) Regulations 2021,https://assets.publishing.service.gov.uk/government/uploads/system/uploads/attachment_data/file/992080/ops-climate-change-governance-and-reporting-regulations.pdf
Reserve Bank of Zimbabwe’s objective of supporting sustainable economic growth,https://www.rbz.co.zw/documents/press/2021/February/Monetary-Policy-Statement-18-February-2021.pdf
ACPR’s results of the 2020 climate pilot exercise,https://acpr.banque-france.fr/sites/default/files/medias/documents/20210504_as_pilot_exercise_climat_change.pdf
Magyar Nemzeti Bank’s Monetary Policy Toolkit,https://www.mnb.hu/letoltes/sustainability-and-central-bank-policy-green-aspects-of-the-magyar-nemzeti-bank-s-monetary-policy-toolkit.pdf
HKMA’s Guideline on the Green and Sustainable Finance Grant Scheme,https://www.hkma.gov.hk/media/eng/doc/key-information/press-release/2021/20210504e4a1.pdf
FCA consultation on enhancing climate-related disclosures,https://assets.publishing.service.gov.uk/government/uploads/system/uploads/attachment_data/file/933783/FINAL_TCFD_ROADMAP.pdf
FCA consultation on enhancing climate-related disclosures,https://www.fca.org.uk/publication/consultation/cp21-17.pdf
Australia’s Long-Term Emissions Reduction Plan,https://www.industry.gov.au/sites/default/files/October%202021/document/australias-long-term-emissions-reduction-plan.pdf
Bank of England monetary policy to include environmental and climate goals,https://assets.publishing.service.gov.uk/government/uploads/system/uploads/attachment_data/file/965782/2021_MPC_remit_FINAL_1_March_.pdf
Bank of England monetary policy to include environmental and climate goals,https://assets.publishing.service.gov.uk/government/uploads/system/uploads/attachment_data/file/966161/Budget_2021_Web_accessible.pdf
Net Zero Strategy: Build Back Greener,https://assets.publishing.service.gov.uk/government/uploads/system/uploads/attachment_data/file/1028157/net-zero-strategy.pdf
Singapore’s National Environment Agency issued a green bond,https://www.nea.gov.sg/docs/default-source/default-document-library/second-party-opinion.pdf
Federal Insurance Office Request for Information on the Insurance Sector and Climate-Related Financial Risks,https://www.govinfo.gov/content/pkg/FR-2021-08-31/pdf/2021-18713.pdf
Indonesia issued a sovereign SDG Bond,https://www.bi.go.id/en/iru/highlight-news/Documents/Press%20Release%20-%20RoI%20Issues%20Inaugural%20EUR500%20Million%20SDG%20Through%20SEC-Registered%20Shelf%20Take-Down.pdf
Climate Change Financing Framework,https://mof.gov.np/uploads/document/file/CCFF_FINAL_Web_20180222050438.pdf
The Long-Term Strategy of the United States,https://www.whitehouse.gov/wp-content/uploads/2021/10/US-Long-Term-Strategy.pdf
Banking on Equality Policy: Reducing the Gender Gap in Financial Inclusion,https://www.sbp.org.pk/acd/2021/C1-Annex-C.pdf
APRA Climate Vulnerability Assessment,https://www.apra.gov.au/sites/default/files/2021-09/Climate%20Vulnerability%20Assessment_1.pdf
Boursa Kuwait ESG reporting Guide,https://www.boursakuwait.com.kw/api/documents/boursa/1630909195602.pdf
Prudence and Loyalty in Selecting Plan Investments and Exercising Shareholder Rights,https://www.dol.gov/sites/dolgov/files/EBSA/about-ebsa/our-activities/resource-center/fact-sheets/notice-of-proposed-rulemaking-on-prudence-and-loyalty-in-selecting-plan-investments-and-exercising-shareholder-rights.pdf
ECB's detailed roadmap of climate change-related actions,https://www.ecb.europa.eu/press/pr/date/2021/html/ecb.pr210708_1_annex~f84ab35968.en.pdf
ECB's detailed roadmap of climate change-related actions,https://www.ecb.europa.eu/press/pr/date/2022/html/ecb.pr220704_annex~cb39c2dcbb.en.pdf
SGX RegCo’s roadmap for climate-related disclosure,https://api2.sgx.com/sites/default/files/2021-08/Consultation%20Paper%20on%20Climate%20and%20Diversity%20-%20The%20Way%20Forward.pdf
Guía de Reporte y Divulgación de Sostenibilidad para Emisores en Chile (Guide on Sustainability Disclosure),https://servicioscms.bolsadesantiago.com/Corporativo/Documentos/Relacionado/Guia%20de%20Reporte%20de%20Sostenibilidad%20Chile_GRI%20y%20Bolsa%20de%20Santiago.pdf
Serbia issued a Sovereign Green Bond,http://www.javnidug.gov.rs/upload/Eurobond/2021/09.09/Serbia%20Green%20Bond%20Framework_vf.pdf
Carrying out 2022 ECB Climate Risk Stress Test,https://www.bankingsupervision.europa.eu/ecb/pub/pdf/ssm.macrofinancialscenariosclimateriskstresstest2022~bcac934986.en.pdf
Carrying out 2022 ECB Climate Risk Stress Test,https://www.bankingsupervision.europa.eu/press/letterstobanks/shared/pdf/2021/ssm.2021_letter_on_participation_in_the_2022_ECB_climate_risk_stress_test~48b409406e.en.pdf
Biden Administration Roadmap to Build an Economy Resilient to Climate Change Impacts,https://www.whitehouse.gov/wp-content/uploads/2021/10/Climate-Finance-Report.pdf
"Report on Social, Environmental and Climate-related Risks and Opportunities",https://www.bcb.gov.br/content/publications/report-risk-opportunity/Report_social_environmental_climate_risks_opportunities_0921.pdf
Government of Uzbekistan issued a sovereign green bond,https://www.mf.uz/media/file_en/dmo/SDG_Bond_Framework.pdf
The Climate and Equitable Jobs Act,https://ilga.gov/legislation/publicacts/102/PDF/102-0662.pdf
ECB economy-wide climate stress test,https://www.ecb.europa.eu/pub/pdf/scpops/ecb.op281~05a7735b1c.en.pdf
Republic of Benin issued a sovereign green bond,https://odd.finances.bj/wp-content/uploads/sites/13/2021/07/SDG-Bond-Framework-BENIN_english_final-version.pdf
Costa Rica's law to promote investment in sustainable development through the capital market,https://unfccc.int/sites/default/files/resource/NationalDecarbonizationPlan.pdf
Costa Rica's law to promote investment in sustainable development through the capital market,https://cambioclimatico.go.cr/wp-content/uploads/2022/04/NAP_Documento-2022-2026_VC.pdf
Costa Rica's law to promote investment in sustainable development through the capital market,http://www.digeca.go.cr/sites/default/files/documentos/politica_nacional_de_produccion_y_consumo_sostenibles.pdf
Costa Rica's law to promote investment in sustainable development through the capital market,https://www.bolsacr.com/sites/default/files/sites/default/files/Prensa/ComunicadosPrensa/cp_emisiones_tematicas.pdf
Greening Finance: A roadmap to Sustainable Investing,https://assets.publishing.service.gov.uk/government/uploads/system/uploads/attachment_data/file/1026224/CCS0821102722-006_Green_Finance_Paper_2021_v5_Bookmarked_48PP.pdf
New York Federal Reserve Bank Climate Stress Testing,https://www.newyorkfed.org/medialibrary/media/research/staff_reports/sr977.pdf
Basic Guidelines on Climate Transition Finance,https://www.fsa.go.jp/news/r2/singi/20210507_2/04.pdf
Climate Changed 2021 and Beyond,https://www.rbnz.govt.nz/-/media/ReserveBank/Files/Publications/Financial-stability/climate-change/climate-change-report-2021.pdf?revision=7402a2b1-533a-484e-a1a1-cdc06ba484a1
HKEX' Guidance on Climate Disclosures for Reporting on TCFD recommendations,https://www.hkex.com.hk/-/media/HKEX-Market/Listing/Rules-and-Guidance/Environmental-Social-and-Governance/Reports-on-ESGPD/esgreport_2020_2021.pdf
HKEX' Guidance on Climate Disclosures for Reporting on TCFD recommendations,https://www.hkex.com.hk/-/media/HKEX-Market/Listing/Rules-and-Guidance/Environmental-Social-and-Governance/Exchanges-guidance-materials-on-ESG/guidance_climate_disclosures.pdf
Securities and Exchange Commission’s Division of Corporation Finance sample letter to companies regarding climate change disclosures,https://www.sec.gov/rules/interp/2010/33-9106.pdf
The Monetary Authority of Singapore Consults on Environmental Risk Management Guidelines for Financial Institutions,https://www.mas.gov.sg/-/media/MAS/News/Media-Releases/2020/ENRM_Infographic_June24.pdf
Saudi Exchange's ESG Disclosure Guidelines,https://www.saudiexchange.sa/wps/wcm/connect/d0922cd6-e0bf-4554-ad4d-03f0c2eea5ad/ESG_Disclosure_Guidelines_EN.pdf?MOD=AJPERES&CVID=nPgykfJ
"Further strengthening the Kazakhstan’s programming capacity, institutional support for the enhancement of GCF direct access and development of green finance system",https://www.greenclimate.fund/sites/default/files/document/kazakhstan-igtipc.pdf
"FCA's Policy Statement 21/24: Enhancing climate-related disclosures by asset managers, life insurers and regulated pension providers",https://www.fca.org.uk/publication/policy/ps21-23.pdf
"FCA's Policy Statement 21/24: Enhancing climate-related disclosures by asset managers, life insurers and regulated pension providers",https://www.fca.org.uk/publication/policy/ps21-24.pdf
European Central Bank's Report on the supervisory review of banks’ approaches to manage climate and environmental risks,https://www.bankingsupervision.europa.eu/ecb/pub/pdf/ssm.202011finalguideonclimate-relatedandenvironmentalrisks~58213f6564.en.pdf
European Central Bank's Report on the supervisory review of banks’ approaches to manage climate and environmental risks,https://www.bankingsupervision.europa.eu/ecb/pub/pdf/ssm.202111guideonclimate-relatedandenvironmentalrisks~4b25454055.en.pdf
Principles for Adopting Sustainable Investing in the Investment and Risk Management Processes of Hong Kong's MPF Funds,https://www.mpfa.org.hk/-/media/files/information-centre/legislation-and-regulations/circulars/mpf/20211126/cir-20211126.pdf
Japan's Stewardship Code—Principles for Responsible Institutional Investors,https://www.fsa.go.jp/en/refer/councils/stewardship/20170529/01.pdf
Pilot Climate Risk Stress Test on the Hong Kong banking sector,https://www.hkma.gov.hk/media/eng/doc/key-functions/banking-stability/Pilot_banking_sector_climate_risk_stress_test.pdf
Johannesburg Stock Exchange's Guidances on Sustainability and Climate Disclosure,https://www.jse.co.za/sites/default/files/media/documents//JSE%20Sustainability%20Disclosure%20Guidance%20June%202022.pdf
Johannesburg Stock Exchange's Guidances on Sustainability and Climate Disclosure,https://www.jse.co.za/sites/default/files/media/documents//JSE%20Climate%20Disclosure%20Guidance_June%202022.pdf
Japan's Green Bond Guidelines,http://www.env.go.jp/en/policy/economy/gb/en_greenbond_guideline2017.pdf
Japan's Green Bond Guidelines,http://www.env.go.jp/policy/guidelines_set_version_with%20cover.pdf
United Arab Emirates Guiding Principles on Sustainable Finance,https://www.adgm.com/documents/fsra/sustainable-finance/abu-dhabi-sustainable-finance-guiding-principles.pdf?la=en&hash=94CC2FE187660C45C522EE845670A6E3
HKEX's Net-Zero Guide for Business,https://www.hkex.com.hk/-/media/HKEX_Common/Market/Stage/Resources-Library/Guidance-Materials/HKEX-Net-Zero-Guide_E.pdf
Hong Kong Stock Exchange’s Guide for Board and Directors ‘Leadership Role and Accountability in ESG’,https://www.hkex.com.hk/-/media/HKEX-Market/News/Market-Consultations/2016-Present/May-2019-Review-of-ESG-Guide/Consultation-Paper/cp201905.pdf
Hong Kong Stock Exchange’s Guide for Board and Directors ‘Leadership Role and Accountability in ESG’,https://www.hkex.com.hk/-/media/HKEX-Market/News/Market-Consultations/2016-Present/May-2019-Review-of-ESG-Guide/Conclusions-(December-2019)/cp201905cc.pdf?la=en
Indonesia Stock Exchange's ESG Sector Leaders and ESG Quality 45 indices,https://www.idx.co.id/media/11192/4-appendix-index-guide-esgqkehati_revapr22.pdf
Indonesia Stock Exchange's ESG Sector Leaders and ESG Quality 45 indices,https://www.idx.co.id/media/11191/4-appendix-index-guide-esgskehati_apr22.pdf
Indonesia's Sustainable Finance Roadmap Phase II (2021 - 2025),https://www.ojk.go.id/Files/box/keuangan-berkelanjutan/roadmap-keuangan-berkelanjutan.pdf
Indonesia's Sustainable Finance Roadmap Phase II (2021 - 2025),https://www.ojk.go.id/id/berita-dan-kegiatan/publikasi/Documents/Pages/Roadmap-Keuangan-Berkelanjutan-Tahap-II-%282021-2025%29/Roadmap%20Keuangan%20Berkelanjutan%20Tahap%20II%20%282021-2025%29.pdf
People's Bank of China Green Bond Endorsed Project Catalogue (2020 Edition),https://www.hkgreenfinance.org/wp-content/uploads/2020/06/Attachment-1-Draft-for-Public-Consultation-of-Green-Bond-Endorsed-Project-Catalogue-2020-.pdf
Egypt’s Ministry of Finance to issue Sovereign Bonds,http://enterprise.press/wp-content/uploads/2019/11/%D8%A7%D9%84%D8%B1%D9%82%D8%A7%D8%A8%D8%A9-%D8%A7%D9%84%D9%85%D8%A7%D9%84%D9%8A%D8%A9-%D8%AA%D8%B9%D9%81%D9%89-%D9%85%D9%8F%D8%B5%D8%AF%D9%90%D8%B1%D9%89-%D8%A7%D9%84%D8%B3%D9%86%D8%AF%D8%A7%D8%AA-%D8%A7%D9%84%D8%AE%D8%B6%D8%B1%D8%A7%D8%A1-%D9%85%D9%86-50-%D9%85%D9%86-%D9%85%D9%82%D8%A7%D8%A8%D9%84-%D8%A7%D9%84%D8%AE%D8%AF%D9%85%D8%A7%D8%AA-%D9%88%D8%A7%D9%84%D9%81%D8%AD%D8%B5.pdf
Abu Dhabi Sustainable Finance Declaration,https://www.adgm.com/documents/fsra/sustainable-finance/abu-dhabi-sustainable-finance-declaration-2-20200115.pdf
Nairobi Securities Exchange (NSE)'s ESG Disclosures Guidance Manual,https://www.nse.co.ke/wp-content/uploads/NSE-ESG-Disclosures-Guidance-Manual.pdf
German Finance Agency launched first Green Federal Bond,https://www.deutsche-finanzagentur.de/fileadmin/user_upload/institutionelle-investoren/pdf/GreenBondFramework.pdf
German Finance Agency launched first Green Federal Bond,https://www.deutsche-finanzagentur.de/fileadmin/user_upload/pressemeldungen/en/2020/2020-09-02_pm09_First_Green_Federal_bond.pdf
Sustainability Bond Framework,https://environnement.public.lu/dam-assets/documents/developpement-durable/loi-du-25-juin-2004-pdf.pdf
Sustainability Bond Framework,https://environnement.public.lu/dam-assets/actualites/2020/05/Integrierter-nationaler-Energie-und-Klimaplan-Luxemburgs-2021-2030-endgultige-Fassung.pdf
Sustainability Bond Framework,https://gouvernement.lu/dam-assets/documents/actualites/2020/09-septembre/02-cadre-obligations-durables/20200831-Luxembourg-Sustainability-Bond-Framework.pdf
Spanish Treasury's funding strategy on green bond issuance,https://www.tesoro.es/sites/default/files/estrategia/220110_estrategia_en.pdf
The Reserve Bank of New Zealand’s Governor calls for mandatory disclosure of climate risk,https://www.rbnz.govt.nz/-/media/ReserveBank/Files/Publications/Speeches/2020/speech2020-28-05.pdf?revision=98453320-7b1b-4c05-b01e-24c4b01adc4f
Tunis Stock Exchange's ESG Reporting Guide,http://www.bvmt.com.tn/sites/default/files/actualites/tunis-stock-exchange-publishes-esg-environmental-social-and-governance-reporting-guide.pdf
Sweden’s Sovereign Green Bond Framework,https://www.government.se/49bcc9/contentassets/ed959d7b700e429a98cc85bdb64ef1af/swedens-sovereign-green-bond-framework.pdf
Guidance on Climate-Related Risk Management,https://www.centralbank.go.ke/wp-content/uploads/2021/10/Guidance-on-Climate-Related-Risk-Management.pdf
The European Central Bank published a draft guide on climate-related and environmental risks,https://www.bankingsupervision.europa.eu/legalframework/publiccons/pdf/climate-related_risks/ssm.202005_draft_guide_on_climate-related_and_environmental_risks.en.pdf
PAS 7341:2020 Responsible and sustainable investment management – Specification Responsible and sustainable investment management - Specification,https://www.bsigroup.com/globalassets/localfiles/en-gb/pas/pas-7341-responsible-and-sustainable-investment-management.pdf
The EU Plan for the Economic Recovery,https://www.consilium.europa.eu/media/45109/210720-euco-final-conclusions-en.pdf
Launch of the Sustainability Dimension of the Central Bank of Brazil’s Agenda,https://www.bcb.gov.br/content/about/presentationstexts/Agenda_BC_Sustainability_%20Opening_Speech_DepGovernor_Fernanda_Nechio_September_2020.pdf
Launch of the Sustainability Dimension of the Central Bank of Brazil’s Agenda,https://www.bcb.gov.br/content/about/presentationstexts/BCB_Agenda_BChashtag_Sustainability_Dimension_Sep2020.pdf
Mongolia Green Taxonomy,https://www.ifc.org/wps/wcm/connect/0c296cd3-be1e-4e2f-a6cb-f507ad7bdfe9/Mongolia+Green+Taxanomy+ENG+PDF+for+publishing.pdf?MOD=AJPERES&CVID=nikyhIh
Sustainable Finance Framework (Circular No. 1085) for banks,http://www.bsp.gov.ph/downloads/regulations/attachments/2020/c1085.pdf
Bank of Russia Recommendations for the Implementation of the Principles for Responsible Investment,https://www.cbr.ru/statichtml/file/59420/20200715_in_06_28-111.pdf
Bank of Russia Recommendations for the Implementation of the Principles for Responsible Investment,http://www.cbr.ru/content/document/file/112325/in-06-28_111_e.pdf
Managing Climate Risk in the U.S. Financial System,https://www.cftc.gov/sites/default/files/2020-09/9-9-20%20Report%20of%20the%20Subcommittee%20on%20Climate-Related%20Market%20Risk%20-%20Managing%20Climate%20Risk%20in%20the%20U.S.%20Financial%20System%20for%20posting.pdf
Practical Handbook for ESG Disclosure,https://www.jpx.co.jp/english/corporate/sustainability/esg-investment/handbook/b5b4pj000003dkeo-att/handbook.pdf
The Financial Market Commission’s Strategy for Addressing Climate Change in financial markets,http://www.cmfchile.cl/portal/principal/605/articles-29872_informe_doc.pdf
Stewardship Principles for Institutional Investors,https://cgc.twse.com.tw/docs/Revision%20of%20Stewardship%20Principles%20for%20Institutional%20Investors-20200810.pdf
TCFD Guidance 2.0,https://tcfd-consortium.jp/pdf/en/news/20081201/TCFD_Guidance_2_0_message-e.pdf
Swiss National Bank Monetary policy meeting December 2020,https://www.snb.ch/en/mmr/speeches/id/ref_20201217_tjn/source/ref_20201217_tjn.en.pdf
New Zealand Mandatory TCFD Reporting,https://www.productivity.govt.nz/assets/Documents/lowemissions/4e01d69a83/Productivity-Commission_Low-emissions-economy_Final-Report_FINAL_2.pdf
ESG Reporting Guide,https://www.bahrainbourse.com/resources/files/Sustainability/ESG_11%20June%202020.pdf
Roadmap for Sustainable Finance in Sri Lanka,https://www.ifc.org/wps/wcm/connect/87a7846c-9810-4016-b87f-9988c3836e04/Sri+Lanka+Sustainable+Finance+Roadmap+FINAL+08.04.19.pdf?MOD=AJPERES&CVID=mFYxdmQ
Russian Green Finance Guidelines,https://veb.ru/files/?file=2d22e1e1576a8770c1171f13deae297f.pdf
Russian Green Finance Guidelines,https://veb.ru/files/?file=6c8da95d7f0ad3826ba1a01c9e18caee.pdf
Consultation on Corporate Responsibility and ESG Risk Disclosures,http://www.isa.gov.il/sites/ISAEng/1489/Calls_for_Comments/Documents/ESG_Risk_Disclosures.pdf
ESG Reporting and Disclosure Principles,https://www.nbg.gov.ge/uploads/legalacts/fts/eng/215_04_eng.pdf
ESG Reporting and Disclosure Principles,https://www.nbg.gov.ge/uploads/esg/nbg_principles_on_esg_disclosure.pdf
Cross-Agency Steering Group’s Strategic Plan to Strengthen Hong Kong’s Financial Ecosystem to Support a Greener and More Sustainable Future,https://www.hkma.gov.hk/media/eng/doc/key-information/press-release/2020/20201217e4a1.pdf
The South African Economic Reconstruction and Recovery Plan,https://www.gov.za/sites/default/files/gcis_document/202010/south-african-economic-reconstruction-and-recovery-plan.pdf
Kingdom of Thailand’s Sustainable Financing Framework,https://www.pdmo.go.th/pdmomedia/documents/2020/Jul/KOT%20Sustainable%20Financing%20Framework.pdf
U.S. Fed says climate poses financial stability risks,https://www.federalreserve.gov/publications/files/financial-stability-report-20201109.pdf
Kingdom of Thailand’s first Sustainability Bond Issuance,https://media.thaigov.go.th/uploads/document/142/2020/08/pdf/Doc_20200814165831000000.pdf
Study of reporting practices of 10 French institutions using the TCFD Framework,https://www.amf-france.org/fr/sites/default/files/private/2020-12/tcfd-climate-reporting-in-the-financial-sector_5.pdf
NZ SuperFund Climate Change Report 2020,https://www.nzsuperfund.nz/assets/Uploads/NZSF-Climate-Change-Report-2020-Final-v2.pdf
National Guidelines for Responsible Business Conduct,http://www.mca.gov.in/Ministry/pdf/NationalGuildeline_15032019.pdf
FRC Future of Corporate Reporting Consultation,https://www.frc.org.uk/getattachment/cf85af97-4bd2-4780-a1ec-dc03b6b91fbf/Future-of-Corporate-Reporting-FINAL.pdf
Sustainable Finance Policy,https://www.bb.org.bd/mediaroom/circulars/gbcrd/dec312020sfd06.pdf
Sustainable Finance Policy,https://www.bb.org.bd/mediaroom/circulars/gbcrd/dec312020sfd05.pdf
Supervisory Statement (SS3/19) on Enhancing Banks’ and Insurers’ Approaches to Managing the Financial Risks from Climate Change,http://www.legislation.gov.uk/ukpga/2006/46/pdfs/ukpga_20060046_en.pdf
Supervisory Statement (SS3/19) on Enhancing Banks’ and Insurers’ Approaches to Managing the Financial Risks from Climate Change,https://www.bankofengland.co.uk/-/media/boe/files/prudential-regulation/supervisory-statement/2019/ss319.pdf?la=en&hash=7BA9824BAC5FB313F42C00889D4E3A6104881C44
Mexico issued a sovereign SDG bond,https://www.finanzaspublicas.hacienda.gob.mx/work/models/Finanzas_Publicas/docs/ori/Espanol/SDG/UMS-SDG_Sustainable_Bond_Framework.pdf
Mexico issued a sovereign SDG bond,https://www.finanzaspublicas.hacienda.gob.mx/work/models/Finanzas_Publicas/docs/ori/Espanol/SDG/UMS_IP_SDG_Bond.pdf
Internal Review of Impacts of Climate Change on Supervisory Guidance,https://www.apra.gov.au/sites/default/files/cps_220_april_2018_version.pdf
Internal Review of Impacts of Climate Change on Supervisory Guidance,https://www.apra.gov.au/sites/default/files/sps_220_risk_management_december_2018_2.pdf
Internal Review of Impacts of Climate Change on Supervisory Guidance,https://www.apra.gov.au/sites/default/files/climate_change_awareness_to_action_march_2019.pdf
French Insurers Facing Climate Change Risk,https://acpr.banque-france.fr/sites/default/files/medias/documents/as_102_climate_change_insurers_en.pdf
Antigua and Barbuda' Climate Resilience and Development Fund,https://ab.gov.ag/pdf/budget/Budget_Speech_2020.pdf
"Amendment to the UK's Pensions Act Requires Disclosure on Social, Environmental, and Ethical Considerations",http://www.legislation.gov.uk/uksi/1999/3259/pdfs/uksi_19993259_en.pdf
Guatemala issued a sovereign social bond,https://dcp-web.minfin.gob.gt/Sie_Abrir_Archivo.aspx?file=C%3A%5C%5CPublicaciones%5C%5CSistemas%5C%5CDCP-WEB%5C%5CDocumentos%5C%5COffering%5C%5COffering%20Circular%202020.pdf
General Insurance Stress Tests (GIST) Cover Natural Catastrophe Scenarios and Climate Change Risks,https://www.bankofengland.co.uk/-/media/boe/files/prudential-regulation/letter/2016/general-insurance-stress-test-2015.pdf
General Insurance Stress Tests (GIST) Cover Natural Catastrophe Scenarios and Climate Change Risks,https://www.bankofengland.co.uk/-/media/boe/files/prudential-regulation/letter/2017/general-insurance-stress-test-2017-feedback.pdf
General Insurance Stress Tests (GIST) Cover Natural Catastrophe Scenarios and Climate Change Risks,https://www.bankofengland.co.uk/-/media/boe/files/prudential-regulation/letter/2019/general-insurance-stress-test-2019-scenario-specification-guidelines-and-instructions-draft.pdf
General Insurance Stress Tests (GIST) Cover Natural Catastrophe Scenarios and Climate Change Risks,https://www.bankofengland.co.uk/-/media/boe/files/prudential-regulation/letter/2019/insurance-stress-test-2019.pdf
Green Protocol,https://cdn.www.gob.pe/uploads/document/file/1418924/Convenio%20Protocolo%20Verde.pdf.pdf
The Strategy for the Development of Ireland's International Financial Services Sector to 2025,https://assets.gov.ie/24482/278893738e764db79c43eada83c030e3.pdf
Guide for the Preparation of ESG Reports for Issuers in Colombia,https://bvcsostenible.bvc.com.co/ckfinder/userfiles/files/SUSTAINABILITY%20GUIDANCE%20-%20GRI%20BVC(1).pdf
Guide for the Preparation of ESG Reports for Issuers in Colombia,https://bvcsostenible.bvc.com.co/ckfinder/userfiles/files/SUSTAINABILITY%20GUIDANCE%20-%20GRI%20BVC(1).pdf
Clean Energy Finance Corporation (CEFC) Investment Policies,https://www.cefc.com.au/media/ftabo3hq/cefc-investment-policies-aug-2020.pdf
The Kenya Green Bond Programme,https://www.icmagroup.org/assets/documents/Regulatory/Green-Bonds/Kenya-Policy-Guidance-Note-for-Green-Bonds-260219.pdf
Sustainability Guide for Companies,https://www.borsaistanbul.com/files/Surdurulebilirlik_Rehberi_2020.pdf
Brazilian Resolution 3.792/2009 Requires Pension Funds to State Whether They Consider Environmental and Social Issues in Investment Decisions,http://www.previc.gov.br/regulacao/normas/resolucoes/resolucoes-cmn/resolucao-cmn-no-3-792-de-28-de-setembro-de-2009.pdf/view
Canada's Expert Panel on Sustainable Finance,http://publications.gc.ca/collections/collection_2019/eccc/En4-350-2-2019-eng.pdf
Unified Directive 2077-2,https://www.nrb.org.np/contents/uploads/2020/09/Unified-Directives-2077-2.pdf
Egyptian Insurance Industry to Develop National Sustainable Insurance Roadmap by 2020,https://www.unepfi.org/psi/wp-content/uploads/2019/08/1st-PSI-Egyptian-Market-Event-Outcome-doc-May-2019.pdf
Australian Sustainable Finance Roadmap,https://static1.squarespace.com/static/5c982bfaa5682794a1f08aa3/t/5fcdb70bfe657040d5b08594/1607317288512/Australian+Sustainable+Finance+Roadmap.pdf
2050 Carbon Neutral Strategy of the Republic of Korea,https://unfccc.int/sites/default/files/resource/LTS1_RKorea.pdf
Proposed Amendment to Regulation No. 1092/2010 Would Direct the European Systemic Risk Board to Monitor and Assess Environmental and Social Risks,https://www.esrb.europa.eu/shared/pdf/ESRB-en.pdf
Proposed Amendment to Regulation No. 1092/2010 Would Direct the European Systemic Risk Board to Monitor and Assess Environmental and Social Risks,http://www.europarl.europa.eu/doceo/document/TA-8-2019-0375_EN.pdf?redirect
"Guidelines on Disclosure Requirements Applicable to Credit Ratings Include Environmental, Social, and Governance (ESG) Considerations",https://www.esma.europa.eu/sites/default/files/library/esma33-9-320_final_report_guidelines_on_disclosure_requirements_applicable_to_credit_rating_agencies.pdf
Regulation (EU) 2019/1238 on a Pan-European Personal Pension Product (PEPP),https://www.ohchr.org/Documents/Publications/GuidingPrinciplesBusinessHR_EN.pdf
Technical Advice to the European Commission on Integrating Sustainability Risks and Factors into the Markets in Financial Instruments Directive II (MiFID II),https://www.esma.europa.eu/sites/default/files/library/esma35-43-1737_final_report_on_integrating_sustainability_risks_and_factors_in_the_mifid_ii.pdf
The Dutch Authority for the Financial Markets' 2019 Agenda - Supervision in Transition,https://finnius.com/wp-content/uploads/2019/01/agenda-management-summary.pdf
Russia’s Environmental Permitting Regime is Revised in Government Decree No. 143,http://extwprlegs1.fao.org/docs/pdf/rus52751E.pdf
Russia’s Environmental Permitting Regime is Revised in Government Decree No. 143,http://static.government.ru/media/files/oW18NknulFxSfFF8js6hRjPxMTH2oUlb.pdf
EBA 2020 mandates to consider ESG factors,https://eba.europa.eu/sites/default/documents/files/documents/10180/2970032/4c85f578-fe16-4cd7-920a-bbe0ac54b9eb/EBA%202020%20Work%20Programme.pdf
Technical Advice on the Integration of Sustainability Risks in Insurance Undertakings and Products in the European Union,https://eiopa.europa.eu/Publications/EIOPA-BoS-19-172_Final_Report_Technical_advice_for_the_integration_of_sustainability_risks_and_factors.pdf
The Central Bank of Hungary’s Green Program,https://www.mnb.hu/letoltes/mnb-green-program-en.pdf
Opinion on Sustainability within Solvency II – Integrating Climate Risks in Investment and Underwriting Practices of (Re)insurers,https://eiopa.europa.eu/Publications/Consultations/EIOPA-BoS-19-241_Consultation_Paper_on_an_opinion_%20on_sustainability_in_Solvency_II.pdf
Widening of the Protection Gap for Natural Catastrophe Risks in the European Union Discussed at Workshop on Sustainable Finance,https://eiopa.europa.eu/Publications/2019-06-11%20SustainableFinanceWorkshopSummary.pdf
Phase 2 of the Reserve Bank Act Review Considers How Climate Risks Could Affect Financial Stability,https://treasury.govt.nz/sites/default/files/2019-06/rbnz-safeguarding-future-financial-system-2a.pdf
Ghana Sustainable Banking Principles,https://www.bog.gov.gh/wp-content/uploads/2019/12/Ghana-Sustainable-Banking-Principles-and-Guidelines-Book-1.pdf
"Specifications for 2019 Stress Test of Institutions for Occupational Retirement Provision (IORPs) Include Environmental, Social, and Governance Risks",https://www.esrb.europa.eu/shared/pdf/ESRB-en.pdf
"Specifications for 2019 Stress Test of Institutions for Occupational Retirement Provision (IORPs) Include Environmental, Social, and Governance Risks",https://eiopa.europa.eu/Publications/Surveys/Stress%20test%20specifications.pdf
"Guidelines for the issuance of Social, Green and Sustainable Securities",https://www.climatebonds.net/files/files/2019-08%20PA%20CIFI.pdf
The European Investment Bank's Draft Energy Lending Policy,https://www.eib.org/attachments/draft-energy-lending-policy-26-07-19-en.pdf
Roadmap for Sustainable Finance In Georgia,https://www.nbg.gov.ge/uploads/finstability/roadmap/sustainable_finance_roadmap_eng.pdf
Australia Updates Guidance on Climate-Related Disclosure,https://download.asic.gov.au/media/1247147/rg247.pdf
Australia Updates Guidance on Climate-Related Disclosure,https://download.asic.gov.au/media/1247147/rg247.pdf
Australia Updates Guidance on Climate-Related Disclosure,https://download.asic.gov.au/media/4871341/rep593-published-20-september-2018.pdf
Eswatini's National Development Plan 2019/20 - 2021/22,https://www.gov.sz/images/CabinetMinisters/STRATEGIC-ROADMAP-2018-2023---MAY-2019.pdf
Eswatini's National Development Plan 2019/20 - 2021/22,https://www.gov.sz/images/CabinetMinisters/NDP-2019-20-to-2021-22-final.pdf
Indonesia's Green Bond and Green Sukuk Framework Helped Catalyse USD 2 Billion in Green Projects,http://www.djppr.kemenkeu.go.id/uploads/files/dmodata/in/6Publikasi/Offering%20Circular/ROI%20Green%20Bond%20and%20Green%20Sukuk%20Framework.pdf
"Environmental, Social, and Governance (ESG) Disclosure Requirements Included in Amendment to the United Kingdom's Occupational Pension Schemes Regulation",http://www.legislation.gov.uk/uksi/2018/988/made/data.pdf
Indonesia Issued US$1.25 Billion Green Sukuk,https://www.climatebonds.net/files/files/Sovereign_Briefing2017.pdf
Financial Stability Report - Article on Climate-Related Risks and Sustainable Finance,https://www.nbb.be/doc/ts/publications/fsr/fsr_2019.pdf
Review of the Impact of Climate Change on the UK Banking Sector,https://www.bankofengland.co.uk/-/media/boe/files/prudential-regulation/report/transition-in-thinking-the-impact-of-climate-change-on-the-uk-banking-sector.pdf?la=en&hash=A0C99529978C94AC8E1C6B4CE1EECD8C05CBF40D
Changes to Iceland's Act on Natural Catastrophe Insurance (Act 55/1992) in 2018 Include Increased Minimum Deductibles and Requirement to Repair,https://nti.is/UserFiles/Documents/Renewal%202019%20-%20%C3%AD%20loka%C3%BAtg%C3%A1fu%2017.9.2018.pdf
The United Kingdom's Green Finance Task Force Issued Recommendations on Accelerating Green Finance,https://assets.publishing.service.gov.uk/government/uploads/system/uploads/attachment_data/file/703816/green-finance-taskforce-accelerating-green-finance-report.pdf
Rio Declaration on Climate Risk Transparency by the Brazilian Insurance Industry,https://www.unepfi.org/psi/wp-content/uploads/2018/05/Rio-declaration-on-climate-risk-transparency-English.pdf
Luxembourg Establishes the World's First Legal Framework for Green Covered Bonds,https://www.nordlb.lu/page/docManager/docs/582/2019.10%20Moodys%20assigns%20provisional%20Rating%20Aa3%20for%20NORDLB%20CBBs%20Renewable%20Energy%20Covered%20Bonds.pdf
Luxembourg Establishes the World's First Legal Framework for Green Covered Bonds,http://data.legilux.public.lu/file/eli-etat-leg-loi-2018-06-22-a521-jo-fr-pdf.pdf
"Brazil's Investment Rules of Occupational Pension Funds Requires Asset Managers to Consider Environmental, Social, and Governance (ESG) Risks",https://www.bcb.gov.br/pre/normativos/busca/downloadNormativo.asp?arquivo=/Lists/Normativos/Attachments/50598/Res_4661_v1_O.pdf
"Voluntary Disclosure of Environmental, Social, and Governance (ESG) Information in Brazil – Updates on ""Report or Explain for Sustainability or Integrated Reports""",http://www.sseinitiative.org/wp-content/uploads/2016/07/BMFBOVESPA-Communication-to-Stakeholders-July2016-1.pdf
Sustainability Disclosure Guide for Boursa Kuwait Listed Issuers,https://www.newkuwait.gov.kw/image/NewKuwait_CampaignLaunchEvent.pdf
Sustainability Disclosure Guide for Boursa Kuwait Listed Issuers,https://cis.boursakuwait.com.kw/Portal/BoursaReports/BKSustainability2017.pdf
Guidelines for Corporate Governance of Listed Companies in China,https://ecgi.global/sites/default/files/codes/documents/2018_code-_chinese.pdf
Survey Finds Increasing Awareness of and Action on Climate-Related Financial Risks by Australian Regulated Entities,https://www.apra.gov.au/sites/default/files/climate_change_awareness_to_action_march_2019.pdf
Responsible Investment Charter of the Banque de France,https://www.banque-france.fr/sites/default/files/media/2018/03/29/818080_-charte-invest_en_2018_03_28_12h12m41.pdf
Banque de France's 2018 Responsible Investment Report Shows Strong Non-Financial Performance,https://www.banque-france.fr/sites/default/files/media/2019/03/26/banque-de-france-responsible-investment-report-2018_0.pdf
Japan Corporate Governance Code,https://www.fsa.go.jp/en/refer/councils/corporategovernance/20150306-1/01.pdf
Japan Corporate Governance Code,https://www.jpx.co.jp/english/news/1020/b5b4pj000000jvxr-att/20180601.pdf
Japan Corporate Governance Code,https://www.jpx.co.jp/english/news/1020/b5b4pj000000jvxr-att/20180601.pdf
Memorandums on Climate Change and the Duties of Company Directors in Australia,https://cpd.org.au/wp-content/uploads/2019/03/Noel-Hutley-SC-and-Sebastian-Hartford-Davis-Opinion-2019-and-2016_pdf.pdf
Myanmar Climate Change Strategy,https://myanmar.un.org/sites/default/files/2019-11/MyanmarClimateChangeStrategy_2019.pdf
Bangladesh's Green Transformation Fund (GTF),https://bb.org.bd/mediaroom/circulars/fepd/jun262019fepdl14e.pdf
Japan's Environmental Reporting Guidelines,https://www.env.go.jp/policy/j-hiroba/kigyo/2018Guidelines_E20190412.pdf
Irish Sovereign Green Bond Framework,https://www.ntma.ie/uploads/general/Irish-Sovereign-Green-Bond-Framework.pdf
Zimbabwe’s National Climate Change Response Strategy,http://ncuwash.org/newfour/wp-content/uploads/2017/08/Climate-Change-Response-Strategy.pdf
Egypt’s Financial Regulatory Authority Green Bond Guidelines,http://enterprise.press/wp-content/uploads/2018/06/Green-bonds-En.pdf
Egypt’s Financial Regulatory Authority Green Bond Guidelines,https://www.fra.gov.eg/content/efsa_ar/pool_extra_efsa/UG43029UG43030.pdf
Technical Advice on Amendments to European Directives (2009/65/EC and 2011/61/EU) to Integrate Sustainability Risks,https://www.esma.europa.eu/sites/default/files/library/esma34-45-569_consultation_paper_on_integrating_sustainability_risks_and_factors_in_the_ucits_directive_and_aifmd.pdf
Guideline on Environmental & Social Risk Management (ESRM) For Banks and Financial Institutions,https://www.ifc.org/wps/wcm/connect/45b458ae-0866-4e37-9a56-23bd672e221f/NEPAL+NRB+ESRM+Guidelines+May2018.pdf?MOD=AJPERES&CVID=mfwNzvB
Seychelles’ Sovereign Blue Bond,https://www.climatebonds.net/files/files/2018-11%20SC%20Republic%20of%20Seychelles.pdf
"Draft Amendment to Delegated Regulation 2017/2359 Aims to Integrate Environmental, Social, and Governance (ESG) Considerations into Advice on Insurance-Based Investment Products",https://ec.europa.eu/finance/docs/level-2-measures/idd-delegated-act-2018_en.pdf
China Promotes Green Finance in Five Pilot Zones,https://www.climatebonds.net/files/files/2019-06%20CN%20Jiangxi%20Province.pdf
Indonesia Sustainable Finance Initiative,https://www.ojk.go.id/Files/box/keuangan-berkelanjutan/roadmap-keuangan-berkelanjutan.pdf
"Guidelines on green, social and sustainable bonds",http://marrakechpledge.com/wp-content/uploads/2017/11/AMMC-BROCHURE-VGB.pdf
"Guidelines on green, social and sustainable bonds",http://www.ammc.ma/sites/default/files/AMMC_%20Guide%20sur%20les%20Green%2C%20Social%20and%20Sustainability%20Bonds.pdf
Joint Statement in Support of a Sustainable Financial System for Australia and New Zealand,https://www.unepfi.org/wordpress/wp-content/uploads/2018/07/Statement-for-a-Sustainable-Finance-Roadmap-July-2018-FINAL-WEB.pdf
"Draft Amendment to Delegated Regulation 2017/565 Aims to Integrate Environmental, Social, and Governance (ESG) Considerations into Investment Advice and Portfolio Management",https://ec.europa.eu/finance/docs/level-2-measures/mifid-delegated-act-2018_en.pdf
Bursa Malaysia Sustainability Reporting Guide,https://www.bursamalaysia.com/sites/5bb54be15f36ca0af339077a/content_entry5ce3b5005b711a1764454c1a/5ce3c83239fba2627b286508/files/bursa_malaysia_sustainability_reporting_guide-final.pdf?1570701456
Ontario Green Bank Regulation (Reg. 46/17: Ontario Climate Change Solutions Deployment Corporation),http://www.applications.ene.gov.on.ca/ccap/products/CCAP_ENGLISH.pdf
Clarifying and Strengthening Trustees' Investment Duties,https://assets.publishing.service.gov.uk/government/uploads/system/uploads/attachment_data/file/739331/response-clarifying-and-strengthening-trustees-investment-duties.pdf
The City of Reykjavík Green Bond Framework,https://reykjavik.is/sites/default/files/2020-04_reykjavik_green_bond_annual_impact_report_published.pdf
The City of Reykjavík Green Bond Framework,https://reykjavik.is/sites/default/files/reykjavik_green_bond_framework_2019_-_baeklingur.pdf
The European Commission's Action Plan on Financing Sustainable Growth,https://ec.europa.eu/info/sites/info/files/180131-sustainable-finance-final-report_en.pdf
The European Commission's Action Plan on Financing Sustainable Growth,https://ec.europa.eu/info/sites/info/files/business_economy_euro/banking_and_finance/documents/190618-sustainable-finance-teg-report-taxonomy_en.pdf
The European Commission's Action Plan on Financing Sustainable Growth,https://ec.europa.eu/info/sites/info/files/business_economy_euro/banking_and_finance/documents/190930-sustainable-finance-teg-final-report-climate-benchmarks-and-disclosures_en.pdf
The European Commission's Action Plan on Financing Sustainable Growth,https://ec.europa.eu/info/sites/info/files/business_economy_euro/banking_and_finance/documents/190618-sustainable-finance-teg-report-green-bond-standard_en.pdf
The European Commission's Action Plan on Financing Sustainable Growth,https://ec.europa.eu/info/sites/info/files/business_economy_euro/banking_and_finance/documents/190110-sustainable-finance-teg-report-climate-related-disclosures_en.pdf
Policy brief “Green finance: the agenda for Russia”,https://www.minfin.ru/common/upload/20181102_Green_finance.pdf
Sustainability Disclosure Guidelines,https://www.nse.com.ng/regulation-site/IssuersRules/Sustainability%20Disclosure%20Guidelines.pdf
The Government of the Republic of Lithuania issued a Sovereign Green Bond,https://www.climatebonds.net/files/files/2018-05%20LT%20Republic%20of%20Lithuania.pdf
Amman Stock Exchange Guidance on Sustainability Reporting,https://www.exchange.jo/sites/default/files/2018-11/Sustainability%201_9.pdf
Amman Stock Exchange Guidance on Sustainability Reporting,https://www.exchange.jo/sites/default/files/2018-11/Sustainability%202_1.pdf
Amman Stock Exchange Guidance on Sustainability Reporting,https://www.exchange.jo/sites/default/files/2018-11/Guidance%20on%20Sustainability%20Repoting%202018.pdf
Survey Finds Swedish Banks Have Made Progress on Sustainable Lending but Further Improvements are Needed,https://www.fi.se/contentassets/3dcce69634c749cbac3109cd60ce1dc8/sustainability_perspectives_credit_granting.pdf
Survey Finds Swedish Banks Have Made Progress on Sustainable Lending but Further Improvements are Needed,https://www.fi.se/contentassets/0b4a8facaf6b4e4ead9021898b6fe929/hallbarhetspersp-kreditgivn-foretag-uppfolj-eng.pdf
Recommendation from the High Level Meeting on ESG Finance: Toward becoming a big power in ESG finance,http://www.env.go.jp/policy/Summary%5BPDF%20573KB%5D.pdf
The National Stock Exchange of Costa Rica Launched Initiatives to Develop the Green Bond Market,https://bolsacr.com/sites/default/files/239/estandar_bonos_verdes_bnv.pdf
Recommendation from the High Level Meeting on ESG Finance: Toward becoming a big power in ESG finance,http://www.env.go.jp/policy/01_Recommendation(full).pdf
Guidance for listed companies on reporting ESG information to investors,https://www.bse.co.bw/wp-content/uploads/2021/02/BSE_Guidance-for-Listed-Companies-on-Reporting-ESG-Information-to-Invest....pdf
Solactive oekom ESG Fossil Free Eurozone 50 Index,https://www.solactive.com/wp-content/uploads/solactiveip/de/Factsheet_(de)_DE000SLA3K57.pdf
Solactive oekom ESG Fossil Free Eurozone 50 Index,https://www.solactive.com/wp-content/uploads/2017/04/2017_04_06_SOESG50-Leitfaden-6.pdf
Australian Asset Owner Stewardship Code,https://acsi.org.au/wp-content/uploads/2020/01/AAOSC_-The_Code.pdf
Voluntary Guide for Creating Sustainability Reports,https://www.bolsacr.com/sites/default/files/32/guia_voluntaria_para_la_creacion_de_reportes_sostenibilidad.pdf
Mexico's Green Bonds Principles,https://www.bmv.com.mx/docs-pub/MI_EMPRESA_EN_BOLSA/CTEN_MINGE/GREEN_BONDS_PRIN_MX2.pdf
Maldives Green Fund,http://extwprlegs1.fao.org/docs/pdf/mdv130814.pdf
Corporate Governance Guide for Banks,https://static.s123-cdn-static-d.com/uploads/829489/normal_5c014a7b5ea02.pdf
Investment Guidelines for Mexico's Retirement Funds Administrators,https://www.gob.mx/cms/uploads/attachment/file/285768/Disposiciones_RI_20180105.pdf
Germany's Renewable Energy Act (Erneuerbare-Energien-Gesetz),http://www.gesetze-im-internet.de/eeg_2014/EEG_2017.pdf
Climate Finance Facility,https://www.dbsa.org/EN/About-Us/Publications/Documents/Revised%20ESS%20Framework_CFF%2021052018.pdf
National Policy on Climate Finance,http://www.environment.go.ke/wp-content/uploads/2018/05/The-National-Climate-Finance-Policy-Kenya-2017-1.pdf
Chile's National Action Plan on Business and Human Rights,https://mk0globalnapshvllfq4.kinstacdn.com/wp-content/uploads/2017/11/national-action-plan-on-business-and-human-rights_.pdf
Green Bond Framework,https://www.climatebonds.net/files/files/UNEP%20Nigeria%20Green%20Bond%20Framework.pdf
Indonesia's Clean Energy Handbook for Financial Service Institutions,https://www.ojk.go.id/Files/box/keuangan-berkelanjutan/buku-energi-bersih-en.pdf
Cambodia's National Environment Strategy and Action Plan (NESAP) 2016-2023,https://www.adb.org/sites/default/files/publication/470846/cambodia-environment-strategy-action-plan.pdf
French Strategy for Green Finance,https://www.i4ce.org/wp-core/wp-content/uploads/2017/12/EXECUTIVE-SUMMARY-finance-verte-sircom-v3.pdf
Green Banking Guidelines,https://www.ifc.org/wps/wcm/connect/ce18b318-4d4c-4f13-b4a0-0fd489f78d63/Pakistan_GreenBankingGuidelines_October2017.pdf?MOD=AJPERES&CVID=lYBRGy0
Mexico’s Catastrophe Bonds Provide Financial Protection Against Losses From Covered Natural Disasters,https://www.gfdrr.org/sites/default/files/publication/FONDEN_paper_M4.pdf
Framework of the Guyana Green State Development Strategy and Financing Mechanisms,https://www.greengrowthknowledge.org/sites/default/files/Framework%20for%20Guyana%20Green%20State%20Development%20Strategy%2028-03-17.pdf
Morocco's Framework Partnership Agreement Aims to Promote Investments in the Environment and Sustainable Development,https://wedocs.unep.org/bitstream/handle/20.500.11822/22914/Annual%20overview%202017.pdf?sequence=2&isAllowed=y
First Green Bond issuance on the Moroccan Market,http://www.ammc.ma/sites/default/files/CP_PP_MASEN_EN.pdf
A Guide on Sustainability Reporting in Chile,https://sseinitiative.org/wp-content/uploads/2014/08/2017-Design-and-Construction-of-Sustainability-Reports-Santiago-Exchange.pdf
Issuance of Green Sukuk in Malaysia,https://www.theacmf.org/images/downloads/pdf/AGBS2018.pdf
Investment Governance Code for Institutional Investors,https://ecgi.global/sites/default/files/codes/documents/ICodeBookEN%202017.pdf
Assessment of Climate-Related Risks for the Dutch Financial Sector,https://www.dnb.nl/media/r40dgfap/waterproof-an-exploration-of-climate-related-risks-for-the-dutch-financial-sector.pdf
Île-de-France has Issued EUR 2.7 Billion Through Green and Sustainability Bonds Between 2012 and 2017,http://www.iledefrance.fr/sites/default/files/medias/2019/05/Reporting%20ISR%20EN%202014.pdf
Île-de-France has Issued EUR 2.7 Billion Through Green and Sustainability Bonds Between 2012 and 2017,http://www.iledefrance.fr/sites/default/files/2019-05/reporting_isr_en_2016.pdf
Île-de-France has Issued EUR 2.7 Billion Through Green and Sustainability Bonds Between 2012 and 2017,http://www.iledefrance.fr/sites/default/files/2019-05/reporting_isr-en-2017.pdf
Île-de-France has Issued EUR 2.7 Billion Through Green and Sustainability Bonds Between 2012 and 2017,https://www.iledefrance.fr/sites/default/files/medias/2019/05/Green%20and%20sustainability%20framework.pdf
Stewardship Code for Institutional Investors,http://kenyalaw.org/kl/fileadmin/pdfdownloads/Acts/TheCompaniesAct_No17of2015_RevisedCompressed.pdf
Stewardship Code for Institutional Investors,https://www.manifest.co.uk/wp-content/uploads/2017/06/Stewardship-Code-for-Institutional-Investors-Gazetted.pdf
Italy's National Energy Strategy 2017,https://www.mise.gov.it/images/stories/documenti/testo_della_StrategiaEnergeticaNazionale_2017.pdf
Green Bond Guidelines Issued by China's National Development and Reform Commission (NDRC),http://cjs.ndrc.gov.cn/zcfg/201601/W020160108524131094428.pdf
Listing Rules for the Kazakhstan Stock Exchange Require Disclosure of Environmental and Social Information,http://kase.kz/files/normative_base/listing_rules_eng.pdf
Sustainability and Diversity Improvement Act 257/ME (Nachhaltigkeits- und Diversitätsverbesserungsgesetz),https://www.ris.bka.gv.at/Dokumente/BgblAuth/BGBLA_2017_I_20/BGBLA_2017_I_20.pdfsig
Bali Center for Sustainable Finance to Support Sustainable Development Program,https://www.ojk.go.id/en/berita-dan-kegiatan/siaran-pers/Documents/Pages/Press-Release-OJK-Launches-Bali-Center-for-Sustainable-Finance-to-Support-Sustainable-Development-Program/SP%2079-ENGLISH.pdf
Indonesia's Regulation on the Application of Sustainable Finance (No. 51/POJK.03/2017),https://www.ojk.go.id/id/kanal/perbankan/regulasi/peraturan-ojk/Documents/Pages/POJK-Penerapan-Keuangan-Berkelanjutan-bagi-Lembaga-Jasa-Keuangan%2c-Emiten%2c-dan-Perusahaan-Publik/SAL%20POJK%2051%20-%20keuangan%20berkelanjutan.pdf
Companies Number 3 Law of 2017,https://www.mof.gov.cy/mof/gpo/gpo.nsf/All/320B28F66161A6BBC225813300289029/$file/4603%202%206%202017%20PARARTHMA%201o%20MEROS%20I.pdf
Collaborative Initiative for Green Finance in Singapore,http://unepinquiry.org/wp-content/uploads/2017/11/Collaborative-Initiative-for-Green-Finance-in-Singapore.pdf
Indonesia's Regulation on the Issuance and the Terms of Green Bond (No. 60/POJK.04/2017) Sets Standards for Green Bond Issuance,https://www.iced.or.id/wp-content/uploads/2018/02/English-SAL-POJK-60-Green-Bond.pdf
Act No. 563/1991 Coll. on accounting,https://www.mof.gov.cy/mof/gpo/gpo.nsf/All/320B28F66161A6BBC225813300289029/$file/4603%202%206%202017%20PARARTHMA%201o%20MEROS%20I.pdf
Sustainable Banking Protocol,https://www.ifc.org/wps/wcm/connect/3148ae43-c611-402b-bb7c-9ce28d467d11/Ecuador+Sustainable+Finance+Protocol+%28Spanish+only%29.pdf?MOD=AJPERES&CVID=lDu0jcd
Working Paper on the Potential Impacts of Climate Change on Central Banks' Monetary and Financial Stability Objectives,https://www.bankofengland.co.uk/-/media/boe/files/working-paper/2016/lets-talk-about-the-weather-the-impact-of-climate-change-on-central-banks.pdf?la=en&hash=C49212AE5F68EC6F9E5AA71AC404B72CDC4D7574
"Environmental, Social, and Governance (ESG) Reporting Guide—An Appendix to the Rules Governing the Listing of Securities on the Stock Exchange of Hong Kong",https://en-rules.hkex.com.hk/sites/default/files/net_file_store/new_rulebooks/c/o/consol_mb.pdf
Circular on Lending Transactions of Credit Institutions and/or Foreign Bank Branches with Customers (Circular 39/2016/TT-NHNN),https://www.ifc.org/wps/wcm/connect/e39a6557-4cad-49fc-b00c-c64708a5747b/Vietnam+Circular+Dec+2016.pdf?MOD=AJPERES&CVID=lJ4Edqf
Singapore Stewardship Principles for Responsible Investors,http://www.stewardshipasia.com.sg/sites/default/files/2020-09/Section%202%20-%20SSP%20%28Full%20Document%29.pdf
Guidelines for Observation and Exclusion from the Government Pension Fund Global (as Amended in 2016),https://www.regjeringen.no/contentassets/7c9a364d2d1c474f8220965065695a4a/guidelines_observation_exclusion2016.pdf
King IV Code on Corporate Governance in South Africa,https://cdn.ymaws.com/www.iodsa.co.za/resource/collection/684B68A7-B768-465C-8214-E3A007F15A5A/IoDSA_King_IV_Report_-_WebVersion.pdf
Survey of Environmental Practices of Brazilian Insurance Companies,https://www.unepfi.org/psi/wp-content/uploads/2018/05/Rio-declaration-on-climate-risk-transparency-English.pdf
Survey of Environmental Practices of Brazilian Insurance Companies,https://www.unepfi.org/psi/wp-content/uploads/2017/08/Sustainable_Insurance_The_Emerging_Agenda.pdf
Green Finance Task Force - Green Finance Hub Report,http://www.fsdc.org.hk/sites/default/files/Green%20Finance%20Report-English.pdf
Bangladesh Sets Green Finance Minimum Target at 5% for Banks and Financial Institutions,https://www.bb.org.bd/mediaroom/circulars/gbcrd/sep042014gbcrd04.pdf
Principles of Responsible Ownership,https://www.sfc.hk/web/EN/files/ER/PDF/Principles%20of%20Responsible%20Ownership_Eng.pdf
"Too Late, Too Sudden: The Impact of a Low-Carbon Transition on Systemic Risk",https://www.esrb.europa.eu/pub/pdf/asc/Reports_ASC_6_1602.pdf
Public Consultation on Long-Term and Sustainable Investments,http://ec.europa.eu/information_society/newsroom/image/document/2016-44/feedback_final_pc_30068_en_19173.pdf
"The Finnish Accounting Act, as Amended in 2016, Requires Large Public Interest Entities to Report on Non-Financial Issues",https://www.finlex.fi/en/laki/kaannokset/1997/en19971336.pdf
Cambodian Sustainable Finance Initiative,https://www.ifc.org/wps/wcm/connect/8ce9ddc0-2422-4e69-aa8b-e4f3c8cc3eec/Cambodia+SF+Principles+-+Implementation+Guidelines.pdf?MOD=AJPERES&CVID=mGdMKuz
Morocco has Established a Scheme to Cover the Consequences of Catastrophic Events (Law No. 110-14),http://www.sgg.gov.ma/Portals/0/lois/Loi_110.14_Fr.pdf?ver=2017-02-28-151836-543
Corporate Governance Regulation,https://ecgi.global/sites/default/files/codes/documents/costa-rica-reglamento-gobierno-corporativo-1.pdf
"Review of Russia's Financial Market Regulation, Including Provisions on Green Bonds",http://www.cbr.ru/finmarkets/files/development/review_160217.pdf
Legal Guide to Do Business in Colombia,https://www.investincolombia.com.co/images/Adjuntos/Legal_Guide_to_Do_Business_in_Colombia_2.pdf
Climate Change Fund under the Climate Change Act 2016,http://kenyalaw.org/kl/fileadmin/pdfdownloads/Acts/ClimateChangeActNo11of2016.pdf
Assessment of Climate Change and Financial Stability,https://www.fi.se/contentassets/df3648b6cbf448ca822d3469eca4dea3/climat-change-financial-stability-sweden.pdf
Time for Transition: An Exploratory Study of the Transition to a Carbon-Neutral Economy,https://www.dnb.nl/en/binaries/tt_tcm47-338545.pdf
China's 13th Five Year Plan (2016-2020) Includes Recommendations from the Green Finance Task Force,https://www.unepfi.org/fileadmin/communications/EstablishingChinasGreenFinancialSystem.pdf
"Australia's Environmental, Social, and Governance (ESG) Reporting Guide",https://www.asx.com.au/documents/asx-compliance/esg_reporting_guide_mar14.pdf
"Australia's Environmental, Social, and Governance (ESG) Reporting Guide",https://www.asx.com.au/documents/asx-compliance/acsi-fsc-esg-reporting-guide-final-2015.pdf
Spain Updates Good Governance Code of Listed Companies with Corporate Social Responsibility Recommendations,http://www.cnmv.es/DocPortal/Publicaciones/CodigoGov/Good_Governanceen.pdf
The Impact of Climate Change on the UK Insurance Sector,https://www.bankofengland.co.uk/-/media/boe/files/prudential-regulation/publication/impact-of-climate-change-on-the-uk-insurance-sector.pdf
Vanuatu Infrastructure Strategic Investment Plan,http://prdrse4all.spc.int/system/files/119-visip_2015-2024_report_web.pdf
Warehouse for Energy Efficiency Loans (WHEEL),https://www.climateworks.org/wp-content/uploads/2017/01/EPC-WHEEL-Report.pdf
Disaster Risk Finance and Insurance Strategy,http://mddb.apec.org/Documents/2015/FMP/SFOM13/15_sfom13_023.pdf
Sustainability Amendments to Malaysia's Main Market Listing Requirements,http://www.bursamalaysia.com/misc/system/assets/15709/Main%20Circular_Issuance%20(Sustainability)_fair.pdf
Sustainability Amendments to Malaysia's Main Market Listing Requirements,http://www.bursamalaysia.com/misc/system/assets/3805/Main_PN9_CA_fair_31Dec2017.pdf
Vnesheconombank (VEB) Sustainability Roadmap,https://xn--90ab5f.xn--p1ai/files/?file=9930af9b237c91cec9bed1452ec4d19d.pdf
Dutch Pensions Act Requires Funds to Report on Environmental and Social Issues (Article 135),http://mcpf.nl/wp-content/uploads/2016/01/Code_of_the_Dutch_Pension_Funds.pdf
The Brazilian Securities Commission (CVM) Instruction No. 480/2009 Requires Listed Companies to Include Environmental Information in their Annual Reports,http://www.cvm.gov.br/export/sites/cvm/subportal_ingles/menu/investors/anexos/CVMInstruction480.pdf
Norges Bank's Principles for Responsible Investment Management,https://www.ohchr.org/documents/publications/GuidingprinciplesBusinesshr_eN.pdf
Directive on Promoting Green Credit Growth and Environmental and Social Risks Management in Credit Granting Activities,https://www.ifc.org/wps/wcm/connect/758c9ed5-cf12-4f15-b0a5-952dcae9b0c4/Directive+on+Green+Credit+and+E%26S+Risk+management.pdf?MOD=AJPERES&CVID=kOkF7YL
Norges Bank's Principles for Responsible Investment Management,http://www.oecd.org/daf/inv/mne/48004323.pdf
Norges Bank's Principles for Responsible Investment Management,https://www.regjeringen.no/globalassets/upload/fin/statens-pensjonsfond/gpfg-management-mandate-14-april-2015.pdf
Norges Bank's Principles for Responsible Investment Management,https://www.nbim.no/contentassets/151eed8a37194491a5f462307fc49be1/executive-board-principles-for-responsible-investments---21-june-2017-fi....pdf
Resolution 4.327/2014: Financial Institutions Socio-Environmental Responsibility,https://www.bcb.gov.br/pre/normativos/res/2014/pdf/res_4327_v1_O.pdf
Mongolian Sustainable Finance Principles and Sector Guidelines,https://www.ifc.org/wps/wcm/connect/05296e6c-86e0-4475-ae0e-20200dca900b/MBA_Principles-and-Guidance-Notes-Mongolia_Final.pdf?MOD=AJPERES&CVID=kKZr0cX
Panama's Strategic Framework for the Financial Management of Disaster Risk,http://documents.worldbank.org/curated/en/749931468332707560/pdf/94987-REVISED-WP-PUBLIC.pdf
Regulation on Socio-environmental Risk Management of Financial Firms in Peru (SBS N°01-2015),https://www.ifc.org/wps/wcm/connect/77cd8c3a-752c-47a2-87b9-82d0cb7c0636/SBN_Role+of+Enhanced+Due+Diligence.pdf?MOD=AJPERES&CVID=kWtGStK
Environmental and Social Risk Management of Financial Institutions in Peru (Resolution 1928/2015),https://www.ifc.org/wps/wcm/connect/ca2b24bc-1aa9-41a2-9eb3-abc3219ebcd2/SBN_Regulation+for+Social+and+Environmental+Risk+Management.pdf?MOD=AJPERES&CVID=kWtGcPU
France's Energy and Ecological Transition for Climate Label,https://www.ecologique-solidaire.gouv.fr/sites/default/files/The%20Energy%20and%20Ecological%20Transition%20for%20the%20Climate%20Label.pdf
Corporate Social Responsibility (CSR) Implementation Guide for Canadian Business,https://www.ic.gc.ca/eic/site/csr-rse.nsf/vwapj/CSRImplementationGuide.pdf/$file/CSRImplementationGuide.pdf
Peru Adopts Resolution that Includes Mandatory Sustainability Reporting (Resolución SMV Nº 033-2015-SMV/01),http://www.smv.gob.pe/sil/RGG0211199800000007.pdf
"The Corporate Social Responsibility (CSR) Strategy, 2019-2025, of De Nederlandsche Bank (DNB)",https://www.dnb.nl/en/binaries/DNB%20CSR%20strategy%202019%20-%202025_tcm47-382852.pdf
A 2015 Report has Proposed a Roadmap to Finance a Low-Carbon Economy in France,https://www.i4ce.org/wp-core/wp-content/uploads/2015/06/ExSum-Report-Canfin-Grandjean_ENG.pdf
Natural Capital Financing Facility,https://www.eib.org/attachments/documents/ncff_contact_form_en.pdf
Russia's Code of Corporate Governance (Article 69) Recommends Joint Stock Companies to Assess Financial and Non-Financial Risks,https://www.ebrd.com/downloads/legal/corporate/russia_code.pdf
New York's Green Bank to Increase Investments in Clean Energy Markets,https://greenbank.ny.gov/-/media/greenbanknew/files/nygb-2019-business-plan.pdf
Resource Efficiency and Fiduciary Duties of Investors,https://ec.europa.eu/environment/enveco/resource_efficiency/pdf/FiduciaryDuties.pdf
The Argentine Securities Commission (regulated under Law N° 26.831) is Among the Few Market Regulators with Sustainability in its Mandate,http://www.mae.com.ar/Anuncios/Normas_CNV_toc_2013.pdf
Singapore's Code of Corporate Governance 2012 Revision Includes Sustainability Issues,https://www.mas.gov.sg/-/media/MAS/resource/fin_development/corporate_governance/CG-Code-2001-Code.pdf
Singapore's Code of Corporate Governance 2012 Revision Includes Sustainability Issues,https://www.mas.gov.sg/-/media/MAS/resource/fin_development/corporate_governance/CG-Code-2005-Code.pdf
Singapore's Code of Corporate Governance 2012 Revision Includes Sustainability Issues,https://www.mas.gov.sg/-/media/MAS/resource/fin_development/corporate_governance/CGCRevisedCodeofCorporateGovernance3May2012.pdf
Singapore's Code of Corporate Governance 2012 Revision Includes Sustainability Issues,https://www.mas.gov.sg/-/media/MAS/resource/fin_development/corporate_governance/CGCRevisedCodeofCorporateGovernance3May2012.pdf
"Danish Corporate Reporting on Human Rights and Climate (Financial Statements Act, Amendment 2012)",http://csrgov.dk/file/557863/implementation-of-eu-directive.pdf
"Amendment to the Companies Act of 2006 Includes New Environmental, Social, and Governance (ESG) Disclosure Requirements",http://www.legislation.gov.uk/ukpga/2006/46/data.pdf
"Amendment to the Companies Act of 2006 Includes New Environmental, Social, and Governance (ESG) Disclosure Requirements",https://www.legislation.gov.uk/uksi/2013/1970/made/data.pdf
Pakistan's Corporate Social Responsibility Voluntary Guidelines,https://www.sustainablebankingnetwork.org/upload/file/2019/0819/1566184721324559.pdf
Hawaii's Green Infrastructure Authority Makes Clean Energy Investments More Accessible and Affordable,https://gems.hawaii.gov/wp-content/uploads/2019/08/Residential-Non-Residential-FAQs_rev-8-2019.pdf
The European Investment Bank's (EIB's) Energy Lending Criteria Include an Emission Performance Standard,https://www.eib.org/attachments/consultations/elp_methodology_emission_performance_standard_20130722_en.pdf
The European Investment Bank's (EIB's) Energy Lending Criteria Include an Emission Performance Standard,https://www.eib.org/attachments/strategies/eib_energy_lending_criteria_en.pdf
National Impact Initiative,https://fas.org/sgp/crs/misc/R41456.pdf
Notification on Monitoring and Reporting of Turkey's Greenhouse Gas Emissions,http://extwprlegs1.fao.org/docs/pdf/tur151469.pdf
The Kay Review of UK Equity Markets and Long-Term Decision-Making Finds that Short-termism is an Underlying Problem,https://assets.publishing.service.gov.uk/government/uploads/system/uploads/attachment_data/file/253454/bis-12-917-kay-review-of-equity-markets-final-report.pdf
"Australia's Green Bank—the Clean Energy Finance Corporation, Facilitates Increased Investments in Emissions Reduction",https://annualreport2019.cefc.com.au/media/1428/cefc_annual_report_2018-19.pdf
Vermont Clean Energy Loan Fund,http://www.leg.state.vt.us/docs/2014/Bills/H-0395/ACT0087%20As%20Enacted.pdf
White Paper on Financing Ecological Transition,http://www.consultations-publiques.developpement-durable.gouv.fr/IMG/pdf/131220-Ifte_LB-v_okPostCabPostPLF_UK-Clean_RetourDGT_ValidationsJ_retourDGT2_Propre.pdf
"European Commission's Investment Plan for Europe, or 'Juncker Plan'",https://ec.europa.eu/commission/sites/beta-political/files/invest_eu-2019-10-brochure_en.pdf
India's Companies Act of 2013 Includes Provisions on Corporate Social Responsibility,http://www.mca.gov.in/Ministry/pdf/CompaniesAct2013.pdf
Corporate Responsibility Regulation in Indonesia (Regulation No. 47/2012),http://ditjenpp.kemenkumham.go.id/arsip/ln/2012/pp47-2012bt.pdf
"The Brazilian Circular on Internal Process of Capital Adequacy Assessment (No. 3,547/2011) Requires Banks to Include Social and Environmental Risks When Assessing Their Capital Needs",https://www.bcb.gov.br/ingles/norms/brprudential/Circular3547.pdf
Indonesia's Green Lending Model Guidelines for Mini Hydro Power Plant Projects,https://www.iced.or.id/wp-content/uploads/2017/03/Modul-03-Pembiayaan-Pembangkit-Listrik-Tenaga-Mini-Hidro.pdf
Prudential Practice Guide on Investment Governance (SPG 530),https://www.apra.gov.au/sites/default/files/prudential-practice-guide-spg-530-investment-governance.pdf
Indonesia's Green Lending Model Guidelines for Mini Hydro Power Plant Projects,http://documents.worldbank.org/curated/en/819461487145062821/pdf/112817-WP-Indonesia-Towards-a-Sustainable-Financial-System-PUBLIC.pdf
Indonesia's Green Lending Model Guidelines for Mini Hydro Power Plant Projects,https://www.ojk.go.id/Files/box/keuangan-berkelanjutan/buku-energi-bersih.pdf
"Brazil's Resolution (4,008/2011) on Financing Climate Mitigation and Adaptation Projects",https://www.bcb.gov.br/pre/normativos/busca/downloadNormativo.asp?arquivo=/Lists/Normativos/Attachments/49332/Res_4008_v1_O.pdf
Nigerian Sustainable Banking Principles and Guidance Note,https://www.cbn.gov.ng/out/2012/ccd/circular-nsbp.pdf
National Climate Change Investment Plan,https://www.lse.ac.uk/GranthamInstitute/wp-content/uploads/laws/8198.pdf
Colombia's Protocol Verde (Green Protocol),https://www.asobancaria.com/wp-content/uploads/2017/11/Protocolo-Verde-Colombia.pdf
Principles for Financial Action Towards a Sustainable Society,https://www.env.go.jp/en/policy/finance/principles/financial_action.pdf
China's Green Credit Statistics System,http://www.cbrc.gov.cn/chinese/files/2018/DD114DBE72084577BBB4392A38E65FFE.pdf
Pakistani Regulation (General Order: SRO 983(I)) Requires Public Companies to Disclose Corporate Social Responsibility (CSR) Activities,https://jamapunji.pk/sites/default/files/CSR.pdf
"India's National Voluntary Guidelines on Social, Environmental, and Economic Responsibilities of Business",http://www.mca.gov.in/Ministry/latestnews/CSR_Voluntary_Guidelines_24dec2009.pdf
"India's National Voluntary Guidelines on Social, Environmental, and Economic Responsibilities of Business",http://www.mca.gov.in/Ministry/latestnews/National_Voluntary_Guidelines_2011_12jul2011.pdf
Malaysian Green Technology Corporation,https://www.mestecc.gov.my/web/wp-content/uploads/2019/04/9.-Green-Technology-Master-Plan-Malaysia-2017-2030-English.pdf
Bangladesh's Refinancing Scheme for Renewable Energy and Green Financing,https://www.bb.org.bd/pub/research/workingpaper/wp1618.pdf
Law on Limited Liability Companies (40/2007) Requires Reporting on Environmental and Social Responsibility,https://cdn.indonesia-investments.com/documents/Company-Law-Indonesia-Law-No.-40-of-2007-on-Limited-Liability-Companies-Indonesia-Investments.pdf
National Disaster Risk Reduction and Management Law (Republic Act 10121),http://www.ndrrmc.gov.ph/attachments/article/95/Implementing_Rules_and_Regulartion_RA_10121.pdf
Principles of Corporate Governance of State-Owned Enterprises (Resolution of the Cabinet Council 49/2007),https://dre.pt/application/dir/pdf1sdip/2007/03/06200/17731776.pdf
"Russia’s Regulation on Information Disclosure (Order 11-46/pz-n, 2011)",https://www.globalreporting.org/resourcelibrary/Carrots-and-Sticks.pdf
Coverage Limits Increase for Switzerland’s Mandatory Insurance Against Damage by Natural Disasters for Chattels and Buildings,https://www.finma.ch/FinmaArchiv/bpv/download/e/eElementarschaden.pdf
Spain's Sustainable Economy Law Requires Disclosure of Annual Sustainability Reports,https://www.boe.es/boe/dias/2011/03/05/pdfs/BOE-A-2011-4117.pdf
Sustainability Fund Act of Brunei,https://www.mofe.gov.bn/Shared%20Documents/investment%20legislation/Cap208.pdf
Framework Act on Low Carbon,http://extwprlegs1.fao.org/docs/pdf/kor100522.pdf
Brazil's Green Protocol,https://www.bndes.gov.br/SiteBNDES/export/sites/default/bndes_pt/Galerias/Arquivos/empresa/download/ProtocoloVerde.pdf/
Amendment to South Africa's Pension Funds Act of 1956 (Amendment of Regulation 28),http://content.momentum.co.za/Content/regulation-28/reg-28-budget-2011.pdf
Shanghai Municipal Local Standards on Corporate Social Responsibility,http://www.pdi.org.cn/UP_data/magazine/file/149256.pdf
Report on the Russian largest companies’ investments in green projects as per the Regulations on information disclosure No. 11-46/пз-н,https://www.minfin.ru/common/upload/library/2018/06/main/2018_calc.pdf
National Policy of Combating Climate Change,https://www.pacificclimatechange.net/sites/default/files/documents/Samoa_CC_Policy.pdf
Saudi Arabia's Risk Management Regulation Includes Provisions on Disaster Risk Management for Insurance Companies,http://www.sama.gov.sa/en-US/Laws/InsuranceRulesAndRegulations/IIR_4600_C_RiskManaRegu_En_2008_12_29_V2.pdf
Guidance Regarding Disclosures Related to Climate Change in the United States,https://www.sec.gov/rules/interp/2010/33-9106.pdf
Protocolo de Intenções pela Responsabilidade Socioambiental,https://www.bndes.gov.br/SiteBNDES/export/sites/default/bndes_pt/Galerias/Arquivos/empresa/download/ProtocoloVerde.pdf/
Indonesia's Rule on the Obligation to Submit an Annual Report for Issuers or Public Companies (Rule X.K.6) Requires Reporting on Social Responsibility,http://www.ojk.go.id/Files/regulation/capital-market/bap-rules/is-pc/12/XK6.pdf
Italy's Regulation (N. 35/2010) Includes Provisions on Ethical and Socially Responsible Finance,https://www.ivass.it/normativa/nazionale/secondaria-ivass/regolamenti/2010/n35/Regulation_n._35_of_26_May_2010-en.pdf?language_id=3
"Belgium's Law on Collective Investment Portfolio Management Requires Disclosure of Social, Environmental, and Ethical Considerations",https://www.imf.org/external/pubs/ft/scr/2013/cr13136.pdf
Environmental Investment Fund of Namibia Act 13 of 2001,https://www.lac.org.na/laws/annoSTAT/Environmental%20Investment%20Fund%20of%20Namibia%20Act%2013%20of%202001.pdf
Kazakhstan's Code on Corporate Governance,https://www.ebrd.com/downloads/legal/corporate/kazak_code.pdf
[former] IIRC,http://www.integratedreporting.org/wp-content/uploads/2022/07/VRF-ITP-GettingStartedGuide.pdf
[former] IIRC,http://www.integratedreporting.org/wp-content/uploads/2022/07/VRF-ITP-GettingStartedGuide.pdf
CDP,https://cdn.cdp.net/cdp-production/comfy/cms/files/files/000/007/937/original/CDP_Cyber_Essentials_Certificate_2022-23.pdf
EMAS,https://green-business.ec.europa.eu/system/files/2023-07/EMAS%20presentation%20for%20organisations_2022.pdf
EU Taxonomy,https://ec.europa.eu/info/sites/info/files/business_economy_euro/banking_and_finance/documents/200309-sustainable-finance-teg-final-report-taxonomy_en.pdf
EU Taxonomy,http://www.fao.org/3/I8661EN/i8661en.pdf
EU Taxonomy,http://www.fao.org/3/I8661EN/i8661en.pdf
EU Taxonomy,http://www.fao.org/3/I8661EN/i8661en.pdf
EU Taxonomy,http://www.fao.org/3/I8661EN/i8661en.pdf
EU Taxonomy,https://www.foresteurope.org/docs/MC/MC_helsinki_resolutionH1.pdf
EU Taxonomy,https://foresteurope.org/wp-content/uploads/2016/10/MC_lisbon_resolutionL2_with_annexes.pdf
EU Taxonomy,https://www.foresteurope.org/docs/MC/MC_helsinki_resolutionH1.pdf
EU Taxonomy,https://foresteurope.org/wp-content/uploads/2016/10/MC_lisbon_resolutionL2_with_annexes.pdf
EU Taxonomy,https://www.foresteurope.org/docs/MC/MC_helsinki_resolutionH1.pdf
EU Taxonomy,https://foresteurope.org/wp-content/uploads/2016/10/MC_lisbon_resolutionL2_with_annexes.pdf
EU Taxonomy,https://www.ramsar.org/sites/default/files/documents/pdf/guide/guide-restoration.pdf
EU Taxonomy,https://www.ramsar.org/sites/default/files/documents/pdf/res/key_res_viii_14_e.pdf
EU Taxonomy,https://eippcb.jrc.ec.europa.eu/sites/default/files/2019-11/lvic_aaf.pdf
EU Taxonomy,http://www.fao.org/3/I8661EN/i8661en.pdf
EU Taxonomy,https://www.etsi.org/deliver/etsi_es/203100_203199/203199/01.03.00_50/es_203199v010300m.pdf
EU Taxonomy,https://ec.europa.eu/research/participants/data/ref/h2020/other/wp/2016-2017/annexes/h2020-wp1617-annex-ga_en.pdf
EU Taxonomy,http://www.fao.org/3/I8661EN/i8661en.pdf
EU Taxonomy,http://www.fao.org/3/I8661EN/i8661en.pdf
EU Taxonomy,http://www.fao.org/3/I8661EN/i8661en.pdf
EU Taxonomy,http://www.fao.org/3/I8661EN/i8661en.pdf
EU Taxonomy,https://www.foresteurope.org/docs/MC/MC_helsinki_resolutionH1.pdf
EU Taxonomy,https://foresteurope.org/wp-content/uploads/2016/10/MC_lisbon_resolutionL2_with_annexes.pdf
EU Taxonomy,https://www.foresteurope.org/docs/MC/MC_helsinki_resolutionH1.pdf
EU Taxonomy,https://foresteurope.org/wp-content/uploads/2016/10/MC_lisbon_resolutionL2_with_annexes.pdf
EU Taxonomy,https://www.foresteurope.org/docs/MC/MC_helsinki_resolutionH1.pdf
EU Taxonomy,https://foresteurope.org/wp-content/uploads/2016/10/MC_lisbon_resolutionL2_with_annexes.pdf
EU Taxonomy,https://eippcb.jrc.ec.europa.eu/sites/default/files/2019-11/lvic-s_bref_0907.pdf
EU Taxonomy,https://eippcb.jrc.ec.europa.eu/sites/default/files/2019-11/lvic-s_bref_0907.pdf
EU Taxonomy,https://eippcb.jrc.ec.europa.eu/sites/default/files/2019-11/lvic_aaf.pdf
EU Taxonomy,https://eippcb.jrc.ec.europa.eu/sites/default/files/2019-11/pol_bref_0807.pdf
EU Taxonomy,https://www.icnirp.org/cms/upload/publications/ICNIRPemfgdl.pdf
EU Taxonomy,https://www.ipcc-nggip.iges.or.jp/public/2019rf/pdf/5_Volume5/19R_V5_6_Ch06_Wastewater.pdf
EU Taxonomy,https://www.ipcc-nggip.iges.or.jp/public/2019rf/pdf/5_Volume5/19R_V5_6_Ch06_Wastewater.pdf
EU Taxonomy,https://ec.europa.eu/research/participants/data/ref/h2020/other/wp/2016-2017/annexes/h2020-wp1617-annex-ga_en.pdf
GRI,https://www.globalreporting.org/media/wtaf14tw/a-short-introduction-to-the-gri-standards.pdf
Hong Kong,https://www.hkex.com.hk/-/media/HKEX-Market/News/Market-Consultations/2016-Present/April-2021-Review-of-CG-Code-and-LR/Consultation-Paper/cp202104.pdf
Hong Kong,https://assets.bbhub.io/company/sites/60/2020/10/FINAL-2017-TCFD-Report-11052018.pdf
ISSB,https://www.ifrs.org/content/dam/ifrs/about-us/legal-and-governance/constitution-docs/ifrs-foundation-constitution-2021.pdf
ISSB,https://www.ifrs.org/content/dam/ifrs/about-us/legal-and-governance/legal-docs/trade-mark-guidelines.pdf
Malaysia,https://www.bnm.gov.my/documents/20124/2294076/WWF_BCG_Net_Zero_Study.pdf
New Zealand,https://legislation.govt.nz/act/public/2021/0039/latest/096be8ed81b59fc7.pdf
PAS 2050 & 2060 (BSI),https://www.bsigroup.com/globalassets/localfiles/en-gb/about-bsi/social-responsibility/modern-slavery-statement-2023.pdf
PCAF,https://carbonaccountingfinancials.com/files/downloads/PCAF_OperatingModel_03.pdf
PCAF,https://www.parisalignedinvestment.org/media/2021/03/PAII-Net-Zero-Investment-Framework_Implementation-Guide.pdf
SBTi,https://sciencebasedtargets.org/resources/files/Commitment-Compliance-Policy.pdf
Singapore,https://api2.sgx.com/sites/default/files/2023-05/SGX%20Core%20ESG%20Metrics_for%20website%20%28updated%20Apr2023%29.pdf
TCFD,https://assets.bbhub.io/company/sites/60/2023/09/2023-Status-Report.pdf
TCFD,https://assets.bbhub.io/company/sites/60/2021/07/2021-Metrics_Targets_Guidance-1.pdf
TCFD,https://assets.bbhub.io/company/sites/60/2021/07/2021-TCFD-Implementing_Guidance.pdf
TCFD,https://assets.bbhub.io/company/sites/60/2021/10/FINAL-2017-TCFD-Report.pdf
Thailand,https://sseinitiative.org/wp-content/uploads/2019/11/Thailand_SET.pdf
Thailand,https://media.set.or.th/set/Documents/2023/Jun/SD_Highlight_2022_ENG.pdf
USA,https://www.congress.gov/117/bills/hr2570/BILLS-117hr2570rh.pdf
Australian Securities Exchange,https://sseinitiative.org/wp-content/uploads/2019/10/Australia-ASX.pdf
Australian Securities Exchange,https://www2.asx.com.au/content/dam/asx/about/media-releases/2022/41-22-august-asx-2022-annual-report.pdf
Australian Securities Exchange,https://www2.asx.com.au/content/dam/asx/annual-reports/asx-annual-report-2020.pdf
Australian Securities Exchange,https://www2.asx.com.au/content/dam/asx/about/media-releases/2021/25-19-aug-asx-limited-2021-appendix-4e-and-annual-report.pdf
Australian Securities Exchange,https://www.asx.com.au/documents/asx-compliance/cgc-principles-and-recommendations-3rd-edn.pdf
Australian Securities Exchange,https://www.asx.com.au/documents/asx-compliance/acsi-fsc-esg-reporting-guide-final-2015.pdf
Australian Securities Exchange,https://www.asx.com.au/documents/investor-relations/asx-annual-report-2016.pdf
Bahrain Bourse,https://sseinitiative.org//wp-content/uploads/2019/11/Bahrain-BahrainBourse.pdf
Bahrain Bourse,https://bahrainbourse.com/resources/files/Sustainability/BHB_SustainabilityReport_2021_EN.pdf
Bahrain Bourse,https://bahrainbourse.com/resources/files/Sustainability/sustainability%20report_2020_en.pdf
Bahrain Bourse,https://www.bahrainbourse.com/resources/files/Sustainability/Sustainability%20Report%20EN.pdf
Bahrain Bourse,https://www.bahrainbourse.com/resources/files/Sustainability/ESG_Guide_2%20Jan%202023.pdf
Dhaka Stock Exchange,https://sseinitiative.org/wp-content/uploads/2019/11/Bangladesh-Dhaka-Stock-Exchange.pdf
Dhaka Stock Exchange,https://www.dsebd.org/pdf/DSE%20GRI%20Guidance%20Document%20Final.pdf
Dhaka Stock Exchange,https://www.dsebd.org/pdf/20-05-2018.pdf
Dhaka Stock Exchange,https://www.dsebd.org/pdf/01aug18.pdf
Euronext Brussels,https://sseinitiative.org/wp-content/uploads/2019/10/Belgium-Euronext-Brussels.pdf
Euronext Brussels,https://sseinitiative.org/wp-content/uploads/EUR_2022_URD_MEL-2.pdf
Euronext Brussels,https://www.europarl.europa.eu/RegData/etudes/BRIE/2021/654213/EPRS_BRI(2021)654213_EN.pdf
Euronext Brussels,https://sseinitiative.org/wp-content/uploads/2022/05/Euronext-ESG-guide-2022.pdf
Botswana Stock Exchange,https://sseinitiative.org/wp-content/uploads/2019/11/Botswana-BSE-2.pdf
Botswana Stock Exchange,https://www.bse.co.bw/wp-content/uploads/2021/02/BSE_Guidance-for-Listed-Companies-on-Reporting-ESG-Information-to-Invest....pdf
Botswana Stock Exchange,http://bse.co.bw/wp-content/uploads/2022/01/SADC-Green-Bond-Study-Workshop-Report.pdf
B3,https://sseinitiative.org/wp-content/uploads/2019/09/Brazil-BMFBovespa.pdf
B3,https://www.b3.com.br/data/files/1A/D7/91/AF/132F561060F89E56AC094EA8/Guia-para-empresas-listadas.pdf
B3,http://www.bmf.com.br/portal/pages/newsletter/bmfbovespa/Folheto_ESG_B3_Bi.pdf
TMX Group Inc.,https://sseinitiative.org//wp-content/uploads/2019/11/Canada-TMX.pdf
TMX Group Inc.,https://hausercenter.org/iri/wp-content/uploads/2011/08/CSR-Disclosure-Updates-4-18-14.pdf
TMX Group Inc.,https://www.osc.gov.on.ca/documents/en/Securities-Category5/csa_20101027_51-333_environmental-reporting.pdf
TMX Group Inc.,https://sseinitiative.org/wp-content/uploads/2021/03/UN-SSE-Gender-Equality-Policy-Brief.pdf
Bolsa de Comercio de Santiago,https://sseinitiative.org/wp-content/uploads/2019/11/Chile-Bolsa-de-Comercio-de-Santiago.pdf
Bolsa de Comercio de Santiago,https://cibe.bolsadesantiago.com/Documentos/Noticias/Avisos%20Generales/Memoria%20Bolsa%202022.pdf
Bolsa de Comercio de Santiago,https://cibe.bolsadesantiago.com/Documentos/Noticias/Avisos%20Generales/Memoria%20Bolsa%202021.pdf
Bolsa de Comercio de Santiago,https://cibe.bolsadesantiago.com/Documentos/Noticias/Avisos%20Generales/memoria%20bolsa%202020.pdf
Bolsa de Comercio de Santiago,https://cibe.bolsadesantiago.com/Documentos/Noticias/Avisos%20Generales/Memoria%20bolsa%202019.pdf
Bolsa de Comercio de Santiago,https://cibe.bolsadesantiago.com/Documentos/Noticias/Avisos%20Generales/Memoria%20Anual%202018.pdf
Bolsa de Comercio de Santiago,https://cibe.bolsadesantiago.com/Documentos/Noticias/Avisos%20Generales/Memoria%20BCS%202017.pdf
Bolsa de Comercio de Santiago,https://servicioscms.bolsadesantiago.com/Corporativo/Documentos/Relacionado/Guia%20de%20Reporte%20de%20Sostenibilidad%20Chile_GRI%20y%20Bolsa%20de%20Santiago.pdf
Bolsa de Comercio de Santiago,https://servicioscms.bolsadesantiago.com/noticias/SiteAssets/Paginas/Forms/EditForm/Gui%CC%81a%20Sostenibilidad%20de%20Emisores%20Bolsa%20de%20Santiago.pdf
Bolsa de Comercio de Santiago,https://sseinitiative.org/wp-content/uploads/2014/08/2017-Design-and-Construction-of-Sustainability-Reports-Santiago-Exchange.pdf
Bolsa de Comercio de Santiago,https://servicioscms.bolsadesantiago.com/Corporativo/Documentos/Relacionado/4%20-%20Gu%C3%ADa%20de%20Inversi%C3%B3n%20Responsable%20-%20Bolsa%20de%20Santiago%20(2017).pdf
Shanghai Stock Exchange,https://sseinitiative.org/wp-content/uploads/2019/11/China-Shanghai-Stock-Exchange.pdf
Shanghai Stock Exchange,http://english.sse.com.cn/news/newsrelease/a/20230425/b4870f1189eb9b4ac8a639dab9142ac6.pdf
Shanghai Stock Exchange,http://www.sse.com.cn/aboutus/socialresponsibility/download/c/5702535.pdf
Shanghai Stock Exchange,http://www.sse.com.cn/services/greensecurities/report/c/5705112.pdf
Shanghai Stock Exchange,http://www.sse.com.cn/aboutus/socialresponsibility/download/c/5122392.pdf
Shanghai Stock Exchange,http://www.sse.com.cn/aboutus/socialresponsibility/download/c/4766349.pdf
Shanghai Stock Exchange,http://www.sse.com.cn/aboutus/socialresponsibility/download/c/4509994.pdf
Shenzhen Stock Exchange,https://sseinitiative.org/wp-content/uploads/2019/11/China-Shenzhen-Stock-Exchange.pdf
Hong Kong Exchanges and Clearing Limited,https://sseinitiative.org/wp-content/uploads/2019/11/China-HKEX.pdf
Hong Kong Exchanges and Clearing Limited,https://www.hkex.com.hk/-/media/HKEX-Market/News/Market-Consultations/2016-Present/April-2023-Climate-related-Disclosures/Consultation-Paper/cp202304.pdf
Hong Kong Exchanges and Clearing Limited,https://www.hsi.com.hk/static/uploads/contents/en/news/pressRelease/20180810T000000.pdf
Hong Kong Exchanges and Clearing Limited,https://sseinitiative.org/wp-content/uploads/2022/05/HKEX-Disclaimer-for-the-Consolidated-Main-Board-Listing-Rules.pdf
Bolsa de Valores de Colombia,https://sseinitiative.org/wp-content/uploads/2019/11/Colombia-BVC.pdf
Bolsa Nacional de Valores,https://sseinitiative.org/wp-content/uploads/2019/11/Costa-Rica-BNV.pdf
Bolsa Nacional de Valores,https://www.bolsacr.com/sites/default/files/29/p_memoria_de_sostenibilidad_2018_bnv.pdf
Bolsa Nacional de Valores,https://bolsacr.com/sites/default/files/239/estandar_bonos_verdes_bnv.pdf
Nasdaq Copenhagen,https://sseinitiative.org/wp-content/uploads/2019/11/Denmark-Nasdaq-Copenhagen.pdf
Nasdaq Copenhagen,https://business.nasdaq.com/Docs/Nasdaq%20UNGC%20COP%202014%20RevFinal.pdf
Egyptian Exchange,https://sseinitiative.org/wp-content/uploads/2019/11/Egypt-Egyptian-ExchangeEGXpdf.pdf
Nasdaq Tallinn,https://sseinitiative.org/wp-content/uploads/2019/11/Estonia-Nasdaq-Tallinn.pdf
Nasdaq Helsinki,https://sseinitiative.org/wp-content/uploads/2019/11/Finland-Nasdaq-Helsinki.pdf
Euronext Paris,https://sseinitiative.org/wp-content/uploads/2019/11/France-Euronext-Paris.pdf
Euronext Paris,https://www.diplomatie.gouv.fr/IMG/pdf/Mandatory_reporting_built_on_consensus_in_France.pdf
Euronext Paris,https://sseinitiative.org/wp-content/uploads/2022/05/Euronext-ESG-guide-2022.pdf
Deutsche Börse,https://sseinitiative.org/wp-content/uploads/2019/11/Germany-Deutsche-Boerse.pdf
Deutsche Börse,https://deutsche-boerse.com/dbg/dispatch/en/binary/gdb_content_pool/imported_files/public_files/10_downloads/33_going_being_public/10_products/Communicating_sustainibility.pdf
Deutsche Börse,https://www2.deloitte.com/content/dam/Deloitte/global/Documents/Risk/gx-risk-women-in-the-boardroom-sixth-edition.pdf
Deutsche Börse,https://www.dcgk.de/files/dcgk/usercontent/en/download/code/191216_German_Corporate_Governance_Code.pdf
Ghana Stock Exchange,https://sseinitiative.org/wp-content/uploads/2022/06/GSE-Sustainable-Stock-Exchanges-Questionnaire.pdf
Ghana Stock Exchange,https://gse.com.gh/wp-content/uploads/2022/11/GSE-ESG-DISCLOSURES-GUIDANCE-MANUAL-1-1.pdf
Athens Exchange Group,https://sseinitiative.org/wp-content/uploads/2019/11/Greece-Athens-Stock-Exchange-ATHEX-2.pdf
Athens Exchange Group,https://www.europarl.europa.eu/RegData/etudes/STUD/2021/700556/IPOL_STU(2021)700556_EN.pdf
Budapest Stock Exchange,https://sseinitiative.org/wp-content/uploads/2019/11/Hungary-Budapest-Stock-Exchange.pdf
Budapest Stock Exchange,https://sseinitiative.org/wp-content/uploads/2021/04/ESG-Reporting-Guide_final_ENG.pdf
Nasdaq Iceland,https://sseinitiative.org/wp-content/uploads/2019/11/Iceland-Nadaq-Iceland.pdf
Bombay Stock Exchange,https://sseinitiative.org/wp-content/uploads/2019/10/India-BSE.pdf
Bombay Stock Exchange,https://www.bseindia.com/downloads1/BSE_Annual_Report_2017_18.pdf
Bombay Stock Exchange,https://www.bseindia.com/downloads1/BSEs_Guidance_doc_on_ESG.pdf
National Stock Exchange of India,https://sseinitiative.org/wp-content/uploads/2019/11/India-National-Stock-Exchange-of-India-NSE.pdf
National Stock Exchange of India,https://static.nseindia.com//s3fs-public/inline-files/NSE%20Annual%20Report%202022-23_0.pdf
National Stock Exchange of India,https://sseinitiative.org/wp-content/uploads/2016/03/SEBI-format-for-Business-Responsibility-Report-2015.pdf
National Stock Exchange of India,https://static.nseindia.com/s3fs-public/inline-files/ESG%2050%20Companies%20NSE%2011Jul2020.pdf
National Stock Exchange of India,https://static.nseindia.com//s3fs-public/inline-files/Emerge%20Brochure.pdf
Indonesia Stock Exchange,https://sseinitiative.org/wp-content/uploads/2019/11/Indonesia-IDX.pdf
Indonesia Stock Exchange,https://www.ojk.go.id/id/regulasi/Documents/Pages/Bentuk-dan-Isi-Laporan-Tahunan--Emiten-atau-Perusahaan-Publik/SEOJK%20-%2016%20-%202021.pdf
Indonesia Stock Exchange,https://www.idx.co.id/media/7503/i-v_kep-00059_bei_07-2019.pdf
Euronext Dublin,https://sseinitiative.org//wp-content/uploads/2019/11/Ireland-Euronext-Dublin.pdf
Euronext Dublin,https://www.europarl.europa.eu/RegData/etudes/BRIE/2021/654213/EPRS_BRI(2021)654213_EN.pdf
Euronext Dublin,https://sseinitiative.org/wp-content/uploads/2022/05/Euronext-ESG-guide-2022.pdf
Borsa Italiana (Euronext),https://sseinitiative.org//wp-content/uploads/2019/11/Italy-BorsaItaliana.pdf
Borsa Italiana (Euronext),https://www.europarl.europa.eu/RegData/etudes/BRIE/2021/654213/EPRS_BRI(2021)654213_EN.pdf
Borsa Italiana (Euronext),https://sseinitiative.org/wp-content/uploads/2022/05/Euronext-ESG-guide-2022.pdf
Borsa Italiana (Euronext),https://www.borsaitaliana.it/azioni/mercati/mercati-landingpage/slidedoc.en.pdf
Japan Exchange Group,https://sseinitiative.org/wp-content/uploads/Japan-JPX.pdf
Japan Exchange Group,https://sseinitiative.org/wp-content/uploads/Japan-JPX.pdf
Japan Exchange Group,https://www.jpx.co.jp/english/corporate/investor-relations/ir-library/integrated-report/tvdivq0000008t9q-att/JPXReport2021_A4.pdf
Japan Exchange Group,https://www.jpx.co.jp/english/corporate/investor-relations/ir-library/integrated-report/tvdivq0000008t9q-att/JPXReport2020.pdf
Japan Exchange Group,https://www.jpx.co.jp/english/corporate/investor-relations/ir-library/integrated-report/tvdivq0000008t9q-att/JPXReport2019.pdf
Japan Exchange Group,https://www.jpx.co.jp/english/corporate/investor-relations/ir-library/integrated-report/tvdivq0000008t9q-att/JPXReport2018_English.pdf
Japan Exchange Group,https://www.jpx.co.jp/english/corporate/investor-relations/ir-library/integrated-report/tvdivq0000008t9q-att/JPXReport2017_English.pdf
Japan Exchange Group,https://www.jpx.co.jp/english/corporate/investor-relations/ir-library/integrated-report/tvdivq0000008t9q-att/JPXreport2016e_all.pdf
Japan Exchange Group,https://www.env.go.jp/en/policy/economy/erg2007.pdf
Japan Exchange Group,https://www.jpx.co.jp/corporate/sustainability/esg-investment/handbook/nlsgeu000004n8p1-att/handbook.pdf
Japan Exchange Group,https://www.jpx.co.jp/english/corporate/news/news-releases/0060/b5b4pj000002wxpa-att/SSE_Initiatives_j.pdf
Japan Exchange Group,https://www.jpx.co.jp/english/corporate/sustainability/esgknowledgehub/p1j4l40000000thn-att/p1j4l40000000tlh.pdf
Amman Stock Exchange,https://sseinitiative.org/wp-content/uploads/2019/11/Jordan-Amman-Stock-Exchange.pdf
Amman Stock Exchange,https://www.exchange.jo/sites/default/files/2021-11/Annual%20Report%202020.pdf
Amman Stock Exchange,https://www.exchange.jo/sites/default/files/2022-10/Annual%20report%202021.pdf
Amman Stock Exchange,https://ase.com.jo/sites/default/files/2022-10/Guidance%20on%20Sustainability%20Reporting.pdf
Amman Stock Exchange,https://www.exchange.jo/sites/default/files/2018-11/Sustainability%201_9.pdf
Amman Stock Exchange,https://www.exchange.jo/sites/default/files/2018-11/Sustainability%202_1.pdf
Kazakhstan Stock Exchange,https://sseinitiative.org/wp-content/uploads/2019/11/Kazakhstan-KASE.pdf
Kazakhstan Stock Exchange,https://kase.kz/files/normative_base/rules_emitent_eng.pdf
Kazakhstan Stock Exchange,https://kase.kz/files/normative_base/met_ekolog_soc_eng.pdf
Nairobi Securities Exchange,https://sseinitiative.org/wp-content/uploads/2019/11/Kenya-Nairobi-Securities-Exchange.pdf
Nairobi Securities Exchange,https://www.nse.co.ke/wp-content/uploads/NSE-Annual-Report-2022-Integrated-Report.pdf
Nairobi Securities Exchange,https://sseinitiative.org/wp-content/uploads/2021/12/NSE-ESG-Disclosures-Guidance.pdf
Nairobi Securities Exchange,https://sseinitiative.org/wp-content/uploads/2021/12/NSE-ESG-Disclosures-Guidance.pdf
Nairobi Securities Exchange,https://www.nse.co.ke/digitalacademy/wp-content/uploads/sites/4/2023/01/2023-Training-Calendar-Final.pdf
Nairobi Securities Exchange,https://www.nse.co.ke/wp-content/uploads/gbpk-background-document-2.pdf
Boursa Kuwait,https://sseinitiative.org//wp-content/uploads/2019/11/Kuwait-Boursa-Kuwait.pdf
Boursa Kuwait,https://www.boursakuwait.com.kw/api/documents/boursa/1681627414107.pdf
Boursa Kuwait,https://www.boursakuwait.com.kw/api/documents/boursa/1649054880123.pdf
Boursa Kuwait,https://www.boursakuwait.com.kw/api/documents/boursa/1630909195602.pdf
Boursa Kuwait,https://cis.boursakuwait.com.kw/Portal/BoursaReports/BKSustainability2017.pdf
Boursa Kuwait,https://cis.boursakuwait.com.kw/Portal/BoursaReports/BKSustainabilityE.pdf
Boursa Kuwait,https://cis.boursakuwait.com.kw/Portal/BoursaReports/BKSustainabilityE.pdf
Nasdaq Riga,https://sseinitiative.org//wp-content/uploads/2019/11/Latvia-Nasdaq-Riga.pdf
Nasdaq Riga,https://business.nasdaq.com/media/2017%20Nasdaq%20Sustainability%20Report%20Digital%20ver%202_tcm5044-50886.pdf
Nasdaq Riga,https://files.shareholder.com/downloads/NDAQ/6080571804x0x935088/840666D1-613E-4C65-BBC3-F04DC78ABDC3/2017_proxy.pdf
Nasdaq Riga,https://business.nasdaq.com/Docs/Nasdaq%20UNGC%20COP%202014%20RevFinal.pdf
Nasdaq Vilnius,https://sseinitiative.org//wp-content/uploads/2019/11/Lithuania-Nasdaq-Vilnius.pdf
Nasdaq Vilnius,https://business.nasdaq.com/media/2017%20Nasdaq%20Sustainability%20Report%20Digital%20ver%202_tcm5044-50886.pdf
Nasdaq Vilnius,https://files.shareholder.com/downloads/NDAQ/6080571804x0x935088/840666D1-613E-4C65-BBC3-F04DC78ABDC3/2017_proxy.pdf
Nasdaq Vilnius,https://business.nasdaq.com/Docs/Nasdaq%20UNGC%20COP%202014%20RevFinal.pdf
Bursa Malaysia,https://sseinitiative.org/wp-content/uploads/2019/11/Malaysia-BursaMalaysia.pdf
Bursa Malaysia,https://www.bursamalaysia.com/sites/5d809dcf39fba22790cad230/assets/640ad76039fba203314fc5a2/Bursa_SR22_Hi_Res_.pdf
Bolsa Mexicana de Valores,https://sseinitiative.org/wp-content/uploads/2019/10/Mexico-BVM.pdf
Bolsa Mexicana de Valores,https://www.bmv.com.mx/docs-pub/SERVICIOS_EMISORAS/3q2wk7r8jj6746k46q1n.pdf
Bolsa Mexicana de Valores,https://sseinitiative.org/wp-content/uploads/2016/04/Codigo_de_Mejores_Practicas_Corporativas_CCE_2010-1.pdf
Bolsa Mexicana de Valores,https://www.bmv.com.mx/docs-pub/MI_EMPRESA_EN_BOLSA/CTEN_MINGE/GREEN_BONDS_PRIN_MX2.pdf
Bourse de Casablanca,https://sseinitiative.org/wp-content/uploads/2019/11/Morocco-CasablancaExchange.pdf
Bourse de Casablanca,https://www.ammc.ma/sites/default/files/Circulaire%20AMMC%20n%C2%B0%2003-19%20_op%C3%A9rations_%20et%20_informations_%20financi%C3%A8res.pdf
Bourse de Casablanca,https://www.casablanca-bourse.com/BourseWeb/UserFiles/File/2017/Mai/Guide%20RSEESGVersion%20soumise%20consultation.pdf
Bourse de Casablanca,https://www.casablanca-bourse.com/BourseWeb/UserFiles/File/rapports_annuels/2016/Rapport_Annue_%20UK_2016_site.pdf
Euronext Amsterdam,https://sseinitiative.org/wp-content/uploads/2019/11/Netherlands-Euronext-Amsterdam.pdf
Euronext Amsterdam,https://www.europarl.europa.eu/RegData/etudes/BRIE/2021/654213/EPRS_BRI(2021)654213_EN.pdf
Euronext Amsterdam,https://sseinitiative.org/wp-content/uploads/2022/05/Euronext-ESG-guide-2022.pdf
New Zealand Stock Exchange,https://sseinitiative.org/wp-content/uploads/2019/11/New-Zealand-NZX.pdf
New Zealand Stock Exchange,https://s3-ap-southeast-2.amazonaws.com/nzx-prod-c84t3un4/comfy/cms/files/files/000/003/239/original/FINAL_NZX_Annual_Report_2017.pdf
New Zealand Stock Exchange,https://s3-ap-southeast-2.amazonaws.com/nzx-prod-c84t3un4/comfy/cms/files/files/000/002/924/original/NZX_ESG_Guidance_Note_-_11_December_2017_%28final_for_publication%29.pdf
New Zealand Stock Exchange,https://s3-ap-southeast-2.amazonaws.com/nzx-prod-c84t3un4/comfy/cms/files/files/000/003/239/original/FINAL_NZX_Annual_Report_2017.pdf
New Zealand Stock Exchange,https://s3-ap-southeast-2.amazonaws.com/nzx-prod-c84t3un4/comfy/cms/files/files/000/003/239/original/FINAL_NZX_Annual_Report_2017.pdf
Nigerian Exchange,https://sseinitiative.org/wp-content/uploads/2019/11/Nigeria-Nigerian-Stock-Exchange-SSE.pdf
Nigerian Exchange,https://www.nse.com.ng/aboutus-site/Corporate-Social-Responsibility-site/PublishingImages/about-us/corporate-social-responsibility/marketplace/COMMUNIQUE%20%282%29.pdf
Macedonian Stock Exchange,https://sseinitiative.org//wp-content/uploads/2019/11/Macedonia-Macedonian-Stock-Exchange.pdf
Macedonian Stock Exchange,https://sseinitiative.org/wp-content/uploads/2019/11/MSE-ESG-Reporting-Guide.pdf
Oslo Børs (Euronext),https://sseinitiative.org/wp-content/uploads/2019/11/Norway-Oslo-Bors.pdf
Oslo Børs (Euronext),https://sseinitiative.org/wp-content/uploads/2022/05/Euronext-ESG-guide-2022.pdf
Muscat Stock Exchange,https://sseinitiative.org/wp-content/uploads/2022/03/Oman-Muscat-Stock-Exchange.pdf
Muscat Stock Exchange,https://www.msx.om/MSMDOCS/downloads/en_1683614240441_2-MSX-AR2022-ENGLISH.pdf
Muscat Stock Exchange,https://www.msx.om/MSMDOCS/downloads/ESG-MSX-E.pdf
Muscat Stock Exchange,https://www.msx.om/msmdocs/downloads/MSX%20Sustainability%20Initiative.pdf
Muscat Stock Exchange,https://www.msm.gov.om/MSMDOCS/downloads/en_1349586496956_MSM%20Bro%20New%20Pages.pdf
Latin American Stock Exchange,https://sseinitiative.org/wp-content/uploads/2019/11/Panama-BVP.pdf
Latin American Stock Exchange,https://www.latinexbolsa.com/biblioteca/Sostenibilidad/Reportes/Sustainability%20Report%20Latinex%202022.pdf
Latin American Stock Exchange,https://www.panabolsa.com/biblioteca/Sostenibilidad/Guias_Sostenibilidad/Guia_para_el_Reporte_y_Divulgacion_Voluntaria_de_Factores_ASG_v1.pdf
Latin American Stock Exchange,https://www.latinexbolsa.com/biblioteca/Sostenibilidad/Guias_Sostenibilidad/Guide%20for%20the%20Voluntary%20Reporting%20and%20Disclosure%20of%20ESG%20Factors.pdf
Latin American Stock Exchange,https://www.panabolsa.com/es/wp-content/uploads/2019/10/Guia-para-Emision-de-Valores-Negociables-SVS.pdf
Latin American Stock Exchange,https://www.panabolsa.com/es/wp-content/uploads/2019/10/2019-10-23-Guidelines-for-the-Issuance-of-SGS-Securities.pdf
Group BVL,https://sseinitiative.org/wp-content/uploads/2022/08/Bolsa-Valores-Lima-Commitment-Letter-SSE.pdf
Group BVL,https://www.smv.gob.pe/sil/RGG0211199800000007.pdf
Group BVL,https://www.bvl.com.pe/ipgc/PIR_guia.pdf
Group BVL,https://www.bvl.com.pe/ipgc/MetodologiadeCalculo.pdf
Group BVL,https://sseinitiative.org/wp-content/uploads/2017/06/MILA_-Comunicado-Indice-ESG.pdf
Group BVL,"https://s3.us-east-1.amazonaws.com/site.documents.cdn.prod.bvl.com.pe/Gu%C3%ADa_de_Bonos_Sociales,_Sustentables_y_Alineados_a_los_ODS_de_las_Naciones_Unidas_para_el_Per%C3%BA.pdf"
Group BVL,https://documents.bvl.com.pe/hhii/BVL013/20211220172155//EXPBAM02.pdf
Group BVL,https://s3.us-east-1.amazonaws.com/site.documents.cdn.prod.bvl.com.pe/Segunda_Opinion_BonoSostenible2019-COFIDE.pdf
Group BVL,https://documents.bvl.com.pe/hhii/L01785/20211223175847//EXPBAM1BC01.pdf
Group BVL,https://s3.us-east-1.amazonaws.com/site.documents.cdn.prod.bvl.com.pe/BVL_-_socialReport.pdf
Group BVL,https://s3.us-east-1.amazonaws.com/site.documents.cdn.prod.bvl.com.pe/CajaArequipa-Segunda_Opinion.pdf
Group BVL,https://s3.us-east-1.amazonaws.com/site.documents.cdn.prod.bvl.com.pe/COFIDE_Segunda_Opinion.pdf
Group BVL,https://www.bvl.com.pe/BonosVerdesReporte.pdf
Group BVL,https://www.bvl.com.pe/BonosVerdesReporte_Vigeo.pdf
Group BVL,https://www.bvl.com.pe/scr/english/ppt/brochure.pdf
Group BVL,https://sseinitiative.org/wp-content/uploads/2017/06/BVL_Certificado-huella-carbono.pdf
Group BVL,https://sseinitiative.org/wp-content/uploads/2017/06/BVL_LVDM2016.pdf
Group BVL,https://sseinitiative.org/wp-content/uploads/2017/06/BVL_LVDM2015.pdf
Group BVL,https://sseinitiative.org/wp-content/uploads/2017/06/BVL_LVDM2014.pdf
Philippine Stock Exchange,http://www.sseinitiative.org/wp-content/uploads/2019/05/Philippines-PSE.pdf
Philippine Stock Exchange,https://documents.pse.com.ph/wp-content/uploads/sites/14/2023/05/2022-Sustainability-Report-Philippine-Stock-Exchange-Inc.-Final.pdf
Philippine Stock Exchange,https://documents.pse.com.ph/wp-content/uploads/sites/14/2022/10/SR-2021-FINAL-1.pdf
Philippine Stock Exchange,https://documents.pse.com.ph/wp-content/uploads/sites/14/2021/09/PSE-Sustainability-Report-2020_publicatione.pdf
Philippine Stock Exchange,https://documents.pse.com.ph/wp-content/uploads/sites/14/2021/09/PSE-Sustainability-Report-2019-Final_0629.pdf
Philippine Stock Exchange,https://documents.pse.com.ph/wp-content/uploads/sites/14/2020/06/2018-PSE-Digital-Sustainability-Report.pdf
Philippine Stock Exchange,https://documents.pse.com.ph/wp-content/uploads/sites/14/2020/06/2017-PSE-Sustainability-Report.pdf
Philippine Stock Exchange,https://www.sec.gov.ph/wp-content/uploads/2019/11/2016_memo_circular_no.19.pdf
Philippine Stock Exchange,https://www.sec.gov.ph/wp-content/uploads/2020/02/2018NOTICE_5thSEC-PSECGFORUM_NEWforREGISTRATION.pdf
Philippine Stock Exchange,https://www.sec.gov.ph/wp-content/uploads/2019/11/2016_memo_circular_no.19.pdf
Warsaw Stock Exchange,https://sseinitiative.org/wp-content/uploads/2019/11/Poland-WSE.pdf
Warsaw Stock Exchange,https://www.gpw.pl/pub/files/PDF/csr/Strategia_CSR_GPW_en.pdf
Warsaw Stock Exchange,https://www.gpw.pl/pub/GPW/ESG/ESG_Reporting_Guidelines.pdf
Warsaw Stock Exchange,https://www.gpw.pl/pub/GPW/files/PDF/RI/2018_03_GPW_Fact_sheet_EN.pdf
Euronext Lisbon,https://sseinitiative.org/wp-content/uploads/2019/11/Portugal-Euronext-Lisbon.pdf
Euronext Lisbon,https://www.europarl.europa.eu/RegData/etudes/BRIE/2021/654213/EPRS_BRI(2021)654213_EN.pdf
Euronext Lisbon,https://sseinitiative.org/wp-content/uploads/2022/05/Euronext-ESG-guide-2022.pdf
Qatar Stock Exchange,https://sseinitiative.org/wp-content/uploads/2019/11/Qatar-Qatar-Stock-Exchange.pdf
Qatar Stock Exchange,https://sseinitiative.org/wp-content/uploads/2015/11/Guidance-on-ESG-Reporting.pdf
Bucharest Stock Exchange,https://sseinitiative.org/wp-content/uploads/2019/11/Romania-BVB.pdf
Bucharest Stock Exchange,https://sseinitiative.org/wp-content/uploads/2022/07/BVB-ESG_Reporting_Guidelines.pdf
Bucharest Stock Exchange,https://www.bvb.ro/info/Rapoarte/Diverse/ENG_Corporate%20Governance%20Code_WEB_revised.pdf
Moscow Exchange,https://sseinitiative.org/wp-content/uploads/2019/11/Russia-MoscowExchangeMOEX.pdf
Moscow Exchange,https://fs.moex.com/f/16010/mosbirzha-esg-rus-book-1012.pdf
Saudi Exchange,https://sseinitiative.org/wp-content/uploads/2019/11/Saudi-Arabia-Tadawul-Stock-Exchange.pdf
Saudi Exchange,https://saudire.net/images/ESG/ESG_report_Ar_2020.pdf
Johannesburg Stock Exchange,https://sseinitiative.org/wp-content/uploads/2019/11/SouthAfrica-JohannesburgStockExchange.pdf
Johannesburg Stock Exchange,https://group.jse.co.za/sites/default/files/media/documents/JSE%20Ltd%20-%20Sustainability%20Report%202022%20-%20as%20published_0.pdf
Johannesburg Stock Exchange,https://www.jse.co.za/sites/default/files/media/documents//JSE%20Sustainability%20Recommended%20Disclosures%20and%20Metrics_FA_.pdf
Johannesburg Stock Exchange,https://www.jse.co.za/sites/default/files/media/documents//JSE%20Climate%20Disclosure%20Guidance%202021_SPS.pdf
Johannesburg Stock Exchange,https://www.jse.co.za/sites/default/files/media/documents//JSE%20Climate%20Disclosure%20Guidance%202021_SPS.pdf
Singapore Exchange,https://api2.sgx.com/sites/default/files/2022-09/FY%202022%20Annual%20Report%20%28Sustainability%20Report%20pages%2044-82%29_0.pdf
Singapore Exchange,https://api2.sgx.com/sites/default/files/2018-07/Sustainability%20Reporting%20Guide%20%28220218%29.pdf
Bolsas y Mercados Españoles,https://sseinitiative.org/wp-content/uploads/2020/01/Spain-Bolsas-y-Mercados-Espan%CC%83oles.pdf
Bolsas y Mercados Españoles,https://www.bolsasymercados.es/docs/inf_legal/ing/economico/2021/NonFinancialInfo_2021.pdf
Bolsas y Mercados Españoles,https://www.bolsasymercados.es/docs/inf_legal/ing/economico/2021/NonFinancialInfo_2021.pdf
Bolsas y Mercados Españoles,https://www.bolsasymercados.es/docs/BME/docsSubidos/Estudios-Articulos/BME-voluntary-guidance-sustainability-information-listed-companies.pdf
Bolsas y Mercados Españoles,https://www.bolsamadrid.es/docs/Indices/Ibex/Criterios_FTSE4GOODIBEX_ESP.pdf
Bolsas y Mercados Españoles,https://www.coe.int/t/pace/campaign/stopviolence/Source/spain_constitutionalact3_2007_en.pdf
Bolsas y Mercados Españoles,https://www.bolsasymercados.es/docs/inf_legal/ing/economico/2021/NonFinancialInfo_2021.pdf
Bolsas y Mercados Españoles,https://www.bolsasymercados.es/docs/BME/docsSubidos/Comunicacion_Media/BME-overview.pdf
Colombo Stock Exchange,https://sseinitiative.org/wp-content/uploads/2019/11/Sri-Lanka-CSE.pdf
Colombo Stock Exchange,https://cdn.cse.lk/pdf/sustainability-document.pdf
Colombo Stock Exchange,https://cdn.cse.lk/pdf/Corporate_Governance_Code_2013_book.pdf
Colombo Stock Exchange,https://cdn.cse.lk/cms-internal/news/jpCwsV3taSrLrBPm_25Apr2023160233GMT_1682438553143.pdf
Colombo Stock Exchange,https://www.cse.lk/pdf/CSE_Annual_Report_2014.pdf
Nasdaq Stockholm,https://sseinitiative.org/wp-content/uploads/2019/11/Sweden-Nasdaq-Stockholm.pdf
Nasdaq Stockholm,https://www.lacp.com/2017vision/pdf/12755.pdf
Nasdaq Stockholm,https://business.nasdaq.com/Docs/Nasdaq%20UNGC%20COP%202014%20RevFinal.pdf
SIX Swiss Exchange,https://sseinitiative.org/wp-content/uploads/2022/01/Switzerland-SIX-1.pdf
SIX Swiss Exchange,https://www.six-group.com/dam/download/report/annual/2015/six-annual-report-2015-en.pdf
SIX Swiss Exchange,https://www.newsd.admin.ch/newsd/message/attachments/70878.pdf
SIX Swiss Exchange,https://www.newsd.admin.ch/newsd/message/attachments/70879.pdf
SIX Swiss Exchange,https://www.ser-ag.com/dam/downloads/publication/obligations/guidelines/standards-sustainability-en.pdf
SIX Swiss Exchange,https://www.six-group.com/dam/download/sites/exchange-services/investor-relations-handbook/investor-relations-handbook-en.pdf
SIX Swiss Exchange,https://www.world-exchanges.org/storage/app/media/WFE%20Annual%20Sustainability%20Survey%202021%20Final.pdf
Stock Exchange of Thailand,https://sseinitiative.org/wp-content/uploads/2019/11/Thailand_SET.pdf
Stock Exchange of Thailand,https://media.set.or.th/set/Documents/2023/Jun/SD_Highlight_2022_ENG.pdf
Borsa İstanbul,https://sseinitiative.org/wp-content/uploads/2019/11/Turkey-Borsa-Istanbul.pdf
Borsa İstanbul,https://www.borsaistanbul.com/files/bist-2020-integrated-annual-reportand-financial-statements.pdf
Borsa İstanbul,https://cmb.gov.tr/data/6281521a1b41c617eced0ee8/ab21a9093d112e6f9dea44abbd3c4341.pdf
Borsa İstanbul,https://cmb.gov.tr/data/6281521a1b41c617eced0ee8/3606055f44464de4b6fe9dad9f1cec7b.pdf
Borsa İstanbul,https://www.borsaistanbul.com/files/Surdurulebilirlik_Rehberi_2020.pdf
Borsa İstanbul,https://www.borsaistanbul.com/files/sirketler-Icin-Entegre-raporlama-rehberi.pdf
Borsa İstanbul,https://www.borsaistanbul.com/files/iklim-raporlama-rehberi.pdf
Borsa İstanbul,https://spk.gov.tr/data/6231ce881b41c612808a3a1c/b2d06c64099c9e7e8877743afc7d2484.pdf
Bourse des Valeurs Mobilières de Tunis,https://sseinitiative.org/wp-content/uploads/2019/11/Tunisia-Tunis-Stock-Exchange.pdf
Abu Dhabi Securities Exchange,https://sseinitiative.org/wp-content/uploads/2019/11/United-Arab-Emirates_Abu-Dhabi-Securities-Exchange.pdf
Dubai Financial Market,https://sseinitiative.org/wp-content/uploads/2019/11/United-Arab-Emirates-DFM.pdf
Dubai Financial Market,https://sseinitiative.org/wp-content/uploads/7th-February-2023-DFM-hosted-ESG-workshop-in-collaboration-with-Hawkamah-and-Middle-East-Investor-Relations-Association.pdf
Euronext London,https://sseinitiative.org/wp-content/uploads/2019/11/UK-Euronext-London.pdf
Euronext London,https://sseinitiative.org/wp-content/uploads/2022/05/Euronext-ESG-guide-2022.pdf
London Stock Exchange,https://sseinitiative.org/wp-content/uploads/2019/11/UK-LSE.pdf
London Stock Exchange,https://sseinitiative.org/wp-content/uploads/2016/07/LSEG-Corporate-Responsibility-Report-31Dec2015.pdf
London Stock Exchange,https://assets.publishing.service.gov.uk/government/uploads/system/uploads/attachment_data/file/206241/bis-13-889-companies-act-2006-draft-strategic-and-directors-report-regulations-2013.pdf
London Stock Exchange,https://www.lseg.com/sites/default/files/content/GReen/LSEG_Guide_to_ESG_Reporting_2020.pdf
London Stock Exchange,https://docs.londonstockexchange.com/sites/default/files/documents/LSE_guide_to_climate_reporting_final_0.pdf
London Stock Exchange,https://www.lseg.com/sites/default/files/content/documents/20170403%20Green%20Bonds.pdf
London Stock Exchange,https://docs.londonstockexchange.com/sites/default/files/documents/LSE_guide_to_climate_reporting_final_0.pdf
Nasdaq,https://sseinitiative.org/wp-content/uploads/2019/11/USA-NASDAQ.pdf
Nasdaq,https://business.nasdaq.com/media/2017%20Nasdaq%20Sustainability%20Report%20Digital%20ver%202_tcm5044-50886.pdf
Nasdaq,https://www.nasdaq.com/docs/2019/11/26/2019-ESG-Reporting-Guide.pdf
Nasdaq,https://business.nasdaq.com/media/Nasdaq%20UNGC%20COP%202014%20RevFinal_tcm5044-19892.pdf
NYSE,https://www.intercontinentalexchange.com/publicdocs/2018_CR_Report.pdf
NYSE,https://www.ice.com/publicdocs/2019_CRR.pdf
NYSE,https://www.ice.com/publicdocs/2019_CRR.pdf
Hanoi Stock Exchange,https://ssc.gov.vn/ssc/contentattachfile/idcplg?dID=103390&dDocName=APPSSCGOVVN162103170&Rendition=No.155-2015-TT-BTC&filename=C155mf6Oct15DisclosureInformationSecurities%20(ban%20day%20du).pdf
Ho Chi Minh Stock Exchange,https://sseinitiative.org/wp-content/uploads/2019/11/Vietnam-HOSE.pdf
Ho Chi Minh Stock Exchange,https://ssc.gov.vn/ssc/contentattachfile/idcplg?dID=103390&dDocName=APPSSCGOVVN162103170&Rendition=No.155-2015-TT-BTC&filename=C155mf6Oct15DisclosureInformationSecurities%20(ban%20day%20du).pdf
Ho Chi Minh Stock Exchange,https://sseinitiative.org/wp-content/uploads/2014/08/20161212_ES-Disclosure-Guideline-ENGLISH.pdf
Ho Chi Minh Stock Exchange,https://www.giz.de/de/downloads/VietNam-GreenGrowth-Strategy.pdf
The 12th United Nations Global Compact–Accenture CEO Study,https://info.unglobalcompact.org/l/591891/ompact-Accenture-CEO-Study-pdf/58c97n
The 12th United Nations Global Compact–Accenture CEO Study,https://info.unglobalcompact.org/l/591891/n6PO-CEO-Study-Infographic-pdf/58c97r
The 12th United Nations Global Compact–Accenture CEO Study,https://info.unglobalcompact.org/l/591891/CDDZP-CEO-Study-Slideshare-pdf/58c97v
Business Dilemmas Forum: Navigating Expectations for Societal Leadership,https://ungc-communications-assets.s3.amazonaws.com/docs/publications/UNGC%20Business%20Dilemmas%20Forum%20Summary.pdf
Communication on Progress Guidebook,https://storage.pardot.com/591891/1677164626UVOSM5Bv/UNGC_CoP_GuideBook__Feb2023_.pdf
"CORPORATE CLIMATE TARGET SETTING, ACTION AND GLOBAL COLLABORATION TOWARDS A NET-ZERO FUTURE - ACCELERATE 2030 AGENDA FOR SUSTAINABLE DEVELOPMENT THROUGH GLOBAL DEVELOPMENT INITIATIVE",https://ungc-communications-assets.s3.amazonaws.com/docs/publications/CORPORATE%20CLIMATE%20TARGET%20SETTING.pdf
CoP Policy,https://ungc-communications-assets.s3.us-west-2.amazonaws.com/docs/about_the_gc/CoP-faq.pdf
CEO Statement of Continued Support,https://ungc-communications-assets.s3.amazonaws.com/docs/publications/CEO%20Statement%20of%20Continued%20Support%20%5BJan2023%5D_German.pptx.pdf
Just Transition and Renewable Energy: A Business Brief,https://info.unglobalcompact.org/l/591891/able-Energy-Business-Brief-pdf/58cd4n
Just Transition and Renewable Energy: A Business Brief,https://info.unglobalcompact.org/l/591891/justa-y-energ--a-renovable-pdf/58cd4r
CFO ACTION ON CORPORATE INVESTMENT AND FINANCE FOR SUSTAINABLE DEVELOPMENT,https://ungc-communications-assets.s3.amazonaws.com/docs/publications/FINAL_CFO%20Action.pdf
Just Transition in Supply Chains: A Business Brief,https://info.unglobalcompact.org/l/591891/pply-Chains-Business-Brief-pdf/58ckh5
Just Transition in Supply Chains: A Business Brief,https://info.unglobalcompact.org/l/591891/-in-Supply-Chains-FINAL-ES-pdf/58ckh8
Forward Faster Action Guides,https://ungc-communications-assets.s3.amazonaws.com/docs/publications/Arabic-Forward%20Faster%20FAQ%202023.pdf
CEO Water Mandate: 2022 Impact Report,https://ceowatermandate.org/wp-content/uploads/2023/07/CEO-Water-Mandate-2022-Impact-Report.pdf
Water Resilience Coalition: 2022 Impact Report,https://ceowatermandate.org/resilience/wp-content/uploads/sites/37/2023/07/WRC-Impact-Report-2022.pdf
"Business Leadership in Times of Crisis: Collected Insights from Chief Executive Officers into Successes, Challenges and Areas for Future Focus",https://ungc-communications-assets.s3.amazonaws.com/docs/publications/Business%20Leadership%20in%20Times%20of%20Crisis_Low-Res.pdf
Global Seaweed Coalition Annual Report,https://ungc-communications-assets.s3.amazonaws.com/docs/publications/Seaweed%20Report%20Design%20Project%20Final.pdf
United Nations Global Compact-Accenture Global Private Sector SDG Stocktake,https://info.unglobalcompact.org/l/591891/-SDG-Stocktake-Report-2023-pdf/58cmjy
United Nations Global Compact-Accenture Global Private Sector SDG Stocktake,https://info.unglobalcompact.org/l/591891/UNGC-Stocktake-Infographic-pdf/58cmk2
SDG Playbook for SMEs,https://ungc-communications-assets.s3.amazonaws.com/docs/publications/UNGC-Playbook-Final.pdf
ILO Helpdesk for Business on International Labour Standards,https://ungc-communications-assets.s3.amazonaws.com/docs/publications/ILO%20Helpdesk%20for%20business%20flyer%20french.pdf
UN Global Compact Annual Report,http://www.unglobalcompact.org/docs/publications/UNGC_2016_Annual_Mgmt_Report.pdf
SDG Ambition Benchmark Reference Sheets,https://info.unglobalcompact.org/l/591891/ark-Reference-Sheets--All--pdf/58cg58
SDG Ambition Benchmark Reference Sheets,https://info.unglobalcompact.org/l/591891/on-Benchmarks-Russian-2021-pdf/58cg5c
SDG Ambition Benchmark Reference Sheets,https://info.unglobalcompact.org/l/591891/EGRATED-SDG-INVESTMENTS-AN-pdf/58cg5g
SDG Ambition Benchmark Reference Sheets,https://info.unglobalcompact.org/l/591891/ade-Referencia-empresarial-pdf/58cg5k
SDG Ambition Benchmark Reference Sheets,https://info.unglobalcompact.org/l/591891/NTS--INJURIES-AND-DISEASES-pdf/58cg5n
SDG Ambition Benchmark Reference Sheets,https://info.unglobalcompact.org/l/591891/ones-y-enfermedades-de-tra-pdf/58cg5r
SDG Ambition Benchmark Reference Sheets,https://info.unglobalcompact.org/l/591891/lement-SDG-Ambition-Benchm-pdf/58cg5v
SDG Ambition Benchmark Reference Sheets,https://info.unglobalcompact.org/l/591891/ay-for-work-of-equal-value-pdf/58cg5y
SDG Ambition Benchmark Reference Sheets,https://info.unglobalcompact.org/l/591891/on-Benchmark-Reference-She-pdf/58cg62
SDG Ambition Benchmark Reference Sheets,https://info.unglobalcompact.org/l/591891/t-all-levels-of-management-pdf/58cg65
SDG Ambition Benchmark Reference Sheets,https://info.unglobalcompact.org/l/591891/T-IN-WATER-STRESSED-BASINS-pdf/58cg68
SDG Ambition Benchmark Reference Sheets,https://info.unglobalcompact.org/l/591891/-LANDFILL-AND-INCINERATION-pdf/58cg6g
SDG Ambition Benchmark Reference Sheets,https://info.unglobalcompact.org/l/591891/S-POLLUTANTS-AND-CHEMICALS-pdf/58cg6k
SDG Ambition Benchmark Reference Sheets,https://info.unglobalcompact.org/l/591891/EWABLE-RECYCABLE-OR-REUSAB-pdf/58cg6n
SDG Ambition Benchmark Reference Sheets,https://info.unglobalcompact.org/l/591891/N-LINE-WITH-A-1-5C-PATHWAY-pdf/58cg6r
SDG Ambition Benchmark Reference Sheets,https://info.unglobalcompact.org/l/591891/N-LINE-WITH-A-1-5C-PATHWAY-pdf/58cg6r
SDG Ambition Benchmark Reference Sheets,https://info.unglobalcompact.org/l/591891/5-SDG-Ambition-SBTi-200923-pdf/58cg6v
SDG Ambition Benchmark Reference Sheets,https://info.unglobalcompact.org/l/591891/-PRODUCTS-RECOVERED-AND-RE-pdf/58cg6y
SDG Ambition Benchmark Reference Sheets,https://info.unglobalcompact.org/l/591891/ITY-AND-ZERO-DEFORESTATION-pdf/58cg72
SDG Ambition Benchmark Reference Sheets,https://info.unglobalcompact.org/l/591891/ZERO-INCIDENCES-OF-BRIBERY-pdf/58cg75
Advancing Gender Equality on International Women's Day and Every Other Day,https://info.unglobalcompact.org/l/591891/C-International-Womans-Day-pdf/58cq6y
Advancing Gender Equality on International Women's Day and Every Other Day,https://info.unglobalcompact.org/l/591891/C-International-Womans-Day-pdf/58cq72
Advancing Gender Equality on International Women's Day and Every Other Day,https://info.unglobalcompact.org/l/591891/C-International-Womans-Day-pdf/58cq75
Advancing Gender Equality on International Women's Day and Every Other Day,https://info.unglobalcompact.org/l/591891/C-International-Womans-Day-pdf/58cq78
Advancing Gender Equality on International Women's Day and Every Other Day,https://info.unglobalcompact.org/l/591891/C-International-Womans-Day-pdf/58cq7c
Advancing Gender Equality on International Women's Day and Every Other Day,https://info.unglobalcompact.org/l/591891/C-International-Womans-Day-pdf/58cq7g
Advancing Gender Equality on International Women's Day and Every Other Day,https://info.unglobalcompact.org/l/591891/C-International-Womans-Day-pdf/58cq7k
Corporate Net Zero Pathway - Delivering the Paris Agreement and the Sustainable Development Goals,https://ungc-communications-assets.s3.amazonaws.com/docs/publications/Corporate%20Net%20Zero%20Pathway%20-%20Delivering%20the%20Paris%20Agreement%20and%20the%20SDGs%20%282021%29_English%20version.pdf
Ukraine Humanitarian Crisis Business Guide,https://ungc-communications-assets.s3.amazonaws.com/docs/publications/2022-03-01%20ukr_business_guide.pdf
Women’s Empowerment and Business 2022 Trends and Opportunities: Progress Amid Pandemic Challenges Across Regions,https://info.unglobalcompact.org/l/591891/r335-2022-WEPs-Tool-Report-pdf/58cq7n
Women’s Empowerment and Business 2022 Trends and Opportunities: Progress Amid Pandemic Challenges Across Regions,https://info.unglobalcompact.org/l/591891/2-WEPs-Tool-Report-Chinese-pdf/58cq7r
Women’s Empowerment and Business 2022 Trends and Opportunities: Progress Amid Pandemic Challenges Across Regions,https://info.unglobalcompact.org/l/591891/22-WEPs-Tool-Report-French-pdf/58cq7v
Women’s Empowerment and Business 2022 Trends and Opportunities: Progress Amid Pandemic Challenges Across Regions,https://info.unglobalcompact.org/l/591891/22-WEPs-Tool-Report-German-pdf/58cq7y
Women’s Empowerment and Business 2022 Trends and Opportunities: Progress Amid Pandemic Challenges Across Regions,https://info.unglobalcompact.org/l/591891/2-WEPs-Tool-Report-Spanish-pdf/58cq82
Women’s Empowerment and Business 2022 Trends and Opportunities: Progress Amid Pandemic Challenges Across Regions,https://info.unglobalcompact.org/l/591891/EPs-Tool-Report-Portuguese-pdf/58cq85
SME Engagement Strategy,https://ungc-communications-assets.s3.amazonaws.com/docs/publications/UN%20Global%20Compact%20SME%20Strategy.pdf
Setting Science-Based Targets in the Seafood Sector: Best Practices to Date,https://ungc-communications-assets.s3.amazonaws.com/docs/publications/Seafood%20Sector%20Guide%20to%20Setting%20Science%20Based%20Targets.pdf
UN Global Compact China Strategy,https://ungc-communications-assets.s3.amazonaws.com/docs/publications/CHINA%20STRATEGY-digital%20version-English.pdf
Charting the Course: Embedding children’s rights in responsible business conduct,https://ungc-communications-assets.s3.amazonaws.com/docs/publications/Charting%20the%20Course%20UNI%20Save%20UNGC%20Brief.pdf
ABLC Roundtable Perspectives: Making Ambitious Climate Mitigation Action a Reality in Africa,https://info.unglobalcompact.org/l/591891/-Reality-in-Africa-ABLC-Ro-pdf/58cq8r
Financing Climate Action in Africa,https://info.unglobalcompact.org/l/591891/LC-Roundtable-Perspectives-pdf/58cq8v
Shifting the Focus to Adaptation and Resilience in Africa,https://info.unglobalcompact.org/l/591891/nce-in-Africa-ABLC-Roundta-pdf/58cq8y
Delivering on the Promise of a Just Transition in Africa,https://info.unglobalcompact.org/l/591891/on-in-Africa-ABLC-Roundtab-pdf/58cq92
Elevating African Business Leaders’ Call for Global Collective Action,https://info.unglobalcompact.org/l/591891/Global-Collective-Action-A-pdf/58cq95
Introduction to Just Transition: A Business Brief,https://info.unglobalcompact.org/l/591891/duction-to-Just-Transition-pdf/58cq98
Introduction to Just Transition: A Business Brief,https://info.unglobalcompact.org/l/591891/ta-Pacto-Mundial-de-la-ONU-pdf/58cq9c
Introduction to Just Transition: A Business Brief,https://info.unglobalcompact.org/l/591891/Y-Just-Transition---Korean-pdf/58cq9g
A Path Forward: 5 Key Elements to Drive Climate Action in Africa,https://info.unglobalcompact.org/l/591891/ate-Action-ABLC-Roundtable-pdf/58cq9y
Applying a Gender Lens to Sustainable Procurement,https://www.ohchr.org/Documents/Issues/Business/BookletGenderDimensionsGuidingPrinciples.pdf
Applying a Gender Lens to Sustainable Procurement,https://www.ilo.org/wcmsp5/groups/public/---dgreports/---dcomm/---publ/documents/publication/wcms_650553.pdf
Applying a Gender Lens to Sustainable Procurement,https://www.ilo.org/wcmsp5/groups/public/---dgreports/---dcomm/---publ/documents/publication/wcms_674831.pdf
Applying a Gender Lens to Sustainable Procurement,https://www.smefinanceforum.org/sites/default/files/Data%20Sites%20downloads/MSME%20Report.pdf
Applying a Gender Lens to Sustainable Procurement,https://www.ohchr.org/Documents/Issues/Business/BookletGenderDimensionsGuidingPrinciples.pdf
Bridging the Gap in the Arab States: Emerging Private Sector Response and Recovery Measures for Gender Equality amid COVID-19,https://ungc-communications-assets.s3.amazonaws.com/docs/publications/WEPs%20Bridging%20the%20Gap%20Companion%20Report_English.pdf
CHARTING THE COURSE: Embedding children’s rights in responsible business conduct,https://ungc-communications-assets.s3.amazonaws.com/docs/publications/UNICEF_Charting-Course-2022_Web.pdf
The African Business Leaders' Climate Statement,https://ungc-communications-assets.s3.amazonaws.com/docs/publications/The%20African%20Business%20Leaders%E2%80%99%20Climate%20Statement.pdf
Just Transition for Climate Adaptation: A Business Brief,https://info.unglobalcompact.org/l/591891/e-Adaptation---Final-Brief-pdf/58cqb2
Just Transition for Climate Adaptation: A Business Brief,https://info.unglobalcompact.org/l/591891/ion-Final-Brief-ES-Digital-pdf/58cqb5
Mapping a Maritime Just Transition for Seafarers,https://info.unglobalcompact.org/l/591891/t-Transition-for-Seafarers-pdf/58cqb8
Water Resilience Assessment Framework - Corporate Guidance,https://info.unglobalcompact.org/l/591891/ience-Assessment-Framework-pdf/58cqbr
Financing a Just Transition: A Business Brief,https://info.unglobalcompact.org/l/591891/inancing-a-Just-Transition-pdf/58cqc8
Financing a Just Transition: A Business Brief,https://info.unglobalcompact.org/l/591891/Just-Transition-ES-Digital-pdf/58cqcc
2022 UN Ocean Conference - Outcomes of the High-Level Meeting on Ocean and Climate,https://ungc-communications-assets.s3.amazonaws.com/docs/publications/UN%20Ocean%20Conference%20Report.pdf
Race to Zero: Mobilizing Leadership for a Net Zero Economy,https://ungc-communications-assets.s3.amazonaws.com/docs/publications/Race%20to%20Zero%20Report-singles.pdf
UN Global Compact Strategy 2021–2023,https://ungc-communications-assets.s3.amazonaws.com/docs/about_the_gc/UN-GLOBAL-COMPACT-STRATEGY-2021-2023.pdf
From Ambition to Impact: How companies are reducing emissions at scale with science-based targets (Science Based Targets initiative Annual Progress Report 2020),https://sciencebasedtargets.org/resources/files/SBTiProgressReport2020.pdf
Accelerating Sustainable Seafood,https://ungc-communications-assets.s3.amazonaws.com/docs/publications/Accelerating%20Sustainable%20Seafood.pdf
Building Sustainable and Resilient Healthcare Infrastructure in BRI Countries to Accelerate the Sustainable Development Goals,https://ungc-communications-assets.s3.amazonaws.com/docs/publications/UNGC%20BRI%20AP%20Healthcare%20Report_English.pdf
Implementing Effective Modern Slavery Grievance Mechanisms: A Guidance Note for Business,https://unglobalcompact.org.au/wp-content/uploads/2021/03/4261-UNGC-Grievance-Mechanisms-GUIDANCE-DOC_28pp-9-FA.pdf
Effective Modern Slavery Grievance Mechanisms: A Case Study Publication for Business,https://unglobalcompact.org.au/wp-content/uploads/2021/03/4261-UNGC-Grievance-Mechanisms-CASE-STUDY-10-FA.pdf
Tackling Climate Change is the Greatest Global Health Opportunity of the Twenty-First Century - An Empowering Business Narrative and Call for Health Resilient Climate Action,https://ungc-communications-assets.s3.amazonaws.com/docs/publications/UNGC%20Business%20Narrative%20and%20Call%20for%20Health%20Resilient%20Climate%20Action.pdf
Black Lives Matter & Business,https://ungc-communications-assets.s3.amazonaws.com/docs/publications/Black-Lives-Matter-Business-report.pdf
Implementing Effective Modern Slavery Grievance Mechanisms: A Guidance Note for Business,https://ungc-communications-assets.s3.amazonaws.com/docs/publications/Implementing%20Effective%20Modern%20Slavery%20Grievance%20Mechanisms_Guidance%20Note%20for%20Business_FINAL.pdf
Effective Modern Slavery Grievance Mechanisms: A Case Study Publication for Business,https://ungc-communications-assets.s3.amazonaws.com/docs/publications/GCNA_Effective%20Modern%20Slavery%20Grievance%20Mechanisms_Case%20Study%20Report%20for%20Business_FINAL.pdf
SBTi Corporate Manual,https://ungc-communications-assets.s3.amazonaws.com/docs/publications/SBTi-Corporate-Manual.pdf
Maritime Transport and the COVID-19 Crew Change Crisis: A Tool to Support Human Rights Due Diligence,https://ungc-communications-assets.s3.amazonaws.com/docs/publications/Maritime-Human-Rights-Risks-and-the-COVID-19-Crew-Change-Crisis.pdf
Achieving the Living Wage Ambition: Reference Sheet and Implementation Guidance,https://ungc-communications-assets.s3.amazonaws.com/docs/publications/Achieving_the_Living_Wage_Ambition_Reference_Sheet_and_Implementation_Guidance_EN.pdf
EXECUTIVE SUMMARY - SDG 16 Business Framework Inspiring Transformational Governance,https://ungc-communications-assets.s3.amazonaws.com/docs/publications/EXECUTIVE-SUMMARY-SDG-16-Business-Framework-Inspiring-Transformational-Governance.pdf
"Advancing Business Understanding of Peace, Justice and Strong Institutions Country Consultation Reports",https://assets.adobe.com/public/1288267c-25b0-4b9d-6020-872fd163ce70/Country%20Consultation%20Report_Brazil.pdf
"ADVANCING BUSINESS UNDERSTANDING OF PEACE, JUSTICE AND STRONG INSTITUTIONS - COUNTRY CONSULTATION GLOBAL SYNTHESIS REPORT",https://ungc-communications-assets.s3.amazonaws.com/docs/publications/Country%20Consultation%20Global%20Synthesis%20Report.pdf
Accelerating Blue Bonds Issuances in Latin America and the Caribbean,https://ungc-communications-assets.s3.amazonaws.com/docs/publications/Accelerating%20Blue%20Bonds%20Issuances%20in%20Latin%20America%20and%20the%20Caribbean.pdf
Target Gender Equality Case Studies,https://ungc-communications-assets.s3.amazonaws.com/docs/publications/Case%20Study%20-%20Natura.pdf
Target Gender Equality Interviews with Female Leaders,https://ungc-communications-assets.s3.amazonaws.com/docs/publications/TGE%20Profile%20-%20Ferrocarrils%20de%20la%20Generalitat%20de%20Catalunya.pdf
Taking the Temperature. Assessing and scaling-up climate ambition in the G7 business sector,https://sciencebasedtargets.org/resources/files/SBTi-TakingtheTemperatureReport2021.pdf
Leadership Briefing from the UN Global Compact,https://info.unglobalcompact.org/l/591891/une-Summit-Executive-Brief-pdf/58cqcn
Uniting against Corruption: A Playbook on Anti-Corruption Collective Action,https://ungc-communications-assets.s3.amazonaws.com/docs/publications/2021_Anti-Corruption_Collective.pdf
CFO Principles KPIs and Definitions for Progress Measurement and Target Setting,https://ungc-communications-assets.s3.amazonaws.com/docs/publications/KPIs-and-Definitions-for-Progress-Measurement-and-Targets-setting-UN-Global-Compact-CFO-Taskforce-for-the-SDGs.pdf
The SME Guide to Corporate Sustainability,https://info.unglobalcompact.org/l/591891/o-Corporate-Sustainability-pdf/58cqcr
The Future Is Green And Inclusive - Eastern Europe,https://ungc-communications-assets.s3.amazonaws.com/docs/publications/The%20Future%20Is%20Green%20and%20Inclusive.pdf
Charting a 1.5°C Trajectory for Maritime Transport,https://ungc-communications-assets.s3.amazonaws.com/docs/publications/Charting%20a%201.5%C2%B0C%20Trajectory%20for%20Maritime%20Transport.pdf
Blueprint for a Climate-Smart Ocean to Meet 1.5°C,https://ungc-communications-assets.s3.amazonaws.com/docs/publications/_Blueprint%20for%20a%20Climate-Smart%20Ocean%20to%20Meet%201.5%C2%B0C.pdf
"Gender Equality, Diversity & Inclusion Spotlight",https://info.unglobalcompact.org/l/591891/nd20Inclusion20Spotlight20-pdf/58cqcv
"Gender Equality, Diversity & Inclusion Spotlight",https://info.unglobalcompact.org/l/591891/ight-DE-REV-FINAL-Designed-pdf/58cqcy
"Gender Equality, Diversity & Inclusion Spotlight",https://info.unglobalcompact.org/l/591891/lusion20Spotlight-Georgian-pdf/58cqd2
"Gender Equality, Diversity & Inclusion Spotlight",https://info.unglobalcompact.org/l/591891/ht20-PT-REV-FINAL-Designed-pdf/58cqd5
"Gender Equality, Diversity & Inclusion Spotlight",https://info.unglobalcompact.org/l/591891/ht20-ES-REV-FINAL-Designed-pdf/58cqd8
"Gender Equality, Diversity & Inclusion Spotlight",https://info.unglobalcompact.org/l/591891/clusion20Spotlight-Turkish-pdf/58cqdc
UN Global Compact Africa Strategy 2021–2023,https://ungc-communications-assets.s3.amazonaws.com/docs/publications/UNGC_Mobilising%20Business%20in%20Africa_2021_2023.pdf
Nine Business Practices for Improving Safety and Health Through Supply Chains and Building a Culture of Prevention and Protection,https://info.unglobalcompact.org/l/591891/lications-OSH20Brief-FINAL-pdf/58cqdg
Taking the Temperature: Unlocking Breakthrough Climate Action in the G20,https://sciencebasedtargets.org/resources/files/Taking-the-Temperature-in-the-G20.pdf
Seaweed as a Nature-Based Climate Solution Vision Statement,https://ungc-communications-assets.s3.amazonaws.com/docs/publications/Seaweed%20as%20a%20Nature-Based%20Climate%20Solution.pdf
"Women, Peace and Security: A Guidance for Business",https://ungc-communications-assets.s3.amazonaws.com/docs/publications/UNGC_Women__Peace_and_Security_Paper.pdf
The 2021 United Nations Global Compact–Accenture CEO Sustainability Study,https://info.unglobalcompact.org/l/591891/-Sustainability-2021-FINAL-pdf/58cqdk
The 2021 United Nations Global Compact–Accenture CEO Sustainability Study,https://info.unglobalcompact.org/l/591891/-2021-CEO-Study-SlideShare-pdf/58cqdn
Roadmap to Integrate Clean Offshore Renewable Energy into Climate-smart Marine Spatial Planning,https://ungc-communications-assets.s3.amazonaws.com/docs/publications/Roadmap-to-Integrate-Clean-Offshore-Renewable-Energy-into-Climate-smart-Marine-Spatial-Planning.pdf
Status Report: Business Ambition for 1.5°C - Responding to the Climate Crisis,https://sciencebasedtargets.org/resources/files/status-report-Business-Ambition-for-1-5C-campaign.pdf
SBTi Corporate Net-Zero Standard,https://sciencebasedtargets.org/resources/files/Net-Zero-Standard.pdf
Frequently Asked Questions About the Guiding Principles on Business and Human Rights,https://www.unglobalcompact.org/docs/publications/FAQ_PrinciplesBussinessHR.pdf
SDG Ambition – Scaling Business Impact for the Decade of Action,https://info.unglobalcompact.org/l/591891/-New-UN-Compact-Initiative-pdf/58cqdr
SDG Ambition – Scaling Business Impact for the Decade of Action,https://info.unglobalcompact.org/l/591891/-SDG-Ambition20-20FINAL-ES-pdf/58cqdv
SDG Ambition – Scaling Business Impact for the Decade of Action,https://info.unglobalcompact.org/l/591891/Compact-Initiative-Russian-pdf/58cqdy
UNGC 2020 Business Plan,http://www.unglobalcompact.org/docs/about_the_gc/UNGC-2020-UNGC-Business-Plan.pdf
Why climate change and human rights are a business issue,http://www.unglobalcompact.org.au/new/wp-content/uploads/2020/01/2020.01_GCNA-Climate-HR-Discussion-Paper-Final.pdf
See how companies are reporting on the SDGS,https://info.unglobalcompact.org/l/591891/yala-Danone-Unilever-FINAL-pdf/58cqf2
See how companies are reporting on the SDGS,https://info.unglobalcompact.org/l/591891/rategy-Danone-Maersk-FINAL-pdf/58cqf5
See how companies are reporting on the SDGS,https://info.unglobalcompact.org/l/591891/sStrategy-CDL-Maersk-FINAL-pdf/58cqf8
See how companies are reporting on the SDGS,https://info.unglobalcompact.org/l/591891/-Iberdrola-Safaricom-FINAL-pdf/58cqfc
See how companies are reporting on the SDGS,https://info.unglobalcompact.org/l/591891/Danone-Iberdrola-PTT-FINAL-pdf/58cqfg
See how companies are reporting on the SDGS,https://info.unglobalcompact.org/l/591891/s-Enel-Maersk-Natura-FINAL-pdf/58cqfk
See how companies are reporting on the SDGS,https://info.unglobalcompact.org/l/591891/Iberdrola-Telefonica-FINAL-pdf/58cqfn
See how companies are reporting on the SDGS,https://info.unglobalcompact.org/l/591891/Cemex-Maersk-Nutresa-FINAL-pdf/58cqfr
See how companies are reporting on the SDGS,https://info.unglobalcompact.org/l/591891/stmanChemical-Natura-FINAL-pdf/58cqfv
See how companies are reporting on the SDGS,https://info.unglobalcompact.org/l/591891/t-CDL-Enel-Iberdrola-FINAL-pdf/58cqfy
See how companies are reporting on the SDGS,https://info.unglobalcompact.org/l/591891/-Iberdrola-PTTGlobal-FINAL-pdf/58cqg2
See how companies are reporting on the SDGS,https://info.unglobalcompact.org/l/591891/ontent-CDL-PTTGlobal-FINAL-pdf/58cqg5
See how companies are reporting on the SDGS,https://info.unglobalcompact.org/l/591891/-PTTGlobal-Safaricom-FINAL-pdf/58cqg8
See how companies are reporting on the SDGS,https://info.unglobalcompact.org/l/591891/iona-Ayala-Safaricom-FINAL-pdf/58cqgc
Blue Bonds Reference Paper,https://info.unglobalcompact.org/l/591891/tainable-Ocean-Investments-pdf/58cqgk
Ocean Stewardship 2030,https://info.unglobalcompact.org/l/591891/an-Stewardship-2030-Report-pdf/58cqgn
Seaweed Manifesto,https://ungc-communications-assets.s3.amazonaws.com/docs/publications/The-Seaweed-Manifesto.pdf
Advancing Science for Sustainable Ocean Business,https://ungc-communications-assets.s3.amazonaws.com/docs/publications/Advancing-Science-for-Sustainable-Ocean-Business.pdf
Leadership for the Decade of Action,https://info.unglobalcompact.org/l/591891/-the-Decade-of-Action-2020-pdf/58cqgr
Leadership for the Decade of Action,https://info.unglobalcompact.org/l/591891/A8E79083E68AA5E5918A-final-pdf/58cqgv
UN Global Compact 20th-Anniversary Progress Report: Uniting Business in the Decade of Action,https://info.unglobalcompact.org/l/591891/mpact-Progress-Report-2020-pdf/58cqgy
2020 Pressures Report,https://ungc-communications-assets.s3.amazonaws.com/docs/publications/GCNA-Pressures-Report-2020-WEBpageslow.pdf
Strengthening Resilience: Acting on Climate Change and Health,https://ungc-communications-assets.s3.amazonaws.com/docs/publications/Climate-Change-and-Health-Report.pdf
Business Guide - Beirut Explosions,https://ungc-communications-assets.s3.amazonaws.com/docs/publications/BeirutPortExplosions-BusinessGuide.pdf
Sustainable Development Goals: A Guide for Employees,https://ungc-communications-assets.s3.amazonaws.com/docs/publications/2019.11.26_GCNA-SDG-Employees-Guide.pdf
Navigating Decent Work Challenges in Multi-Tiered Supply Chains: Leadership Brief,https://info.unglobalcompact.org/l/591891/-Tiered-Supply-Chains-2020-pdf/58cqqy
Blue Resilience Brief,https://ungc-communications-assets.s3.amazonaws.com/docs/publications/Towards-a-More-Resilient-and-Sustainable-Blue-Economy.pdf
Integration Guide: Designing Business Systems for the SDGs,https://info.unglobalcompact.org/l/591891/on-IntegrationGuide-200923-pdf/58cml2
Integration Guide: Designing Business Systems for the SDGs,https://info.unglobalcompact.org/l/591891/tion-IntegrationGuide-THAI-pdf/58cml5
Integration Guide: Designing Business Systems for the SDGs,https://info.unglobalcompact.org/l/591891/n-IntegrationGuide-Russian-pdf/58cml8
Ambition Guide: Setting Goals for the Decade of Action,https://info.unglobalcompact.org/l/591891/mbition-AmbitionGuide-THAI-pdf/58cmlg
Financial Sector Science -Based Targets Guidance,https://ungc-communications-assets.s3.amazonaws.com/docs/publications/Financial-Sector-Science-Based-Targets-Guidance-Pilot-Version.pdf
Foundations for Science- Based Net- Zero Target Setting in the Corporate Sector,https://ungc-communications-assets.s3.amazonaws.com/docs/publications/foundations-for-net-zero-full-paper.pdf
Practical Guidance to Issue a Blue Bond,https://ungc-communications-assets.s3.amazonaws.com/docs/publications/Practical-Guidance-to-Issue-a-Blue-Bond.pdf
Family-Friendly Workplaces: Policies and Practices to Advance Decent Work in Global Supply Chains,https://info.unglobalcompact.org/l/591891/ndly-Workplaces28202029-EN-pdf/58cqr2
Family-Friendly Workplaces: Policies and Practices to Advance Decent Work in Global Supply Chains,https://info.unglobalcompact.org/l/591891/ndly-Workplaces28202029-ES-pdf/58cqr5
Family-Friendly Workplaces: Policies and Practices to Advance Decent Work in Global Supply Chains,https://info.unglobalcompact.org/l/591891/-Workplaces28202029-Bahasa-pdf/58cqr8
Family-Friendly Workplaces: Policies and Practices to Advance Decent Work in Global Supply Chains,https://info.unglobalcompact.org/l/591891/ndly-Workplaces28202029-DE-pdf/58cqrc
Target Gender Equality Newsletter,https://ungc-communications-assets.s3.amazonaws.com/docs/publications/TGE%20Newsletter_October%202020.pdf
Setting Science-Based Targets,https://ungc-communications-assets.s3.amazonaws.com/docs/publications/SBTi%20Corporate%20Net-Zero%20Standard_Chinese.pdf
Oil and Gas Practical Guidance for the Sustainable Ocean Principles,https://ungc-communications-assets.s3.amazonaws.com/docs/publications/UN-Global-Compact-Sustainable-Ocean-Principles-Oil-and-Gas.pdf
Aquaculture Practical Guidance for the Sustainable Ocean Principles,https://ungc-communications-assets.s3.amazonaws.com/docs/publications/UN-Global-Compact-Sustainable-Ocean-Principles-%20Aquaculture.pdf
Ocean Renewable Energy Practical Guidance for the Sustainable Ocean Principles,https://ungc-communications-assets.s3.amazonaws.com/docs/publications/UN-Global-Compact-Sustainable-Ocean-Principles-Ocean-Renewable-Energy.pdf
Seaweed Practical Guidance for the Sustainable Ocean Principles,https://ungc-communications-assets.s3.amazonaws.com/docs/publications/UN%20Global-Compact-Sustainable-Ocean-Principles-Seaweed.pdf
Fisheries Practical Guidance for the Sustainable Ocean Principles,https://ungc-communications-assets.s3.amazonaws.com/docs/publications/UN%20Global-Compact-Sustainable-Ocean-Principles-Fisheries.pdf.pdf
Stakeholder Inclusion as an Accelerator for the Sustainable Development Goals,https://ungc-communications-assets.s3.amazonaws.com/docs/publications/Global-compact-NL-Stakeholder-Inclusion.FINAL_.pdf
Closing the SDG Financing Gap in ASEAN: A Sustainable Finance Guide for Corporates,https://info.unglobalcompact.org/l/591891/nance-Guide-for-Corporates-pdf/58cqrg
Global Opportunity Report Series,https://info.unglobalcompact.org/l/591891/ications-GOE-2019-Insights-pdf/58cqrk
Global Opportunity Report Series,https://info.unglobalcompact.org/l/591891/al-Opportunity-Report-2018-pdf/58cqrn
Global Opportunity Report Series,https://info.unglobalcompact.org/l/591891/Opportunity-Report-2017-SM-pdf/58cqrr
Global Opportunity Report Series,https://info.unglobalcompact.org/l/591891/al-Opportunity-Report-2016-pdf/58cqrv
Global Opportunity Report Series,https://info.unglobalcompact.org/l/591891/-Global-Opportunity-Report-pdf/58cqry
Making Global Goals Local Business: Responsible business in the era of the Sustainable Development Goals,https://www.unglobalcompact.org/docs/publications/MGGLB%20Brochure%202019.pdf
Science-based climate targets as the basis for a corporate climate strategy,https://www.unglobalcompact.org/docs/publications/Discussion-paper-SBT-DGCN_screen_k_neu.pdf
Business School Rankings for the 21st Century,http://www.unglobalcompact.org/docs/publications/Business-School-Rankings_2019.pdf
Gender Equality in Social Auditing Guidance,https://www.bsr.org/reports/BSR_Gender_Equality_in_Social_Auditing_Guidance.pdf
Achieving Decent Work and Inclusive Growth: The Business Case for Social Dialogue,http://globaldeal.azurewebsites.net/wp-content/uploads/2017/09/Thematic-Brief-Achieving-Decent-Work-and-Inclusive-Growth_The-Business-Case-for-Social-Dialogue-2.pdf
SDG Investment Forum Brazil — Summary Report,https://www.unglobalcompact.org/docs/publications/SDG%20Investment%20Forum%20Brazil%20-%20Meeting%20Summary.pdf
"Global Goals, Ocean Opportunities",https://info.unglobalcompact.org/l/591891/-Goals-Ocean-Opportunities-pdf/58cqs2
Corporate Finance | A Roadmap to Mainstream SDG Investments,https://info.unglobalcompact.org/l/591891/orate-Finance-Report-Final-pdf/58cqs5
Corporate Finance | A Roadmap to Mainstream SDG Investments,https://info.unglobalcompact.org/l/591891/nce-Report-Final2028129-ES-pdf/58cqs8
SDG Bonds | Leveraging Capital Markets for the SDGs,https://info.unglobalcompact.org/l/591891/SDG-BONDS-REPORT2028129-ES-pdf/58cqsg
"Business Leadership Brief For Healthy Planet, Healthy People",https://info.unglobalcompact.org/l/591891/ions-2019-HealthReport-Web-pdf/58cqsk
"Business Leadership Brief For Healthy Planet, Healthy People",https://info.unglobalcompact.org/l/591891/ta-sano-con-personas-sanas-pdf/58cqsn
UN Global Compact-Accenture Strategy 2019 CEO Study – The Decade to Deliver: A Call to Business Action,https://info.unglobalcompact.org/l/591891/9-UNGC-Accenture-CEO-Study-pdf/58cqsr
UN Global Compact Progress Report 2019,https://info.unglobalcompact.org/l/591891/-2019-UNGC-Progress-Report-pdf/58cqsv
Business Leadership for 1.5 °C,https://info.unglobalcompact.org/l/591891/degree-Business-Leadership-pdf/58cqsy
Can government policies that drive strong economic outcomes for the private sector alleviate poverty?,https://www.unglobalcompact.org/docs/publications/2019_GCNA_Businesses_and_SDG1_in_Asia_Pacific.pdf
Framework for Corporate Action on Workplace Women's Health and Empowerment,https://info.unglobalcompact.org/l/591891/0Health20Empowerment202019-pdf/58cqt2
Scaling SDG Finance for the Sustainable Development Goals,https://info.unglobalcompact.org/l/591891/ons-Scaling-SDG-Finance-ES-pdf/58cqvy
"Climate Change, A Human Rights Issue",https://info.unglobalcompact.org/l/591891/uman-Rights-Issue-Briefing-pdf/58cqw8
Guide To Setting Site Water Targets Informed By Catchment Context,https://info.unglobalcompact.org/l/591891/ndateSiteWaterTargetsGuide-pdf/58cqwc
5 Tipping Points for a Healthy and Productive Ocean By 2030,https://info.unglobalcompact.org/l/591891/roductive20Ocean20by202030-pdf/58cqwg
Navigating the Future of Business and Human Rights: Good Practice Examples,https://info.unglobalcompact.org/l/591891/ting20the20Future20of20BHR-pdf/58cqwk
Navigating the Future of Business and Human Rights: Good Practice Examples,https://info.unglobalcompact.org/l/591891/sas-y-los-derechos-humanos-pdf/58cqwn
"Setting Site Water Targets Informed by Catchment Context, CASE STUDY: Santa Ana River Watershed, California",https://ceowatermandate.org/watertargets/wp-content/uploads/sites/30/2019/08/CEOWaterMandateTargetsCaseStudy.pdf
Raising the Bar: Exploring the Science Based Targets initiative's progress in driving ambitious climate action,http://www.unglobalcompact.org/docs/publications/SBTi-Progress-Report-2019-FINAL.pdf
"Ending child labour, forced labour and human trafficking in global supply chains",http://www.unglobalcompact.org/docs/publications/Ending-child-labour-forced-labour-and-human-trafficking-in-global-supply-chains.pdf
Private Sector Forum Meeting Report 2019,https://www.unglobalcompact.org/docs/publications/2019-Private-Sector-Forum-Meeting-Report.pdf
UN Global Compact Board Meeting Reports,https://unglobalcompact.org/docs/about_the_gc/final_rep_board030806.pdf
UN Global Compact Logo Policy,http://www.unglobalcompact.org/docs/about_the_gc/logo_policy/Logo_Policy_AR.pdf
"Better Leadership, Better World",https://www.unglobalcompact.org/docs/publications/2018/WomenRising2030-Better-Leadership-Better-World.pdf
Transforming Partnerships for the SDGs,https://info.unglobalcompact.org/l/591891/-Partnerships-for-the-SDGs-pdf/58cqwr
Women's Empowerment Principles Global Trends Report 2018,https://info.unglobalcompact.org/l/591891/18-WEPs-Trends-Report-2018-pdf/58cqwv
Business: It's Time to Act,https://info.unglobalcompact.org/l/591891/blications-Its-Time-To-Act-pdf/58cqwy
Business: It's Time to Act,https://info.unglobalcompact.org/l/591891/men-es-ist-Zeit-zu-Handeln-pdf/58cqx2
Business Partnerships for the Global Goals: Advances in Latin America and the Caribbean,https://www.unglobalcompact.org/docs/publications/mgglb-arg-infographic-flyer-EN.pdf
Sustainable Development Goal 6: Synthesis Report 2018 on Water and Sanitation,http://www.unglobalcompact.org/docs/publications/SDG6_SR2018.pdf
Global Compact Local Networks: Accelerating National SDG Implementation,https://www.unglobalcompact.org/docs/publications/GCLNs-Accelerating_National-SDG-Implementation.pdf
Global Compact Local Networks: Accelerating National SDG Implementation,https://www.unglobalcompact.org/docs/publications/GCLNs-Accelerating_National-SDG-Implementation.pdf
Promoting Anti-Corruption Collective Action through Global Compact Local Networks – Second Edition,https://www.unglobalcompact.org/docs/publications/UN_Anti_Corruption_Brochure-2018.pdf
Promoting Anti-Corruption Collective Action through Global Compact Local Networks – Second Edition,https://www.unglobalcompact.org/docs/publications/UN_Anti_Corruption_Brochure-2018.pdf
Decent Work in Global Supply Chains — A Baseline Report,https://info.unglobalcompact.org/l/591891/y-Chains-UN-Global-Compact-pdf/58cqx5
UN Global Compact Progress Report 2018,https://info.unglobalcompact.org/l/591891/mpact-Progress-Report-2018-pdf/58cqx8
Building Peace and Prosperity: What Business Can Do,https://info.unglobalcompact.org/l/591891/erity-What-Business-Can-Do-pdf/58cqxg
"Action Platform for Peace, Justice and Strong Institutions Flyer",http://www.unglobalcompact.org/docs/publications/ActionPlatform_Launch_Flyer.pdf
Human Rights: The Foundation of Sustainable Business,https://info.unglobalcompact.org/l/591891/on-of-Sustainable-Business-pdf/58cqxk
The Ambition Loop — How Business and Government Can Advance Policies that Fast Track Zero-Carbon Economic Growth,https://info.unglobalcompact.org/l/591891/bition-Loop-Report---FINAL-pdf/58cqzc
The Ambition Loop — How Business and Government Can Advance Policies that Fast Track Zero-Carbon Economic Growth,https://info.unglobalcompact.org/l/591891/op-Summary-for-Leaders--1--pdf/58cqzg
Internal carbon pricing in companies — Preparing for future regulation and designing the transition to a <2°C economy,https://ungc-communications-assets.s3.amazonaws.com/docs/publications/Discussion-paper-SBT-DGCN_screen_k_neu.pdf
"Climate and Supply Chain, The Business Case for Action",https://www.bsr.org/reports/BSR_Climate_and_Supply_Chain_Management.pdf
"Climate and Inclusive Economy, The Business Case for Action",https://www.bsr.org/reports/BSR_Climate_Nexus_Inclusive_Economy.pdf
"Resilient Business, Resilient World: A Framework for Private-Sector Leadership on Climate Adaptation",https://www.bsr.org/reports/BSR_Resilient_Business_Resilient_World_A_Research_Framework_for_Private_Sector_Leadership_on_Climate_Adaptation.pdf
"Climate and Health, The Business Case for Action",https://www.bsr.org/reports/BSR_Climate_Nexus_Health.pdf
Empowering Female Workers in the Apparel Industry,https://www.bsr.org/reports/BSR_Empowering_Female_Workers_in_the_Apparel_Industry.pdf
Private-Sector Action for Women's Health and Empowerment,https://www.bsr.org/reports/Private_Sector_Action_For_Womens_Health_Empowerment_Brief.pdf
Mapping Ocean Governance and Regulation — Working Paper for consultation,https://info.unglobalcompact.org/l/591891/-Governance-and-Regulation-pdf/58cqzk
"Better Business, Better World",https://unglobalcompact.org/docs/news_events/9.3/better-business-better-world.pdf
"SDG Industry Matrix: Energy, Natural Resources and Chemicals",http://www.unglobalcompact.org/docs/publications/2017/SDG-industry-matrix-enrc.pdf
Global Opportunity Report 2017,http://www.unglobalcompact.org/docs/publications/Global_Opportunity_Report_2017_SM.pdf
Relations with the Private Sector from the Oxford Handbook of International Organisations,https://www.unglobalcompact.org/docs/publications/2017/Oxford-Handbook-International-Organisations-Georg-Kell-Jan17.pdf
Guidance for Global Compact Local Networks on National Action Plans on Business and Human Rights,https://www.unglobalcompact.org/docs/issues_doc/human_rights/Resources/GCLN-NAP-HR-Guidance.pdf
"Business Guide to Prevent Famine and Support Response in North-East Nigeria, South Sudan, Yemen and Somalia",http://www.unglobalcompact.org/docs/publications/Business_Guide_for_Four_Famines.pdf
Sustainable Development Goals: From Promise to Practice,http://www.unglobalcompact.org/docs/publications/UNA-UK%20SDGS%202017.pdf
Aligning Values: Why corporate pension plans should mirror their sponsors,https://www.unglobalcompact.org/docs/publications/Aligning_Values-Why_corporate_pension_plans_should_mirror_their_sponsors_final.pdf
Statements of the UN Global Compact on the Integrity Measures,https://www.unglobalcompact.org/docs/publications/UN_Global_Compact_Statement_16%20May_2017.pdf
Human Rights Translated 2.0,https://www.unglobalcompact.org/docs/publications/HRT_final_web.pdf
Human Rights Good Practice for Business Operating in Areas with Violent Crime,https://www.unglobalcompact.org/docs/publications/Violent_Crime_GPN_final.pdf
Addressing Adverse Human Rights Impacts Connected to Product Misuse,https://www.unglobalcompact.org/docs/publications/Product_Misuse_GPN_final.pdf
Guide for Business on the Rights of Persons with Disabilities,https://www.unglobalcompact.org/docs/publications/Accessible_Disabilities_Guide.pdf
Decent Work and the 2030 Agenda for Sustainable Development,https://www.unglobalcompact.org/docs/publications/Decent_Work_and_the_2030_Agenda.pdf
2017 United Nations Global Compact Progress Report: Business Solutions to Sustainable Development,https://www.unglobalcompact.org/docs/publications/UN%20Impact%20Brochure_Concept-FINAL.pdf
Blueprint for Business Leadership on the SDGs,http://www.unglobalcompact.org/docs/publications/Blueprint-for-Business-Leadership-on-the-SDGs.pdf
"Tackling Discrimination against Lesbian, Gay, Bi, Trans, & Intersex People STANDARDS OF CONDUCT FOR BUSINESS",https://www.unglobalcompact.org/docs/publications/UN_Brochure_single_pages.pdf
A Call to Action for Sustainable Business,http://www.unglobalcompact.org/docs/publications/UNGC-Value-Proposition.pdf
2030 Vision: Uniting to Deliver Technology for the Global Goals,http://www.unglobalcompact.org/docs/publications/ARM_2030VisionReport.pdf
The Breakthrough Pitch,http://www.unglobalcompact.org/docs/publications/guide-breakthrough-pitch.pdf
"Guide to Unlocking Prosperity: Finance, Investment and Sustainable Development",https://www.unglobalcompact.org/docs/news_events/PSF2017/unga-finance-flyer-print.pdf
Global Climate Action Playbook 2018,https://www.unglobalcompact.org/docs/issues_doc/Environment/climate/Global-Climate-Action-Playbook-2018.pdf
Uniting to Deliver Technology for the Global Goals: Full Report,https://www.unglobalcompact.org/docs/publications/2017/2030Vision_Report.pdf
Gender Equality in Codes of Conduct Guidance,https://www.bsr.org/reports/BSR_Gender_Equality_in_Codes_of_Conduct_Guidance.pdf
The Five Levels of an Ethical Culture,https://www.bsr.org/reports/BSR_Ethical_Corporate_Culture_Five_Levels.pdf
"Big Brands, Big Impact: A Marketer's Guide to Behavior Change",https://www.bsr.org/reports/BSR_SLFG_Marketers_Guide_to_Behavior_Change.pdf
The Supply Chain Leadership Ladder,https://www.bsr.org/reports/BSR_Supply_Chain_Leadership_Ladder_2017.pdf
Automation: A Framework for a Sustainable Transition,https://www.bsr.org/reports/BSR_Automation_Sustainable_Jobs_Business_Transition.pdf
"Climate and Women, The Business Case for Action",https://www.bsr.org/reports/BSR_Climate_Nexus_Women.pdf
UNGC 2020 Global Strategy,http://www.unglobalcompact.org/docs/about_the_gc/UNGC-2020-Global-Strategy.pdf
Fighting Corruption in the Supply Chain: A Guide for Customers and Suppliers,http://www.unglobalcompact.org/docs/issues_doc/Anti-Corruption/Fighting_Corruption_Supply_Chain.pdf
UN Global Compact Annual Local Network Report Series,https://www.unglobalcompact.org/docs/publications/LN_Report_2015.pdf
Caring for Climate Progress Report Series,https://unglobalcompact.org/docs/issues_doc/Environment/climate/C4C-progress-report-2016.pdf
UN Global Compact Financial Reports,http://globalcompactfoundation.org/docs/2012_ungc_financial_report.pdf
Summary Report: 2015 Caring for Climate Business Forum at COP21,https://www.unglobalcompact.org/docs/issues_doc/Environment/climate/C4C-business-forum-2016-meeting-report.pdf
ILO-IOE Child Labour Guidance Tool for Business,https://www.unglobalcompact.org/docs/issues_doc/labour/tools_guidance_materials/ILO-IOE-child-labour-guidance.pdf
"SDG Industry Matrix: Food, Beverage & Consumer Goods",https://unglobalcompact.org/docs/issues_doc/development/SDGMatrix-ConsumerGoods.pdf
SDG Industry Matrix: Financial Services,https://www.unglobalcompact.org/docs/issues_doc/development/SDGMatrix_FinancialSvcs.pdf
Business and Responsible Taxation,https://unglobalcompact.org/docs/issues_doc/human_rights/Webinars/responsible-taxation-business.pdf
Principles for Sustainable Soil Management,https://unglobalcompact.org/docs/issues_doc/agriculture_and_food/soil-principles.pdf
Traceability Technical Solutions for the Apparel Sector,https://unglobalcompact.org/docs/issues_doc/supply_chain/Traceability/webinar-technical-solutions-apparel-sector.pdf
The UK Modern Slavery Act: Implications for Global Compact Participants,https://unglobalcompact.org/docs/issues_doc/human_rights/Webinars/modern-slavery-act-implications.pdf
Integrating Human Rights Considerations into Mergers & Acquisitions,https://unglobalcompact.org/docs/issues_doc/human_rights/Webinars/ma-human-rights.pdf
