Title,Description,ImageUrl,Link,Date,Type
The 12th United Nations Global Compact–Accenture CEO Study,"The United Nations Global Compact–Accenture CEO Study offers a candid look at perspectives of more than 2,600 CEOs across 128 countries and 18 industries at the urgent opportunities and challenges for leaders to contribute to the 2023 Agenda and achieving the Sustainable Development Goals.",//ungc-production.s3.us-west-2.amazonaws.com/resources/images/6103/show@2x/12th_United_Nations_Global_Compact-Accenture_CEO_Study.png?1673459818,/library/6103,2023-01-01,Report
Business Dilemmas Forum: Navigating Expectations for Societal Leadership,"Fifty global executives convened during the UN General Assembly’s week of high-level debates, to candidly share corporate approaches to converging global crises. This business-to-business discussion focused on complex dilemmas related to strengthening peace, justice, and strong institutions (Sustainable Development Goal 16). Discussion centered around three questions: 1. How are you managing increased pressure to take a stand on political and social issues? 2. How are you weighing the cost of doing something, versus the cost of doing nothing? 3. How can lobbying be part of an accountability framework regarding corporate actions in these areas? This document summarizes high-level take-aways.",//ungc-production.s3.us-west-2.amazonaws.com/resources/images/6105/show@2x/cover-245.PNG?1677179960,/library/6105,2023-01-01,Meeting Report
Communication on Progress Questionnaire,"The CoP questionnaire focuses on five disclosure areas (governance, human rights, labour, environment and anti-corruption) and is designed to help participating companies monitor performance across the Ten Principles. There will be no scoring or ranking associated with the CoP questionnaire. Rather, the objective is to create transparency and enable progress.",//ungc-production.s3.us-west-2.amazonaws.com/resources/images/6106/show@2x/image.png?1677260926,/library/6106,2023-01-01,Policy Document
Communication on Progress Guidebook,"A helpful resource providing question rationale and guidance, linked reporting references, and a glossary of terms to assist in the completion of the enhanced CoP questionnaire.",//ungc-production.s3.us-west-2.amazonaws.com/resources/images/6107/show@2x/image%282%29.png?1677870915,/library/6107,2023-01-01,Report
"CORPORATE CLIMATE TARGET SETTING, ACTION AND GLOBAL COLLABORATION TOWARDS A NET-ZERO FUTURE - ACCELERATE 2030 AGENDA FOR SUSTAINABLE DEVELOPMENT THROUGH GLOBAL DEVELOPMENT INITIATIVE","The world is calling for immediate and collective action towards a universal climate goal, outlined in the Paris Agreement. Working with top talents from around the world, the United Nations is taking urgent actions to standardize guidelines for achieving Net-Zero, creating a platform of global collaboration. China takes the lead in fostering a conducive environment for global collaboration through proposing the Global Development Initiative (GDI), with a series of initiatives surrounding eight key areas including climate actions. A just transition to a Net-Zero future requires bold actions from all parties, and corporates are an indispensable force. The key to success is knowing “where to go” — setting climate targets, and “how to get there” — implementing Net-Zero initiatives.",//ungc-production.s3.us-west-2.amazonaws.com/resources/images/6140/show@2x/corporatecover2.PNG?1680557581,/library/6140,2023-01-01,Policy Document
CoP Policy,Policy on Communication on Progress,//ungc-production.s3.us-west-2.amazonaws.com/resources/images/6141/show@2x/image%283%29.png?1680117810,/library/6141,2023-01-01,Policy Document
CEO Statement of Continued Support,Policy Document,//ungc-production.s3.us-west-2.amazonaws.com/resources/images/6142/show@2x/ceostatement.PNG?1680205870,/library/6142,2023-01-01,Policy Document
Just Transition and Renewable Energy: A Business Brief,"To address the increasing risk of catastrophic climate change, provide sustainable energy to the 733 million people who currently lack access to electricity, and to power sustainable development, there is an urgent need to transition to renewable energy. Business has a critical role to play in ensuring this transition is just and leaves no one behind. This business brief outlines the context of emerging national just transition policies, provides an advocacy agenda for businesses to influence policies responsibly and includes examples of company best practices and success factors. Download today to learn the 10 recommendations for businesses to advance the just transition within and beyond their companies in support of the goals of the Paris Agreement and the 2030 Agenda. The business brief is available in English and Spanish.",//ungc-production.s3.us-west-2.amazonaws.com/resources/images/6143/show@2x/2023_Just_Transition_-_Brief_4.jpg?1684272172,/library/6143,2023-01-01,Report
CFO ACTION ON CORPORATE INVESTMENT AND FINANCE FOR SUSTAINABLE DEVELOPMENT,"The purpose of this position paper is to establish the potential of Global Compact companies all over the world to invest at scale in key private sector solutions for the SDGs, especially in the clean energy transition and economic and social development. It also provides intellectual support for a broad Global Compact call to action to all its companies at the occasion of the SDG stocktake this year, to establish ambitious targets in five key areas including SDG-aligned corporate investments and finance with the SDGs (other areas include living wage, climate change, gender equality, and water stewardship).",//ungc-production.s3.us-west-2.amazonaws.com/resources/images/6144/show@2x/cfo_cover.PNG?1686077395,/library/6144,2023-01-01,Report
Just Transition in Supply Chains: A Business Brief,"Companies of all sizes may be exposed to multiple climate change-related risks through their supply chains. By placing just transition at the centre of their risk management strategies, your company can better manage converging risks that may impact your business. This brief outlines the policies and practices companies can implement to manage the environmental and social impacts of their supply chain, discusses multilateral frameworks, and offers recommendations for businesses to improve their sustainability and resilience, including real-world examples.",//ungc-production.s3.us-west-2.amazonaws.com/resources/images/6145/show@2x/Just_Transition_in_Supply_Chains_Business_Brief_Cover.jpg?1691000439,/library/6145,2023-01-01,Report
Forward Faster Action Guides,"The Forward Faster action guides provide companies that have committed or are considering committing to the Forward Faster initiative, with additional, target-specific details on key definitions, examples of actions and key performance indicators (KPIs), including interim targets, resources and policy advocacy that companies can utilize as they define a strategy to meet the target(s) by 2030.",//ungc-production.s3.us-west-2.amazonaws.com/resources/images/6146/show@2x/foward_faster.PNG?1689709788,/library/6146,2023-01-01,Report
CEO Water Mandate: 2022 Impact Report,"The inaugural CEO Water Mandate 2022 Impact Report encapsulates the collective efforts of 234 endorsing companies and partners in addressing the water crisis. It maps key strides, from advancing new water stewardship practices and rolling out critical guides, to launching the Water Resilience Coalition Brazil Chapter and the Corporate Water Benchmark Tool at COP27. Their presence at high-visibility events, such as the World Economic Forum Annual Meeting, Stockholm World Water Week and COP27, further highlights our convening power. Explore their 2022 journey as we continue mobilizing business leaders towards a water-resilient world.",//ungc-production.s3.us-west-2.amazonaws.com/resources/images/6147/show@2x/accelerating_cover.PNG?1694019820,/library/6147,2023-01-01,Report
Water Resilience Coalition: 2022 Impact Report,"The 2022 Impact Report presents a comprehensive overview of the Water Resilience Coalition's work during the past year. It elaborates on key milestones, including their expansion of 21 collective actions across 15 basins in 6 countries, the launch of the Brazil Chapter and their 2030 Strategy. The report also sheds light on our successful efforts to raise the profile of water action at global forums like the World Economic Forum, Stockholm World Water Week and COP27.",//ungc-production.s3.us-west-2.amazonaws.com/resources/images/6148/show@2x/water-impact-report.PNG?1694021701,/library/6148,2023-01-01,Report
"Business Leadership in Times of Crisis: Collected Insights from Chief Executive Officers into Successes, Challenges and Areas for Future Focus","A dramatic rise of interlinked global challenges is forcing business executives to navigate new levels of uncertainty. The war in Ukraine is producing alarming cascading effects across a world already impacted by COVID-19 and climate change. The risks of generations lost, as well as waves of food insecurity, energy shortages, unfolding debt crises, and social unrest are very real. In this context of uncertainty, more and more chief executive officers (CEOs) are stepping into broader leadership capacities, propelled by business necessity and by evolving societal expectations of their role. The UN Global Compact has compiled perspectives from CEOs across the globe, to provide policymakers, companies, and the public with practical insights into business leadership in today’s novel and dynamic operating environment. This report describes how today’s CEOs face complex challenges to their operations—and to their sustainability agenda.",//ungc-production.s3.us-west-2.amazonaws.com/resources/images/6149/show@2x/businessleadership-cover.PNG?1694628293,/library/6149,2023-01-01,Report
Global Seaweed Coalition Annual Report,"The Annual Report of the Global Seaweed Coalition presents the results of the first two years of the Coalition’s operation, formerly known as the Safe Seaweed Coalition.",//ungc-production.s3.us-west-2.amazonaws.com/resources/images/6150/show@2x/seaweed_cover_2.PNG?1698780195,/library/6150,2023-01-01,Report
United Nations Global Compact-Accenture Global Private Sector SDG Stocktake,"The United Nations Global Compact-Accenture Global Private Sector SDG Stocktake offers an appraisal of private sector contributions to the Sustainable Development Goals (SDGs) in the first half (2015-2022), and a clear path forward for the second half (2023-2030). Based on a combination of innovative data sources, including insights from more than 2,800 business leaders around the world, this report measures the global private sector's impact on the SDGs for the first time.",//ungc-production.s3.us-west-2.amazonaws.com/resources/images/6151/show@2x/UNGC_SDG_Stocktake_Report_2023_Cover.png?1699560612,/library/6151,2023-01-01,Report
SDG Playbook for SMEs,"In 2015, the UK Government joined every other country worldwide and committed to Transforming our world: the 2030 Agenda for Sustainable Development, and through it the 17 Sustainable Development Goals (SDGs). The Goals provide a holistic framework that defines our global priorities and aspirations for 2030. They represent a crucial opportunity to end extreme poverty, fight inequality and injustice, and protect our planet. Achieving the Goals requires an unprecedented effort across all aspects of society – and business sits at the heart of it. The SDGs are not just another sustainability framework, but the only universally agreed blueprint to turn meaningful ambition into transformational change. Yet, with just seven years to go and already halfway through the 2030 Agenda, we are far from achieving the Goals in the UK. There is a multifaceted business case for smaller companies to embrace sustainability. Stakeholders – from regulators to investors to customers to employees – expect all companies to be improving their sustainability performance and they are ready to reward companies that embrace this agenda and punish those that do not. However, SMEs consistently report difficulties with embedding the SDGs at the core of their business models. The UN Global Compact Network UK, in partnership with Irwin Mitchell, has developed the SDG Playbook for SMEs: a step-by-step guide to help smaller companies unlock the competitive advantages associated with embracing the SDGs.    ",//ungc-production.s3.us-west-2.amazonaws.com/resources/images/6152/show@2x/playbook_cover.PNG?1699637185,/library/6152,2023-01-01,Report
ILO Helpdesk for Business on International Labour Standards,The ILO Helpdesk is a service from the International Labour Organization that provides a one-stop-shop to help company managers and workers understand the application of international labour standards.,//ungc-production.s3.us-west-2.amazonaws.com/resources/images/75/show@2x/ILO_Helpdesk_E_short.png?1689877507,/library/75,2022-01-01,Website
UN Global Compact Annual Report,This Annual Report is intended to provide our stakeholders and the public with an overview of the progress of the UN Global Compact across key strategic and operational focus areas as well as to highlight key activities undertaken and resources created to promote business action on UN issues and priorities. The inclusion of company examples in this report is intended strictly for learning purposes and does not constitute an endorsement of the individual companies.,//ungc-production.s3.us-west-2.amazonaws.com/resources/images/5221/show@2x/UN_GLOBAL_COMPACT_2022_ANNUAL_REPORT_COVER_Page_01.jpg?1680712556,/library/5221,2022-01-01,Report
SDG Ambition Benchmark Reference Sheets,"The SDG Ambition Benchmark Reference Sheets provide illustrative details regarding the steps to integrate each of the SDG Ambition Benchmarks into a company’s business systems, as well as the key design decisions required to engage technology partners.  Access the 10 reference sheets by filling out the form below. ",//ungc-production.s3.us-west-2.amazonaws.com/resources/images/5790/show@2x/SDG_Ambition_benchmark_reference_sheets.png?1600722863,/library/5790,2022-01-01,Report
Advancing Gender Equality on International Women's Day and Every Other Day,"Every year on 8 March, many companies take the occasion of International Women’s Day (IWD) to celebrate women in their workforce. This document aims to provide recommendations on how to meaningfully leverage IWD to advance gender equality and move the needle for women and girls. These recommendations are applicable for every day.",//ungc-production.s3.us-west-2.amazonaws.com/resources/images/6045/show@2x/wep_cover.PNG?1643819366,/library/6045,2022-01-01,Report
Corporate Net Zero Pathway - Delivering the Paris Agreement and the Sustainable Development Goals,"A just transition to a net zero future is an important undertaking, requiring bold actions from all parties — and effort from corporates is definitely an important one. The UN Global Compact helps businesses to align with its Ten Principles and the UN Sustainable Development Goals (SDGs) and has published this whitepaper to plot a roadmap for corporates to reach net zero, facilitating the private sector to play its role in the pathway.",//ungc-production.s3.us-west-2.amazonaws.com/resources/images/6046/show@2x/corporate_pathways_cover.PNG?1645824079,/library/6046,2022-01-01,Policy Document
Ukraine Humanitarian Crisis Business Guide,"The UN Global Compact partnered with the UN Office for the Coordination of Humanitarian Affairs (OCHA) on a Business Guide to urgently respond to Ukraine’s humanitarian crisis. The Guide provides concrete action for businesses to support the Secretary-General’s three-month Flash Appeal for people in Ukraine, and a Regional Refugee Response Plan for the situation outside, under the leadership of the UN High Commissioner for Refugees.",//ungc-production.s3.us-west-2.amazonaws.com/resources/images/6047/show@2x/ukr_crisis.PNG?1646245773,/library/6047,2022-01-01,Report
Women’s Empowerment and Business 2022 Trends and Opportunities: Progress Amid Pandemic Challenges Across Regions,"This report examines the aggregate results of companies using the Women's Empowerment Principles Gender Gap Analysis Tool with an aim to provide insights on global and regional corporate performance on gender equality and showcase the efforts of partners and other stakeholders to drive women's empowerment around the world. The report concludes that while some progress has been made on advancing gender equality across regions and across issues, there is a need for more accelerated, urgent, impactful action across the board. This report is available in English, French, German, Chinese, Spanish and Portuguese.",//ungc-production.s3.us-west-2.amazonaws.com/resources/images/6048/show@2x/weps_tool_cover.PNG?1646693905,/library/6048,2022-01-01,Meeting Report
SME Engagement Strategy,"SMEs are the engine of private sector growth, both in developing and developed economies, and are critical to the fulfilment of the Global Goals. Their per capita contribution may be smaller than that of larger firms, but the cumulative impact of SMEs is significant. The following vision articulates the ambition of fostering meaningful engagement by the UN Global Compact with SMEs at a global scale via the Local Networks. It serves as an aspirational long-term vision, linked to the corporate strategy of the UN Global Compact, towards which this strategic plan as well as future iterations will be directed.",//ungc-production.s3.us-west-2.amazonaws.com/resources/images/6049/show@2x/sme_strategy.PNG?1647036520,/library/6049,2022-01-01,Report
Setting Science-Based Targets in the Seafood Sector: Best Practices to Date,"  This guide is a collection of best practices, common challenges, solutions and experiences from the seafood sector to support companies to set a science-based emission reduction target with the Science-Based Targets Initiative (SBTi). As the seafood sector works towards a low carbon and sustainable future, collective action across geographies and supply chains will be key to reaching these goals.",//ungc-production.s3.us-west-2.amazonaws.com/resources/images/6050/show@2x/seaweed_cover.PNG?1648488027,/library/6050,2022-01-01,Report
Business & Human Rights Navigator,"Guides companies around the world to better understand and address human rights impacts in their operations and supply chains. Users can access in-depth analysis of key human rights issues, due diligence recommendations, as well as case studies illustrating how other businesses have responsibly addressed human rights impacts.",//ungc-production.s3.us-west-2.amazonaws.com/resources/images/6051/show@2x/bhr_cover.PNG?1648499527,/library/6051,2022-01-01,Website
UN Global Compact China Strategy,The UN Global Compact China Strategy aims to accelerate and scale the global collective impact of Chinese businesses by upholding the Ten Principles of the UN Global Compact in delivering the Sustainable Development Goals.,//ungc-production.s3.us-west-2.amazonaws.com/resources/images/6052/show@2x/china_strategy_cover.PNG?1654028999,/library/6052,2022-01-01,Report
Charting the Course: Embedding children’s rights in responsible business conduct,"  2022 marks the 10-year anniversary of the Children’s Rights and Business Principles developed jointly by UNICEF, UN Global Compact and Save the Children in consultation with children, businesses, investors, governments, civil society, trade unions, national human rights institutions and United Nations entities. The joint Brief “Charting the Course: Embedding children’s rights in responsible business conduct” summarizes the findings of a more detailed forthcoming report by the three organizations and aims to chart the course for the coming years. Impact at scale is yet to be achieved to put child rights at the heart of corporate sustainability, the time has come to raise the bar towards making business fit for children.",//ungc-production.s3.us-west-2.amazonaws.com/resources/images/6053/show@2x/Charting_the_course.PNG?1654100074,/library/6053,2022-01-01,Report
The Net-Zero Standard,"The number of businesses committing to net-zero emissions is rapidly growing, but not all net-zero targets are created equal. Without adhering to a common definition, net-zero targets can be inconsistent, and their collective impact limited.Responding to the pressing need for a common understanding of “net zero” in a corporate context, the Net-Zero Standard offers the world's first framework for corporate net-zero target setting in line with climate science.In this 20-minute, interactive e-learning course delivered by the UN Global Compact Academy and the Science Based Targets initiative, you will: Discover how the Net-Zero Standard provides a common, robust, and science-based understanding of net-zero Receive guidance on how to set science-based net-zero targets consistent with limiting global temperature rise to 1.5°C Align your company's near- and long-term targets with climate science New to science-based targets? This e-learning course requires a basic understanding of science-based targets and a familiarity with the Science Based Targets initiative. If you're new to this topic, we recommend the Academy foundations course, Setting science-based targets.",//ungc-production.s3.us-west-2.amazonaws.com/resources/images/6054/show@2x/Screenshot_2022-06-28_115402.png?1656431651,/library/6054,2022-01-01,Website
ABLC Roundtable Perspectives: Making Ambitious Climate Mitigation Action a Reality in Africa,"This publication highlights how African businesses can accelerate the sustainable development of their economies while making critical contributions to advance climate action, and includes key insights from CEOs on making low-carbon development a reality in Africa.",//ungc-production.s3.us-west-2.amazonaws.com/resources/images/6055/show@2x/Making_Ambitious_Climate_Mitigation_Action_a_Reality_in_Africa_ABLC_Roundtable_Perspectives_Page_1.jpg?1659635525,/library/6055,2022-01-01,Report
Financing Climate Action in Africa,"This publication highlights the collaborative and creative steps governments, multilaterals and private financers may need to take in order to reduce the funding gap and increase the flows of climate finance in Africa, and includes insights from the Africa Business Leaders Coalition (ABLC) roundtable discussion on business-led climate action, which took place in Casablanca in July 2022.",//ungc-production.s3.us-west-2.amazonaws.com/resources/images/6056/show@2x/Financing_Climate_Action_in_Africa_ABLC_Roundtable_Perspectives_Cover_Image.jpg?1659556165,/library/6056,2022-01-01,Meeting Report
Shifting the Focus to Adaptation and Resilience in Africa,"  This publication highlights how African businesses can meaningfully engage in adaptation and resilience planning that benefits both the company and the broader community and includes insights from the Africa Business Leaders Coalition (ABLC) roundtable discussion on business-led climate action, which took place in Lagos in July 2022.",//ungc-production.s3.us-west-2.amazonaws.com/resources/images/6058/show@2x/cover-shifting.png?1659632336,/library/6058,2022-01-01,Report
Delivering on the Promise of a Just Transition in Africa,"This publication highlights how companies in Africa can prioritize initiatives and restructure business models to support a just transition. Read this roundtable perspective to identify ways businesses can take relevant, meaningful and outcome-oriented action to recognize impact and facilitate inclusive and sustainable economies in Africa. ",//ungc-production.s3.us-west-2.amazonaws.com/resources/images/6059/show@2x/Delivering_on_the_Promise_of_a_Just_Transition_in_Africa_Cover_Page.jpg?1660325943,/library/6059,2022-01-01,Report
Elevating African Business Leaders’ Call for Global Collective Action,This publication highlights the joint actions public and private institutions can take to improve coordination of climate action projects in Africa. Read this roundtable perspective to learn the ways African businesses can help shape the conversations around sustainable development by leveraging their expertise and experience.,//ungc-production.s3.us-west-2.amazonaws.com/resources/images/6092/show@2x/ABLC_Perspectives-Collective_Action_Page_1.jpg?1661371700,/library/6092,2022-01-01,Report
Introduction to Just Transition: A Business Brief,"As we confront the climate crisis, what is the role of business in ensuring a just transition? In this business brief, the UN Global Compact lays out a vision to ensure the move to net-zero emissions and climate resilience is orderly, inclusive and just—and creates decent work opportunities, leaving no one behind. Created in collaboration with the UN Global Compact Think Lab on Just Transition, this business brief provides an introduction to the role of business in supporting a just transition. The business brief is available in English, Korean and Spanish.",//ungc-production.s3.us-west-2.amazonaws.com/resources/images/6093/show@2x/intro_brief_cover.png?1662651512,/library/6093,2022-01-01,Report
A Path Forward: 5 Key Elements to Drive Climate Action in Africa,"This publication provides an overview of the five key topics discussed at the ABLC roundtables in July and August 2022. Each section focuses on one of the five most pressing climate issues facing the African continent, along with insights from the CEOs and executives in attendance. The concluding section lays out a series of 14 questions that leaders must consider as they look at Climate Action both within their own organizations and externally.",//ungc-production.s3.us-west-2.amazonaws.com/resources/images/6094/show@2x/A_Path_Forward_5_Key_Elements_to_Drive_Climate_Action_Cover.png?1663344550,/library/6094,2022-01-01,Report
Applying a Gender Lens to Sustainable Procurement,This addition to the Decent Work for Sustainable Procurement Toolkit is an overview for buyers on why it is important to include a gender lens to procurement strategies and practices. It provides a practical step-by-step guide on how buyers can advance gender equality and promote non-discrimination through procurement decisions and explains the business benefits of sourcing from women-owned or gender-responsive businesses.  ,//ungc-production.s3.us-west-2.amazonaws.com/resources/images/6095/show@2x/Screen_Shot_2022-09-30_at_1.27.51_PM.png?1664560893,/library/6095,2022-01-01,Website
Bridging the Gap in the Arab States: Emerging Private Sector Response and Recovery Measures for Gender Equality amid COVID-19,"This publication showcases examples of good practices from a growing number of businesses in the Arab States that are taking gender-responsive action to ensure the economic inclusion and social well-being of their employees, customers and suppliers, as well as local communities. As a regional companion piece to the global publication of UN Women and IFC ‘Bridging the Gap - Emerging Private Sector Response and Recovery Measures for Gender Equality amid COVID-19 (2020)’, this regional report aims to inform companies in the Arab region and around the world on emerging practices and initiatives for supporting women leaders, employees, entrepreneurs and those in value chains amid the COVID-19 pandemic.",//ungc-production.s3.us-west-2.amazonaws.com/resources/images/6096/show@2x/coverphoto.PNG?1666797487,/library/6096,2022-01-01,Report
CHARTING THE COURSE: Embedding children’s rights in responsible business conduct,"2022 marks the 10-year anniversary of the Children’s Rights and Business Principles developed jointly by UNICEF, UN Global Compact and Save the Children in consultation with children, businesses, investors, governments, civil society, trade unions, national human rights institutions and United Nations entities. The joint report “Charting the Course: Embedding children’s rights in responsible business conduct” elaborates key achievements and main gaps that need to be addressed to accelerate impact for children through business action and policy decisions. The report lays the foundation for raising the bar towards making business fit for children.  ",//ungc-production.s3.us-west-2.amazonaws.com/resources/images/6097/show@2x/chartingcoursecover.PNG?1666805941,/library/6097,2022-01-01,Report
The African Business Leaders' Climate Statement,"Anchored in the goals of the Paris Agreement, the Sustainable Development Goals, and the Ten Principles of the UN Global Compact, the African Business Leaders' Climate Statement brings the voice of the African private sector into the global conversation on sustainable development and bold climate action. The Statement includes commitments each signatory company will make in the areas of adaptation, just transition and mitigation, as well as a call to the global community to support the continent of Africa in climate action.",//ungc-production.s3.us-west-2.amazonaws.com/resources/images/6098/show@2x/The_African_Business_Leaders’_Climate_Statement-Design_File_%284%29_Page_1.jpg?1667233039,/library/6098,2022-01-01,Report
Just Transition for Climate Adaptation: A Business Brief,"A just transition according to the ILO means greening the economy by simultaneously addressing the environmental, social and economic dimensions of sustainable development in a way that is as fair and inclusive as possible to everyone concerned, creating decent work opportunities and leaving no one behind. The objective of this brief is to highlight the important role of adaptation action for large multinational corporations that aim to achieve a just transition. Its focus is on how businesses can adapt to minimise climate change risks and impacts in a just and equitable manner. The brief outlines seven recommendations for businesses to advance a just transition for climate adaptation. The business brief is available in English and Spanish.",//ungc-production.s3.us-west-2.amazonaws.com/resources/images/6099/show@2x/Screen_Shot_2022-11-10_at_4.13.44_PM.png?1668114949,/library/6099,2022-01-01,Report
Mapping a Maritime Just Transition for Seafarers,  The Maritime Just Transition Task Force was formed to ensure that shipping’s response to the climate emergency puts seafarers and communities at the heart of the solution. This Position Paper puts forward a 10-point action to achieve a Just Transition for seafarers.,//ungc-production.s3.us-west-2.amazonaws.com/resources/images/6100/show@2x/mapping_cover.PNG?1667939171,/library/6100,2022-01-01,Report
Water Resilience Assessment Framework - Corporate Guidance,"Building long-term water resilience is essential for a company aiming to mitigate or adapt to current and future shocks and stresses. This guidance is designed to encourage companies to engage with the water systems critical to ensuring sustained business operations over time, and to plan for future trends, possibilities, and risks. It provides a standard, step-wise approach to measuring and enhancing resilience across different industries and provides a set of ‘Water Resilience Indicators’ and a ‘Resilience Scoring Tool’ for corporates. Practical examples are provided throughout the guidance document to showcase how each step could be implemented in practice. Applicable to small, medium, and micro enterprises (SMMEs) as well as large multinational corporations with supply chains across different geographies, this detailed guidance on WRAF for corporates is a step forward for businesses to start embedding resilience into their policy and practices. ISBN: 978-1-893790-95-7",//ungc-production.s3.us-west-2.amazonaws.com/resources/images/6101/show@2x/WRAF_Corporates_Page_01.jpg?1668186072,/library/6101,2022-01-01,Report
Financing a Just Transition: A Business Brief,"This Business Brief addresses the roles of finance in advancing a just transition. It draws from recent developments to illustrate what is possible, while calling on key financial actors to develop and realize this potential, including financial institutions, the Chief Financial Officers and finance functions of corporations, investors, Chief Investment Officers, Chief Risk Officers and policymakers. The business brief is available in English and Spanish.",//ungc-production.s3.us-west-2.amazonaws.com/resources/images/6102/show@2x/2022_Just_Transition_-_Brief_3_-_cover_only.jpg?1671038736,/library/6102,2022-01-01,Report
2022 UN Ocean Conference - Outcomes of the High-Level Meeting on Ocean and Climate,"On 27 June 2022 in Lisbon, Portugal, the United Nations Global Compact, the High-Level Climate Champions, the Ocean and Climate Platform, UNFCCC and the Governments of Portugal, the United Arab Emirates and the United Kingdom, convened chief executives from businesses, financial institutions, NGOs, UN organizations and government representatives for a high-level meeting on the ocean and climate. This meeting focused on the implementation of solutions at the ocean-climate nexus.  The following document provides background on the ocean-climate nexus, highlights recent developments in ocean-based climate action and outlines the main takeaways from the meeting. This document also lays the foundation for a set of short and mid-term targets, referred to here as Blue Breakthroughs, being developed with the ambition to be presented at COP 27 in Sharm El Sheikh, Egypt.",//ungc-production.s3.us-west-2.amazonaws.com/resources/images/6104/show@2x/oceans-con-cover.PNG?1676496208,/library/6104,2022-01-01,Report
Race to Zero: Mobilizing Leadership for a Net Zero Economy,"Limiting average global warming to 1.5°C requires an enormous transformation of our economy and energy systems. The movement of companies, countries, cities, and investors setting ambitious net zero targets and leading this transformation is building momentum faster than ever. Though progress is being made, climate action must continue to be accelerated and accompanied by efforts to address the various environmental and societal challenges we face. In the UN Global Compact Network UK’s latest Briefing, we explain how businesses can be at the forefront of this growing movement and why it is important to continue raising ambition and take immediate action.",//ungc-production.s3.us-west-2.amazonaws.com/resources/images/5836/show@2x/race_to_zero_cover.PNG?1610636550,/library/5836,2021-01-01,Meeting Report
UN Global Compact Strategy 2021–2023,A new strategy that spells out our ambition to accelerate and scale the global collective impact of business by upholding the Ten Principles and delivering the SDGs through accountable companies and ecosystems that enable change.,//ungc-production.s3.us-west-2.amazonaws.com/resources/images/5869/show@2x/strategy-cover.PNG?1611086760,/library/5869,2021-01-01,Policy Document
From Ambition to Impact: How companies are reducing emissions at scale with science-based targets (Science Based Targets initiative Annual Progress Report 2020),"This report shows that companies with science-based targets are delivering on large-scale emissions reductions. Five years on from the Paris Agreement, the Science Based Targets initiative (SBTi) analysed the emissions of a group of 338 companies whose climate targets have been approved by the SBTi as aligned with climate science and the goals of the Paris Agreement. This is the first ever study to look at how setting science-based targets correlates with corporate emissions reductions and the extent to which companies are actually delivering on those targets. Target-setting companies have successfully reduced their emissions by 25% since 2015, a difference of 302 million tonnes of CO2 equivalent, the same as the annual emissions from 78 coal-fired power plants.",//ungc-production.s3.us-west-2.amazonaws.com/resources/images/5870/show@2x/sbti_cover.PNG?1611680453,/library/5870,2021-01-01,Report
Accelerating Sustainable Seafood,"Puts forward six key enablers which could be advanced by all systemic shapers to accelerate the sustainable development of the seafood industry - from unlocking sustainable finance and ratifying international conventions, to moving beyond data disclosure, rewarding progress, and incorporating wider food system dimensions into both policy and sustainability-related services.",//ungc-production.s3.us-west-2.amazonaws.com/resources/images/5871/show@2x/Screen_Shot_2021-02-08_at_12.17.44.png?1612890161,/library/5871,2021-01-01,Report
Building Sustainable and Resilient Healthcare Infrastructure in BRI Countries to Accelerate the Sustainable Development Goals,"This is the first white paper produced by the recently launched UN Global Compact Action Platform on Sustainable Infrastructure for the Belt and Road Initiative to Accelerate the SDGs. It provides a starting point for strategic discussion and dialogue, and a solid foundation for action in the years ahead. I look forward to working with companies, Governments and all stakeholders to build a healthier and more sustainable future. If we succeed, generations to come will remember our current difficulties as a distant crisis that was, nevertheless, a turning point for global progress.",//ungc-production.s3.us-west-2.amazonaws.com/resources/images/5878/show@2x/building_sustainable_cover.PNG?1616423246,/library/5878,2021-01-01,Policy Document
Implementing Effective Modern Slavery Grievance Mechanisms: A Guidance Note for Business,"Provides practical advice, flags key considerations, and outlines good practice steps for designing and implementing effective grievance mechanisms. The publication series supports business to know how to better hear and address instances of modern slavery.",//ungc-production.s3.us-west-2.amazonaws.com/resources/images/5879/show@2x/Guidance-Note-Cover-Final-212x300.jpg?1617832336,/library/5879,2021-01-01,Report
Effective Modern Slavery Grievance Mechanisms: A Case Study Publication for Business,"Publication offers a basis for understanding the expectations set out in the UN Guiding Principles for Business and Human Rights in relation to grievance mechanisms. While implementing effective grievance mechanisms to tackle modern slavery remains challenging, businesses can utilise the case studies, that draw on types of grievance mechanisms used across a range of sectors, in the publication to design and implement their own effective grievance mechanisms.",//ungc-production.s3.us-west-2.amazonaws.com/resources/images/5880/show@2x/Case-Study-Cover-Final-212x300.jpg?1617832334,/library/5880,2021-01-01,Case Example
Tackling Climate Change is the Greatest Global Health Opportunity of the Twenty-First Century - An Empowering Business Narrative and Call for Health Resilient Climate Action,"This UN Global Compact action-oriented narrative synthesizes the key insights gathered through a series of webinars organized in 2020 on the climate-nature-health nexus, in the framework of the Business Ambition for Climate and Health Action Platform. Reminding the business case for taking integrated climate and health action, it provides guidance on how companies can deliver climate and health co-benefits by pointing towards relevant action-oriented initiatives. It focuses on the five areas that were addressed by the webinar series : air pollution, nature and biodiversity, food systems, water resilience, and the future of work and just transition.",//ungc-production.s3.us-west-2.amazonaws.com/resources/images/5881/show@2x/tackling_climate_health.PNG?1618420567,/library/5881,2021-01-01,Report
Black Lives Matter & Business,"The Black Lives Matter &amp; Business report explains what steps businesses can take to be anti-racist and positively contribute to the Black Lives Matter movement. The document identifies key challenges, practical actions, and useful resources that can help solve the problem of systemic racism in the workplace and beyond. This report features in-depth research by the Global Compact Network UK, supported by insights and contributions from the expert guest speakers featured in the 2020 Black Lives Matter &amp; Business webinar series, also organised by the Global Compact Network UK",//ungc-production.s3.us-west-2.amazonaws.com/resources/images/5882/show@2x/blm_cover.PNG?1618585905,/library/5882,2021-01-01,Report
Implementing Effective Modern Slavery Grievance Mechanisms: A Guidance Note for Business,This Guidance Note aims to provide practical advice to support businesses at all stages of designing and implementing effective business-led grievance mechanisms to hear and address complaints about modern slavery in their operations and their supply chains.,//ungc-production.s3.us-west-2.amazonaws.com/resources/images/5883/show@2x/Implementing_Effective_Modern_Slavery_Grievance_Mechanisms_Guidance_Note_for_Business_FINAL_cover.PNG?1619015775,/library/5883,2021-01-01,Report
Effective Modern Slavery Grievance Mechanisms: A Case Study Publication for Business,"The report offers businesses a basis for understanding the expectations set out in the UNGPs and the Australian Modern Slavery Act 2018 in relation to grievance mechanisms. By incorporating case studies of Australian and international businesses and organisations, it illustrates good practice examples for designing and implementing grievance mechanisms that can address modern slavery. This report is accompanied by a practical guide, Implementing Effective Modern Slavery Grievance Mechanisms: A Guidance Note for Business.",//ungc-production.s3.us-west-2.amazonaws.com/resources/images/5884/show@2x/effective_modern_cover.PNG?1619015778,/library/5884,2021-01-01,Case Example
SBTi Corporate Manual,"  The SBTi defines and promotes best practice in science-based target setting and offers resources and guidance to reduce barriers to adoption. The SBTi Corporate Manual is a combination of two previously available resources, the Call to Action Guidelines-which gives information on the four step process for joining the initiative- and the SBTi Manual-which provides stepwise guidance and recommendations for setting SBTs- now combined, streamlined, and newly-released to best support companies throughout all steps of the science-based target setting journey. ",//ungc-production.s3.us-west-2.amazonaws.com/resources/images/5885/show@2x/sbti_cover_new.PNG?1619042561,/library/5885,2021-01-01,Report
Maritime Transport and the COVID-19 Crew Change Crisis: A Tool to Support Human Rights Due Diligence,"The Human Rights Due Diligence Tool provides guidance and a checklist for cargo owners, charterers and logistics providers to conduct human rights due diligence across their supply chains to identify, prevent, mitigate and address adverse human rights impacts for seafarers impacted by the ongoing Covid-19 crisis.",//ungc-production.s3.us-west-2.amazonaws.com/resources/images/5886/show@2x/Maritime_Human_Rights_Risks_and_the_COVID-19_Crew_Change_Crisis_cover.PNG?1620309239,/library/5886,2021-01-01,Report
Achieving the Living Wage Ambition: Reference Sheet and Implementation Guidance,"Description: Part of the UN Global Compact SDG Ambition Accelerator Initiative, the Living Wage Ambition is one of ten SDG Ambition Benchmarks aiming at challenging organizations to set more ambitious targets and accelerating integration of the 17 Sustainable Development Goals (SDGs) into core business management. This ambition is encouraging companies to provide and promote a living wage as an essential aspect of decent work to ensure all workers, families and communities can live in dignity. The guide “Achieving the Living Wage Ambition: Reference Sheet and Implementation Guidance” provides illustrative details regarding the steps to take to successfully implement a living wage programme in a company’s business system which will lead to all employees being provided with wages and benefits that are sufficient to cover at least their basic needs. For more information on the SDG Ambition Accelerator Initiative please visit here.",//ungc-production.s3.us-west-2.amazonaws.com/resources/images/5887/show@2x/sdg-ambition-cover.PNG?1621976229,/library/5887,2021-01-01,Report
EXECUTIVE SUMMARY - SDG 16 Business Framework Inspiring Transformational Governance,"Executive Summary of the SDG 16 Business Framework: Inspiring Transformational Governance. The Framework provides companies with guidance on strengthening business culture, ethics and performance and supporting public institutions, laws and systems. It sets out the theory of transformational governance and how it is underpinned by the targets and tenets of SDG 16: peace, justice and strong institutions. It presents the what, why and, most importantly, how of transformational governance through guidance and examples for each target of SDG 16.",//ungc-production.s3.us-west-2.amazonaws.com/resources/images/5888/show@2x/summary-cover.PNG?1622053565,/library/5888,2021-01-01,Policy Document
"Advancing Business Understanding of Peace, Justice and Strong Institutions Country Consultation Reports","The UN Global Compact’s Action Platform for Peace, Justice and Strong Institutions promotes business engagement on SDG 16, including through the SDG 16 Business Framework I Inspiring Transformational Governance. In order to inform the Framework and to explore the themes of peace, justice and strong institutions within a national and regional context, a series of 14 country consultations were held with representatives from business, Global Compact Local Networks, civil society, government and academia in attendance. The following is a compilation of the reports from these workshops.",//ungc-production.s3.us-west-2.amazonaws.com/resources/images/5889/show@2x/Cover_photo_-_14_country_consultations_.png?1622148930,/library/5889,2021-01-01,Policy Document
"ADVANCING BUSINESS UNDERSTANDING OF PEACE, JUSTICE AND STRONG INSTITUTIONS - COUNTRY CONSULTATION GLOBAL SYNTHESIS REPORT","The UN Global Compact’s Action Platform for Peace, Justice and Strong Institutions promotes business engagement on SDG 16, including through the SDG 16 Business Framework I Inspiring Transformational Governance. In order to inform the Framework and to explore the themes of peace, justice and strong institutions within a national and regional context, a series of 14 country consultations were held with representatives from business, Global Compact Local Networks, civil society, government and academia in attendance. The following synthesis of these discussions.",//ungc-production.s3.us-west-2.amazonaws.com/resources/images/5890/show@2x/advancing_cover.PNG?1622142770,/library/5890,2021-01-01,Policy Document
Accelerating Blue Bonds Issuances in Latin America and the Caribbean,"Provides a comprehensive look at a new asset class to mobilize capital to solve water-related challenges, create sustainable ocean business opportunities and signal responsible ocean stewardship.",//ungc-production.s3.us-west-2.amazonaws.com/resources/images/5891/show@2x/blue_bond_cover2.PNG?1623078573,/library/5891,2021-01-01,Report
Target Gender Equality Case Studies,"Through the Target Gender Equality Newsletter, stories of action and impact across the globe are shared, featuring Global Compact companies and the individuals that are driving change within their organizations and beyond. Read more about the companies moving the needle to advance gender equality in the workplace, marketplace and community. Sign up to future newsletter here.",//ungc-production.s3.us-west-2.amazonaws.com/resources/images/5892/show@2x/case_study_cover.PNG?1623256572,/library/5892,2021-01-01,Case Example
Target Gender Equality Interviews with Female Leaders," Through the Target Gender Equality Newsletter, stories of action and impact across the globe are shared, featuring Global Compact companies and the individuals that are driving change within their organizations and beyond. Read more about the women moving the needle to advance gender equality in the workplace, marketplace and community. Sign up to future newsletter here.",//ungc-production.s3.us-west-2.amazonaws.com/resources/images/5893/show@2x/when_she_leads_cover.PNG?1623256615,/library/5893,2021-01-01,Case Example
Taking the Temperature. Assessing and scaling-up climate ambition in the G7 business sector,"This new report from the Science Based Targets initiative (SBTi), prepared by CDP and the UN Global Compact, takes stock of corporate climate ambition in G7 countries, assessing the temperature ratings of the leading equity indexes of these markets. Analysis is based on emissions reduction target data submitted by companies to CDP and the SBTi. It focuses on mid-term rather than long-term target data, given the urgency to halve emissions by 2030. The report frames science-based target setting as the solution to bridge the ambition gap, outlining four levers to unlock breakthrough climate mitigation action through science-based targets.",//ungc-production.s3.us-west-2.amazonaws.com/resources/images/5894/show@2x/sbt-cover-new.PNG?1623343195,/library/5894,2021-01-01,Report
Leadership Briefing from the UN Global Compact,"Overview of initial findings emerging from the 2021 UN Global Compact Annual Implementation Survey and the 2021 UN Global Compact-Accenture CEO survey. This ""first look"" overview was presented at the 2021 UN Global Compact Leaders Summit, findings will be released through the rest of 2021. View the data visualization here.",//ungc-production.s3.us-west-2.amazonaws.com/resources/images/5895/show@2x/briefing_covef.PNG?1623852908,/library/5895,2021-01-01,Report
Uniting against Corruption: A Playbook on Anti-Corruption Collective Action,"Uniting against Corruption: A Playbook on Anti-Corruption Collective Action was developed as part of the UN Global Compact multi-year project Scaling up Anti-Corruption Collective Action within Global Compact Local Networks. With the six-step approach and deep dives on key roles throughout the Collective Action process, the Playbook enables readers to make a clear diagnosis of their local corruption landscape, identify and engage stakeholders and apply the Collective Action methodology to address identified corruption challenges and mitigate potential business risks. Ultimately this Playbook aims to mainstream the understanding and uptake of Collective Action among Global Compact Local Networks, businesses and other relevant stakeholders.",//ungc-production.s3.us-west-2.amazonaws.com/resources/images/5896/show@2x/corruption_cover.PNG?1623789686,/library/5896,2021-01-01,Report
CFO Principles KPIs and Definitions for Progress Measurement and Target Setting,This document contains a set of Key Performance Indicators (KPIs) to measure progress towards the implementation of the CFO Principles on Integrated SDG Investment and Finance,//ungc-production.s3.us-west-2.amazonaws.com/resources/images/5929/show@2x/cfo_cover_new.PNG?1625238816,/library/5929,2021-01-01,Report
The SME Guide to Corporate Sustainability,"To help SMEs gear up for their exciting journeys in sustainability, Global Compact Network Singapore is pleased to launch its inaugural SME Guide to Corporate Sustainability. The SME Guide shines a spotlight on latest sustainability trends and offers insights on how to adapt. It comes with a 6-step process to get started and useful tools and resources to support business transformation.",//ungc-production.s3.us-west-2.amazonaws.com/resources/images/5933/show@2x/sme_guide_to_corporate.PNG?1630511485,/library/5933,2021-01-01,Report
The Future Is Green And Inclusive - Eastern Europe,"Making Global Goals Local Business - Georgia was a platform for business, UN and Government to foster multi-stakeholder dialogues and yield new partnerships. Following the event, Global Compact Local Networks Georgia, Ukraine, Serbia, North Macedonia, Croatia, Russia, Poland and Turkey have collected case studies featuring effort from the private sector to deliver significant cuts in carbon emissions and accelerate the transition to clean energy. This publication co-developed by the Local Networks compiles these examples demonstrating a growing momentum in the region towards net-zero emissions and a green transition in Eastern Europe.",//ungc-production.s3.us-west-2.amazonaws.com/resources/images/5966/show@2x/future_is_green.PNG?1631281864,/library/5966,2021-01-01,Policy Document
Charting a 1.5°C Trajectory for Maritime Transport,"  Outlines a set of key actions and recommendations for business leaders and policy makers to accelerate an equitable decarbonization of maritime transport in line with a 1.5°C trajectory. The brief is the outcome of the UN Global Compact ""Blue Road to COP 26,"" a multi-stakeholder work stream to advance ocean-based climate solutions.",//ungc-production.s3.us-west-2.amazonaws.com/resources/images/5967/show@2x/charting_1.5.PNG?1631900989,/library/5967,2021-01-01,Policy Document
Blueprint for a Climate-Smart Ocean to Meet 1.5°C,"This Blueprint lays out six key steps to unlock a climate-smart ocean to meet 1.5 C, from innovative ocean management and human-centred policies, to harnessing blue finance and leveraging the ocean-climate nexus in political processes. The blueprint is the outcome of the UN Global Compact Blue Road to COP 26 multi-stakeholder workstream.",//ungc-production.s3.us-west-2.amazonaws.com/resources/images/5968/show@2x/Climate_nexus.PNG?1631901207,/library/5968,2021-01-01,Policy Document
"Gender Equality, Diversity & Inclusion Spotlight","Findings in this data deep dive are based on the Annual Implementation Survey and CEO Study of the UN Global Compact - the world’s most comprehensive insights on business contribution to the UN Sustainable Development Goals to date. Topic spotlights provide latest insight and reflections on gender equality, LGBTIQ+ protection and systemic racism from business leaders from around the world.",//ungc-production.s3.us-west-2.amazonaws.com/resources/images/5969/show@2x/gender_equality_new_cover.PNG?1632151135,/library/5969,2021-01-01,Report
UN Global Compact Africa Strategy 2021–2023,The UN Global Compact Africa Strategy 2021-2023 aims to accelerate and scale the impact of the private sector to drive progress towards the Sustainable Development Goals across the African continent.,//ungc-production.s3.us-west-2.amazonaws.com/resources/images/5970/show@2x/africa_strategy_cover.PNG?1632152868,/library/5970,2021-01-01,Report
UN LGBTIQ+ Standards Gap Analysis Tool,"Guides companies in implementing the UN Standards of Conduct for Business to tackle discrimination against lesbian, gay, bi, trans, intersex and queer people in the workplace and beyond. The LGBTIQ+ Tool consists of a gap analysis methodology and questionnaire and is supported by a scoring system and recommendations on how to close gaps and strengthen policies, processes and methodologies to ensure LGBTIQ+ inclusivity.  ",//ungc-production.s3.us-west-2.amazonaws.com/resources/images/5971/show@2x/lgbt_website.PNG?1632328720,/library/5971,2021-01-01,Website
Nine Business Practices for Improving Safety and Health Through Supply Chains and Building a Culture of Prevention and Protection,"Identifies practices that businesses can implement to advance decent work and improve occupational safety and health (OSH) globally. Co-developed by the United Nations Global Compact and the International Labour Organization, the brief focuses on the role that businesses can play in ensuring safe and healthy workplaces, especially when operating in countries with deficient national safety and health and employment injury protection schemes. It further recognizes the important link between sound OSH practices and effective employment injury insurance schemes: the most desirable mechanisms to protect the incomes of workers who suffer work-related injuries and cover their medical costs.",//ungc-production.s3.us-west-2.amazonaws.com/resources/images/5972/show@2x/9_business_practices.PNG?1632852173,/library/5972,2021-01-01,Report
Taking the Temperature: Unlocking Breakthrough Climate Action in the G20,"This factsheet from the Science Based Targets initiative (SBTi), prepared by CDP and the UN Global Compact builds on our Taking the Temperature report ahead of the G7 Summit in June 2021. It finds that across the G20, 4215 companies have disclosed climate targets to CDP but just 20% of these are science-based targets in line with Paris Agreement goals. This is made up of 2999 companies in the G7 and 1216 companies in the G13. In the G7, 25% of targets are science-based, compared to just 6% in the G13.",//ungc-production.s3.us-west-2.amazonaws.com/resources/images/5973/show@2x/temp_cover.PNG?1632854035,/library/5973,2021-01-01,Report
Seaweed as a Nature-Based Climate Solution Vision Statement,"Positions seaweed, or marine macroalgae, as a significant nature-based climate solution with large scaling potential that can directly sequester carbon and indirectly displace greenhouse gas emissions in numerous ways, with clear economic and ecological co-benefits that make it a form of “charismatic carbon” and a holistic nature-based climate solution. This vision statement is a core deliverable of the UN Global Compact ""Blue Road to COP 26.""",//ungc-production.s3.us-west-2.amazonaws.com/resources/images/5974/show@2x/climate_solution_cover.PNG?1632942321,/library/5974,2021-01-01,Policy Document
"Women, Peace and Security: A Guidance for Business","This guidance builds on existing frameworks such as the Ten Principles of the United Nations Global Compact, the Sustainable Development Goals, the Women’s Empowerment Principles, and the UN Guiding Principles on Business and Human Rights. It explains the role companies can play in contributing to the achievement of the key pillars of the WPS agenda, particularly  in relation to women’s economic empowerment in fragile and conflict-affected areas.",//ungc-production.s3.us-west-2.amazonaws.com/resources/images/5975/show@2x/women_peace_cover.PNG?1634749504,/library/5975,2021-01-01,Report
The 2021 United Nations Global Compact–Accenture CEO Sustainability Study,"The United Nations Global Compact–Accenture CEO Sustainability Study offers a candid look at perspectives of more than 1,230 CEOs across 113 countries and 21 industries at the urgent opportunities and challenges for leaders to address the climate crisis. The full report will be released here on 1 November 2021.",//ungc-production.s3.us-west-2.amazonaws.com/resources/images/5976/show@2x/ceo_study_cover.PNG?1635610261,/library/5976,2021-01-01,Report
Roadmap to Integrate Clean Offshore Renewable Energy into Climate-smart Marine Spatial Planning,"This roadmap presents a framework for climate-smart MSP aiming to respond to the urgency of decarbonization that is needed to meet the meet the Paris Agreement temperature goal to limit global warming to 1.5°C. Specifically, it strives to support a more rapid, socially acceptable and just implementation of offshore renewable energy as one of the key clean energy sources for getting to net zero as quickly as possible. As such, the roadmap encourages not only an increase of offshore renewable energy — with offshore wind energy being the most promising option currently — but also its co-use with other climate-smart uses of the ocean and climate solutions — such as natural carbon sinks and nature restoration, low-trophic aquaculture and other innovative forms of renewable energy.",//ungc-production.s3.us-west-2.amazonaws.com/resources/images/5977/show@2x/roadmap_cover.PNG?1635951813,/library/5977,2021-01-01,Report
Status Report: Business Ambition for 1.5°C - Responding to the Climate Crisis,"  This Status Report showcases and celebrates the achievements of the Science Based Targets initiative's Business Ambition for 1.5°C campaign and its contribution to a net zero world over the past two and a half years, while outlining what is ahead: transforming credible commitments into tangible actions and reporting on progress.",//ungc-production.s3.us-west-2.amazonaws.com/resources/images/5978/show@2x/status_report_cover.PNG?1636480170,/library/5978,2021-01-01,Infographic
SBTi Corporate Net-Zero Standard,"  The SBTi’s Corporate Net-Zero Standard (also referred to as the Net-Zero Standard) provides guidance, criteria, and recommendations to support corporates in setting net-zero targets through the SBTi. The main objective of this standard is to provide a standardized and robust approach for corporates to set net-zero targets that are aligned with climate science. The intended audience for this document is corporates with more than 500 employees that wish to commit to setting net-zero targets through the SBTi.",//ungc-production.s3.us-west-2.amazonaws.com/resources/images/6011/show@2x/SBTi_cover_net_zero.PNG?1640190081,/library/6011,2021-01-01,Report
Children's Rights and Business Principles,"Developed by the United Nations Global Compact, UNICEF and Save the Children – the Children’s Rights and Business Principles are the first comprehensive set of principles to guide companies on the full range of actions they can take in the workplace, marketplace and community to respect and support children’s rights. While the business and human rights agenda has evolved significantly in recent years, a child rights perspective has not yet been explicitly addressed. (https://childrenandbusiness.org/)",/images/show@2x/missing.png,/library/6013,2021-01-01,Website
Frequently Asked Questions About the Guiding Principles on Business and Human Rights, Explains the background and the contents of the Guiding Principles on Business and Human Rights and how they relate to the broader human rights system and other frameworks. It aims to help both practitioners and newcomers to navigate the Guiding Principles and improve their understanding of the Guiding Principles by placing these in context.,//ungc-production.s3.us-west-2.amazonaws.com/resources/images/5731/show@2x/FAQ_About_the_Guiding_Principles_on_Business_and_Human_Rights.PNG?1578415001,/library/5731,2020-01-01,Report
SDG Ambition – Scaling Business Impact for the Decade of Action,"This publication is an introduction to SDG Ambition — an new initiative of the UN Global Compact. By raising ambition, deepening integration, and embracing new technologies we believe business can become a leading actor in achieving the Sustainable Development Goals (SDGs). With the launch of SDG Ambition, the UN Global Compact is proud to share its new SDG Implementation Framework, which aims to guide companies to deepen integration of the SDGs and Ten Principles into business strategy, operations, and stakeholder engagement.",//ungc-production.s3.us-west-2.amazonaws.com/resources/images/5732/show@2x/SDGambition.PNG?1579299127,/library/5732,2020-01-01,Report
UNGC 2020 Business Plan,"The United Nations Global Compact has recently developed a transformational 2020 Global Strategy that provides a lens through which the initiative and its stakeholders can view the current and future opportunity for the initiative to create game-changing impact through private sector contributions to the UN 2030 Agenda for Sustainable Development. Under the umbrella of the 2020 Strategy, this document presents an annualized strategic plan articulating the key priorities and associated financial resource allocations that will enable the UN Global Compact to achieve its 2020 ambitions.",//ungc-production.s3.us-west-2.amazonaws.com/resources/images/5733/show@2x/Business_Plan_Cover.PNG?1580164938,/library/5733,2020-01-01,Policy Document
Why climate change and human rights are a business issue,"Highlights the central role businesses play in determining whether or not global temperature increases can be limited to 1.5°C by 2050, and identifies key issues that businesses should consider when assessing climate change and human rights - such as climate refugees, human trafficking, litigation hotspots, investor demands, and cost of inaction. ",//ungc-production.s3.us-west-2.amazonaws.com/resources/images/5735/show@2x/climate_change_cover.PNG?1580249214,/library/5735,2020-01-01,Report
See how companies are reporting on the SDGS,"Since the adoption of the Sustainable Development Goals (SDGs) in 2015, more and more companies are disclosing how they are impacting them and contributing to their achievement. The examples featured below help businesses and interested stakeholders identify select current corporate SDG reporting practices. The examples focus on one or a few elements of the broader corporate reporting process and steps outlined in the ‘Practical Guide Integrating the SDGs into Corporate Reporting.’ Please consult the Practical Guide for best practices on SDG reporting.",//ungc-production.s3.us-west-2.amazonaws.com/resources/images/5736/show@2x/sdg_reporting_cover.PNG?1581711723,/library/5736,2020-01-01,Case Example
Women's Empowerment and Business: 2020 Trends and Opportunities,"Examines the aggregate results of companies using the Women's Empowerment Principles Gender Gap Analysis Tool with an aim to provide insights on global corporate performance on gender equality and and showcase the efforts of partners and other stakeholders to drive women's empowerment around the world. The report concludes that while corporate support for gender equality is strong, businesses have yet to introduce measurable targets and robust accountability mechanisms to ensure progress. ",//ungc-production.s3.us-west-2.amazonaws.com/resources/images/5738/show@2x/Screen_Shot_2020-03-11_at_1.01.45_PM.png?1583946129,/library/5738,2020-01-01,Report
Debating Disclosure: The Pros and Cons of Corporate Transparency,"Businesses are facing increasing demands from their stakeholders to be more transparent about their practices and exposure to risks related to their environmental, social, and governance (ESG) performance. Pushing against the trend for more transparency are the costs of data collection, requirements for assurance, exposure to legal jeopardy, and legitimate perceptions of reputational risk. This report navigates this ‘transparency dilemma’, to build a better understanding of the risk/return profile of transparency and thereby help companies to balance competing interests.",//ungc-production.s3.us-west-2.amazonaws.com/resources/images/5739/show@2x/Briefing_Debate_Disclosure.PNG?1586371287,/library/5739,2020-01-01,Report
Decent Work Toolkit for Sustainable Procurement,"The Decent Work Toolkit for Sustainable Procurement will enable companies, procurement professionals and suppliers to develop a common understanding on how to advance decent work through purchasing decisions and scaling up efforts to improve lives around the globe. With a focus on trust and transparency, the Decent Work Toolkit for Sustainable Procurement is publicly available to all and contains real-life examples of buyers and suppliers jointly addressing decent work concerns in global supply chains.",//ungc-production.s3.us-west-2.amazonaws.com/resources/images/5740/show@2x/Toolkit_Cover.PNG?1586965852,/library/5740,2020-01-01,Website
Blue Bonds Reference Paper,"Outlines the opportunities for the ESG bond market to secure capital for ocean-related projects and companies that have made, or are planning to make, a significant contribution to the Sustainable Development Goals. The Sustainable Ocean Principles of the UN Global Compact serve as a baseline for issuers to ensure they meet the minimum expectations of a holistic approach to sustainability aligned with the SDGs.",//ungc-production.s3.us-west-2.amazonaws.com/resources/images/5741/show@2x/blue_bonds_cover.PNG?1588167332,/library/5741,2020-01-01,Report
Ocean Stewardship 2030,"Offers a roadmap for how ocean-related industries and policymakers can jointly secure a healthy and productive ocean by 2030. The report describes five critical areas of success. For each area, the report suggests two ambitions and puts forward several recommendations addressing critical dimensions of public and private actions to accelerate ocean-related solutions.",//ungc-production.s3.us-west-2.amazonaws.com/resources/images/5742/show@2x/Ocean_Stewardship_2030_Report_cover.PNG?1590779505,/library/5742,2020-01-01,Report
Seaweed Manifesto,"Defines a vision for the seaweed industry: an upscaled, responsible and restorative seaweed industry, playing a globally significant role in food security, climate change mitigation, and support to the marine ecosystem, as well as contributing to job-creation and poverty alleviation. Explores the challenges and barriers for responsible development of the industry.",//ungc-production.s3.us-west-2.amazonaws.com/resources/images/5743/show@2x/seaweed_rev_cover.PNG?1631120989,/library/5743,2020-01-01,Report
Advancing Science for Sustainable Ocean Business,Outlines the opportunities for the private sector to support the objectives of the Decade of Ocean Science (2021-2030). Developed in collaboration with the UN Global Compact and IOC-UNESCO to raise the awareness of the Decade among private sector partners and draw the private sector’s attention to the key role of ocean science in building the blue economy in a sustainable manner.,//ungc-production.s3.us-west-2.amazonaws.com/resources/images/5744/show@2x/Advancing-Science-for-Sustainable-Ocean-Business_Cover.PNG?1591277801,/library/5744,2020-01-01,Report
Leadership for the Decade of Action,"Defines the unique characteristics possessed by leaders who are integrating sustainability across strategy, operations and stakeholder engagement and what this means for how CEOs, board members and executives are selected. Based on interviews with Board Members and CEOs, this white paper makes clear that the achievement of the 2030 Agenda for Sustainable Development requires transformational business leaders who understand the need to look beyond near-term profits and embrace their role as change agents — both within and beyond their firms and broader ecosystems. This report is available in English and Chinese.",//ungc-production.s3.us-west-2.amazonaws.com/resources/images/5745/show@2x/decade_of_action_cover.PNG?1592178018,/library/5745,2020-01-01,Case Example
UN Global Compact 20th-Anniversary Progress Report: Uniting Business in the Decade of Action,"Provides an assessment of how companies participating in the UN Global Compact are adopting the Ten Principles and taking action to deliver on the Sustainable Development Goals (SDGs). Based on data collected as part of the UN Global Compact annual survey, the report takes stock of how businesses are performing on critical sustainability topics. For the first time, the 2020 report reviews data from a sectoral perspective. It also dives into the current state of progress for specific industry contributions to the SDGs. Broadly, the report finds that companies need to take more ambitious actions, at scale, to meet the objectives of the 2030 Agenda and create the world we want. This special 20th-anniversary edition of the UN Global Compact Progress Report was developed in collaboration with DNV GL. ",//ungc-production.s3.us-west-2.amazonaws.com/resources/images/5747/show@2x/Progress-Report-Cover.PNG?1592182460,/library/5747,2020-01-01,Report
2020 Pressures Report,"The black summer of 2019-2020 has seen the Australian landscape suffer unprecedented destruction. Climate change will continue to dramatically alter our environment, threatening political stability, degrading entire ecosystems, displacing whole communities and undermining business operations. To respond, businesses will need to undergo drastic transformations, embrace emerging economic opportunities and deeply embed principles of sustainability. Businesses no longer have the luxury of time. They must step away from a business as usual approach and reposition themselves as more responsible and sustainably savvy. In 2020, activism will continue to grow globally; lack of trust in both public and private institutions shows no signs of waning; investor pressures on businesses to perform better in matters of ESG will become more pointed; the gap between those that understand business ethics versus those that do not will grow; and the need for business leaders to set bolder human rights and environmental targets will become more pronounced. This report outlines the key pressures facing businesses in 2020, and what companies can do to take advantage of the opportunities presented by the challenges in our landscape to ensure their long-term viability. The opportunity for business to respond and lead the change is clear. How they choose to tackle these major pressures however will be both critical and defining.",//ungc-production.s3.us-west-2.amazonaws.com/resources/images/5748/show@2x/2020_pressure_report.PNG?1595527988,/library/5748,2020-01-01,Report
Strengthening Resilience: Acting on Climate Change and Health,"The recent Black Summer of bushfires has sharpened the focus on how climate change affects health and served as a wake-up call for governments and business to understand the cost of inaction. Whilst climate change is often marked by extreme weather events, rising sea levels and polar bears teetering on melting ice sheets, the impacts on human health if left unaddressed could be devastating. The challenges ahead are immense but as the impacts of climate change become more pronounced, so too does the opportunity for government and business to implement measures that align with the Paris Agreement. Explore what your organisation can do to take action. Read Now",//ungc-production.s3.us-west-2.amazonaws.com/resources/images/5749/show@2x/strength_resilience.PNG?1595528140,/library/5749,2020-01-01,Report
Business and Human Rights: Navigating the legal landscape,"Provides guidance on the evolving business and human rights legal landscape and the consequent legal considerations that apply to multinational companies. Today, multinational companies must navigate increasingly complex human rights obligations, identify human rights risk in supply chains through due diligence, and take steps to mitigate such risks or make public disclosures. This topic is relevant to professionals tasked with embedding sustainability and human rights considerations in their business strategy. This report was developed by Freshfields Bruckhaus Deringer LLP with input from the participants of the UN Global Compact Decent Work in Global Supply Chains Action Platform.",//ungc-production.s3.us-west-2.amazonaws.com/resources/images/5750/show@2x/Business_and_Human_Rights_cover.PNG?1595960675,/library/5750,2020-01-01,Report
Business Guide - Beirut Explosions,"The 4 August port explosions in Beirut came as Lebanon faced a multi-faceted crisis. The United Nations Global Compact, Connecting Business Initiative and UN OCHA are now calling on the private sector to support relief and recovery efforts. Learn what your company can do in the new Business Guide. ",//ungc-production.s3.us-west-2.amazonaws.com/resources/images/5784/show@2x/beirut_explosion_cover.PNG?1597763616,/library/5784,2020-01-01,Report
Sustainable Development Goals: A Guide for Employees,"This Guide equips Australian businesses with the the practical knowledge, tools and skills to tackle existing and future global challenges and accelerate their contributions to the SDGs. The Guide highlights the need for business to play an active role in achieving the SDGs and provides practical guidance and examples to inspire further action. This is through the insights and experiences of many Australian companies leading in their commitments and actions to sustainable business. A guide for Australian senior leaders will provide you with: Better understanding of the SDGs, the benefits the SDGs can provide for business, and the need for business to play an active role in achieving the SDGs; Practical tools and examples to support business leaders to create, demonstrate, measure and communicate their commitment, leadership and actions to achieving the SDGs.",//ungc-production.s3.us-west-2.amazonaws.com/resources/images/5785/show@2x/austrialia_covr.PNG?1597769595,/library/5785,2020-01-01,Report
Navigating Decent Work Challenges in Multi-Tiered Supply Chains: Leadership Brief,"Examines how companies can navigate complex multi-tiered supply chains and their associated challenges as part of their efforts to advance decent work in their global supply chains. While multi-tier supply chains have the advantage of driving efficiency, reducing planning cycle lead times and reducing possible business disruptions, they also increase the risk of causing or contributing to human rights impacts and decent work deficits, particularly in the lower tiers of the chain. This is exacerbated in a crisis situation such as a pandemic, where workers’ rights and conditions may be compromised and income threatened as a result of order cancellations, factory shut-downs, or layoffs. This report seeks to guide multinational enterprises in reducing global supply chain vulnerabilities and provides proactive measures companies can take and best practice examples to draw inspiration from.",//ungc-production.s3.us-west-2.amazonaws.com/resources/images/5786/show@2x/Navigating_Decent_Work_Cover.PNG?1598466170,/library/5786,2020-01-01,Report
Blue Resilience Brief,The Blue Resilience Brief outlines areas where scaling-up joint science-industry action could enhance the resilience of the blue economy and contribute towards a more sustainable future.,//ungc-production.s3.us-west-2.amazonaws.com/resources/images/5787/show@2x/BR_Front_Cover.png?1598537162,/library/5787,2020-01-01,Report
CFO Principles on Integrated SDG Investments and Finance,The CFO Principles supplement the UN Global Compact’s Ten Principles to support companies in the transition to sustainable development and to leverage corporate finance and investments toward the realization of the Sustainable Development Goals (SDGs).    ,//ungc-production.s3.us-west-2.amazonaws.com/resources/images/5788/show@2x/cfo_cover.PNG?1600692597,/library/5788,2020-01-01,Report
Integration Guide: Designing Business Systems for the SDGs,This publication presents the approach through which the ten SDG Ambition benchmarks can be integrated into core business processes and systems to enable effective measurement &amp; management of sustainability performance. Business leaders can use this publication to identify the system opportunities to integrate the SDGs into core business processes.,//ungc-production.s3.us-west-2.amazonaws.com/resources/images/5789/show@2x/SDG_Ambition_IntegrationGuide_Cover.jpg?1600724856,/library/5789,2020-01-01,Report
Ambition Guide: Setting Goals for the Decade of Action,This publication establishes the initial set of SDG Ambition benchmarks that challenge organizations to set more ambitious goals and targets in the areas in which business is positioned to have a substantial impact. Business leaders can use this document to support their strategy and set goals ambitious enough to deliver the SDGs by 2030.,//ungc-production.s3.us-west-2.amazonaws.com/resources/images/5791/show@2x/SDG_Ambition_AmbitionGuide_Cover.jpg?1600722860,/library/5791,2020-01-01,Report
Financial Sector Science -Based Targets Guidance,"Financial institutions are the key to unlocking the system-wide change needed to reach net-zero emissions and limit global warming to 1.5°C above pre-industrial temperatures. The Science Based Targets initiative’s new framework allows financial institutions – including banks, investors, insurance companies, pension funds and others – to set science-based targets to align their lending and investment activities with the Paris Agreement.",//ungc-production.s3.us-west-2.amazonaws.com/resources/images/5795/show@2x/financial_sector_cover.PNG?1602614396,/library/5795,2020-01-01,Report
Foundations for Science- Based Net- Zero Target Setting in the Corporate Sector,"The Science Based Targets initiative (SBTi) has launched a process to develop the first science-based global standard for corporate net-zero target setting, to ensure that companies’ net-zero targets translate into action that is consistent with achieving a net-zero world by no later than 2050. The paper lays out the conceptual foundations for corporate net-zero target setting, including clarity on what it means for companies to reach net-zero emissions, analysis of existing net-zero target setting practices, assessment of strategies that are consistent with achieving a net-zero economy, and initial recommendations for science-based net-zero goals. The conceptual foundations discussed in the paper will be translated into detailed guidelines and criteria to be developed by the initiative as part of a continued multi-stakeholder process.",//ungc-production.s3.us-west-2.amazonaws.com/resources/images/5796/show@2x/foundations_covers.PNG?1602614380,/library/5796,2020-01-01,Report
How to Understand and Take Action on the Global Goals,"How to Understand and Take Action on the Global Goals’ is an interactive, 30-minute e-learning course designed for professionals at all levels to learn more about integrating the Global Goals and sustainability into the business world. On the course, you’ll learn to: Understand the 17 Global Goals and the Ten Principles of the UN Global Compact Take four practical steps to make a meaningful, long-lasting contribution to the Global Goals in your business",//ungc-production.s3.us-west-2.amazonaws.com/resources/images/5797/show@2x/e_learning_cover.PNG?1602622504,/library/5797,2020-01-01,Website
Practical Guidance to Issue a Blue Bond,"Identifies opportunities for blue bonds to secure funding for ocean-related projects and companies that contribute to the achievement of the Sustainable Development Goals (SDGs). The guidance outlines a number of pillars of best practices, as well as benchmarks and frameworks for companies interested in issuing a blue bond aligned with a sustainability strategy to advance a healthy, productive ocean",//ungc-production.s3.us-west-2.amazonaws.com/resources/images/5798/show@2x/Practical_Guidance_to_Issue_a_Blue_Bond.jpg?1604592387,/library/5798,2020-01-01,Report
Family-Friendly Workplaces: Policies and Practices to Advance Decent Work in Global Supply Chains,"  Guides employers in implementing family-friendly policies that support parents and caregivers in their own operations and using their influence and leverage to promote such policies among business partners and within their supply chains.  Conditions of employment not only have a significant impact on the well-being of workers but also their children and families. Yet, for the hundreds of millions of workers in global supply chains, basic entitlements that provide them with the time, services and resources to support their families are widely absent. The large-scale business disruptions and the socioeconomic crisis resulting from COVID-19 have exacerbated the situation. Now, more than ever, family-friendly policies and practices are needed to support workers and their families during the crisis and beyond.",//ungc-production.s3.us-west-2.amazonaws.com/resources/images/5831/show@2x/family_cover.PNG?1604692450,/library/5831,2020-01-01,Report
Gender Equality in African Businesses Best Practices,"This collection of case studies and business guidelines, compiled by Global Compact Local Networks across Africa, highlights how business and other partners are working to advance gender equality. Including company examples, as well as key resources and relevant gender-equality activities taking place at regional and local levels, this report hopes to inspire and challenge more companies to move from commitment to action and to play a leading role in ensuring that gender equality means business.",//ungc-production.s3.us-west-2.amazonaws.com/resources/images/5832/show@2x/Gender_Equality_Cover.PNG?1606757819,/library/5832,2020-01-01,Report
Target Gender Equality Newsletter,"Through the Target Gender Equality Newsletter, stories of action and impact across the globe are shared, featuring Global Compact companies and the individuals that are driving change within their organizations and beyond. The Newsletter also showcases the work of our Target Gender Equality Global Coalition member organizations that can further support business in advancing progress on gender equality. Sign up to future newsletter here.",//ungc-production.s3.us-west-2.amazonaws.com/resources/images/5833/show@2x/Gender_Equality_newsletter.PNG?1608063841,/library/5833,2020-01-01,Case Example
Gender Equality: How Business Can Accelerate the Pace of Change,"Gender equality is both a fundamental human right and a necessary foundation for a peaceful, prosperous and sustainable world. Yet, at the current rate of progress, it will take over 10 generations to close the economic gender gap. This 30-minute e-learning course will help you understand the role of business in advancing gender equality and the concrete steps that all companies can take to help accelerate the pace of change. By completing this session and related learning materials, you will learn: Why gender equality and women’s empowerment is a prerequisite to achieving the Sustainable Development Goals. How your company can contribute to the achievement of SDG 5. How to build the business case for gender equality in your company. How the Women’s Empowerment Principles and other key frameworks, Tools and resources can support your business. -Concrete steps that your business can take to mainstream gender equality into strategy and operations.",/images/show@2x/missing.png,/library/5834,2020-01-01,Website
Setting Science-Based Targets,"Prepared in close cooperation with the Science Based Targets initiative (SBTi), the session aims at breaking down and illustrating the complexities around science-based targets (SBTs), introducing the initiative and showcasing the benefits of setting SBTs. Science-based targets provide companies with a clearly defined pathway to reduce greenhouse gas (GHG) emissions, helping prevent the worst impacts of climate change and future-proof business growth. In light of the latest climate science, the UN Global Compact calls on all companies to set their science-based targets with 1.5°C pathways and reach net-zero emissions by no later than 2050. This Academy e-learning course will guide you in the process of setting a science-based target in support of a net-zero future. It will also offer an opportunity to hear from other companies about why they think setting science-based targets makes good business sense.",//ungc-production.s3.us-west-2.amazonaws.com/resources/images/5835/show@2x/e_learning_course_cover.PNG?1611854109,/library/5835,2020-01-01,Website
Oil and Gas Practical Guidance for the Sustainable Ocean Principles,"Maps current regulations, business standards and best and emerging practices for the oil and gas sector to implement the Sustainable Ocean Principles. The scope of this document is all activities related to the exploration, production, processing, transport and commercialization of oil and gas products in the ocean.  For each principle, the Practical Guidance provides a set of actions which can be implemented.",//ungc-production.s3.us-west-2.amazonaws.com/resources/images/5872/show@2x/oil_and_gas_cover.PNG?1612907635,/library/5872,2020-01-01,Report
Aquaculture Practical Guidance for the Sustainable Ocean Principles,"Maps current regulations, business standards and best emerging practices for the aquaculture sector to implement the Sustainable Ocean Principles. The scope of this document is aquaculture - defined here as farming of aquatic resources for human consumption.",//ungc-production.s3.us-west-2.amazonaws.com/resources/images/5873/show@2x/Aquaculture_Cover.PNG?1612974615,/library/5873,2020-01-01,Report
Ocean Renewable Energy Practical Guidance for the Sustainable Ocean Principles,"Maps current regulations, business standards and best and emerging practices for the ocean renewable energy sector to implement the Sustainable Ocean Principles. The guidance in this document has a strong focus on offshore wind, which is currently the most utilized and mature power generation technology in the ocean. This guidance is also applicable to less mature technologies, such as wave, tidal and floating solar, where potential is recognized, and development is encouraged.",//ungc-production.s3.us-west-2.amazonaws.com/resources/images/5874/show@2x/ocean_renewable_cover.PNG?1612974728,/library/5874,2020-01-01,Report
Seaweed Practical Guidance for the Sustainable Ocean Principles,"Maps current regulations, business standards and best and emerging practices for the seaweed sector to implement the Sustainable Ocean Principles. The scope of this document is the seaweed industry, the production and use of macroalgae for any purpose. The guidance outlined has relevance for activities along the entire value chain, with a dual focus on both wild harvest and cultivation.",//ungc-production.s3.us-west-2.amazonaws.com/resources/images/5875/show@2x/Seaweed_Front_Page_%281%29.png?1612974959,/library/5875,2020-01-01,Report
Fisheries Practical Guidance for the Sustainable Ocean Principles,"Maps current regulations, business standards and best practices for the fisheries sector to implement the Sustainable Ocean Principles. The scope of this document is marine capture fisheries, defined as the sum (or range) of all activities to harvest and process a given fish resource from the ocean. The guidance is addressed to all stakeholders operating throughout marine fishery value chains.",//ungc-production.s3.us-west-2.amazonaws.com/resources/images/5876/show@2x/fish_cover_%281%29.png?1612975036,/library/5876,2020-01-01,Report
Stakeholder Inclusion as an Accelerator for the Sustainable Development Goals,"Global Compact Network Netherlands, with the support of employers' organisation VNO-NCW, carried out a study into stakeholder involvement by Dutch companies. This research shows that companies that actively involve their stakeholders in their organization are successful in implementing solutions to the societal challenges, as expressed by the SDGs. Political and social stakeholders are also expected to be more involved in the business. In this publication Global Compact Network Netherlands provides a model and a practical questionnaire for companies to raise their stakeholder engagement to a higher level.",//ungc-production.s3.us-west-2.amazonaws.com/resources/images/5877/show@2x/Stakeholder_inclusion_cover.PNG?1614706824,/library/5877,2020-01-01,Report
Closing the SDG Financing Gap in ASEAN: A Sustainable Finance Guide for Corporates,"This report is a guide for ASEAN corporates who want their company to get started with sustainable finance or bring their sustainable finance journey to the next level. Learn more about the regional business case for sustainable finance and how it supports the triple-bottom line of people, planet and profit. Gain insights on local market players’ perspectives on the role businesses can play to close the SDG financing gap in ASEAN.",//ungc-production.s3.us-west-2.amazonaws.com/resources/images/5934/show@2x/closing_the_sdg_financing_gap.PNG?1630511656,/library/5934,2020-01-01,Report
Global Opportunity Report Series,"Investigates six sectors and analyzes how selected companies have turned climate risks into climate opportunities. Considered one of the most urgent risks, climate change is already determining how markets are evolving. Factors like new consumer preferences, new regulations, changing investor focus and market prices will increasingly favour the climate, and create a new kind of pressure on companies.",//ungc-production.s3.us-west-2.amazonaws.com/resources/images/1171/show@2x/GOE_cover.JPG?1549487153,/library/1171,2019-01-01,Report
Making Global Goals Local Business: Responsible business in the era of the Sustainable Development Goals,Provides an inspirational overview of the UN Global Compact journey to “Make Global Goals Local Business” by driving awareness and responsible business action to support the achievement of the Sustainable Development Goals by 2030.,//ungc-production.s3.us-west-2.amazonaws.com/resources/images/4321/show@2x/MGGLB-2019.jpg?1570477564,/library/4321,2019-01-01,Report
Science-based climate targets as the basis for a corporate climate strategy,"Updated version Within the Peer Learning Group Climate of the German Global Compact Network (DGCN), companies explored the challenges associated with developing climate targets, and discussed possible solutions, methods and applications with experts and representatives from the Science Based Targets Initiative (SBTi). This publication summarizes core findings of the discussion and proposes solutions to challenges. The focus is on the selection of a method for developing a science-based GHG emission reduction path, the interpretation of results, the criteria of the SBTi for an official approval of science-based targets, and the treatment of scope 3 emissions. Thereby, the paper serves as a compact introduction science-based target setting.",//ungc-production.s3.us-west-2.amazonaws.com/resources/images/5652/show@2x/SBTI-_cover.JPG?1547653485,/library/5652,2019-01-01,Report
Business School Rankings for the 21st Century,Provides an overview of the current state of the business school rankings and suggests possible changes to help align business school education with the needs of the 21st century. It includes 20 actions to improve evaluation and ranking and encourage “a race to the top” in business education.,//ungc-production.s3.us-west-2.amazonaws.com/resources/images/5654/show@2x/business_school_ranking.JPG?1548259695,/library/5654,2019-01-01,Report
Gender Equality in Social Auditing Guidance,"This guidance identifies the main improvements required for gender-sensitive social auditing and provides recommendations, practical advice, and relevant examples on how to effectively integrate gender considerations into audits.",//ungc-production.s3.us-west-2.amazonaws.com/resources/images/5661/show@2x/Gender_Equality.JPG?1554476716,/library/5661,2019-01-01,Report
Value to Society Impact Valuation,"This is a new method to perform monetary assessment of the economic, ecological, and social impacts of your business activities along the value chain. You can use it to measure the value proposition of your actions along the entire value chain, aware that your business activities are connected to both positive and negative impacts on the environment and society. It supports you in striving to increase your positive contribution to society and minimize the negative effects of your business activities.",//ungc-production.s3.us-west-2.amazonaws.com/resources/images/5670/show@2x/we_create_value.JPG?1554479069,/library/5670,2019-01-01,Website
The Corporate Colocation and Cloud Buyers' Principles,"Future of Internet Power, a group of BSR member companies, is aiming to power the internet with 100 percent renewable energy. As prime customers of energy-intensive colocation data center facilities (colos), we believe that increased ambition and efforts to maximize renewables at colos will result in a cleaner cloud. Given the growing interest among both colo customers and service providers to use low-carbon energy sources and meet sustainability goals, the Future of Internet Power has created the following Corporate Colocation and Cloud Buyers' Principles",//ungc-production.s3.us-west-2.amazonaws.com/resources/images/5677/show@2x/corp_colliation.JPG?1554735555,/library/5677,2019-01-01,Report
RELX Group SDG Resource Centre,"The RELX SDG Resource Centre showcases the latest in science, law, business, events and more that can help drive forward the SDGs, drawing on content from across the whole of our company and from key partners as well. The aim is to support the UN in implementing the SDGs and to broaden awareness and understanding of the SDGS for our customers, governments, researchers, companies, NGOs and individuals.",//ungc-production.s3.us-west-2.amazonaws.com/resources/images/5678/show@2x/RELX_SDG.JPG?1554735670,/library/5678,2019-01-01,Website
Financing Solutions for Sustainable Development,"This guidebook responds to increased country-level demand for support on financing the 2030 Agenda. It is intended to be an 'entry point' for advice and information on financing for sustainable development, and the tools and services that UNDP offers in this space.",//ungc-production.s3.us-west-2.amazonaws.com/resources/images/5696/show@2x/Financing_the_2030_agenda.JPG?1554907785,/library/5696,2019-01-01,Report
Achieving Decent Work and Inclusive Growth: The Business Case for Social Dialogue,"The publication highlights the potential role of social dialogue in fostering stability, equity, productivity, sustainable enterprises and inclusive growth. It also showcases some successful examples.",//ungc-production.s3.us-west-2.amazonaws.com/resources/images/5707/show@2x/Global_Deal.JPG?1555080290,/library/5707,2019-01-01,Report
SDG Investment Forum Brazil — Summary Report,"Provides a summary and highlights of the inaugural SDG Investment Forum in Sao Paulo, Brazil.",//ungc-production.s3.us-west-2.amazonaws.com/resources/images/5709/show@2x/SDG_investment_cover.JPG?1556823361,/library/5709,2019-01-01,Meeting Report
"Global Goals, Ocean Opportunities","Elaborates the role of business in securing a healthy, productive and well-governed ocean. Private sector innovation and  investment, together with strong public and private governance frameworks, could exponentially increase the amount of sustainable resources delivered from the ocean, including healthy food, secure and affordable clean energy, and more efficient and lower-carbon transport.",//ungc-production.s3.us-west-2.amazonaws.com/resources/images/5711/show@2x/Ocean_Opportunities_v10-1_Page_01.jpg?1559574972,/library/5711,2019-01-01,Report
Corporate Finance | A Roadmap to Mainstream SDG Investments,"Investors, governments, and other stakeholders are increasingly demanding that companies demonstrate sustainable strategies aligned with the Sustainable Development Goals (SDGs). This guide seeks to support companies looking to integrate the SDGs into their financial strategy and business model. A credible SDG strategy allows a company to clearly communicate its impact, facilitates easier access to the growing market for SDG financing, and connects investors with a pipeline of potential opportunities to address the SDG investment gap.  This publication is available in English and Spanish",//ungc-production.s3.us-west-2.amazonaws.com/resources/images/5712/show@2x/Corporate_Finance_Cover.JPG?1565797670,/library/5712,2019-01-01,Report
SDG Bonds | Leveraging Capital Markets for the SDGs,"This guide explores the role of the bond market – the largest asset class in the global financial markets – in the realization of the Sustainable Development Goals (SDGs). With US$ 6.7 trillion of annual issuance, bonds can provide a cheap, reliable and scalable source of capital for a variety of stakeholders involved in the implementation of Agenda 2030, including companies, governments, cities and public-private partnerships. SDG bonds also provide an answer to the lack of SDG investment opportunities for institutional investors. A diverse portfolio of SDG Bonds, including sovereign, municipal, corporate and project bonds across developed and emerging markets could fulfill mainstream investors’ growing demand for impact while matching their risk-return appetite. This publication is available in English and Spanish",//ungc-production.s3.us-west-2.amazonaws.com/resources/images/5713/show@2x/SDG-bond-cover.JPG?1567787148,/library/5713,2019-01-01,Report
"Business Leadership Brief For Healthy Planet, Healthy People","Business Leadership Brief For Healthy Planet, Healthy People provides a holistic approach and outlines concrete actions for companies to embed health and empowerment in their policies, systems, and operations. This publication is available in English and Spanish",//ungc-production.s3.us-west-2.amazonaws.com/resources/images/5714/show@2x/Business_Leadership_for_Healthy_Planet_Cover.JPG?1568993200,/library/5714,2019-01-01,Report
UN Global Compact-Accenture Strategy 2019 CEO Study – The Decade to Deliver: A Call to Business Action,"Represents more than a decade of research on sustainable business. Together with the UN Global Compact Progress Report, it forms the world’s most comprehensive research to date on business contribution to the Sustainable Development Goals. The 2019 study draws on insights from more than 1,000 CEOs from 21 industries and 99 countries, including over 100 in-depth interviews, and nearly 1,600 senior business leaders who responded to the UN Global Compact implementation survey.",//ungc-production.s3.us-west-2.amazonaws.com/resources/images/5715/show@2x/2019_CEO_Study_cover.jpg?1571255989,/library/5715,2019-01-01,Report
UN Global Compact Progress Report 2019,"Provides an assessment of how companies in the UN Global Compact are adopting the Ten Principles and taking action to deliver on the Sustainable Development Goals. Based on data collected in the UN Global Compact annual survey, the report takes stock of how companies are performing on critical sustainability topics. The report also takes a deep dive into the critical issues of climate and gender equality. A feature on the activities of Global Compact Local Networks over the past year is also included. ",//ungc-production.s3.us-west-2.amazonaws.com/resources/images/5716/show@2x/2019-UNGC-Progress-Report.jpg?1570050278,/library/5716,2019-01-01,Report
Business Leadership for 1.5 °C,"Showcases business leadership on climate action aligned with limiting global temperature rise to 1.5°C. Featuring solutions and strategies developed by companies that have taken the 1.5°C pledge, the report examines how business leaders are integrating this process into corporate strategies and generating employee buy-in. ",//ungc-production.s3.us-west-2.amazonaws.com/resources/images/5717/show@2x/1.5_COver.JPG?1569237553,/library/5717,2019-01-01,Report
Can government policies that drive strong economic outcomes for the private sector alleviate poverty?,"The paper discusses how the adoption of pro-growth policies tends to result in lower levels of poverty, especially through opportunities for job creation. In particular, the paper calls for policies that promote greater access to credit and the protection of minority investors in order to reduce such levels of poverty. It also highlights the symbiotic relationship between a number of the Sustainable Development Goals, thus emphasising the importance of integrating the SDGs into government policies.",//ungc-production.s3.us-west-2.amazonaws.com/resources/images/5718/show@2x/Government_Cover.JPG?1571077103,/library/5718,2019-01-01,Report
Respecting Trade Union Rights in Global Value Chains: Practical Approaches for Business,"Businesses today recognize both the business and social imperative of respecting human rights. Often, companies struggle to identify and implement meaningful action to address risks to trade union rights in their global value chains. Included in this resource is a diagnostic tool in Part 2.2 to help companies assess where and why they might face heightened risks to trade union rights.  The resource also highlights a range of practical steps companies can take depending on the risk factors that are present. Additionally, it showcases eight examples of how real companies have approached trade union rights in practice.  ",//ungc-production.s3.us-west-2.amazonaws.com/resources/images/5719/show@2x/FNV_cover_for_web_3.3347af05.png?1571083878,/library/5719,2019-01-01,Report
Framework for Corporate Action on Workplace Women's Health and Empowerment,"The Framework for Corporate Action on Workplace Women's Health and Empowerment provides guidance for companies to take concrete actions to integrate women's health and empowerment in their policies, systems, and operations. The framework is based on lessons learned from consultations with companies, non-governmental organizations, and women's health programs in order to provide best practices for investing in workplace women's health and empowerment.  ",//ungc-production.s3.us-west-2.amazonaws.com/resources/images/5720/show@2x/Framework_For_Corp_Cover.JPG?1571085933,/library/5720,2019-01-01,Report
Scaling SDG Finance for the Sustainable Development Goals,"This guide explores the role of corporate finance and investments in scaling finance for the Sustainable Development Goals, including how FDI, financial intermediation and public-private partnerships can be a source of finance for less liquid SDG investments that cannot be invested directly by portfolio or institutional investors. This includes providing access to finance in countries with less developed financial markets or for SDG solutions that are too small or illiquid to attract portfolio investors.   This publication is available in English and Spanish",//ungc-production.s3.us-west-2.amazonaws.com/resources/images/5721/show@2x/Scaling_Finance_Cover.JPG?1572364934,/library/5721,2019-01-01,Report
Guide for General Counsel on Corporate Sustainability Version 2.0,"Building on the original Guide for General Counsel on Corporate Sustainability published in 2015, Version 2.0 provides further guidance to General Counsel to ensure they are better placed and better equipped to drive change and deliver value to their organizations through an increased focus on corporate sustainability. Topics include: Corporate Sustainability and Business Integrity Corporate Sustainability and Business Integrity Human Rights and Supply Chain Due Diligence Corporate Sustainability and Grievance Mechanisms Challenges to Corporate Sustainability - Managing a Crisis Please fill out the form below to download the full guide.",//ungc-production.s3.us-west-2.amazonaws.com/resources/images/5722/show@2x/Consel_Cover.JPG?1572626180,/library/5722,2019-01-01,Report
Framework for Breakthrough Impact on the SDGs Through Innovation,"Provides practical guidance to companies on how to use the Sustainable Development Goals (SDGs) as an inspiration for innovation and orient their innovation processes to better address the SDGs. Featuring step-by-step guidance and illustrative examples of companies leveraging new business models and disruptive technologies to advance the SDGs, the Framework is a toolkit for any company to leverage the SDGs to uncover new products, services and business model opportunities.  ",//ungc-production.s3.us-west-2.amazonaws.com/resources/images/5723/show@2x/Framework_Cover_Practical_Guide.JPG?1572968761,/library/5723,2019-01-01,Report
"Climate Change, A Human Rights Issue","Climate change and human rights can no longer be approached as separate issues. With every passing year, the consequences of our changing climate threaten a widening range of fundamental human rights. And with regulation lagging behind, companies are taking the initiative to address the interlinked nature of these issues.",//ungc-production.s3.us-west-2.amazonaws.com/resources/images/5724/show@2x/Briefing_Climate_Change.JPG?1572986773,/library/5724,2019-01-01,Report
Guide To Setting Site Water Targets Informed By Catchment Context,"This guide aims to help companies set effective site water targets that are informed by catchment context, which can create value and lessen risks for the company and support collective action. This guide is intended for site staff or technical water specialists responsible for water management, and relevant corporate staff. This guide lays out three key elements for setting effective site water targets: Water targets should respond to priority water challenges within the catchment; The ambition of water targets should be informed by the site’s contribution to water challenges and desired conditions; and Water targets should reduce water risk, capitalize on opportunities, and contribute to public sector priorities.",//ungc-production.s3.us-west-2.amazonaws.com/resources/images/5725/show@2x/Water_Cover.PNG?1573749060,/library/5725,2019-01-01,Report
5 Tipping Points for a Healthy and Productive Ocean By 2030,"This brochure outlines the 5 Tipping Points for a Healthy and Productive Ocean identified in the report Global Goals, Ocean Opportunities. The tipping points cover the areas of sustainable seafood, zero-carbon shipping, offshore renewable energy, data collection, and ending pollution entering the ocean. Each of these tipping points represents a valuable contribution to achieving the 2030 Agenda for Sustainable Development.",//ungc-production.s3.us-west-2.amazonaws.com/resources/images/5726/show@2x/2030_Cover.PNG?1578425288,/library/5726,2019-01-01,Report
Navigating the Future of Business and Human Rights: Good Practice Examples,"Outlines how companies can embed human rights into their corporate strategies and advance people-centred solutions to growing global challenges. The report presents snapshots of good practice from companies participating in the UN Global Compact, highlights insight by Global Compact Local Networks around the world, and showcases initiatives that are advancing seven major themes: future of work, climate justice, effective remedy and grievance mechanisms, migrant rights, gender equality, due diligence and tackling working poverty.",//ungc-production.s3.us-west-2.amazonaws.com/resources/images/5727/show@2x/Navigating_the_Future_of_BHR_Cover.PNG?1574271540,/library/5727,2019-01-01,Report
"Setting Site Water Targets Informed by Catchment Context, CASE STUDY: Santa Ana River Watershed, California","This guide aims to help companies set effective site water targets that are informed by catchment context, which can create value and lessen risks for the company and support collective action. This guide is intended for site staff or technical water specialists responsible for water management, and relevant corporate staff. This guide lays out three key elements for setting effective site water targets: Water targets should respond to priority water challenges within the catchment; The ambition of water targets should be informed by the site’s contribution to water challenges and desired conditions; and Water targets should reduce water risk, capitalize on opportunities, and contribute to public sector priorities. This case of the Santa Ana RIver Watershed illustrates how the guidance was applied by a group of companies in that watershed.",//ungc-production.s3.us-west-2.amazonaws.com/resources/images/5728/show@2x/Water_Cover_Setting_Goals.PNG?1574711361,/library/5728,2019-01-01,Case Example
Raising the Bar: Exploring the Science Based Targets initiative's progress in driving ambitious climate action,This report draws on corporate emissions and target data submitted to the SBTi and CDP — as well as extensive interviews with businesses and other stakeholders — to explore the progress the SBTi has made in driving the adoption of SBTs by businesses and the impact this has on decarbonising the economy.,//ungc-production.s3.us-west-2.amazonaws.com/resources/images/5729/show@2x/SBIT_Cover.PNG?1575495942,/library/5729,2019-01-01,Report
"Ending child labour, forced labour and human trafficking in global supply chains","Provides the first ever estimates of child labour and human trafficking in global supply chains. A significant share of child labour and human trafficking in global supply chains occurs at lower tiers, in activities such as raw material extraction and agriculture, making due diligence, visibility and traceability challenging. The report outlines several key areas in which governments and businesses can do more. It underscores the critical role of States in addressing gaps in statutory legislation, enforcement, and access to justice and in establishing a framework for responsible business conduct. For business, the report underscores the need for a comprehensive, whole-of-supply-chain approach to due diligence.",//ungc-production.s3.us-west-2.amazonaws.com/resources/images/5730/show@2x/Alliance-cover.PNG?1576171959,/library/5730,2019-01-01,Policy Document
Private Sector Forum Meeting Report 2019,"This publication presents the main discussions and outcomes from the 2019 UN Private Sector Forum Meeting on Climate Change. The Private Sector Forum took place in New York on 23 September 2019 as the official Luncheon of the UN Climate Action Summit convened by the UN Secretary-General to raise ambition to tackle climate change. It brought together more than 350 global climate leaders for a multi-stakeholder, inter-generational dialogue designed to help the world urgently align on a collective course of action in tackling the climate crisis. Important highlights included the introduction of the “Business Ambition for 1.5˚C” campaign, incentivizing companies to set science-based targets to achieve carbon neutrality by 2050 and in line with a 1.5˚C future.",//ungc-production.s3.us-west-2.amazonaws.com/resources/images/5737/show@2x/psf_report_cover.PNG?1581955971,/library/5737,2019-01-01,Meeting Report
UN Global Compact Board Meeting Reports,Reports from the semi-annual UN Global Compact Board meetings. ,//ungc-production.s3.us-west-2.amazonaws.com/resources/images/1821/show@2x/resource_preview_1821.png?1446836189,/library/1821,2018-01-01,Meeting Report
UN Global Compact Logo Policy,Logo Policy,//ungc-production.s3.us-west-2.amazonaws.com/resources/images/1841/show@2x/resource-preview-1841.png?1433889376,/library/1841,2018-01-01,Policy Document
"Better Leadership, Better World","Intends to bridge the gap in the conversation around gender equality by demonstrating that when more women are in corporate decision-making positions, their companies benefit — as do society and the environment.",//ungc-production.s3.us-west-2.amazonaws.com/resources/images/5612/show@2x/Better_Leadership_better_world.jpg?1520260927,/library/5612,2018-01-01,Report
Transforming Partnerships for the SDGs,"In this year’s Special Edition of the UN Global Compact-Accenture Strategy CEO Study, the world’s largest program of CEO research on sustainability, we focus our attention on transforming partnerships for the Sustainable Development Goals (SDGs). Following a decade of research into the views of business leaders worldwide, we examine the views of UN leaders. As the UN Secretary-General calls for enhanced cooperation between the United Nations and the private sector, we ask agency heads and partnership practitioners across the UN system: what will it take to scale up partnerships to bring about transformational impact on the SDGs?",//ungc-production.s3.us-west-2.amazonaws.com/resources/images/5614/show@2x/Transforming_Partnerships_for_the_SDGs.JPG?1520966879,/library/5614,2018-01-01,Report
Women's Empowerment Principles Global Trends Report 2018,"Examines the aggregate results of companies using the Women's Empowerment Principles Gender Gap Analysis Tool (WEPs Tool) with an aim to provide insights on global corporate performance on gender equality and women's empowerment aligned with the WEPs, demonstrate the value of using the WEPs Tool, and showcase the efforts of partners and other stakeholders to drive gender equality around the world.",//ungc-production.s3.us-west-2.amazonaws.com/resources/images/5615/show@2x/WEPs_Trends_Report_2018-cover_photo.jpg?1520975635,/library/5615,2018-01-01,Report
Business: It's Time to Act,"Decent Work cannot exist where modern slavery and child labour persist. Forced labour, modern slavery and child labour are complex problems associated with poverty, governance failures and inequalities in the global labour market. Tackling them requires a massive international effort, involving Governments, businesses, civil society organizations, trade unions and international bodies. This brief guide, developed as part of the Decent Work in Global Supply Chains Action Platform, offers a quick overview of the steps businesses can take to help eliminate modern slavery, while highlighting key resources, initiatives and engagement opportunities to support business action.",//ungc-production.s3.us-west-2.amazonaws.com/resources/images/5616/show@2x/time-to-act-thumb.jpg?1528401176,/library/5616,2018-01-01,Report
Business Partnerships for the Global Goals: Advances in Latin America and the Caribbean,"Explores partnerships and progress towards the 2030 Agenda for Sustainable Development and its 17 Global Goals by the business community in Latin America and the Caribbean. Includes key findings from a report by the Economic Commission for Latin America and the Caribbean, as well as data from participants of the UN Global Compact.",//ungc-production.s3.us-west-2.amazonaws.com/resources/images/5618/show@2x/BusinessPartnershipsCover.JPG?1524774292,/library/5618,2018-01-01,Infographic
Interactive Map for Business of Anti-Human Trafficking Organisations,"The Interactive Map for Business of Anti-Human Trafficking Organisations includes information on the organisations that work with the business sector to combat modern slavery. It is a resource for companies to navigate emerging partners, to improve coordination on the eradication of human trafficking and a baseline from which existing and newly formed initiatives move forward fight against human trafficking. The Interactive Map has been developed through the collaboration of the Global Business Coalition Against Human Trafficking, the RESPECT Initiative (consisting of Babson College Initiative on Human Trafficking, the International Organisation for Migration, and the Global Initiative Against Transnational Organized Crime) and the UN Global Compact through the Action Platform on Decent Work in Global Supply Chains, with the support from the Alliance 8.7.",//ungc-production.s3.us-west-2.amazonaws.com/resources/images/5620/show@2x/WebsiteM.JPG?1526678241,/library/5620,2018-01-01,Website
Sustainable Development Goal 6: Synthesis Report 2018 on Water and Sanitation,"Seeks to provide an in-depth review and includes data on the global baseline status of SDG 6, the current situation and trends at global and regional levels, and what more needs to be done to achieve this goal by 2030. The report is based on the latest data available for the 11 SDG 6 global indicators1 selected by Member States to track progress towards the eight global targets, plus complementary data and evidence from a wide range of sources.",//ungc-production.s3.us-west-2.amazonaws.com/resources/images/5623/show@2x/sdg6cover.JPG?1531151610,/library/5623,2018-01-01,Report
In Focus: Addressing Investor Needs in Business Reporting on the SDGs,"Features recommendations on how corporate reporting on the Sustainable Development Goals (SDGs) can best address investors’ information needs. By helping inform investors' decision-making process, corporate SDG reporting can stimulate more investment in sustainable business solutions to help advance the Global Goals. Translations of this publication are available in several languages.",//ungc-production.s3.us-west-2.amazonaws.com/resources/images/5625/show@2x/Reporting_SDGSs_Cover.JPG?1531760496,/library/5625,2018-01-01,Report
Global Compact Local Networks: Accelerating National SDG Implementation,Serves to demonstrate how Global Compact Local Networks can help accelerate action and collaboration to close the gaps between where we currently are and where we need to be by 2030. This report contains examples from more than 30 Local Networks around the world driving business engagement on the Sustainable Development Goals through five primary activities.,//ungc-production.s3.us-west-2.amazonaws.com/resources/images/5626/show@2x/GCLNs-Accelerating_National-SDG-Implementation-1.jpg?1543600388,/library/5626,2018-01-01,Case Example
Global Compact Local Networks: Accelerating National SDG Implementation,Serves to demonstrate how Global Compact Local Networks can help accelerate action and collaboration to close the gaps between where we currently are and where we need to be by 2030. This report contains examples from more than 30 Local Networks around the world driving business engagement on the Sustainable Development Goals through five primary activities.,//ungc-production.s3.us-west-2.amazonaws.com/resources/images/5627/show@2x/GCLN_Cover.JPG?1531760901,/library/5627,2018-01-01,Case Example
Integrating the Sustainable Development Goals into Corporate Reporting: A Practical Guide,Outlines a three-step process to embed the Sustainable Development Goals (SDGs) into existing business and reporting processes. It helps business to better report their impact on the SDGs and address the information needs of relevant stakeholders. This Guide follows an approach that is aligned with the UN Guiding Principles on Business and Human Rights and the GRI Standards. Translations of this publication are available in several languages.,//ungc-production.s3.us-west-2.amazonaws.com/resources/images/5628/show@2x/New_Reporting_cover.JPG?1533056985,/library/5628,2018-01-01,Report
Promoting Anti-Corruption Collective Action through Global Compact Local Networks – Second Edition,"Helps businesses to learn more about Global Compact's Collection Action Project in partnership with five Global Compact Local Networks in Brazil, Japan, Kenya, Nigeria and Egypt, improve anti-corruption practices within their individual organizations and to engage other businesses, Governments and civil society in anti-corruption Collective Action.",//ungc-production.s3.us-west-2.amazonaws.com/resources/images/5629/show@2x/Anti-corruption_brochure.jpg?1533309835,/library/5629,2018-01-01,Report
Promoting Anti-Corruption Collective Action through Global Compact Local Networks – Second Edition,"Helps businesses to learn more about the UN Global Compact Collection Action Project in partnership with five Global Compact Local Networks in Brazil, Japan, Kenya, Nigeria and Egypt, improve anti-corruption practices within their individual organizations and to engage other businesses, Governments and civil society in anti-corruption Collective Action.",//ungc-production.s3.us-west-2.amazonaws.com/resources/images/5630/show@2x/Anti-corruption_brochure.jpg?1533309837,/library/5630,2018-01-01,Report
Thought Leadership Webinar: Realizing Decent Work Through Breakthrough Innovation – A Spotlight on Blockchain Technology,"Breakthrough innovation has the potential to accelerate and scale up solutions to addressing decent work deficits. This webinar is the first session in a thought leadership webinar series as part of the Action Platform on Decent Work in Global Supply Chains. It explores how technology can advance decent work in global supply chains, specifically focusing on the potential of blockchains. Experts from the UN Global Compact, International Labour Organisation, SAP Ariba, Eachmile Technologies and Sourcemap discuss how blockchains are already used to advance decent work in global supply chains and explore the potential blockchain technology has to help improve the live of workers and their families.",//ungc-production.s3.us-west-2.amazonaws.com/resources/images/5631/show@2x/YT_Cover.PNG?1533327131,/library/5631,2018-01-01,Video
"2020 Vision Action Platform for Peace, Justice and Strong Institutions Webinar","This was first webinar where we provided an overview of our “2020 Vision” and heard from engaged stakeholders on the importance of peace, justice and strong institutions to sustainable business – not only as the foundation for business responsibilities but also for business success.",//ungc-production.s3.us-west-2.amazonaws.com/resources/images/5633/show@2x/2020Cover.JPG?1536169329,/library/5633,2018-01-01,Webinar
Decent Work in Global Supply Chains — A Baseline Report,"Summarizes data of bilateral interviews with supply chain, procurement, and sustainability executives of companies that participate in the UN Global Compact Action Platform on Decent Work in Global Supply Chains. The report presents insights into some of the key challenges and opportunities that companies face in their efforts to develop more sustainable procurement strategies. It also offers practical examples of steps taken to combat pressing human rights issues in supply chains, such as modern slavery, child labour and non-compliance with employment standards, and references relevant initiatives and resources for further guidance on these issues.",//ungc-production.s3.us-west-2.amazonaws.com/resources/images/5635/show@2x/Decent-Work-in-Global-Supply-Chains_UN-Global-Compact-1.jpg?1543598625,/library/5635,2018-01-01,Report
UN Global Compact Progress Report 2018,"Provides an assessment of how companies in the UN Global Compact are adopting the Ten Principles and taking action to deliver on the Sustainable Development Goals. Based on data collected in the UN Global Compact annual survey and other sources, the report takes stock of how companies are performing when it comes to integrating the Ten Principles into their strategies and operations. The report also offers a review of current progress on each of the Global Goals and considers impact measurement opportunities.",//ungc-production.s3.us-west-2.amazonaws.com/resources/images/5637/show@2x/prog-repo-thumb-01.jpg?1543858956,/library/5637,2018-01-01,Report
Building Peace and Prosperity: What Business Can Do,"Provides a list of concrete actions that different stakeholder groups — including business, the investor community, Governments, the UN and civil society — can take to scale up business action and investment in high-risk areas. It also provides an overview of eight multi-stakeholder initiatives that support stakeholders in scaling up these actions.",//ungc-production.s3.us-west-2.amazonaws.com/resources/images/5638/show@2x/B4P_cover.JPG?1537792810,/library/5638,2018-01-01,Report
"Action Platform for Peace, Justice and Strong Institutions Flyer","This flyer provides a brief introduction to the Action Platform for Peace, Justice and Strong Institutions. It includes the rationale for the Action Platform, intended outcomes and reasons for governments, businesses and civil society organizations to participate.  ",//ungc-production.s3.us-west-2.amazonaws.com/resources/images/5640/show@2x/Fltyer_cover.JPG?1539023164,/library/5640,2018-01-01,Report
Human Rights: The Foundation of Sustainable Business,"Celebrates the 70th Anniversary of the Universal Declaration of Human Rights (UDHR) and builds upon the UN Global Compact Progress Report. The report highlights insight and initiatives by Global Compact Local Networks around the world, presents snapshots of good practice from companies participating in the UN Global Compact and showcases initiatives that are advancing the UN Guiding Principles on Business and Human Rights.",//ungc-production.s3.us-west-2.amazonaws.com/resources/images/5647/show@2x/Human-Rights_The-Foundation-of-Sustainable-Business-1.jpg?1543597336,/library/5647,2018-01-01,Report
The Ambition Loop — How Business and Government Can Advance Policies that Fast Track Zero-Carbon Economic Growth,"Provides guidance for business and Government to fast track zero-carbon economic growth. With hundreds of businesses pursuing bold climate change solutions and countries updating national climate plans in advance of 2020, the opportunity for greater ambition abounds. More and more businesses are seeing opportunity in the zero-carbon economy and taking action on climate change. Governments must use this as a strong vote of confidence and advance ambitious policies that provide companies with the clarity and confidence they need to unlock further investments in climate solutions. This is the “ambition loop” — a positive feedback loop in which bold Government policies and private sector leadership reinforce each other, and together, take climate action to the next level.",//ungc-production.s3.us-west-2.amazonaws.com/resources/images/5648/show@2x/ambitionloop.JPG?1543345508,/library/5648,2018-01-01,Report
Internal carbon pricing in companies — Preparing for future regulation and designing the transition to a <2°C economy,"This discussion paper summarizes the outcomes and main findings from a multi-stakeholder workshop on company policies on carbon pricing, organized by the German Global Compact Network in Berlin in July 2018. At the same time, this paper invites further stakeholders to take part in a professional exchange of ideas concerning the implementation of effective internal carbon pricing.",//ungc-production.s3.us-west-2.amazonaws.com/resources/images/5653/show@2x/Internal_carbon_pricing_in_companies_cover.JPG?1547653621,/library/5653,2018-01-01,Report
"Climate and Supply Chain, The Business Case for Action",  This report explores how businesses can enhance their resilience to the impacts of climate change on their supply chains and improve their supply chain management in the process.,//ungc-production.s3.us-west-2.amazonaws.com/resources/images/5659/show@2x/Climate_Supply_Chain.JPG?1554476398,/library/5659,2018-01-01,Report
Disrupting Luxury: Creating Resilient Businesses in Times of Rapid Change,This report offers a roadmap toward a resilient luxury sector and highlights three opportunities for luxury companies to invest in future success.,//ungc-production.s3.us-west-2.amazonaws.com/resources/images/5664/show@2x/disrupting_luxury_creating_resilient.JPG?1554477602,/library/5664,2018-01-01,Report
"Climate and Inclusive Economy, The Business Case for Action",Climate change and the economy are inextricably linked. This report highlights how companies across sectors can better understand how they can contribute to more climate-resilient and inclusive economies.,//ungc-production.s3.us-west-2.amazonaws.com/resources/images/5665/show@2x/Climate_inclusive_economy.JPG?1554478232,/library/5665,2018-01-01,Report
"Applying Enterprise Risk Management to Environmental, Social and Governance-related Risks","Entities, including businesses, governments and non-profits, face an evolving landscape of environmental, social and governance (ESG)-related risks that can impact their profitability, success and even survival. This guidance is designed to help risk management and sustainability practitioners apply enterprise risk management (ERM) concepts and processes to ESG-related risks.",//ungc-production.s3.us-west-2.amazonaws.com/resources/images/5668/show@2x/applying_enterprise_risk.JPG?1554478732,/library/5668,2018-01-01,Report
"Resilient Business, Resilient World: A Framework for Private-Sector Leadership on Climate Adaptation",This report assesses and consolidates the best available knowledge to present an accessible and actionable framework for private-sector leadership on climate change resilience.,//ungc-production.s3.us-west-2.amazonaws.com/resources/images/5669/show@2x/resilient_business.JPG?1554478892,/library/5669,2018-01-01,Report
Future of Fuels Sustainability Briefs,"The Fuel Sustainability Briefing series gives practitioners information to develop practical approaches that accelerate the transition to low-carbon fuels by summarizing our research to date on the market outlook, key issues, and sustainability potential for five fuel categories.",//ungc-production.s3.us-west-2.amazonaws.com/resources/images/5671/show@2x/Future_feels.JPG?1554479237,/library/5671,2018-01-01,Report
10 Human Rights Priorities for the Information and Communications Technology Sector,"A primer on the most relevant, urgent, and probable human rights impacts for the ICT sector and opportunities for positive impact.",//ungc-production.s3.us-west-2.amazonaws.com/resources/images/5672/show@2x/10_human_rights.JPG?1554479366,/library/5672,2018-01-01,Website
"Climate and Health, The Business Case for Action",Climate change will impact the health of humans around the world. This paper explores the intersection of climate and public health issues and highlights the business case for action.,//ungc-production.s3.us-west-2.amazonaws.com/resources/images/5679/show@2x/climate_and_health.JPG?1554735793,/library/5679,2018-01-01,Report
Empowering Female Workers in the Apparel Industry,This business brief proposes three areas where apparel companies can build from a strong foundation to better drive improvements in outcomes for women workers and promote women's economic empowerment around the world.,//ungc-production.s3.us-west-2.amazonaws.com/resources/images/5687/show@2x/Empowering_Female_Workers_in_Apparel.JPG?1554824552,/library/5687,2018-01-01,Report
Tech4Good: Scaling up social transformation in the fourth industrial revolution,"In this report, Accenture Labs explains what they learned from examining more than 30 case studies around the use of digital technology for solving social challenges, and explains their steps to unleash Tech for Good for future growth and prosperity.",//ungc-production.s3.us-west-2.amazonaws.com/resources/images/5688/show@2x/Tech4Good.JPG?1554906772,/library/5688,2018-01-01,Case Example
10 Human Rights Priorities for the Power and Utilities Sector,"This primer lays out the most relevant, urgent, and probable human rights impacts for the power and utilities sector and opportunities for positive impact.",//ungc-production.s3.us-west-2.amazonaws.com/resources/images/5690/show@2x/10_Human_rights_priority_for_power.JPG?1554907021,/library/5690,2018-01-01,Website
Guiding Principles on Access to Healthcare,The Guiding Principles on Access to Healthcare frame and describe the industry's approach to reducing the global burden of disease and improving global health outcomes. The principles have been signed by the CEOs of 13 major healthcare companies.,//ungc-production.s3.us-west-2.amazonaws.com/resources/images/5692/show@2x/Framing_the_industry_approach.JPG?1554907288,/library/5692,2018-01-01,Website
Healthy Business Toolkit,"Strategic investment in healthy business pays dividends. Executives and managers can take action in their organizations to transform their company into a healthy business. This toolkit is a go-to resource for business leaders to create value by improving the health of consumers, communities, and employees. Today, there is no clearly defined path for companies seeking to enable long-term improvements in the health and well-being of their communities.",//ungc-production.s3.us-west-2.amazonaws.com/resources/images/5693/show@2x/Healthy_business_coalition.JPG?1554907411,/library/5693,2018-01-01,Website
Private-Sector Action for Women's Health and Empowerment,This brief expands the business case for private sector investment in women's health and empowerment and sets out concrete actions that the private sector can take to generate improved health outcomes for women.,//ungc-production.s3.us-west-2.amazonaws.com/resources/images/5695/show@2x/How_business_can_invest_in_women.JPG?1554907649,/library/5695,2018-01-01,Report
Water Risk Filter,"As an easy-to-access and use tool, it offers business the ability to explore, assess, value and respond to water risk and identify contextually appropriate solutions to advance SDG6 in particular.",//ungc-production.s3.us-west-2.amazonaws.com/resources/images/5697/show@2x/WRF.JPG?1554907906,/library/5697,2018-01-01,Website
Mapping Ocean Governance and Regulation — Working Paper for consultation,"Introduces a mapping exercise that demonstrates how uneven the governance landscape is across the industries that populate this frontier. Six industries are considered: international shipping, offshore oil and gas, offshore renewable energy, marine aquaculture, marine fisheries and seabed mining. While some, such as maritime shipping, have well-established and extensive governance structures encompassing a wide breadth of public and private sector actors, others like the seabed mining industry are still in a state of emergence.",//ungc-production.s3.us-west-2.amazonaws.com/resources/images/5710/show@2x/Mapping_Ocean_Cover.JPG?1559309662,/library/5710,2018-01-01,Report
"Better Business, Better World","A call to action to business leaders to align with the Sustainable Development Goals (SDGs). This report shows how the next decade will be critical for companies to open 60 key market “hot spots,” tackle social, environmental challenges, and re-build trust with society.",//ungc-production.s3.us-west-2.amazonaws.com/resources/images/5051/show@2x/_2017-01-16_at_4.51.35_PM.png?1484603628,/library/5051,2017-01-01,Report
"SDG Industry Matrix: Energy, Natural Resources and Chemicals","Showcases industry-specific examples and ideas for corporate action related to the SDGs. Presented in a series of publications, each matrix will highlight bold pursuits and decisions made by diverse companies for each SDG.",//ungc-production.s3.us-west-2.amazonaws.com/resources/images/5061/show@2x/_2017-01-17_at_12.59.24_PM.png?1484676020,/library/5061,2017-01-01,Report
Global Opportunity Report 2017,"Identifies and ranks 15 sustainability opportunities according to public and private sector interest and potential impact on societies and business. The report aims to demonstrate how global sustainability challenges and risks can be seen as opportunities. The 2017 reports stems from a survey of 5,499 business, governmental and social leaders across five continents.",//ungc-production.s3.us-west-2.amazonaws.com/resources/images/5081/show@2x/GORCover.png?1484757847,/library/5081,2017-01-01,Report
Creating Opportunities for Economic Empowerment and Employment for Young Women,"Business leaders identify the youth employment crisis as one of the most pressing global risks of our time, but also see investing in youth as one of the greatest potentials for business growth and development. There are more young people today than at any other time in history, approximately 1.8 billion, and half are women. These young people are breaking through stereotypes and creating innovative, concrete solutions to long-standing problems. Yet, although young people are creating these sustainable solutions, there is a disconnect with the formal labour force. Over the last year, youth unemployment rates have increased and the disparity in labour force participation between young women and men has widened. This webinar, co-hosted by the UN Global Compact, UN Women and Plan International, highlights the opportunity and need for business to scale up action and invest in the future workforce to create economic opportunities for young women around the world, produce bottom line impacts on business growth and sustainability, and contribute to the achievement of the Sustainable Development Goals (SDGs).",//ungc-production.s3.us-west-2.amazonaws.com/resources/images/5091/show@2x/webinar-creating-opportunities-for-economic.png?1485382248,/library/5091,2017-01-01,Webinar
Relations with the Private Sector from the Oxford Handbook of International Organisations,"Authored by Georg Kell the founding Executive Director of the UN Global Compact, this peer-reviewed article is the opening chapter for engagement of ""non state actors"". The Handbook examines practical aspects and conceptual issues of international organizations and their relationship with nation-states and international authority; considers the main controversies surrounding contemporary international organizations; provides an authoritative overview of international organizations written by leading scholars and practitioners; and offers comprehensive analysis and commentary on the role of international organizations today.",//ungc-production.s3.us-west-2.amazonaws.com/resources/images/5111/show@2x/resource_preview_5111.png?1487784906,/library/5111,2017-01-01,Report
Promoting Transparency in Beneficial Ownership,This webinar recording discusses various aspects of promoting transparency in Beneficial Ownership and how it can help businesses.,//ungc-production.s3.us-west-2.amazonaws.com/resources/images/5121/show@2x/webinar-Promoting_Transparency_in_Beneficial_Ownershio.png?1487959856,/library/5121,2017-01-01,Webinar
Guidance for Global Compact Local Networks on National Action Plans on Business and Human Rights,"This Guide aims to help Global Compact Local Networks get involved in their country's development of a National Action Plan on business and Human Rights. It provides basic information about National Action Plans, discusses the countries that have or are in the process of developing them, sets out the various opportunities available to Local Networks to get engaged, and lists additional resources that can be referred to for more information.",//ungc-production.s3.us-west-2.amazonaws.com/resources/images/5151/show@2x/Guidance_for_Global_Compact_LN.JPG?1488815350,/library/5151,2017-01-01,Report
"Business Guide to Prevent Famine and Support Response in North-East Nigeria, South Sudan, Yemen and Somalia","More than 20 million people in North-East Nigeria, South Sudan, Yemen and Somalia are facing famine or a credible risk of famine over the coming six months. Some 1.4 million children are currently at imminent risk of death from malnutrition. To avert a major humanitarian catastrophe the United Nations and its partners must massively scale up efforts now. To do this, humanitarian operations in the four countries require more than US$5.6 billion in 2017, of which at least US$4.4 billion are required urgently.",//ungc-production.s3.us-west-2.amazonaws.com/resources/images/5161/show@2x/thumb-ocha-01.jpg?1489182074,/library/5161,2017-01-01,Report
Sustainable Development Goals: From Promise to Practice,"A call to action to transform our world through analysis and recommendations on achieving the Sustainable Development Goals, stressing global collaboration and the implementation of long-term innovative solutions.",//ungc-production.s3.us-west-2.amazonaws.com/resources/images/5181/show@2x/SDGs_From_Promise_to_Practice.JPG?1490387472,/library/5181,2017-01-01,Report
UN Briefing on the Risk of Famine & How Business Can Contribute,"More than 20 million people across four countries face famine and or the risk of famine in North-East Nigeria, South Sudan, Yemen and Somalia. Without collective and coordinated global effort, people will starve to death and many more will suffer from disease. In this webinar, experts give an overview of the situation in the four countries, present the humanitarian needs and identify areas in which businesses could make a difference and contribute to the crisis.",//ungc-production.s3.us-west-2.amazonaws.com/resources/images/5191/show@2x/thumb-01.jpg?1490976784,/library/5191,2017-01-01,Webinar
Aligning Values: Why corporate pension plans should mirror their sponsors,"Highlights why CEOs should ensure their corporate pension plans should mirror their own sustainability values and the associated benefits including improved investment performance, fulfilling fiduciary duty and managing regulatory risk and boosting corporate sponsor credibility.",//ungc-production.s3.us-west-2.amazonaws.com/resources/images/5211/show@2x/Aligning_Values_Cover.JPG?1492638035,/library/5211,2017-01-01,Report
Global Opportunity Explorer,"The Global Opportunity Explorer provides the global business community with direct access to the most innovative business solutions and emerging market opportunities to help achieve and understand the Sustainable Development Goals (SDGs), end extreme poverty, reduce inequality and protect our planet. A joint project of DNV GL, Sustainia and the UN Global Compact, the Explorer is a digital platform that helps business leaders, entrepreneurs and investors connect with new partners, projects, markets and talents to deliver on the SDGs.",//ungc-production.s3.us-west-2.amazonaws.com/resources/images/5241/show@2x/GlobalOppurtunityExplorerNew.JPG?1494947668,/library/5241,2017-01-01,Website
Statements of the UN Global Compact on the Integrity Measures,The UN Global Compact integrity measures are in place to protect the integrity of the initiative and the UN from key risks associated with the potential for misrepresentation. This section includes statements issued by the UN Global Compact on the implementation of the integrity measures.,//ungc-production.s3.us-west-2.amazonaws.com/resources/images/5251/show@2x/Statements_of_the_UN_Global_Compact_on_the_Integrity_Measures.png?1495133357,/library/5251,2017-01-01,Policy Document
Human Rights Translated 2.0,"Aims to explain the meaning of universally recognized human rights in a way that makes sense to business. It will also illustrate, through the use of real-world examples, how human rights apply in a business context.",//ungc-production.s3.us-west-2.amazonaws.com/resources/images/5261/show@2x/HumanRights2Cover.JPG?1495133078,/library/5261,2017-01-01,Report
The Revised ILO Declaration on Multinational Enterprises-Implications for Business,"In March 2017, the ILO Governing Body adopted a revised version of the MNE Declaration. Provisions on the elimination of child labour and other fundamental principles have been added. It also provides guidance on due diligence processes in achieving decent work, sustainable business, and more inclusive growth; particularly relevant for the achievement of SDG 8 and other decent work related goals and targets. This webinar explores the revised MNE Declaration and its range of operational tools, and how the Child Labour Platform promotes its principles.",//ungc-production.s3.us-west-2.amazonaws.com/resources/images/5281/show@2x/ILO_Webinar-templates.png?1495574895,/library/5281,2017-01-01,Webinar
"Forced Labour Risks in Global Supply Chains: How to Address Risks, React to Challenges, and Respond to Dilemmas","Forced labour is ubiquitous in global supply chains. This webinar showcases approaches to some of the challenges, including; how to respond to risks in different countries and lower tiers of supply chains; how to work effectively with suppliers and enable workers to exercise their rights; and how to ensure meaningful transparency to investors in line with regulatory requirements. This webinar shares good practice examples from KnowTheChain, the Corporate Human Rights Benchmark and the UK Modern Slavery Act Registry, with a focus on worker voice, recruitment and remedy. Speakers from H&amp;M and Intel shared a corporate perspective on addressing the many dilemmas associated with forced labour in supply chains.",//ungc-production.s3.us-west-2.amazonaws.com/resources/images/5291/show@2x/Forced_Labour_Risks.png?1495646470,/library/5291,2017-01-01,Webinar
Human Rights Good Practice for Business Operating in Areas with Violent Crime,"Identifies good practices that businesses can use to prevent and mitigate risks of being involved with adverse human rights impacts due to operating in a context of high levels of violent crime, and to support efforts to reduce the human rights impacts of violent crime rates in the areas where it operates.",//ungc-production.s3.us-west-2.amazonaws.com/resources/images/5301/show@2x/Human_Rights_Good_Practice_for_Business_Operating_in_Areas_with_Violent_Crime_Cover.png?1496329232,/library/5301,2017-01-01,Policy Document
Addressing Adverse Human Rights Impacts Connected to Product Misuse,"Explore the human rights responsibilities, the practical implications, as well as the common challenges and pitfalls faced by business when addressing adverse human rights impacts connected to product misuse.",//ungc-production.s3.us-west-2.amazonaws.com/resources/images/5311/show@2x/Addressing_Adverse_Human_Rights_Impacts_Connected_to_Product_Misuse_Cover.png?1497887093,/library/5311,2017-01-01,Policy Document
Business Reporting on the SDGs: An Analysis of the Goals and Targets - updated edition 2022,"This report is a first step towards a uniform mechanism for business to report on their contribution to and impact on the SDGs in an effective and comparable way. It contains a list of existing and established disclosures that businesses can use to report, and identifies relevant gaps, where disclosures are not available.This Analysis is primarily intended to be used in combination with the document “Integrating the SDGs into corporate reporting: A practical guide.",//ungc-production.s3.us-west-2.amazonaws.com/resources/images/5361/show@2x/cover_new_doc.png?1659024692,/library/5361,2017-01-01,Report
Guide for Business on the Rights of Persons with Disabilities,"A guide to help improve business’ understanding of the rights of people with disabilities, including how to respect, support and give them an opportunity to improve their competitiveness and sustainability in alignment with relevant United Nations (UN) conventions and frameworks.",//ungc-production.s3.us-west-2.amazonaws.com/resources/images/5381/show@2x/Screen_Shot_2018-01-08_at_2.27.35_PM.png?1515439745,/library/5381,2017-01-01,Report
Decent Work and the 2030 Agenda for Sustainable Development,"Detailed description of the SDG 8 (Decent Work and Economic Growth) with introductory remarks from the ILO Director-General, Guy Ryder.",//ungc-production.s3.us-west-2.amazonaws.com/resources/images/5401/show@2x/DWcover.JPG?1504798951,/library/5401,2017-01-01,Presentation
Women's Empowerment Principles Gender Gap Analysis Tool,"In advance of the UN Global Compact Leaders Summit, this event will enable participants to learn about and explore the Women's Empowerment Principles (WEPs) Gender Gap Analysis Tool, a free, business-friendly, and strictly confidential tool that supports companies of all sectors and sizes to translate the WEPs into action. The tool helps companies identify strengths and gaps in existing gender equality policies and practices as well as identify opportunities and resources for improvement. This event will showcase the benefits of using the tool, provide a preview of the platform and interactive results, and highlight company experiences in using the tool.",//ungc-production.s3.us-west-2.amazonaws.com/resources/images/5411/show@2x/WEPscover.JPG?1505321887,/library/5411,2017-01-01,Webinar
"Coping, Shifting, Changing 2.0","Coping, shifting, changing features recommendations focused on measures that companies can adopt to address the problems caused by market short-termism, and actions that investors can take to support companies in those efforts",//ungc-production.s3.us-west-2.amazonaws.com/resources/images/5421/show@2x/PRIcover.JPG?1505507108,/library/5421,2017-01-01,Report
2017 United Nations Global Compact Progress Report: Business Solutions to Sustainable Development,"Takes stock of the contribution of UN Global Compact business participants towards sustainable development. The report assesses progress in terms of how companies are taking action on the Ten Principles and the Sustainable Development Goals, and features ten interviews with disruptive business leaders. It also highlights ten focus areas for the future where further business engagement is needed.",//ungc-production.s3.us-west-2.amazonaws.com/resources/images/5431/show@2x/ungc-prog-repo-thumb.png?1505688663,/library/5431,2017-01-01,Report
Blueprint for Business Leadership on the SDGs,"Aims to inspire all business — regardless of size, sector or geography — to take leading action in support of the achievement of the Sustainable Development Goals (SDGs). It illustrates how the five leadership qualities of Intentionality, Ambition, Consistency, Collaboration and Accountability can be applied to a business' strategy, business model, products, supply chain, partnerships, and operations to raise the bar and create impact at scale. The Blueprint is a tool for any business that is ready to advance its principled approach to SDG action to become a leader.",//ungc-production.s3.us-west-2.amazonaws.com/resources/images/5461/show@2x/blueprint-vert-thumb-01.jpg?1511993542,/library/5461,2017-01-01,Report
"Tackling Discrimination against Lesbian, Gay, Bi, Trans, & Intersex People STANDARDS OF CONDUCT FOR BUSINESS","The Standards outlined in the document are intended to provide a set of benchmarks for assessing the role of business in tackling discrimination and related human rights abuses affecting LGBTI people, and to support good practice by companies.",//ungc-production.s3.us-west-2.amazonaws.com/resources/images/5471/show@2x/talkingLGBTI.JPG?1506629803,/library/5471,2017-01-01,Report
A Call to Action for Sustainable Business,"Explore how our new tools, resources and activities can help your business achieve its sustainability goals and find the right UN Global Compact engagement tier.",//ungc-production.s3.us-west-2.amazonaws.com/resources/images/5481/show@2x/value-prop-thumb.jpg?1507047208,/library/5481,2017-01-01,Report
2030 Vision: Uniting to Deliver Technology for the Global Goals,This report provides a summary of key opportunities and challenges for digital technology to advance the Global Goals. It serves as a foundation for the launch of the 2030 Vision partnership.,//ungc-production.s3.us-west-2.amazonaws.com/resources/images/5491/show@2x/2030Cover.JPG?1507219570,/library/5491,2017-01-01,Report
The Breakthrough Pitch,The Breakthrough Pitch is a resource designed to help sustainability professionals stretch the ambitions of internal teams and show how companies can use the SDGs as a springboard for success in tomorrow's markets.,//ungc-production.s3.us-west-2.amazonaws.com/resources/images/5501/show@2x/BreakthroughPitch.JPG?1507220745,/library/5501,2017-01-01,Report
"Guide to Unlocking Prosperity: Finance, Investment and Sustainable Development","Early estimates show that it will take USD $5-7 trillion in annual public and private investment globally into sectors as wide ranging as education, clean energy, agriculture and health to deliver the Sustainable Development Goals (SDGs). The scale of investments needed to create these opportunities is immense, but the importance of this moment has never been clearer. As we continue our journey of SDG implementation, every actor will have a role to play in securing the future we want for people and planet.",//ungc-production.s3.us-west-2.amazonaws.com/resources/images/5541/show@2x/GuideToUnlockingProsperityNEw.JPG?1509648507,/library/5541,2017-01-01,Report
Global Climate Action Playbook 2018,"The Global Climate Action Playbook 2018 is a practical toolkit for business outlining high-level policy updates, outlook on key climate actions and the arc of ambition, and snapshot of country-level analysis on Nationally Determined Contributions and Sustainable Development Goals. The Playbook is designed for business and Governments to work together to enhance country level ambition and action to implement the Paris Climate Agreement leading up to 2020.",//ungc-production.s3.us-west-2.amazonaws.com/resources/images/5561/show@2x/glbl-actn-plybk-vert-thumb-01.jpg?1511993109,/library/5561,2017-01-01,Report
Uniting to Deliver Technology for the Global Goals: Full Report,"This report presented at the December 2030Vision launch event, provides a summary of the key opportunities and challenges for digital technology to support the achievement of the Sustainable Development Goals. It highlights key emerging technologies, applications and cases for each of the Global Goals.",//ungc-production.s3.us-west-2.amazonaws.com/resources/images/5571/show@2x/2030_Report.PNG?1512603013,/library/5571,2017-01-01,Report
SHIFT: Search Engine for Business Sustainability Resources,An online platform that allows you to navigate the sea of sustainability tools and carve out your pathway to implementation. SHIFT (Search Engine for Business Sustainability Resources) is a cross-sector collaboration led by the Sustainability Initiative at MIT Sloan.,//ungc-production.s3.us-west-2.amazonaws.com/resources/images/5642/show@2x/Shift_Cover.JPG?1540393418,/library/5642,2017-01-01,Website
Gender Equality in Codes of Conduct Guidance,This report provides a framework for companies to integrate gender equality considerations into the standards they use to set supply chain ethical requirements. This Guidance is the first of a set of tools that aim at promoting practices and systems in supply chains that empower women.,//ungc-production.s3.us-west-2.amazonaws.com/resources/images/5660/show@2x/BSR_cover.JPG?1559154582,/library/5660,2017-01-01,Report
The Five Levels of an Ethical Culture,A new working paper helps companies understand how to build and sustain organizations with integrity.,//ungc-production.s3.us-west-2.amazonaws.com/resources/images/5663/show@2x/5_levels_of_ethics.JPG?1554477380,/library/5663,2017-01-01,Report
Redefining Sustainable Business: Management for a Rapidly Changing World,"This report provides a guide for sustainability practitioners to create resilient business strategies, governance, and management so that their companies are fit for a disruptive world.",//ungc-production.s3.us-west-2.amazonaws.com/resources/images/5673/show@2x/Redifing.JPG?1554734968,/library/5673,2017-01-01,Report
Impact Sourcing Standard,The Impact Sourcing Standard is the first globally recognized standard for the business practice of Impact Sourcing. The standard defines the minimum requirements and voluntary best practices for providers of business products and services to demonstrate their commitment to inclusive employment.,//ungc-production.s3.us-west-2.amazonaws.com/resources/images/5674/show@2x/Global_IMapct_cover.JPG?1554735098,/library/5674,2017-01-01,Website
"Big Brands, Big Impact: A Marketer's Guide to Behavior Change","This report highlights findings from a study that explored how companies can trigger behavioral shifts that enable more sustainable lifestyles, grow demand for more sustainable products, and create business value.",//ungc-production.s3.us-west-2.amazonaws.com/resources/images/5675/show@2x/big_brands_big_impact.JPG?1554735213,/library/5675,2017-01-01,Report
Building Responsibly Worker Welfare Principles,These Principlesserve as the global standard on worker welfare for the engineering and construction industry. They address key areas of worker vulnerability to raise standards and level the playing field so that competitiveness is not at the expense of the worker.,//ungc-production.s3.us-west-2.amazonaws.com/resources/images/5676/show@2x/Workers_welfare.JPG?1554735322,/library/5676,2017-01-01,Website
10 Human Rights Priorities for the Financial Sector,"A primer on the most relevant, urgent, and probable human rights impacts for the financial sector and opportunities for positive impact",//ungc-production.s3.us-west-2.amazonaws.com/resources/images/5680/show@2x/10_HR_rights_cover.JPG?1554736357,/library/5680,2017-01-01,Website
The Supply Chain Leadership Ladder,"This working paper introduces the Supply Chain Leadership Ladder, a maturity model for supply chain sustainability programs, which companies can use to develop their program toward deeper impact.",//ungc-production.s3.us-west-2.amazonaws.com/resources/images/5681/show@2x/supply_chain_leadership.JPG?1554736512,/library/5681,2017-01-01,Report
Automation: A Framework for a Sustainable Transition,This report helps companies navigate the business and social implications of automation and outlines how companies can prepare the workforce for the inevitable changes to come.,//ungc-production.s3.us-west-2.amazonaws.com/resources/images/5685/show@2x/Automation_framework.JPG?1554822242,/library/5685,2017-01-01,Report
10 Human Rights Priorities for the Transport and Logistics Sector,"An issue brief on the most relevant, urgent, and probable human rights impacts for the transport and logistics sector and opportunities for positive impact.",//ungc-production.s3.us-west-2.amazonaws.com/resources/images/5686/show@2x/10_HR_rights_for_transpo.JPG?1554824346,/library/5686,2017-01-01,Website
"Climate and Women, The Business Case for Action",This paper explores the connection between women's empowerment and resilience to climate change and aims to drive corporate action to put women at the center of climate solutions.,//ungc-production.s3.us-west-2.amazonaws.com/resources/images/5691/show@2x/Climate___Women.JPG?1554907147,/library/5691,2017-01-01,Report
"In a Crisis, Companies are better off working together","The private sector plays an essential role in humanitarian preparedness, response, and recovery efforts, but large numbers of independent actors - no matter how well intentioned - can introduce complexity and potential duplication of efforts, particularly when companies react in an ad hoc or uncoordinated way.  To deliver maximum impact, many forward-thinking companies have begun to forge private-sector networks. These networks of companies and local businesses collaborate in a country or region to strengthen their own risk preparedness and to mobilize and coordinate the private-sector response to an emergency.  The paper discusses the role of the private sector in disaster prevention, preparedness, response and recovery efforts and introduces ideas how companies can collaborate better to become more resilient themselves and reduce duplication and deliver maximum impact supporting humanitarian efforts.",//ungc-production.s3.us-west-2.amazonaws.com/resources/images/5698/show@2x/issu_brief.JPG?1554908081,/library/5698,2017-01-01,Report
"Corporate Engagement on Water Supply, Sanitation and Hygiene",A high-level summary of research findings and recommendations for driving progress on WASH and SDG6 through supply-chains and voluntary standards.,//ungc-production.s3.us-west-2.amazonaws.com/resources/images/5701/show@2x/Corporate_Engagement.JPG?1554910762,/library/5701,2017-01-01,Report
Exploring the Case for Context Based Water Targets,"In order to contribute to long-term risk mitigation and tackle increasing water challenges, corporate water targets must be informed by the best available science on hydro-ecological conditions at the basin level, informed by contextual social needs, and aligned with local to global public policy objectives.",//ungc-production.s3.us-west-2.amazonaws.com/resources/images/5702/show@2x/exploring_case_for_corp.JPG?1554910981,/library/5702,2017-01-01,Report
UNGC 2020 Global Strategy,United Nations Global Compact Global Strategy,//ungc-production.s3.us-west-2.amazonaws.com/resources/images/5734/show@2x/Global_Strategy_Cover.PNG?1580164948,/library/5734,2017-01-01,Policy Document
Fighting Corruption in the Supply Chain: A Guide for Customers and Suppliers,Outlines common supply chain corruption scenarios and provides a framework and set of tools for addressing them. This resource was updated in 2016.,//ungc-production.s3.us-west-2.amazonaws.com/resources/images/153/show@2x/Screen_Shot_2016-12-27_at_3.46.37_PM.png?1482871854,/library/153,2016-01-01,Report
UN Global Compact Annual Local Network Report Series,"Highlights the growth and activities of Global Compact Local Networks around the world. The report features statistics, activities and achievements of Local Networks in relation to Global Compact issue areas (human rights, labour, environment, anti-corruption) and in support of broader UN goals and issues.",//ungc-production.s3.us-west-2.amazonaws.com/resources/images/308/show@2x/Screen_Shot_2016-10-24_at_2.51.21_PM.png?1477335098,/library/308,2016-01-01,Report
Caring for Climate Progress Report Series,"Examines trends in participation in the Caring for Climate initiative, including emissions performance of companies, as well as progress companies have made against the five commitments endorsed by all signatories in the Caring for Climate Leadership Statement. By providing this analysis, Caring for Climate seeks to remind signatories of their progress towards a building a low-carbon society and to encourage greater participation in the initiative.",//ungc-production.s3.us-west-2.amazonaws.com/resources/images/1121/show@2x/c4c.png?1479314532,/library/1121,2016-01-01,Report
UN Global Compact Financial Reports,Provides an overview of the income and expenditures of the UN Global Compact.,//ungc-production.s3.us-west-2.amazonaws.com/resources/images/1881/show@2x/resource_preview_1881.png?1436304518,/library/1881,2016-01-01,Report
Summary Report: 2015 Caring for Climate Business Forum at COP21,"Provides an overview of key outcomes from the Caring for Climate Business Forum (7-8 December 2015, Paris) during the twenty-first Conference of the Parties COP21 climate negotiations. The Forum demonstrated unprecedented corporate engagement at bringing together over 600 chief executives and senior representatives from the private and public sectors to discuss the integral role of business in advancing the climate agenda and demonstrate support for an ambitious international climate agreement. Co-organized by the United Nations Global Compact, United Nations Framework Convention on Climate Change (UNFCCC) secretariat and United Nations Environment Programme (UNEP), the third annual Caring for Climate Business Forum served as the official platform for business at COP21 and included the Lima-Paris Action Agenda (LPAA) Focus Event on Business.",//ungc-production.s3.us-west-2.amazonaws.com/resources/images/3871/show@2x/resource_preview_3871.png?1453754236,/library/3871,2016-01-01,Meeting Report
ILO-IOE Child Labour Guidance Tool for Business,"Provides an overview on how to do business with respect for childrens right to be free from child labour. The guidelines aim to improve global supply chain governance, due diligence and remediation processes to advance the progressive elimination of child labour.",//ungc-production.s3.us-west-2.amazonaws.com/resources/images/3881/show@2x/resource_preview_3881.png?1453762577,/library/3881,2016-01-01,Report
"SDG Industry Matrix: Food, Beverage & Consumer Goods","Showcases industry-specific examples and ideas for corporate action related to the SDGs. Presented in a series of publications, each matrix will highlight bold pursuits and decisions made by diverse companies for each SDG.",//ungc-production.s3.us-west-2.amazonaws.com/resources/images/3961/show@2x/resource_preview_3961.png?1455656635,/library/3961,2016-01-01,Report
SDG Industry Matrix: Financial Services,"Showcases industry-specific examples and ideas for corporate action related to the SDGs. Presented in a series of publications, each matrix will highlight bold pursuits and decisions made by diverse companies for each SDG.",//ungc-production.s3.us-west-2.amazonaws.com/resources/images/4001/show@2x/Untitled-2.png?1456435532,/library/4001,2016-01-01,Report
Business and Responsible Taxation,"The issue of taxation is steadily rising on the corporate sustainability agenda. Taxes are one of the main sources of revenue for governments. They are crucial to enable governments to deliver key services to their constituents such as health, education, housing and infrastructure. While tax legislation and enforcement are government responsibilities, companies, as tax payers, also have an important role to play to meet their own human rights responsibilities and to comply with the law. Jointly hosted by the UN Global Compact and the Business &amp; Human Rights Resource Centre, this webinar provided a briefing on the link between tax and human rights, the challenges associated and new resources that have been developed for governments, investors, businesses and NGOs on emerging best practices related to tax and human rights. The webinar featured presentations from the Business &amp; Human Rights Resource Centre, NEI Investments/PRI Taskforce on Corporate Tax Responsibility, and ActionAid.",//ungc-production.s3.us-west-2.amazonaws.com/resources/images/4011/show@2x/Untitled-1.png?1456435297,/library/4011,2016-01-01,Webinar
UN Global Compact Launches Search for Local SDG Pioneers,UN Global Compact Executive Director Lise Kingo announces search for local entrepreneurs and change-makers who are making the global goals local business.,//ungc-production.s3.us-west-2.amazonaws.com/resources/images/4031/show@2x/resource_preview_4031.png?1461767496,/library/4031,2016-01-01,Video
Lise Kingo Message for Local Networks on the SDGs,UN Global Compact Executive Director Lise Kingo outlines crucial role of Local Networks in finding Local SDG Pioneers who are making the global goals local business.,//ungc-production.s3.us-west-2.amazonaws.com/resources/images/4041/show@2x/resource_preview_4041.png?1461767557,/library/4041,2016-01-01,Video
Principles for Sustainable Soil Management,"Offers a framework for principle-based collaboration between business, the UN, governments, civil society and other stakeholders.",//ungc-production.s3.us-west-2.amazonaws.com/resources/images/4101/show@2x/resource_preview_4101.png?1458056262,/library/4101,2016-01-01,Report
Traceability Technical Solutions for the Apparel Sector,"Reveals new ideas for how to create better visibility into supply chains in the apparel industry. The C &amp; A Foundation is leading a project – in collaboration with Business for Social Responsibility (BSR) and the UN Global Compact, with support of Cognizant – to identify the best traceability solutions providers on today’s market. The project will identify ways that companies in the industry can work together to create change through traceability. This webinar provides an understanding of why traceability is important, and concrete project ideas to trace your own supply chain.",//ungc-production.s3.us-west-2.amazonaws.com/resources/images/4121/show@2x/resource_preview_4121-01.png?1458055773,/library/4121,2016-01-01,Webinar
Global Connections TV - Interview with Lise Kingo,"Executive Director Lise Kingo sits down with Bill Miller of Global Connections Television to discuss the UN Global Compact's call to companies to align strategies and operations with universal principles on human rights, labour, environment and anti-corruption, and take actions that advance societal goals.",//ungc-production.s3.us-west-2.amazonaws.com/resources/images/4131/show@2x/resource_preview_4131.png?1459434740,/library/4131,2016-01-01,Video
2016 Women's Empowerment Principles Annual Event – Day 1,"Held in observance of International Women's Day, the 2016 WEPs Annual Event, Business Partners for Gender Equality: Multipliers for Development, brought together inspirational business leaders, including innovative female entrepreneurs, with civil society, the UN and Government, to scale-up business action and unleash the full potential of women and girls. Through high-level panels and interactive sessions, participants dove into how diverse companies around the world are implementing the Women’s Empowerment Principles (WEPs) and helping to achieve the new Sustainable Development Goals (SDGs), set forth in the 2030 Agenda for Sustainable Development.",//ungc-production.s3.us-west-2.amazonaws.com/resources/images/4161/show@2x/resource_preview_4161.png?1461765588,/library/4161,2016-01-01,Video
2016 Women's Empowerment Principles Annual Event – Day 2,"Held in observance of International Women's Day, the 2016 WEPs Annual Event, Business Partners for Gender Equality: Multipliers for Development, brought together inspirational business leaders, including innovative female entrepreneurs, with civil society, the UN and Government, to scale-up business action and unleash the full potential of women and girls. Through high-level panels and interactive sessions, participants dove into how diverse companies around the world are implementing the Women’s Empowerment Principles (WEPs) and helping to achieve the new Sustainable Development Goals (SDGs), set forth in the 2030 Agenda for Sustainable Development.",//ungc-production.s3.us-west-2.amazonaws.com/resources/images/4171/show@2x/resource_preview_4171.png?1461765530,/library/4171,2016-01-01,Video
The UK Modern Slavery Act: Implications for Global Compact Participants,Explores the requirements of the UK Modern Slavery Act and its implications for UN Global Compact business participants who conduct business in the UK. It also offers good practice approaches that companies can take to address human rights risks.,//ungc-production.s3.us-west-2.amazonaws.com/resources/images/4181/show@2x/resource_preview_4181.png?1461967095,/library/4181,2016-01-01,Webinar
Integrating Human Rights Considerations into Mergers & Acquisitions,Explains the importance of integrating human rights considerations into M&amp;A processes and provides guidance on how companies can do so. The webinar will also features reflections from two companies on their lessons learned.,//ungc-production.s3.us-west-2.amazonaws.com/resources/images/4191/show@2x/resource_preview_4191.png?1461967026,/library/4191,2016-01-01,Webinar
