Data,Link,Título,Data Detalhada,Conteúdo Detalhado
"31 Jul 2023,The European Commission adopts the European Sustainability Reporting Standards (ESRS),Europe,Social; Environment; Governance,Aerospace and Defence; Consumer; Travel and Tourism; Agriculture & Forestry; Government and Non-Profit Organisations; Chemicals; Transportation; Infrastructure and Logistics; Packaging; Risk management; Industrial Goods & Machinery; Mining; Technology; Media and Telecom; Automotive; Business and Consumer Services; Financial Services; Healthcare; Sport; Construction,
                                                    European Commission
                                                ,",https://www.globaldata.com/esg/regulatorysummary/the-european-commission-adopts-the-european-sustainability-reporting-standards-esrs,The European Commission adopts the European Sustainability Reporting Standards (ESRS),"Tuesday, 01 August 2023","The European Sustainability Reporting Standards (ESRS) were approved by the Commission today for use by all businesses governed by the Corporate Sustainability Reporting Directive (CSRD). This is a step in the right direction toward a sustainable EU economy. The complete spectrum of environmental, social, and governance issues are covered by the standards, including those relating to climate change, biodiversity, and human rights. Investors can use the information they provide to better understand the sustainability impact of the businesses they invest in. In order to achieve a very high level of interoperability between EU and global standards and to prevent enterprises from reporting information twice, they also take into account negotiations with the International Sustainability Standards Board (ISSB) and the Global Reporting Initiative (GRI). For various companies, the reporting requirements will gradually be implemented."
"26 Jul 2023,A comparison of IFRS S2 and the TCFD Recommendations is published by the IFRS Foundation,Global,Environment; Risk Management; Governance; Corporate Structure; Social,Investment Banking; Investments and Asset Management; Risk management; Financial Services,
                                                    International Sustainability Standards Board
                                                ,",https://www.globaldata.com/esg/regulatorysummary/a-comparison-of-ifrs-s2-and-the-tcfd-recommendations-is-published-by-the-ifrs-foundation,A comparison of IFRS S2 and the TCFD Recommendations is published by the IFRS Foundation,"Wednesday, 26 July 2023","The IFRS Foundation has today published a comparison of the requirements in IFRS S2 Climate-related Disclosures and the TCFD recommendations in response to the Financial Stability Board's announcement that the work of the Task force on Climate-related Financial Disclosures (TCFD) has been completed, with the ISSB Standards marking the ""culmination of the work of the TCFD."" The requirements in IFRS S2 are in line with the eleven recommended disclosures and the four core recommendations provided by the TCFD. Companies who implement the ISSB Standards will comply with the TCFD recommendations, as shown in this comparison, thus they do not need to implement the TCFD recommendations in addition to the ISSB Standards."
"25 Jul 2023,IOSCO endorses the ISSB’s Sustainability-related Financial Disclosures Standards,Global,Environment; Risk Management; Governance; Social,Investment Banking; Financial Services,
                                                    International Organization of Securities Commissions
                                                ,",https://www.globaldata.com/esg/regulatorysummary/iosco-endorses-the-issbs-sustainability-related-financial-disclosures-standards,IOSCO endorses the ISSB’s Sustainability-related Financial Disclosures Standards,"Wednesday, 26 July 2023","IOSCO has voted to support IFRS S1 and IFRS S2, the recently released sustainability-related financial disclosure standards from the International Sustainability Standards Board (ISSB), marking a significant step toward consistent, comparable, and accurate sustainability reporting."
"20 Jul 2023,ESG Sub-category for Equity Schemes Introduced by SEBI,India; Asia,Social; Governance; Environment; Sustainable Finance,Investments and Asset Management; Risk management; Financial Services,
                                                    Securities and Exchange Board of India
                                                ,",https://www.globaldata.com/esg/regulatorysummary/esg-sub-category-for-equity-schemes-introduced-by-sebi,ESG Sub-category for Equity Schemes Introduced by SEBI,"Friday, 21 July 2023","According to the current regulatory criteria, Mutual Funds are only allowed to introduce one equity scheme that includes ESG investment. An ESG Advisory Committee was established by SEBI to make suggestions for additional steps to enhance transparency, with a special focus on mitigating risks of mis-selling and greenwashing. This committee made recommendations for extending the disclosure requirements for ESG funds.The SEBI (Mutual Funds) Regulations, 1996 were amended on June 27, 2023(link), taking into account the recommendations of the ESG Advisory Committee and in response to public consultation on the subject. Among other things, the amendments state that funds under ESG schemes must be invested according to the methods SEBI has from time to time specified."
"17 Jul 2023,IOSCO Issues Final Recommendations on Compliance in Carbon Markets,Global,Environment,Investment Banking; Capital Markets; Investments and Asset Management; Risk management; Financial Services,
                                                    International Organization of Securities Commissions
                                                ,",https://www.globaldata.com/esg/regulatorysummary/iosco-issues-final-recommendations-on-compliance-in-carbon-markets,IOSCO Issues Final Recommendations on Compliance in Carbon Markets,"Tuesday, 18 July 2023","The International Organization of Securities Commissions' Board released a final report on compliance carbon markets (CCMs) with the intention of assisting IOSCO members that want to create new CCMs or improve their current CCMs.  With reference to the lessons learned from conventional financial markets, OSCO's final study offers twelve major recommendations for developing and improving compliant carbon markets."
"14 Jul 2023,Consumer Businesses in Australia Will Face Tougher Greenwashing Regulations,Australia; Oceania,Climate Change; Environment; Pollution,Consumer; Business and Consumer Services,
                                                    Australian Competition and Consumer Commission (ACCC)
                                                ,",https://www.globaldata.com/esg/regulatorysummary/consumer-businesses-in-australia-will-face-tougher-greenwashing-regulations,Consumer Businesses in Australia Will Face Tougher Greenwashing Regulations,"Saturday, 15 July 2023","To strengthen the veracity of environmental and sustainability claims made by companies and safeguard consumers from ""greenwashing,"" the ACCC published draft advice.
The draft guidance tries to address the troubling behavior exposed by the ACCC's recent online investigation into greenwashing, which discovered that 57% of the businesses examined were making potentially deceptive environmental claims.
The ACCC is giving priority to consumer, product safety, fair trade, and competition concerns in relation to environmental and sustainability claims as part of the 2023–24 Compliance and Enforcement Priorities."
"12 Jul 2023,SEBI improves ESG reporting framework for listed entities and their value chain,India; Asia,Environment; Governance; Corporate Structure; Ethics; Risk Management; Social,Investment Banking; Investments and Asset Management; Risk management; Financial Services,
                                                    Securities and Exchange Board of India
                                                ,",https://www.globaldata.com/esg/regulatorysummary/sebi-improves-its-esg-reporting-framework-for-listed-entities-and-their-value-chain,SEBI improves ESG reporting framework for listed entities and their value chain,"Friday, 14 July 2023","The BRSR Core is a subset of the BRSR and consists of a group of metrics and Key Performance Indicators (KPIs) that fall under nine ESG criteria.A few new KPIs, such as job creation in small towns, company openness, gross wages paid to women, etc., have been identified for assurance while keeping in mind their relevance to the Indian / Emerging market environment. Additionally, revenue-based intensity ratios that have been PPP (Purchasing Power Parity) adjusted have been included for greater global comparability. Listed companies will need to receive assurance for the ESG data they provide in their annual BRSR reports and include it from companies along their value chain."
"12 Jul 2023,The European Parliament adopted a position on the Nature Restoration Law,Europe,Sustainable Fishery; Sustainable Farming; Sustainable Forestry; Bioremediation; Non Hazardous Waste Management; Hazardous Waste Management; Marine Biodiversity; Pollution; Environment; Biodiversity; Climate Change,Agriculture & Forestry; Government and Non-Profit Organisations,
                                                    European Parliament
                                                ,",https://www.globaldata.com/esg/regulatorysummary/the-european-parliament-adopted-a-position-on-the-nature-restoration-law,The European Parliament adopted a position on the Nature Restoration Law,"Thursday, 13 July 2023","With the rule introducing a framework of measures that restore at least 20% of the EU's land and sea by 2030 and all ecosystems in need of restoration by 2050, the vote's conclusion is a big victory for biodiversity. The Regulation has specific goals for improving and reestablishing biodiverse habitats, stopping the loss of pollinating insect populations, preserving green urban space, putting drained peatland back to use for agriculture, and restoring coastal habitats, among others."
"10 Jul 2023,ISSB to take Over TCFD Monitoring Responsibilities from 2024,Global,Social; Environment; Risk Management; Ethics; Governance; Sustainable Finance,Investment Banking; Investments and Asset Management; Risk management; Financial Services,
                                                    International Sustainability Standards Board
                                                ,",https://www.globaldata.com/esg/regulatorysummary/issb-to-take-over-tcfd-monitoring-responsibilities-from-2024,ISSB to take Over TCFD Monitoring Responsibilities from 2024,"Tuesday, 11 July 2023","Following the publication of the inaugural ISSB Standards—IFRS S1 and IFRS S2—the Financial Stability Board has asked the IFRS Foundation to take over the Task Force on Climate-related Financial Disclosures (TCFD) monitoring of corporations' climate-related disclosures. The recommendations of the TCFD are fully included into IFRS S1 and IFRS S2. As such, the Financial Stability Board stated that the Standards are ""the culmination of the work of the TCFD,"" which was established in 2017 at the request of the Financial Stability Board."
"5 Jul 2023,SEBI requires ESG Ratings providers to be certified,India; Asia,Sustainable Finance; Governance; Ethics; Risk Management; Environment; Social,Insurance; Risk management; Financial Services,
                                                    Securities and Exchange Board of India
                                                ,",https://www.globaldata.com/esg/regulatorysummary/sebi-requires-esg-ratings-providers-to-be-certified,SEBI requires ESG Ratings providers to be certified,"Thursday, 06 July 2023","Only businesses certified by the Securities and Exchange Board of India (SEBI) can provide ESG rating services. Even overseas agencies that provide ESG rating services will need to obtain SEBI accreditation in order to supply services to Indian firms. The market regulator established two categories for rating entities based on their net worth and functions. Methodology for rating The certified rating agency must disclose its rating methodology for all ESG ratings on its website, while keeping proprietary or confidential aspects of the methodologies in check, and include category-wise weightages of environmental, social, and governance factors in ESG ratings, as well as the weightage of high level themes or key issues in each of the three factors."
"26 Jun 2023,ISSB publishes the first global sustainability disclosure standards,Global,Social; Corporate Structure; Governance; Risk Management; Environment; Sustainable Finance; Green Loans; Green Bonds; Shareholder Engagement,Investment Banking; Capital Markets; Government and Non-Profit Organisations; Investments and Asset Management; Risk management; Financial Services,
                                                    International Sustainability Standards Board
                                                ,",https://www.globaldata.com/esg/regulatorysummary/issb-publishes-the-first-global-sustainability-disclosure-standards,ISSB publishes the first global sustainability disclosure standards,"Wednesday, 28 June 2023","The International Sustainability Standards Board (ISSB) announced its first standards today, IFRS S1 and IFRS S2, ushering in a new era of sustainability-related reporting in global capital markets. The Standards will help to increase trust and confidence in corporate sustainability disclosures in order to guide investment decisions. For the first time, the Standards establish a consistent vocabulary for communicating the impact of climate-related risks and opportunities on a company's prospects. ISSB Chair Emmanuel Faber will officially launch the Standards at the IFRS Foundation's annual conference, as well as through events hosted by stock exchanges around the world, including those in Frankfurt, Johannesburg, Lagos, London, New York, and Santiago de Chile; the ASEAN Capital Markets Forum will also host a launch event in Singapore. About the Standards : IFRS S1 establishes a series of disclosure standards to enable businesses to communicate with investors about the sustainability-related risks and opportunities they face in the short, medium, and long term. IFRS S2 specifies particular climate-related disclosures and is intended to be used in conjunction with IFRS S1. Both completely integrate the Task Force on Climate-related Financial Disclosures (TCFD) guidelines."
"22 Jun 2023,ICMA Issues Transition Finance and Climate-themed Bond Guideline updates,Global,Carbon Emissions; Climate Change; Environment; Natural Resources; Risk Management; Ethics; Governance; Sustainable Finance; Green Bonds; Green Loans,Investment Banking; Capital Markets; Investments and Asset Management; Risk management; Financial Services,
                                                    International Capital Markets Association
                                                ,",https://www.globaldata.com/esg/regulatorysummary/icma-issues-transition-finance-and-climate-themed-bond-guideline-updates,ICMA Issues Transition Finance and Climate-themed Bond Guideline updates,"Friday, 23 June 2023","The following publications and resources have been made available: 1. The CTFH 2023 version, the first update since its initial publication in 2020, incorporates market and government progress on climate transition guidelines and disclosures. The document provides specific recommendations for climate-themed green, sustainability, and sustainability-linked bonds, as well as acknowledgement of the establishment of ""climate transition"" bonds in several jurisdictions. It includes new annexes with illustrative disclosures, infographics, and a list of general market and government sector recommendations for climate-themed bonds. 2. The SLBP and accompanying tools will be updated in 2023, with newly adapted terminology for sovereign issuers and new measures for sovereigns and social issues in the KPI register."
"8 Jun 2023,OECD Guidelines on Responsible Business Conduct for Multinational Enterprises,Global,Circular Economy; Health and Safety; Climate Change; Carbon Emissions; Pollution; Resource Scarcity; Natural Resources; Biodiversity; Environment; Corporate Structure; Corruption and Bribery; Ethics; Governance; Risk Management; Human Rights; Community Impact; Diversity and Inclusion; Mineral Resource Optimization; Water Management,Consumer; Aerospace and Defence; Travel and Tourism; Agriculture & Forestry; Transportation; Infrastructure and Logistics; Chemicals; Packaging; Industrial Goods & Machinery; Mining; Technology; Media and Telecom; Automotive; Business and Consumer Services; Financial Services; Healthcare; Sport; Construction,
                                                    Organisation for Economic Co-operation and Development
                                                ,",https://www.globaldata.com/esg/regulatorysummary/oecd-guidelines-on-responsible-business-conduct-for-multinational-enterprises,OECD Guidelines on Responsible Business Conduct for Multinational Enterprises,"Friday, 09 June 2023","Governmental advice to multinational corporations is included in the OECD Guidelines for Multinational Enterprises on Responsible Business Conduct. They seek to reduce negative effects on issues covered by the Guidelines that may be related to an enterprise's activities, goods, and services, and to promote the positive contributions that businesses can make to social, economic, and environmental advancement. The Guidelines address all important facets of corporate social responsibility, such as taxation, bribery, consumer protection, environmental protection, labour rights, and science and technology. In addition to updated implementation guidelines for the National Contact Points for Responsible Business Conduct, the 2023 edition of the Guidelines offers updated recommendations for responsible business conduct in a number of critical areas, including climate change, biodiversity, technology, business integrity, and supply chain due diligence."
"7 Jun 2023,PRI : Technical guidance on Human Rights due diligence for private market investors,Global,Fair Employment; Indigenous Community Management; Fair Wages; Forced Labour & Child Labour; Sustainable Finance; Human Rights; Risk Management; Governance; Ethics; Corporate Structure; Social,Investment Banking; Capital Markets; Investments and Asset Management; Government and Non-Profit Organisations; Risk management; Financial Services,
                                                    United Nations Principles for Responsible Investment 
                                                ,",https://www.globaldata.com/esg/regulatorysummary/pri-technical-guidance-on-human-rights-due-diligence-for-private-market-investors,PRI : Technical guidance on Human Rights due diligence for private market investors,"Thursday, 08 June 2023","This guidance provides tools and resources to assist private market investors in adopting consistent human rights practises and making better investment decisions. Given the degree of control and/or influence that private market investors frequently have over their underlying investments, investors can be well positioned to integrate human rights into their investing processes and promote improvements that lead to better human rights results. Severe human rights consequences can frequently pose reputational, operational, and financial difficulties. Investors can and should collaborate with their investments to prevent and/or repair the effects on impacted parties, as well as potentially lower these risks."
"6 Jun 2023,Polish Government approves an amendment to the Act on Packaging and Packaging Waste Management,Europe; Poland,Hazardous Waste Management; Environment; Sustainable Packaging; Pollution; Climate Change; Circular Economy,Consumer; Alcoholic Beverages; Non-Alcoholic Beverages; Food; Packaging; Recycling; Packaging Material; Retail,
                                                    Ministry of Climate
                                                ,",https://www.globaldata.com/esg/regulatorysummary/polish-government-approves-an-amendment-to-the-act-on-packaging-and-packaging-waste-management,Polish Government approves an amendment to the Act on Packaging and Packaging Waste Management,"Wednesday, 07 June 2023","The draught, approved by the Council of Ministers on June 6, 2023, conforms Polish law to European Union solutions. It is about the EU directive on decreasing the environmental impact of some plastic products. A deposit-refund system for disposable plastic bottles up to 3 litres, reusable glass bottles up to 1.5 litres, and metal cans with a capacity of up to 1 litre will be implemented on January 1, 2025."
"1 Jun 2023,ESAs provide a shared understanding of Greenwashing and caution on associated Risks,Europe,Social; Environment; Risk Management; Governance; Ethics; Corporate Structure; Shareholder Engagement; Board Effectiveness,Investment Banking; Investments and Asset Management; Risk management; Financial Services,
                                                    European Securities and Markets Authority
                                                ,",https://www.globaldata.com/esg/regulatorysummary/esas-provide-a-shared-understanding-of-greenwashing-and-caution-on-associated-risks,ESAs provide a shared understanding of Greenwashing and caution on associated Risks,"Friday, 02 June 2023","The Progress Reports on Greenwashing in the Financial Sector are published by the European Supervisory Authorities (ESAs; EBA, EIOPA, and ESMA). view the EIOPA, ESMA, and EBA reports. In these studies, the ESAs present an overarching framework for understanding greenwashing that is applicable to market participants in all areas under their various purviews, including banking, insurance, pensions, and financial markets. In May 2024, the ESAs will release their final greenwashing findings, and they'll also take into account their final recommendations, which could include modifying the EU legislative framework."
"26 May 2023,MAS has issued new guidance on mitigating the risks of terrorist financing,Singapore,Ethics; Corruption and Bribery; Governance; Risk Management,Government and Non-Profit Organisations; Risk management; Financial Services,
                                                    Monetary Authority of Singapore
                                                ,",https://www.globaldata.com/esg/regulatorysummary/mas-has-issued-new-guidance-on-mitigating-the-risks-of-terrorist-financing,MAS has issued new guidance on mitigating the risks of terrorist financing,"Monday, 29 May 2023","The Monetary Authority of Singapore (MAS) announced fresh recommendations for financial institutions (FIs) on assessing their counter-terrorism funding (CFT) procedures on May 26, 2023. The advise follows the regulator's industry-wide study, which looked at CFT-related controls and FIs' understanding of terrorist funding. The advise summarises MAS' significant observations and outlines the supervisory expectations against which FIs should evaluate their controls."
"25 May 2023,Anti-Money Laundering and Counter-Terrorism Financing Guidelines,Hong Kong; Asia,Risk Management; Governance; Corruption and Bribery; Related Party Transactions; Money Laundering,Cards & Payments; Commercial Banking; Retail Banking and Lending; Risk management; Financial Services,
                                                    Hong Kong Monetary Authority
                                                ,",https://www.globaldata.com/esg/regulatorysummary/anti-money-laundering-and-counter-terrorism-financing-guidelines,Anti-Money Laundering and Counter-Terrorism Financing Guidelines,"Wednesday, 31 May 2023","Section 7 of the Anti-Money Laundering and Counter-Terrorist Financing Ordinance (AMLO) and Section 7(3) of the Banking Ordinance (BO) permit the publication of this guideline. This recommendation also 1. Gives a broad overview of the topics of money laundering and terrorism financing (ML/TF), including a description of the key clauses of the relevant AML/CFT law in Hong Kong; and 2. Offers helpful advice to help Authorized Institutions and their senior management create and implement their own policies, practices, and controls in the pertinent operational areas while taking into account their unique circumstances in order to comply with the pertinent AML/CFT statutory and regulatory requirements. The goal of the guidelines is to increase effectiveness."
"24 May 2023,Science Based Targets Network (SBTN) has released first corporate science-based targets for nature,Global,Risk Management; Community Impact; Human Rights; Governance; Ethics; Environment; Biodiversity; Pollution; Natural Resources; Carbon Emissions; Climate Change; Circular Economy; Health and Safety,Consumer; Aerospace and Defence; Travel and Tourism; Agriculture & Forestry; Government and Non-Profit Organisations; Transportation; Infrastructure and Logistics; Chemicals; Packaging; Industrial Goods & Machinery; Mining; Technology; Media and Telecom; Automotive; Business and Consumer Services; Financial Services; Healthcare; Construction,
                                                    Science Based Targets
                                                ,",https://www.globaldata.com/esg/regulatorysummary/science-based-targets-network-sbtn-has-released-first-corporate-science-based-targets-for-nature,Science Based Targets Network (SBTN) has released first corporate science-based targets for nature,"Friday, 26 May 2023","The first science-based nature targets provide corporations with the information, methodologies, and skills they need to succeed in an equitable net zero, nature-positive future. The new science-based nature targets aim to provide enterprises with the knowledge, methodology, and tools they need to assess their environmental impacts comprehensively and set targets to remediate them. They are also supposed to give investors looking to deploy capital in accordance with the Global Biodiversity Framework's (GBF) objectives with decision-useful information on nature-related risks. SBTN has formed a pilot group of 17 companies who want to set nature goals this year. These organisations were chosen from a pool of 55 applicants based on three criteria: preparedness, representativeness, and environmental impact. The companies chosen represent industries and supply networks that have a significant environmental impact."
"18 May 2023,China forms a national financial regulatory authority,China; Asia,Risk Management; Governance,Cards & Payments; Retail Banking and Lending; Investment Banking; Commercial Banking; Government and Non-Profit Organisations; Investments and Asset Management; Risk management; Financial Services,
                                                    State Council of the People's Republic of China
                                                ,",https://www.globaldata.com/esg/regulatorysummary/china-forms-a-national-financial-regulatory-authority,China forms a national financial regulatory authority,"Monday, 22 May 2023","The National Administration of Financial Regulation (NAFR) was officially established as China's new financial regulator on Thursday, marking an important step forward in the country's institutional reform of financial supervision. The NAFR, which reports directly to the State Council, is based on the China Banking and Insurance Regulatory Commission.
With the exception of the securities sector, the new administration is in charge of regulating the financial industry. Certain functions of the People's Bank of China and the China Securities Regulatory Commission will be transferred to it."
"18 May 2023,Changes in LEC regulations,Brazil; South America,Governance; Risk Management,Investment Banking; Capital Markets; Investments and Asset Management; Risk management; Financial Services,
                                                    Banco Central do Brasil
                                                ,",https://www.globaldata.com/esg/regulatorysummary/changes-in-lec-regulations,Changes in LEC regulations,"Tuesday, 23 May 2023","All exposures to the same client must be limited to a maximum of 25% of Level I Reference Equity (Patrimônio de Referência, PR). Exposures to creditors or sub-creditors with exposures of up to 20% of the respective book value were included under specific restrictions."
"17 May 2023,ACSI Revises Voting Procedures to Encourage Gender Parity on Boards,Australia,Governance; Corporate Structure; Board Effectiveness; Board Diversity; Shareholder Engagement,Government and Non-Profit Organisations; Business and Consumer Services; Financial Services,
                                                    Department of the Treasury, Australia
                                                ,",https://www.globaldata.com/esg/regulatorysummary/acsi-revises-voting-procedures-to-encourage-gender-parity-on-boards,ACSI Revises Voting Procedures to Encourage Gender Parity on Boards,"Tuesday, 23 May 2023","The revised voting rules will apply to the ASX201–300, where women occupy an average of 34% of board seats, starting in July 2023. In order to establish and sustain a long-term viable, successful, and efficient business, ACSI believes that boards should be composed of individuals who not only work well together but also bring diversity of thought to the board decision-making process. In addition to the fundamental qualifications of age, gender, and ethnicity, well-structured boards also consider essential abilities and experience. According to the policy, ASX300 businesses may receive recommendations ""against"" the reappointment of male directors if women do not hold at least 30% of board positions."
"16 May 2023,Council adopts new law to reduce global deforestation,Europe,Governance; Natural Resources; Pollution; Biodiversity; Environment; Climate Change,Consumer; Cosmetics & Toiletries; Food & Drinks Ingredients; Agriculture & Forestry,
                                                    Council of the European Union
                                                ,",https://www.globaldata.com/esg/regulatorysummary/council-adopts-new-law-to-reduce-global-deforestation,Council adopts new law to reduce global deforestation,"Monday, 22 May 2023",The Council gave final approval to a regulation aimed at reducing the risk of deforestation and forest degradation related with products placed on or exported from the EU market. The EU is a significant consumer and trader of goods and products that contribute significantly to deforestation. The new restrictions are intended to ensure that the EU's consumption and trade of these commodities and products do not contribute to deforestation or further degradation of forest ecosystems. 
"12 May 2023,Basel III Capital Regulations of the RBI,India; Asia,Governance,Commercial Banking; Financial Services,
                                                    Reserve Bank of India
                                                ,",https://www.globaldata.com/esg/regulatorysummary/basel-iii-capital-regulations-of-the-rbi,Basel III Capital Regulations of the RBI,"Tuesday, 16 May 2023","All Scheduled Commercial Banks
(Excluding Small Finance Banks, Payments Banks
and Regional Rural Banks) The RBI published a Master Circular on Basel III capital standards, incorporating applicable instructions, on May 12th, 2023."
"9 May 2023,The SEC of Philippines has adopted ASEAN SRF Standards,Philippines; Asia,Governance; Ethics; Risk Management; Sustainable Finance; Green Bonds; Green Loans,Investment Banking; Capital Markets; Investments and Asset Management; Risk management; Financial Services,
                                                    Securities and Exchange Commission Philippines
                                                ,",https://www.globaldata.com/esg/regulatorysummary/the-sec-of-philippines-has-adopted-asean-srf-standards,The SEC of Philippines has adopted ASEAN SRF Standards,"Wednesday, 10 May 2023","The ASEAN SRFS provides minimum disclosure and reporting requirements that can be consistently applied to collective investment schemes (CIS) in the region, and addresses the need for comparable, uniform, and transparent information disclosure to mitigate the risk of greenwashing, among other things. The new standards are consistent with the ASEAN Framework for Cross-Border Offering of Collective Investment Schemes (CIS Framework).They apply to local investment companies, including sub-funds of umbrella funds, and fund managers who want to qualify under the ASEAN SRFS and offer either locally or cross-border under the ASEAN CIS Framework, as well as CIS operators and foreign Sustainable and Responsible Funds who want to offer in the Philippines under the ASEAN CIS Framework."
"5 May 2023,Updated Manual of Forex Regulations published by BSP,Philippines; Asia,Sustainable Finance; Governance,Capital Markets; Investment Banking; Risk management; Financial Services,
                                                    Bangko Sentral ng Pilipinas
                                                ,",https://www.globaldata.com/esg/regulatorysummary/updated-manual-of-forex-regulations-published-by-bsp,Updated Manual of Forex Regulations published by BSP,"Monday, 08 May 2023","The BSP updated Manual of Regulations on Foreign Exchange activities on May 8, 2023, compiling all forms, changes, and regulations on foreign exchange and related activities since 1993."
"4 May 2023,SEBI Strengthens Transition Bond Disclosure Requirements,India; Asia,Sustainable Finance; Green Loans; Green Bonds; Systemic Risk Management; Related Party Transactions; Climate Change; Carbon Emissions; Social; Environment; Governance; Ethics; Corruption and Bribery; Risk Management; Community Impact; Fairly Traded,Commercial Banking; Investment Banking; Investments and Asset Management; Risk management; Financial Services,
                                                    Securities and Exchange Board of India
                                                ,",https://www.globaldata.com/esg/regulatorysummary/sebi-strengthens-transition-bond-disclosure-requirements,SEBI Strengthens Transition Bond Disclosure Requirements,"Friday, 05 May 2023","According to the Securities and Exchange Board of India (Sebi), issuers of transition bonds would be required to make additional disclosures to guarantee that monies collected are for legitimate purposes. To distinguish themselves from other types of green debt security, debt instruments must include GB-T in the term sheet's type of instrument field, and issuers must provide interim targets and indicators of how much they plan to cut their emissions. Sebi further stated that the transition plan's implementation should be reviewed by an appropriate committee."
"3 May 2023,Strict new regulations to combat corruption in the EU and beyond,Europe,Governance; Ethics; Corruption and Bribery; Environment; Social; Lobbying; Money Laundering; Political Contributions; Related Party Transactions; Whistle Blowing Policy,Providers; Government and Non-Profit Organisations; Financial Services,
                                                    European Commission
                                                ,",https://www.globaldata.com/esg/regulatorysummary/strict-new-regulations-to-combat-corruption-in-the-eu-and-beyond,Strict new regulations to combat corruption in the EU and beyond,"Friday, 05 May 2023","The anti-corruption recommendations made today mark a turning point in the war against corruption on both the national and EU levels. The Commission will take stronger action, building on current initiatives, stepping up efforts to incorporate anti-corruption prevention into the creation of EU policies and programmes, and actively aiding Member States in their attempts to enact effective anti-corruption laws and policies. A proposal from the High Representative to establish a dedicated Common Foreign and Security Policy (CFSP) sanctions regime to target serious acts of corruption globally is supported by the Commission. Other measures include new and strengthened rules criminalising corruption offences and harmonising penalties across the EU. These new measures improve enforcement tools while putting a heavy emphasis on prevention and fostering an environment of integrity where corruption is not tolerated."
"3 May 2023,SEC Adopts Amendments to Improve Reporting on Private Funds (Form PF),North America; United States,Risk Management; Ethics; Governance; Sustainable Finance,Investments and Asset Management; Risk management; Financial Services; Wealth Management & Private Banking,
                                                    
                                                ,",https://www.globaldata.com/esg/regulatorysummary/sec-adopts-amendments-to-improve-reporting-on-private-funds-form-pf,SEC Adopts Amendments to Improve Reporting on Private Funds (Form PF),"Friday, 05 May 2023","The secret reporting form for a few SEC-registered investment advisers to private funds, Form PF, was modified by the Securities and Exchange Commission (SEC). The modifications, among other changes, mandate that all private equity fund advisors and major hedge fund advisers file current reports upon the occurrence of specific reporting events that could signal considerable stress on a fund or investor injury. The changes for current reporting will go into effect six months after the Adopting Release is published in the Federal Register, and the remaining changes will take effect a year after that."
"28 Apr 2023,The European Parliament has approved EU Corporate Sustainability Due Diligence Directive (CS3D),Europe,Shareholder Engagement; Social; Environment; Fairly Traded; Risk Management; Ethics; Corporate Structure; Corruption and Bribery; Governance,Consumer; Agriculture & Forestry; Transportation; Infrastructure and Logistics; Chemicals; Packaging; Automotive; Financial Services; Construction,
                                                    European Commission
                                                ,",https://www.globaldata.com/esg/regulatorysummary/the-european-parliament-has-approved-eu-corporate-sustainability-due-diligence-directive-cs3d,The European Parliament has approved EU Corporate Sustainability Due Diligence Directive (CS3D),"Friday, 28 April 2023","The EU Corporate Sustainability Due Diligence Directive (CS3D), which would impact 12,800 EU corporations and 4,000 non-EU companies, was passed by the European Parliament. The business supply networks are the focus of the CS3D. Companies will need to determine and reduce any detrimental effects on human rights and the environment throughout their value chains. Companies will be required to adopt a transition plan in accordance with the Paris Climate Agreement (1.5C of warming), and directors of businesses with more than 1,000 employees will be held accountable for doing so."
"28 Apr 2023,XRB has released new disclosure guidelines regarding climate change,Asia-Pacific; New Zealand; Oceania,Governance; Environment; Circular Economy; Social; Carbon Emissions; Climate Change; Sustainable Finance,Agriculture & Forestry; Government and Non-Profit Organisations; Transportation; Infrastructure and Logistics; Business and Consumer Services; Financial Services,
                                                    Government of New Zealand
                                                ,",https://www.globaldata.com/esg/regulatorysummary/xrb-has-released-new-disclosure-guidelines-regarding-climate-change,XRB has released new disclosure guidelines regarding climate change,"Saturday, 29 April 2023","The Bill to Amend the Financial Sector (Climate-Related Disclosures and Other Matters) was passed and granted royal assent in October 2021. As a result, the XRB was given the authority to publish guidelines on non-financial issues as well as climate standards as part of a framework for climate-related disclosures. By creating a framework for climate-related disclosures for Aotearoa New Zealand, the External Reporting Board (XRB) has addressed urgent challenges in climate change, and finally released the final requirements. Aotearoa New Zealand Climate Standards' main objective is to aid in the capitalization of ventures that promote the transition to a low-emissions, climate-resilient future."
"26 Apr 2023,Rules for RWADRC Calculations,Brazil; South America,Risk Management; Governance; Ethics; Systemic Risk Management,Investment Banking; Capital Markets; Investments and Asset Management; Risk management; Financial Services; Wealth Management & Private Banking,
                                                    
                                                ,",https://www.globaldata.com/esg/regulatorysummary/rules-for-rwadrc-calculations,Rules for RWADRC Calculations,"Friday, 28 April 2023","By employing a standardised approach, this resolution creates calculation processes based on the daily value of the percentage of risk-weighted assets (RWA) attributable to exposures to credit risk of financial instruments categorised in the trading portfolio (RWADRC) - Default Risk Capital."
"26 Apr 2023,APRA has released Updated Draft Superannuation Taxonomy Artefacts,Asia-Pacific; Australia; Oceania,Risk Management; Governance,Retail Banking and Lending; Investment Banking; Risk management; Financial Services,
                                                    Australian Prudential Regulation Authority
                                                ,",https://www.globaldata.com/esg/regulatorysummary/apra-has-released-updated-draft-superannuation-taxonomy-artefacts,APRA has released Updated Draft Superannuation Taxonomy Artefacts,"Friday, 28 April 2023","On April 26th, 2023, APRA published the Updated Draught Superannuation Taxonomy Artefacts and updated the change log. The artefacts comprise the data dictionary, validations, reporting taxonomy, and XSD (to validate files)."
"25 Apr 2023,""Fit for 55"": European Council passes significant pieces of legislation that will advance the 2030 climate goals,Europe,Governance; Corporate Structure; Ethics; Risk Management; Diversity and Inclusion; Fairly Traded; Community Impact; Environment; Sustainable Packaging; Resource Scarcity; Pollution; Natural Resources; Circular Economy; Hydrogen; Social; Renewable Energy; Carbon Emissions; Climate Change; Shareholder Engagement; Local Employment; Systemic Risk Management; Sustainable Finance; Sustainable Construction; Hydro; Solar; Wind; Sustainable Transportation; Sustainable Railways; Sustainable Shipping; Sustainable Mining,Consumer; Equipment & Services; Power Generation; Energy Infrastructure; Power Trading; Sustainable construction; Transportation; Infrastructure and Logistics; Agriculture & Forestry; Products & Materials; Packaging; Energy Efficiency; Risk management; Industrial Goods & Machinery; Automotive; Financial Services; Construction,
                                                    Council of the European Union
                                                ,",https://www.globaldata.com/esg/regulatorysummary/fit-for-55-european-council-passes-significant-pieces-of-legislation-that-will-advance-the-2030-climate-goals,"""Fit for 55"": European Council passes significant pieces of legislation that will advance the 2030 climate goals","Tuesday, 25 April 2023","Five laws were approved by the Council today that will allow the EU to reduce greenhouse gas emissions in the major economic sectors while ensuring that the most vulnerable citizens, microbusinesses, and sectors that are vulnerable to carbon leakage are effectively supported in the climate transition. The legislation are a part of the 'Fit for 55' package, which aligns EU policies with its promise to reduce net greenhouse gas emissions by at least 55% by 2030 compared to 1990 levels and to attain climate neutrality by 2050. The final step of the decision-making process is the Council vote.  EU Emissions trading system The new regulations raise the overall target for emissions reductions in the EU ETS sectors from 2005 levels to 62% by 2030. Maritime transport emissions For the first time, shipping-related emissions will be covered by the EU ETS. There will be a gradual introduction of requirements for shipping corporations to surrender allowances: 40% for certified emissions starting in 2024, 70% in 2025, and 100% in 2026. Buildings, road transportation, and other industries To assure cost-effective emissions reductions in these sectors, which have so far proven challenging to decarbonize, a new, independent emissions trading system has been formed for buildings, road transport, and additional sectors (mostly small industry). Distributors who distribute fuel to buildings, roads, and other sectors will be subject to the new system starting in 2027. Aviation-related emissions Free emission allowances for the aviation industry will be phased out gradually, and full auctioning will begin in 2026. 20 million permits will be set aside until December 31, 2030, to encourage aeroplane operators to switch to alternative fuels. Carbon Border Adjustment Mechanism A method called the Carbon Border Adjustment method (CBAM) is focused on importing goods from carbon-intensive sectors. The goal of CBAM is to prevent, in full compliance with international trade regulations, that the EU's efforts to reduce greenhouse gas emissions are undermined by rising emissions outside of its borders as a result of shifting production to nations with less aggressive climate change policies or increasing imports of carbon-intensive goods. The Social Climate Fund In order to help vulnerable households, microbusinesses, and transport users deal with the economic consequences of an emissions trading system for buildings, road transport, and other sectors, member states will use the Social Climate Fund to finance initiatives and projects."
"25 Apr 2023,A new regulation has been established on foreign branch campuses in Hainan,China; Asia,Governance; Social; Community Impact,Travel and Tourism; Niche Tourism; Government and Non-Profit Organisations; Transportation; Infrastructure and Logistics,
                                                    Ministry of Education of the People's Republic of China
                                                ,",https://www.globaldata.com/esg/regulatorysummary/a-new-regulation-has-been-established-on-foreign-branch-campuses-in-hainan,A new regulation has been established on foreign branch campuses in Hainan,"Friday, 28 April 2023","The Interim Regulation on the Establishment of Institutes by Overseas Higher Education Institutions (HEIs) in the Hainan Free Trade Port (HFTP) (""the Regulation"") was jointly issued by the Ministry of Education (MOE) and the Hainan Provincial Government to encourage wider, deeper, and more flexible cooperation in international education. The Regulation outlines in a methodical manner the fundamental rules governing the construction of institutions or campuses by foreign higher education providers in the HFTP, based on the Law on HFTP and the Master Plan for the Development of HFTP. The Regulation demands rigorous adherence to Chinese laws and rules, with no violations of the nation's sovereignty, security, or the general welfare. The campuses are governed by regional educational administrations because they are recognised as legal entities in China. They must provide classes that introduce the Chinese Constitution, laws, moral principles, and national circumstances. Additionally, they should only plan social events or open gatherings that are permitted by pertinent national laws."
"24 Apr 2023,Amendments to the FEFTA's Core Business Sectors,Japan; Asia,Systemic Risk Management; Ethics; Governance; Risk Management; Community Impact; Social; Health and Safety,Consumer; Agriculture & Forestry; Travel and Tourism; Industrial Goods & Machinery; Business and Consumer Services; Financial Services; Construction,
                                                    Ministry of Finance Japan
                                                ,",https://www.globaldata.com/esg/regulatorysummary/amendments-to-the-feftas-core-business-sectors,Amendments to the FEFTA's Core Business Sectors,"Wednesday, 26 April 2023","Amendments to the FEFTA's core business sectors that go into effect on or after May 24th, 2023 will secure stable supply chains. The FEFTA Regulation will be subject to changes, according to the Japanese government, starting on or after May 24, 2023. The extent of the FEFTA's extension of essential business sectors to ensure stable supply chains is one of these changes."
"24 Apr 2023,Modifications to the validations of foreign trust,Mexico; North America,Social; Ethics; Governance; Risk Management,Government and Non-Profit Organisations; Investments and Asset Management; Risk management; Financial Services; Wealth Management & Private Banking,
                                                    Government of Mexico
                                                ,",https://www.globaldata.com/esg/regulatorysummary/modifications-to-the-validations-of-foreign-trust,Modifications to the validations of foreign trust,"Friday, 28 April 2023","On the subject of bank exposures to NBFIs, Basel published a newsletter. NBFIs and banks' sizes, while updates to the ""Tipo de alta"" (kind of registration) catalogue, which now offers the ability to amend client data, and changes to foreign trust validations (such as risk group, nationality key, and name)."
"21 Apr 2023,Several Taxonomy Frameworks have been modified by the Bank of Spain,Europe; Spain,Risk Management; Governance,Retail Banking and Lending; Investment Banking; Commercial Banking; Risk management; Financial Services,
                                                    Bank of Spain
                                                ,",https://www.globaldata.com/esg/regulatorysummary/several-taxonomy-frameworks-have-been-modified-by-the-bank-of-spain,Several Taxonomy Frameworks have been modified by the Bank of Spain,"Monday, 24 April 2023","The Bank of Spain updated the lists of validation standards in key taxonomy reporting frameworks on April 21st, 2023. The following modules have been affected: Reservados M, Reservados T, RESERV FC, RESERV S A, FGD, CMR, DRVN, JERS, MIR, and AE. The amendments will take effect on March 31, 2023."
"18 Apr 2023,CRS: The OECD revised its 'Status of commitments for the automatic exchange of financial account information (AEOI).',Mongolia; Asia,Governance,Government and Non-Profit Organisations,
                                                    Organisation for Economic Co-operation and Development
                                                ,",https://www.globaldata.com/esg/regulatorysummary/crs-the-oecd-revised-its-status-of-commitments-for-the-automatic-exchange-of-financial-account-information-aeoi,CRS: The OECD revised its 'Status of commitments for the automatic exchange of financial account information (AEOI).',"Wednesday, 19 April 2023",Mongolia has been added to the list of states committing to the first exchanges by 2026.
"14 Apr 2023,Climate-related Disclosures to Become Mandatory in 2024, According to HKEX,Hong Kong; Asia,Shareholder Engagement; Sustainable Finance; Corporate Structure; Ethics; Governance; Risk Management; Environment; Social,Investment Banking; Investments and Asset Management; Risk management; Financial Services,
                                                    Hong Kong Exchanges and Clearing Ltd
                                                ,",https://www.globaldata.com/esg/regulatorysummary/climate-related-disclosures-to-become-mandatory-in-2024-according-to-hkex,"Climate-related Disclosures to Become Mandatory in 2024, According to HKEX","Friday, 21 April 2023","The Exchange wants to impose additional climate-related disclosures in line with the International Sustainability Standards Board (ISSB) Climate Standard1 and require all issuers to include information about climate change in their ESG reports. The ISSB Climate Standard outlines comprehensive climate disclosures and expands on the TCFD guidelines' core ideas. The suggestions represent a substantial step towards fulfilling the Hong Kong Green and Sustainable Finance Cross-Agency Steering Group's3 pledge to require TCFD-aligned disclosures by 2025. The Exchange proposes interim provisions4 for some disclosures (such as financial effects of climate-related risks and opportunities, scope 3 emissions, and certain cross-industry metrics) for the first two reporting years after the effective date of January 1, 2024, taking into account the issuers' readiness and their concerns."
"12 Apr 2023,SFDR Amendments Proposed by EU Financial Regulators,Europe,Ethics; Corporate Structure; Governance; Risk Management; Environment; Social; Sustainable Finance; Shareholder Engagement,Commercial Banking; Investment Banking; Investments and Asset Management; Risk management; Financial Services,
                                                    European Securities and Markets Authority
                                                ,",https://www.globaldata.com/esg/regulatorysummary/sfdr-amendments-proposed-by-eu-financial-regulators,SFDR Amendments Proposed by EU Financial Regulators,"Monday, 17 April 2023","The three European Supervisory Authorities (ESAs) have issued a joint consultation paper outlining proposed changes to the disclosure structure established by the Sustainable Finance Disclosure Regulation (SFDR). Following a mandate from the European Commission in April 2022 to review and revise SFDR's regulatory technical standards (RTSs), one of the ESAs' recommendations is to expand the existing list of principal adverse impacts' (PAIs) universal social indicators to include disclosures such as interference in trade union formation. The ESAs have also advocated improving existing indicators, methodology, and calculation formulae, as well as product disclosures relating decarbonisation targets.The paper outlines technical revisions to the SFDR Delegated Regulation, such as improvements for disclosures on how sustainable investments ‘do not significantly harm’ the environment and society."
"11 Apr 2023,Financial Data Transparency Act of the SEC,North America; United States,Ethics; Corporate Structure; Governance; Risk Management; Personal Data Privacy; Sustainable Finance; Shareholder Engagement,Investment Banking; Investments and Asset Management; Risk management; Financial Services,
                                                    
                                                ,",https://www.globaldata.com/esg/regulatorysummary/financial-data-transparency-act-of-the-sec,Financial Data Transparency Act of the SEC,"Friday, 14 April 2023","The Securities and Exchange Commission (SEC) Commissioner Hester Peirce gave thoughts on executing the Financial Data Transparency Act (FDTA) provisions, which are included in the James M. Inhofe National Defence Authorization Act. She specifically addressed the law's structured data mandate, which requires data to be divided into standardised pieces that are identifiable/accessible by both humans and computers, and emphasised that a strategic approach to structured data must satisfy the needs of investors as well as market participants. The Commissioner also stated that incorporating Inline XBRL may reduce long-term compliance costs and data tags may result in machine-readable standards, which will boost business efficiency."
"6 Apr 2023,US Treasury Office of Financial Research (OFR) has announced the launch of an improved public climate data platform (JADE),North America; United States,Governance; Corporate Structure; Ethics; Risk Management; Environment; Natural Resources; Pollution; Social; Carbon Emissions; Climate Change; Circular Economy; Shareholder Engagement,Investment Banking; Government and Non-Profit Organisations; Investments and Asset Management; Risk management; Financial Services,
                                                    Department of Treasury
                                                ,",https://www.globaldata.com/esg/regulatorysummary/us-treasury-office-of-financial-research-ofr-has-announced-the-launch-of-an-improved-public-climate-data-platform-jade,US Treasury Office of Financial Research (OFR) has announced the launch of an improved public climate data platform (JADE),"Monday, 10 April 2023","Following a successful pilot (The Hub) in 7/2022 related to the Federal Reserve Bank of New York's access to public climate data, the US Treasury's Office of Financial Research (OFR) is developing an enhanced version of its interagency data-and-analytics platform. The Joint Analysis Data Environment (JADE) will be the name of the new platform. JADE, once fully operational, will aid in comprehensive financial-stability research by offering a platform for integrating and analysing a wide range of financial and other data. The OFR expects the initial version of JADE to be released in the second half of 2023 and will be expanded on in collaboration with other FSOC regulators."
"3 Apr 2023,The Australian Government and Treasury have revised the capital reporting standards for ADIs,Asia-Pacific; Australia,Risk Management; Governance; Ethics,Retail Banking and Lending; Investment Banking; Capital Markets; Investments and Asset Management; Financial Services,
                                                    Australian Prudential Regulation Authority
                                                ,",https://www.globaldata.com/esg/regulatorysummary/the-australian-government-and-treasury-have-revised-the-capital-reporting-standards-for-adis,The Australian Government and Treasury have revised the capital reporting standards for ADIs,"Monday, 10 April 2023","Australia's Government and Treasury amended Capital Reporting Standards ARS 110.0, ARS 112.0, ARS 113.0, ARS 118.1, ARS 120.1, ARS 120.2, ARS 180, ARS 221.0, ARS 223, and ARS 210.0 on April 3rd and 4th, 2023. The enhanced reporting standards, which go into effect on March 31st, 2023, include modifications to APRA's capital adequacy and credit risk capital requirements, as well as minor consequential updates necessitated by these new requirements."
"3 Apr 2023,The Integrity Council has established a global standard for high-integrity carbon credits,Global,Environment; Governance; Risk Management; Climate Change; Social; Carbon Emissions,Power Trading; Risk management; Financial Services,
                                                    The Institute of International Finance, Inc.
                                                ,",https://www.globaldata.com/esg/regulatorysummary/the-integrity-council-has-established-a-global-standard-for-high-integrity-carbon-credits,The Integrity Council has established a global standard for high-integrity carbon credits,"Tuesday, 11 April 2023","The Integrity Council for the Voluntary Carbon Market (ICVCM or Integrity Council) today released its Core Carbon Principles and Program-level Assessment Framework, establishing rigorous disclosure and sustainable development thresholds for high-integrity carbon credits and laying the groundwork for even greater ambition. The Core Carbon Principles (CCPs), which were developed with input from hundreds of organisations across the voluntary carbon market, establish fundamental principles for high-quality credits that have a real, verifiable climate impact, based on the most recent science and best practise."
"1 Apr 2023,New IND Issued by the BDE Taxonomy _TCBP1,Europe; Spain,Governance; Social,Retail Banking and Lending; Risk management; Financial Services,
                                                    Bank of Spain
                                                ,",https://www.globaldata.com/esg/regulatorysummary/new-ind-issued-by-the-bde-taxonomy-tcbp1,New IND Issued by the BDE Taxonomy _TCBP1,"Friday, 07 April 2023","The BDE has replaced the existing ""Presentation of States Code of Good Practices"" taxonomy with a new one titled ""Information relevant to the Code of Good Practice for the feasible restructuring of mortgage-backed debts on the principal residence"" (es-be-cbp 1) (es-be-cbp). Beginning on May 1, 2023, the new taxonomy reporting will be in force."
"1 Apr 2023,Definition of ""Waters of the United States"" is revised,North America; United States,Climate Change; Environment; Natural Resources; Resource Scarcity; Water Management; Sustainable Fishery,Consumer; Agriculture & Forestry; Government and Non-Profit Organisations,
                                                    Environmental Protection Agency of the US
                                                ,",https://www.globaldata.com/esg/regulatorysummary/definition-of-waters-of-united-states-is-revised,"Definition of ""Waters of the United States"" is revised","Monday, 10 April 2023","The Environmental Protection Agency (EPA) and the Department of the Army (""the agencies"") are nearing completion of a rule that defines the scope of waters protected by the Clean Water Act. The agencies considered the text of the relevant Clean Water Act provisions and the statute as a whole, the scientific record, relevant Supreme Court case law, and the agencies' experience and technical expertise after more than 45 years of implementing the longstanding pre-2015 regulations defining ""waters of the United States"" in developing this rule. This final rule advances the objective of the Clean Water Act and ensures critical protections for the nation's vital water resources, which support public health, environmental protection, agricultural activity, and economic growth across the United States."
"30 Mar 2023,FINAL CFPB REGULATION: SME Lending Data Collection,North America; United States,Social; Risk Management; Governance; Ethics,Retail Banking and Lending; Financial Services,
                                                    Consumer Financial Protection Bureau
                                                ,",https://www.globaldata.com/esg/regulatorysummary/final-cfpb-regulation-sme-lending-data-collection,FINAL CFPB REGULATION: SME Lending Data Collection,"Friday, 07 April 2023","The FASB requested feedback on a proposed new Chapter 5: recognition and derecognition to Concepts Statement No. 8, Conceptual Framework for Financial Reporting. This will improve information understanding for existing and potential investors, lenders, contributors, and other resource providers of a reporting business. It establishes financial statement recognition, derecognition, and guidance standards. Stakeholders were requested to provide feedback on definitions, scalability, and faithful representation. Stakeholders have been asked to submit feedback on the proposed chapter by February 21, 2023."
"30 Mar 2023,A new data set rule on small business lending in America has been finalized by the CFPB,North America; United States,Sustainable Finance; Microfinance; Social; Governance,Retail Banking and Lending; Risk management; Financial Services,
                                                    Consumer Financial Protection Bureau
                                                ,",https://www.globaldata.com/esg/regulatorysummary/a-new-data-set-rule-on-small-business-lending-in-america-has-been-finalized-by-the-cfpb,A new data set rule on small business lending in America has been finalized by the CFPB,"Monday, 03 April 2023","A rule that was mandated by Congress and enacted by the Consumer Financial Protection Bureau (CFPB) will improve small business financing transparency, foster economic growth, and combat unlawful discrimination. In addition to geographic and demographic information, lending decisions, and credit costs, lenders will also gather and disclose information about the small company credit applications they receive. The regulation will complement the Community Reinvestment Act, which mandates that some financial institutions provide services to areas in need."
"29 Mar 2023,Update to the FI National Validation Rules,Europe; Sweden,Ethics; Governance; Risk Management,Risk management; Financial Services,
                                                    Finansinspektionen
                                                ,",https://www.globaldata.com/esg/regulatorysummary/update-to-the-fi-national-validation-rules,Update to the FI National Validation Rules,"Tuesday, 04 April 2023","The Finansinspektionen (FI) has announced additional changes to the validation standards for Fidac periodic reporting. For the 2022 annual submission, rule v6167_m (SBP CR module) should be reactivated. Securities businesses with licence for the side service ""8. Receive customer funds on account..."" under securities market law (2007:528) are defined as credit institutions under the securities company directive (IFD) in terms of capital adequacy. This means that these securities firms are subject to the capital adequacy regulation (CRR) and must adhere to the reporting calendar established for banks and credit institutions."
"29 Mar 2023,Updated Validations for Deactivated ACPR RUBA B Taxonomy V1.1.0,Europe; France,Governance; Risk Management,Investment Banking; Capital Markets; Risk management; Financial Services; Wealth Management & Private Banking,
                                                    Bank of France
                                                ,",https://www.globaldata.com/esg/regulatorysummary/updated-validations-for-deactivated-acpr-ruba-b-taxonomy-v110,Updated Validations for Deactivated ACPR RUBA B Taxonomy V1.1.0,"Monday, 03 April 2023","An updated list of validations for RUBA Taxonomy V1.1.0 has been released by the French ACPR. Six validation rules for the RUBA B reporting module were deactivated, according to this upgrade. The law will go into effect on March 31, 2023."
"23 Mar 2023,The IIGCC has issued its final net zero infrastructure guidance to investors,Global,Risk Management; Ethics; Governance; Social; Shareholder Engagement; Sustainable Finance,Investment Banking; Investments and Asset Management; Risk management; Financial Services; Wealth Management & Private Banking,
                                                    Institutional Investors Group on Climate Change
                                                ,",https://www.globaldata.com/esg/regulatorysummary/the-iigcc-has-issued-its-final-net-zero-infrastructure-guidance-to-investors,The IIGCC has issued its final net zero infrastructure guidance to investors,"Friday, 24 March 2023","The new infrastructure guidance aligns with the Net Zero Investment Framework (NZIF) and follows an investor-led consultation that began in 2022.
The new guidance can be used by signatories to the Net Zero Asset Managers initiative and the Paris Aligned Asset Owners initiative to update net zero targets with infrastructure assets.
As part of its expanded focus on climate resilience, the IIGCC also announces that it will lead the second phase of the development of the Physical Climate Risk Assessment Methodology (PCRAM) for infrastructure."
"23 Mar 2023,The IFRS Foundation has released the IFRS Accounting Taxonomy 2023,Global,Governance; Corporate Structure; Ethics; Risk Management; Sustainable Finance; Shareholder Engagement; Systemic Risk Management,Investment Banking; Risk management; Financial Services; Wealth Management & Private Banking,
                                                    International Accounting Standards Board
                                                ,",https://www.globaldata.com/esg/regulatorysummary/the-ifrs-foundation-has-released-the-ifrs-accounting-taxonomy-2023,The IFRS Foundation has released the IFRS Accounting Taxonomy 2023,"Thursday, 30 March 2023","On March 23rd, 2023, the International Accounting Standards Board (IASB) published the IFRS Accounting Taxonomy and supporting materials. Beginning January 1, 2023, it will be based on IFRS standards. The taxonomy layer is accessible in the issued and required standards navigator for 2023. Updates to IFRS accounting taxonomy practise for element deprecation and new common practise elements for antidilutive instruments are among the general taxonomy improvements. It also addresses issues related to comprehensive income and property, plant, and equipment, including right-of-use assets, as well as denominator reconciliation in calculating basic and diluted earnings per share."
"23 Mar 2023,Standard on Accounting and Disclosure of Crypto-Assets Proposed by FASB,North America; United States,Risk Management; Governance; Social,Fintech; Investments and Asset Management; Risk management; Technology; Media and Telecom; Financial Services,
                                                    Financial Accounting Standards Board
                                                ,",https://www.globaldata.com/esg/regulatorysummary/standard-on-accounting-and-disclosure-of-crypto-assets-proposed-by-fasb,Standard on Accounting and Disclosure of Crypto-Assets Proposed by FASB,"Monday, 03 April 2023","The 2023 GAAP Financial Reporting Taxonomy and the 2023 SEC Reporting Taxonomy have been accepted by the U.S. Securities and Exchange Commission (SEC), according to the Financial Accounting Standards Board (FASB). By requiring an organisation to measure certain cryptoassets at fair value for each reporting period and to record changes in fair value in net income, the proposed guidelines will enhance the accounting for these assets. The proposed changes would compel a business to give expanded disclosures for both annual and interim reporting periods, giving investors pertinent information to examine and assess the exposure and risk of substantial individual holdings in cryptoassets."
"16 Mar 2023,New rules for calculating credit risk,Brazil; South America,Systemic Risk Management; Sustainable Finance; Risk Management; Ethics; Governance,Investment Banking; Investments and Asset Management; Risk management; Financial Services,
                                                    
                                                ,",https://www.globaldata.com/esg/regulatorysummary/new-rules-for-calculating-credit-risk,New rules for calculating credit risk,"Monday, 20 March 2023",Establishes procedures for calculating the portion of risk-weighted assets (RWA) referring to credit risk exposures subject to capital requirement calculation via internal credit risk classification systems (IRB approaches) authorised by the Central Bank of Brazil.
"13 Mar 2023,The OECD updated its 'Status of commitments for the automatic exchange of financial account information (AEOI),Europe,Governance; Environment; Social; Sustainable Finance,Government and Non-Profit Organisations; Financial Services,
                                                    Organisation for Economic Co-operation and Development
                                                ,",https://www.globaldata.com/esg/regulatorysummary/the-oecd-updated-its-status-of-commitments-for-the-automatic-exchange-of-financial-account-information-aeoi,The OECD updated its 'Status of commitments for the automatic exchange of financial account information (AEOI),"Wednesday, 15 March 2023","Updated list of developing countries that have not yet been asked to commit and have not set a date for the first year of exchanges. Angola was added, while Armenia was dropped. Developed countries that joined the Global Forum after the commitment process was conducted in 2014. They were therefore asked to commit to a particular timeline upon joining."
"10 Mar 2023,The EBA has published a revised validation list,Europe,Sustainable Finance; Social; Environment; Governance; Ethics; Risk Management,Investment Banking; Investments and Asset Management; Risk management; Financial Services,
                                                    European Banking Authority
                                                ,",https://www.globaldata.com/esg/regulatorysummary/the-eba-has-published-a-revised-validation-list,The EBA has published a revised validation list,"Tuesday, 14 March 2023","The European Banking Authority issued a revised list of validation rules for its reporting standards (Implementing Technical Standards, Regulatory Technical Standards, and Guidelines) on March 10th, 2023, highlighting those that had been deactivated due to incorrectness or causing IT problems. Data submitted in accordance with these reporting standards should not be formally validated against the set of deactivated rules, according to competent authorities across the EU. The change will take effect on December 31, 2022."
"9 Mar 2023,The Commission has released a model for an Australian Human Rights Act,Asia-Pacific; Australia,Human Rights; Community Impact; Social; Health and Safety,Providers; Government and Non-Profit Organisations,
                                                    Australian Human Rights Commission
                                                ,",https://www.globaldata.com/esg/regulatorysummary/the-commission-has-released-a-model-for-an-australian-human-rights-act,The Commission has released a model for an Australian Human Rights Act,"Wednesday, 15 March 2023","The Australian Human Rights Commission will today unveil its proposed model for a national Human Rights Act, which will ensure legal protections for all Australians' basic rights and provide avenues for redress when those rights are violated. The position paper is the second major report released by the Commission as part of its project, Free + Equal: An Australian Conversation on Human Rights. The Commission consulted with civil society organisations, legal and constitutional experts, and human rights advocates while developing the proposed model. The paper will be followed by a final Report, which will be tabled in Parliament later this year."
"7 Mar 2023,The OSFI has issued a new Climate Risk Management Guideline,North America; Canada,Governance; Ethics; Corporate Structure; Risk Management; Environment; Climate Change; Shareholder Engagement; Systemic Risk Management; Sustainable Finance,Investment Banking; Investments and Asset Management; Risk management; Financial Services; Wealth Management & Private Banking,
                                                    Office of the Superintendent of Financial Institutions
                                                ,",https://www.globaldata.com/esg/regulatorysummary/the-osfi-has-issued-a-new-climate-risk-management-guideline,The OSFI has issued a new Climate Risk Management Guideline,"Monday, 13 March 2023","The Office of the Superintendent of Financial Institutions (OSFI) issued Guideline B-15: Climate Risk Management, which outlines OSFI's expectations for climate-related risk management. The Guideline is OSFI's first climate-sensitive prudential framework, recognising the impact of climate change on risk management in Canada's financial system. The guideline currently consists of two chapters: Governance and Financial Disclosures. As practises and standards evolve, OSFI intends to review and amend this Guideline. The release of Guideline B-15 comes after one of the most extensive consultations in OSFI history. Over 4,300 submissions were received by OSFI from a diverse range of respondents, including Federally Regulated Financial Institutions (FRFIs)"
"7 Mar 2023,European Council approves new rules to make ELTIFs more appealing,Europe,Governance; Risk Management; Sustainable Finance,Investment Banking; Capital Markets; Investments and Asset Management; Risk management; Financial Services; Wealth Management & Private Banking,
                                                    European Commission
                                                ,",https://www.globaldata.com/esg/regulatorysummary/european-council-approves-new-rules-to-make-eltifs-more-appealing,European Council approves new rules to make ELTIFs more appealing,"Thursday, 09 March 2023","On March 7, 2023, the Council of the EU formally adopted the text of a new Regulation amending the ELTIF Regulation. This came after trilogue talks between the Council, the European Commission, and the European Parliament that resulted in a political agreement on the text of the amending Regulation in October 2022. The European Parliament formally approved it in February, and with the Council's approval, the text will now be published in the Official Journal (OJ) in due course."
"6 Mar 2023,Insurance Capital Adequacy Guidelines from C-OSFI - Revision,North America; Canada,Governance; Risk Management; Social; Sustainable Finance,Investment Banking; Capital Markets; Investments and Asset Management; Financial Services,
                                                    Office of the Superintendent of Financial Institutions
                                                ,",https://www.globaldata.com/esg/regulatorysummary/insurance-capital-adequacy-guidelines-from-c-osfi---revision,Insurance Capital Adequacy Guidelines from C-OSFI - Revision,"Tuesday, 07 March 2023","Clarifications regarding the 2023 Life Insurance Capital Adequacy Test were released by the C-OSFI (LICAT). Clarifications and changes are made regarding owner-occupied properties, cryptocurrency assets, capital composition and limitations, as well as how outstanding premiums for branches are treated (C-OSFI LICAT 12.2.5). Outstanding premiums should only be taken into account once when determining the assets needed; they lower the liabilities of the insurance contracts. The election for volatility adjustments must be made by insurers with an IFRS 17 effective date of January 1, 2023, by March 31, 2023, and by insurers with an IFRS 17 effective date of November 1, 2023, by January 31, 2024."
"6 Mar 2023,FSS intends to broaden the scope of financial data provision (XBRL),South Korea; Asia,Governance; Ethics; Corporate Structure; Risk Management; Shareholder Engagement,Investment Banking; Investments and Asset Management; Risk management; Financial Services; Wealth Management & Private Banking,
                                                    Financial Supervisory Service
                                                ,",https://www.globaldata.com/esg/regulatorysummary/fss-intends-to-broaden-the-scope-of-financial-data-provision-xbrl,FSS intends to broaden the scope of financial data provision (XBRL),"Thursday, 09 March 2023","FSS announced plans to expand the scope of financial data provision (XBRL) to text and annotations in financial statements on March 6, 2023, in order to improve accounting transparency and resolve information asymmetry in financial statements. However, as companies are additionally obligated to disclose their financial statements (body and footnotes) through the new financial disclosure system. Accounting, disclosure-related departments and private experts from academia, related organizations, associations, etc. Plan to launch a T/F ('23.3.9.) to discuss the soft landing of XBRL financial disclosure Expected to promote healthy growth of the market"
"6 Mar 2023,IB 23-15: The NMFS announces the opening of the Sablefish Fixed Gear Fisheries on March 10, 2023,North America; United States,Environment; Biodiversity; Sustainable Fishery; Marine Biodiversity,Agriculture & Forestry,
                                                    National Oceanic and Atmospheric Administration
                                                ,",https://www.globaldata.com/esg/regulatorysummary/ib-23-15-the-nmfs-announces-the-opening-of-the-sablefish-fixed-gear-fisheries-on-march-10-2023,"IB 23-15: The NMFS announces the opening of the Sablefish Fixed Gear Fisheries on March 10, 2023","Monday, 13 March 2023","The National Marine Fisheries Service (NMFS) has announced that the sablefish fixed gear fisheries managed under the Individual Fishing Quota (IFQ) Program and the Community Development Quota (CDQ) Program will open for the season on March 10, 2023. The season will begin on March 10, 2023, at 1200 hours Alaska local time (A.l.t.) and end on December 7, 2023, at 1200 hours A.l.t. This period corresponds to the International Pacific Halibut Commission's IFQ and CDQ season for Pacific halibut (IPHC)."
"5 Mar 2023,C-OSFI Insurance Capital Adequacy Guidelines - Revised,North America; Canada,Risk Management; Governance,Life Insurance; Insurance; Financial Services,
                                                    Office of the Superintendent of Financial Institutions
                                                ,",https://www.globaldata.com/esg/regulatorysummary/c-osfi-insurance-capital-adequacy-guidelines---revised,C-OSFI Insurance Capital Adequacy Guidelines - Revised,"Friday, 10 March 2023","The C-OSFI clarified the 2023 Life Insurance Capital Adequacy Test (LICAT). The clarifications and changes cover volatility adjustments, owner-occupied property, cryptocurrency assets, capital composition and limitations, and the treatment of outstanding premiums for branches (C-OSFI LICAT 12.2.5). Outstanding premiums should only be deducted once when calculating assets required; insurance contract liabilities are reduced by outstanding premiums. Insurers with an IFRS 17 effective date of January 1st, 2023 should make the volatility adjustment election by March 31st, 2023, while insurers with an IFRS 17 effective date of November 1st, 2023 should make the volatility adjustment election by January 31st, 2024."
"3 Mar 2023,HMRC Update on the VAT and value shifting consultation,Europe; United Kingdom,Risk Management; Fairly Traded; Governance; Tax Avoidance,Consumer,
                                                    HM Revenue & Customs
                                                ,",https://www.globaldata.com/esg/regulatorysummary/hmrc-update-on-the-vat-and-value-shifting-consultation,HMRC Update on the VAT and value shifting consultation,"Monday, 06 March 2023"," HMRC published a consultation document, ""VAT and Value Shifting,"" in January 2021, consulting on proposed changes to the way the consideration for a bundle of separate supplies is apportioned for VAT purposes. Given concerns that the rules allowed for manipulation of the values assigned to the various elements of the bundle in order to achieve inappropriate VAT savings, the government proposed more stringent rules to prevent such manipulation.  Revenue and Customs Brief 2 (2023) has now announced that no legislative changes will be made. Instead, HMRC has concluded that the most effective way to address valuation concerns is to provide businesses with practical guidance on apportionment methods. This is through Guidelines for Compliance and improvements to other guidance."
"3 Mar 2023,The National Assembly Passes Five Environmental Legislations,South Korea; Asia,Environment; Sustainable Packaging; Pollution; Natural Resources; Climate Change; Carbon Emissions; Circular Economy; Hazardous Waste Management; Non Hazardous Waste Management; Sustainable Construction,Consumer; Sustainable construction; Packaging; Products & Materials; Construction,
                                                    Ministry of Environment (South Korea)
                                                ,",https://www.globaldata.com/esg/regulatorysummary/the-national-assembly-passes-five-environmental-legislations,The National Assembly Passes Five Environmental Legislations,"Tuesday, 07 March 2023","On February 27, 2023, the National Assembly's plenary session saw the passage of five environmental laws, according to the Ministry of Environment (Minister Han Wha-jin). These laws include the Framework Act on Carbon Neutrality and Green Growth for Coping with Climate Crisis, the Construction Waste Recycling Promotion Act, the Special Act on Improving Air Quality in Air Control Zones, the Malodor Prevention Act, and the Act on the Promotion of Saving and Recycling of Resources (Resource Recycling Act) (Framework Act on Carbon Neutrality). After cabinet resolutions, the measures will go into effect immediately or up to two years following their publication."
"3 Mar 2023,FRC publishes updates to TAS 100,Europe; United Kingdom,Sustainable Finance; Systemic Risk Management; Critical Incident Management; Risk Management; Governance,Investment Banking; Investments and Asset Management; Risk management; Financial Services; Wealth Management & Private Banking,
                                                    Government of United Kingdom
                                                ,",https://www.globaldata.com/esg/regulatorysummary/frc-publishes-updates-to-tas-100,FRC publishes updates to TAS 100,"Monday, 06 March 2023","Version 2.0 of Technical Actuarial Standard 100 (TAS 100) and the accompanying advice were released today by the Financial Reporting Council (FRC). The revised version of the Standard fills any known gaps in actuarial work's quality and updates it to suit contemporary actuarial practises. The updated standard adds a new requirement that actuarial practitioners must take into account all pertinent material risks, such as risks connected to climate change and ESG, that they may reasonably be expected to be aware of at the time of performing their work."
"2 Mar 2023,IB 23-14: NMFS Prohibits Directed Fishing for Pacific Cod by Catcher Vessels Using Trawl Gear in the Gulf of Alaska's Western Regulatory Area,North America; United States,Marine Biodiversity; Sustainable Fishery; Biodiversity; Environment,Agriculture & Forestry,
                                                    National Oceanic and Atmospheric Administration
                                                ,",https://www.globaldata.com/esg/regulatorysummary/ib-23-14-nmfs-prohibits-directed-fishing-for-pacific-cod-by-catcher-vessels-using-trawl-gear-in-the-gulf-of-alaskas-western-regulatory-area,IB 23-14: NMFS Prohibits Directed Fishing for Pacific Cod by Catcher Vessels Using Trawl Gear in the Gulf of Alaska's Western Regulatory Area,"Tuesday, 07 March 2023","According to Jonathan M. Kurland, Regional Administrator, Alaska Region, NMFS, directed fishing for Pacific cod by catcher vessels using trawl gear in the Western Regulatory Area of the Gulf of Alaska (GOA) will be prohibited beginning at 12 noon, Alaska local time, March 4, 2023. This action is required to avoid exceeding the A season allowance of the total allowable catch allocated to catcher vessels using trawl gear in the GOA's Western Regulatory Area in 2023. This action is being taken in accordance with 50 CFR 679.20(d)(1) (iii)."
"1 Mar 2023,New corporate sustainability reporting guidelines,Europe,Systemic Risk Management; Shareholder Engagement; Risk Management; Ethics; Governance,Investments and Asset Management; Risk management; Financial Services; Wealth Management & Private Banking,
                                                    European Commission
                                                ,",https://www.globaldata.com/esg/regulatorysummary/new-corporate-sustainability-reporting-guidelines,New corporate sustainability reporting guidelines,"Wednesday, 08 March 2023","The Corporate Sustainability Reporting Directive (CSRD) went into effect on January 5, 2023. This new directive modernises and strengthens the rules governing the reporting of social and environmental information by businesses. A broader range of large corporations, as well as publicly traded SMEs, will now be required to report on sustainability, totaling approximately 50 000 companies. The new rules will ensure that investors and other stakeholders have access to the information they need to assess investment risks associated with climate change and other issues of sustainability."
"1 Mar 2023,A new ISO standard for sustainable finance has been released,Europe; United Kingdom,Sustainable Finance; Shareholder Engagement; Board Effectiveness; Ethics; Corporate Structure; Risk Management,Investment Banking; Capital Markets; Investments and Asset Management; Risk management; Financial Services; Wealth Management & Private Banking,
                                                    BSI Group
                                                ,",https://www.globaldata.com/esg/regulatorysummary/a-new-iso-standard-for-sustainable-finance-has-been-released,A new ISO standard for sustainable finance has been released,"Wednesday, 08 March 2023","The British Standards Institute (BSI), in collaboration with the International Organization for Standardisation (ISO), launched a new sustainable finance standard this week.
Where it recommends the adoption of a governing body approved sustainability policy or similar statement, BS ISO 32210 contains advice for embedding sustainability into governance and culture, as well as strategy alignment and objectives. Impact assessment, stakeholder engagement, monitoring, measuring, and metrics, as well as reporting, transparency, and assurance, are all covered by the standard. The new BSI standard for sustainable finance joins a growing list of sustainability-related principles, labels, and standards. Townsend stated that BSI's standard was unique in that it focused on the ""how,"" and that it would be compatible with other tools and regulations on the market."
"28 Feb 2023,English waters will have designated Highly Protected Marine Areas,Europe; United Kingdom,Marine Biodiversity; Sustainable Fishery; Biodiversity; Environment,Agriculture & Forestry,
                                                    Department for Environment, Food and Rural Affairs Department for Environment
                                                ,",https://www.globaldata.com/esg/regulatorysummary/english-waters-will-have-designated-highly-protected-marine-areas,English waters will have designated Highly Protected Marine Areas,"Monday, 06 March 2023","The Environment Secretary announced today (February 28) that the Government will designate the first three Highly Protected Marine Areas in English waters, providing the highest level of protection for marine habitats and wildlife. Allonby Bay (Irish Sea), Dolphin Head (Eastern Channel), and North East of Farnes Deep are the three sites being considered for designation before July 6, 2023. (Northern North Sea)."
"28 Feb 2023,The OPC has issued a new Privacy Act Bulletin on virtual hiring,North America; Canada,Personal Data Privacy; Social; Community Impact; Human Rights; Diversity and Inclusion; Governance; Fair Employment,Technology; Internet and Media; Media and Telecom,
                                                    Privacy Commissioner of Canada
                                                ,",https://www.globaldata.com/esg/regulatorysummary/the-opc-has-issued-a-new-privacy-act-bulletin-on-virtual-hiring,The OPC has issued a new Privacy Act Bulletin on virtual hiring,"Tuesday, 07 March 2023","The pandemic and concurrent acceleration of digital tools has increased interest in conducting virtual job interviews and candidate assessments within the federal government. The Office of the Privacy Commissioner of Canada has advised a number of federal government agencies on the use of virtual staffing platforms. A new Privacy Act Bulletin emphasises important privacy considerations when using third-party staffing platforms that provide human resources services. The purpose of Privacy Act Bulletins is to provide lessons learned, best practises, and other important privacy news, trends, and information related to privacy protection in the federal government."
"28 Feb 2023,The government passed a special law governing pumped-storage power plants,Europe; Poland,Resource Scarcity; Natural Resources; Environment; Renewable Energy; Hydro,Power Generation; Hydro; Energy Infrastructure; Energy Storage,
                                                    Ministry of Climate
                                                ,",https://www.globaldata.com/esg/regulatorysummary/the-government-passed-a-special-law-governing-pumped-storage-power-plants,The government passed a special law governing pumped-storage power plants,"Tuesday, 07 March 2023","The Council of Ministers adopted a draught act on the preparation and implementation of investments in pumped-storage power plants and associated investments submitted by the Minister of Climate and Environment on February 28, 2023. These power plants will serve as electricity storage facilities, which are a critical component of the energy transition to renewable energy sources. With the increased share of RES, pumped-storage power plants play an important role in maintaining national electricity quality parameters. Furthermore, electricity storage facilities are especially important in terms of electricity supply security and the need to quickly deliver power to energy systems."
"27 Feb 2023,AMAC has issued new rules for the registration and filing of private funds,China; Asia,Governance; Ethics; Risk Management; Sustainable Finance,Investment Banking; Investments and Asset Management; Financial Services; Wealth Management & Private Banking,
                                                    Ministry of Finance People's Republic of China
                                                ,",https://www.globaldata.com/esg/regulatorysummary/amac-has-issued-new-rules-for-the-registration-and-filing-of-private-funds,AMAC has issued new rules for the registration and filing of private funds,"Thursday, 02 March 2023","After a two-month public consultation, the Asset Management Association of China (""AMAC""), China's de facto regulator in the private funds and asset management industry, officially issued the updated Private Investment Fund Registration and Filing Measures and corresponding rules (collectively the ""New Filing Measures""). Since AMAC's official empowerment to regulate the private fund industry in 2014, the New Filing Measures have reflected a number of more mature thoughts from Chinese regulators on how to regulate the industry, and will have significant regulatory impacts on both private fund managers and their fund products once they become effective in May this year."
"24 Feb 2023,China's Cyberspace Administration published ""Standard Contract Measures for the Export of Personal Information"",China; Asia,Social; Personal Data Privacy; Risk Management; Ethics; Governance,Technology; Telecom; Internet and Media; Media; Media and Telecom; Internet; Internet Services; Technology; E-Commerce,
                                                    Government of China
                                                ,",https://www.globaldata.com/esg/regulatorysummary/chinas-cyberspace-administration-published-standard-contract-measures-for-the-export-of-personal-information,"China's Cyberspace Administration published ""Standard Contract Measures for the Export of Personal Information""","Friday, 03 March 2023","On February 24, 2023, the Cyberspace Administration of China (CAC) issued the long-awaited Regulation on the Standard Contract for the Export of Personal Information (China SCC Regulation), as well as the annexed Standard Contract (China SCCs). This means that the Standard Contract mechanism proposed under China's Personal Information Protection Law (PIPL), which will take effect in November 2021, is now a reality. The Regulation will go into effect on June 1, 2023, and market participants will have an additional 6-month grace period to enter into China SCCs for existing cross-border data transfers (ie by 30 November 2023)."
"22 Feb 2023,Malaysia SC Updates SRI Funds Guidelines,Malaysia; Asia,Shareholder Engagement; Sustainable Finance; Social; Environment; Governance; Corporate Structure; Ethics; Risk Management,Cards & Payments; Investment Banking; Capital Markets; Investments and Asset Management; Financial Services,
                                                    Securities Commission Malaysia
                                                ,",https://www.globaldata.com/esg/regulatorysummary/malaysia-sc-updates-sri-funds-guidelines,Malaysia SC Updates SRI Funds Guidelines,"Thursday, 09 March 2023","The updated criteria include, among other things, requirements for SRI funds looking to become an ASEAN Sustainable and Responsible Fund."
"20 Feb 2023,SEBI Consults on ESG Disclosures and Ratings Regulatory Framework,India; Asia,Risk Management; Ethics; Corporate Structure; Governance; Environment; Social; Sustainable Finance; Shareholder Engagement,Retail Banking and Lending; Investment Banking; Capital Markets; Investments and Asset Management; Risk management; Financial Services; Wealth Management & Private Banking,
                                                    Securities and Exchange Board of India
                                                ,",https://www.globaldata.com/esg/regulatorysummary/sebi-consults-on-esg-disclosures-and-ratings-regulatory-framework,SEBI Consults on ESG Disclosures and Ratings Regulatory Framework,"Monday, 27 February 2023","In order to need assurance on ESG disclosures, the BRSR framework will be improved. SEBI also suggests imposing strict guidelines on companies that offer ESG ratings. In order to enable a balance between openness, simplification, and convenience of doing business in an expanding industry, the organisation is seeking public opinions on the regulatory framework of ESG Disclosures by listed businesses, ESG Ratings in the securities market, and ESG Investing by Mutual Funds."
"17 Feb 2023,The ISSB finalises key standards and endorses ESRS as a source,Global,Risk Management; Ethics; Corporate Structure; Governance; Environment; Social; Sustainable Finance; Shareholder Engagement,Investment Banking; Capital Markets; Investments and Asset Management; Risk management; Financial Services; Wealth Management & Private Banking,
                                                    International Sustainability Standards Board
                                                ,",https://www.globaldata.com/esg/regulatorysummary/the-issb-finalises-key-standards-and-endorses-esrs-as-a-source,The ISSB finalises key standards and endorses ESRS as a source,"Friday, 24 February 2023","In the absence of a specific ISSB standard, the International Sustainability Standards Board (ISSB) has finalised the technical content of its initial standards, including the use of European Sustainability Reporting Standards (ESRS) as a source of guidance for firms reporting under its general requirements standard (S1). The European Financial Reporting Advisory Group (EFRAG) and the Global Reporting Initiative (GRI) are working together to develop the ESRS as the foundation for reporting under the EU Corporate Sustainability Reporting Directive (CSRD). Both the ISSB's general reporting standard (S1) and its climate reporting standard (S2) are now expected to be issued by the end of the second quarter of 2023, with implementation beginning in January 2024."
"17 Feb 2023,China implements a mechanism for all IPOs based on registration,China; Asia,Shareholder Engagement; Board Effectiveness; Governance; Risk Management; Corporate Structure,Investment Banking; Capital Markets; Investments and Asset Management; Risk management; Financial Services,
                                                    State Council Of China
                                                ,",https://www.globaldata.com/esg/regulatorysummary/china-implements-a-mechanism-for-all-ipos-based-on-registration,China implements a mechanism for all IPOs based on registration,"Friday, 24 February 2023","According to the nation's securities authority, China has formally implemented the across-the-board registration-based initial public offering (IPO) system, with the necessary regulations taking effect on Friday.
The guidelines simplify listing requirements, streamline registration processes, enhance underwriting and major asset restructuring standards for listed companies, increase oversight and law enforcement, and enhance investor protection."
"17 Feb 2023,Changes to the SFDR RTS for fossil gas and nuclear activities have been published,Europe,Sustainable Finance; Hazardous Waste Management; Carbon Emissions; Climate Change; Environment; Natural Resources; Pollution; Governance; Risk Management,Power Generation; Fossil Fuels; Nuclear; Investments and Asset Management; Financial Services,
                                                    European Commission
                                                ,",https://www.globaldata.com/esg/regulatorysummary/changes-to-the-sfdr-rts-for-fossil-gas-and-nuclear-activities-have-been-published,Changes to the SFDR RTS for fossil gas and nuclear activities have been published,"Friday, 24 February 2023",The following are the key elements of the SFDR RTS amendments:
"16 Feb 2023,To prevent exposures to farmworkers and pesticide handlers, the EPA has proposed a rule,North America; United States,Pollution; Environment; Social; Sustainable Farming,Agriculture & Forestry,
                                                    United States Environmental Protection Agency
                                                ,",https://www.globaldata.com/esg/regulatorysummary/to-prevent-exposures-to-farmworkers-and-pesticide-handlers-the-epa-has-proposed-a-rule,"To prevent exposures to farmworkers and pesticide handlers, the EPA has proposed a rule","Thursday, 23 February 2023","During National Pesticide Safety Education Month, the U.S. Environmental Protection Agency (EPA) unveiled a proposed rule that would enhance and update the pesticide application exclusion zone (AEZ) requirements under the 2015 agricultural worker protection standard (WPS). The Agency's announcement reaffirmed its commitment to safeguarding farmworkers, pesticide handlers, their families, and agricultural communities from pesticide exposure."
"16 Feb 2023,FERC Approves Guidelines for Reliability in Severe Cold and Orders Improvements,North America; United States,,Energy Infrastructure; Electric/Gas Utilities; Utilities Network; Distribution; Transmission and distribution; Transmission,
                                                    Federal Energy Regulatory Commission
                                                ,",https://www.globaldata.com/esg/regulatorysummary/ferc-approves-guidelines-for-reliability-in-severe-cold-and-orders-improvements,FERC Approves Guidelines for Reliability in Severe Cold and Orders Improvements,"Thursday, 23 February 2023","In order to implement important recommendations from the joint investigation into Winter Storm Uri in 2021 and avoid a repeat of the unprecedented power outages that affected millions of people in Texas and the South Central U.S., FERC approved two new extreme cold weather reliability standards today. The North American Electric Reliability Corporation (NERC) proposed reliability standards in October 2022, which include new and improved requirements to increase grid reliability during extremely cold weather temperatures."
"16 Feb 2023,MASE, simpler renewables and the hydrogen fast lane,Europe; Italy,Solar; Wind; Environment; Hydrogen; Renewable Energy; Natural Resources,Wind; Power Generation; Energy Infrastructure; Energy Efficiency,
                                                    Ministero dell'Ambiente e della Tutela del Territorio e del Mare
                                                ,",https://www.globaldata.com/esg/regulatorysummary/mase-simpler-renewables-and-the-hydrogen-fast-lane,"MASE, simpler renewables and the hydrogen fast lane","Thursday, 23 February 2023","The decree-law containing urgent provisions for the implementation of the National Recovery and Resilience Plan approved by the Council of Ministers includes, among other things, significant environmental and energy simplification measures promoted by the Minister of Environment and Energy Security's brother, Gilberto Pichetto. The provision includes new simplification provisions for the spread of renewable-energy-powered plants. These include measures to make the installation of photovoltaic systems easier and more streamlined in areas for industrial, artisanal, and commercial use, as well as in landfills and quarries that are no longer in use. Furthermore, a measure to reduce the buffer zone (from assets or areas subject to landscape constraints) for the installation of wind and photovoltaic plants is being considered."
"15 Feb 2023,SEC finalises rules to lower risks in settlement and clearing,North America; United States,Systemic Risk Management; Risk Management; Governance,Investment Banking; Investments and Asset Management; Risk management; Financial Services,
                                                    
                                                ,",https://www.globaldata.com/esg/regulatorysummary/sec-finalises-rules-to-lower-risks-in-settlement-and-clearing,SEC finalises rules to lower risks in settlement and clearing,"Wednesday, 22 February 2023","The time it takes to settle securities transactions will be reduced from two business days to one by the final rules. In order to reduce the usual settlement cycle for the majority of broker-dealer transactions in securities from two business days following the trade date (T+2) to one business day (T+1), the Securities and Exchange Commission today announced rule modifications. The final regulation is intended to benefit investors and lessen the credit, market, and liquidity risks that market participants encounter when transacting in securities."
"14 Feb 2023,EU proposes a zero-emissions target for new city buses by 2030 and a 90% reduction in emissions for new trucks by 2040,Europe,Climate Change; Carbon Emissions; Environment; Sustainable Transportation,Vehicle Manufacturing; Government and Non-Profit Organisations; Future Mobility; Automotive,
                                                    European Commission
                                                ,",https://www.globaldata.com/esg/regulatorysummary/eu-proposes-a-zero-emissions-target-for-new-city-buses-by-2030-and-a-90-reduction-in-emissions-for-new-trucks-by-2040,EU proposes a zero-emissions target for new city buses by 2030 and a 90% reduction in emissions for new trucks by 2040,"Tuesday, 21 February 2023","The European Commission has proposed new CO2 emission targets for new heavy-duty vehicles (HDVs) beginning in 2030. These targets will help to reduce CO2 emissions in the transportation sector, as trucks, city buses, and long-distance buses account for more than 6% of total EU GHG emissions and more than 25% of GHG emissions from road transport. These strengthened emissions standards would ensure that this segment of the road transport sector contributes to the transition to zero-emissions mobility as well as the EU's climate and pollution goals."
"13 Feb 2023,European Union has adopted two new Delegated Acts governing renewable fuels, including green hydrogen,Europe,Renewable Energy; Carbon Emissions; Climate Change; Social; Environment; Hydrogen; Natural Resources; Pollution; Governance; Resource Scarcity,Power Generation; Energy Infrastructure; Electric/Gas Utilities; Government and Non-Profit Organisations; Energy Efficiency; Energy Storage; Utilities Network; Transmission and distribution,
                                                    European Commission
                                                ,",https://www.globaldata.com/esg/regulatorysummary/european-union-has-adopted-two-new-delegated-acts-governing-renewable-fuels-including-green-hydrogen,"European Union has adopted two new Delegated Acts governing renewable fuels, including green hydrogen","Monday, 20 February 2023","The European Commission adopted two Delegated Acts (the ""First Delegated Act"" and the ""Second Delegated Act"") on February 13 that address the criteria for classification as ""renewable"" fuels (applicable to, among other things, hydrogen and ammonia) and the methodology for calculating greenhouse gas emissions savings associated with such fuels. In many cases, the First Delegated Act will require renewable fuel producers to demonstrate ""additionality"" in their use of renewable electricity, as well as temporal and geographic correlation between electricity generation and fuel production. The Second Delegated Act specifies how to calculate total greenhouse gas emissions. To qualify as renewable, fuels must save more than 70% on greenhouse gas emissions when compared to a fossil fuel comparator. Both Delegated Acts will be submitted for approval to the European Parliament and Council, who will have four months (including extensions) to accept or object to the Delegated Acts."
"10 Feb 2023,DOE suggests new requirements for home appliances,North America; United States,Climate Change; Carbon Emissions; Environment,Consumer; Home Electronics & Appliances; Utilities Network; Transmission and distribution,
                                                    
                                                ,",https://www.globaldata.com/esg/regulatorysummary/doe-suggests-new-requirements-for-home-appliances,DOE suggests new requirements for home appliances,"Friday, 17 February 2023","Rules proposed To deliver safer, more efficient appliances, lower costs, and reduce carbon pollution, build on decades of collaboration between the public and private sectors. New energy-efficiency criteria for refrigerators and clothes washers have been suggested by the U.S. Department of Energy (DOE) today, which will slash household energy bills and dramatically reduce pollution. The DOE anticipates that the new rules, which haven't been revised in over a decade, will result in annual energy and water bill savings for American customers of about $3.5 billion. As instructed by Congress, the Administration's most recent efforts to generate savings through appliance efficiency are these proposed guidelines."
"7 Feb 2023,The UK government has established a new Department for Energy Security and Net Zero,Europe; United Kingdom,Governance; Pollution; Natural Resources; Environment; Social; Climate Change; Carbon Emissions; Renewable Energy,Power Generation; Equipment & Services; Fossil Fuels; Energy Infrastructure; Nuclear; Energy Efficiency; Energy Storage; Utilities Network; Transmission and distribution,
                                                    Government of United Kingdom
                                                ,",https://www.globaldata.com/esg/regulatorysummary/the-uk-government-has-established-a-new-department-for-energy-security-and-net-zero,The UK government has established a new Department for Energy Security and Net Zero,"Tuesday, 14 February 2023","The new department will take on some of the responsibilities that were previously assigned to the Department for Business, Energy, and Industrial Strategy, which has been divided into four new departments. These responsibilities include ensuring energy supply security, ensuring the proper functioning of energy markets, encouraging greater energy efficiency, and seizing net zero opportunities to lead the world in new green industries. The new department also intends to secure the passage of the Energy Bill in order to support the emerging carbon capture, utilisation, and storage, as well as hydrogen sectors; to update energy system governance; and to reduce the time required to consent offshore wind."
"6 Feb 2023,FSC Announces New Rules to Allow the Issue and Distribution of Security Tokens,South Korea; Asia,Governance; Risk Management,Investment Banking; Risk management; Financial Services,
                                                    Financial Services Commission (Korea)
                                                ,",https://www.globaldata.com/esg/regulatorysummary/fsc-announces-new-rules-to-allow-the-issue-and-distribution-of-security-tokens,FSC Announces New Rules to Allow the Issue and Distribution of Security Tokens,"Monday, 13 February 2023","To allow security token offers (STOs) within the regulatory scope of the Financial Investment Services and Capital Markets Act, the FSC introduced a series of policy tasks to update the regulatory framework on the issuance and circulation of security tokens (FSCMA). In order to protect investors and prevent potential legal violations, the main policy tasks are to I provide guidelines for determining whether a digital asset qualifies as a security and examples of how to apply these guidelines, and (ii) build a regulatory framework to ensure that security tokens are issued and circulated properly by strengthening the regulatory framework in the following three areas and making the government's policy direction public. a) Accept security tokens as a new form of securities issued under the Act on Electronic Registration of Stocks and Bonds. b) Create “issuer” account managers that will directly register and manage security tokens. c) Introduce over-the-counter (OTC) trading brokers for investment contract securities and beneficiary certificates."
"4 Feb 2023,SEBI Improves Green Debt Securities Framework,India; Asia,Shareholder Engagement; Sustainable Finance; Social; Environment; Governance; Corporate Structure; Ethics; Risk Management,Investment Banking; Capital Markets; Investments and Asset Management; Risk management; Financial Services; Wealth Management & Private Banking,
                                                    Securities and Exchange Board of India
                                                ,",https://www.globaldata.com/esg/regulatorysummary/sebi-improves-green-debt-securities-framework,SEBI Improves Green Debt Securities Framework,"Saturday, 11 February 2023","Blue, yellow, and transition bonds are introduced. The disclosure requirements have been strengthened. Appointment of independent third-party reviewers is required."
"3 Feb 2023,The Treasury Department has updated the vehicle classification standard for clean vehicle tax credits under the Inflation Reduction Act,North America; United States,Sustainable Transportation; Environment; Circular Economy; Climate Change; Carbon Emissions; Pollution,Vehicle Manufacturing; Future Mobility; Transportation; Infrastructure and Logistics; Automotive,
                                                    Department of Treasury
                                                ,",https://www.globaldata.com/esg/regulatorysummary/the-treasury-department-has-updated-the-vehicle-classification-standard-for-clean-vehicle-tax-credits-under-the-inflation-reduction-act,The Treasury Department has updated the vehicle classification standard for clean vehicle tax credits under the Inflation Reduction Act,"Friday, 10 February 2023","The Treasury Department of the United States updated the vehicle classification standard used to determine the applicable Manufacturer Suggested Retail Price (MSRP) limitation for clean vehicle tax credits available under the Inflation Reduction Act. Treasury published a notice of intent to propose regulations containing information for consumers and manufacturers on December 29, 2022, in advance of the effective date of changes to the clean vehicle credit under section 30D of the tax code on January 1, 2023. Based on existing EPA CAFE standards, the notice of intent provided an expected vehicle classification standard for determining whether the vehicle is a sedan, SUV, or other type of vehicle and subject to the $55,000 or $80,000 MSRP limitation."
"2 Feb 2023,The Part-IS rule completes the legal foundation for cyber-resilient aviation,Europe,Sustainable Transportation; Environment; Governance; Risk Management,Transportation; Infrastructure and Logistics; Airlines,
                                                    European Union Aviation Safety Agency
                                                ,",https://www.globaldata.com/esg/regulatorysummary/the-part-is-rule-completes-the-legal-foundation-for-cyber-resilient-aviation,The Part-IS rule completes the legal foundation for cyber-resilient aviation,"Thursday, 09 February 2023","The Implementing Regulation (EU) 2023/203 of October 27, 2022 was made public by the European Commission. With the release of this document, the legal foundation for a cyber-resistant aviation system has been established. In aviation organisations and aviation competent bodies, such as EASA, Implementing Regulation (EU) 2023/203 establishes guidelines for the identification and handling of information security threats. This rule replaces the Delegated Regulation (EU) 2022/1645, which is applicable to authorised design and production organisations, aerodrome operators, and providers of apron management services, and was published on September 23, 2022."
"2 Feb 2023,IB 23-11: NMFS Bans Directed Pacific Cod Fishing by Foreign Fisheries,North America; United States,Biodiversity; Environment; Sustainable Fishery; Marine Biodiversity,Agriculture & Forestry,
                                                    National Oceanic and Atmospheric Administration
                                                ,",https://www.globaldata.com/esg/regulatorysummary/ib-23-11-nmfs-bans-directed-pacific-cod-fishing-by-foreign-fisheries,IB 23-11: NMFS Bans Directed Pacific Cod Fishing by Foreign Fisheries,"Thursday, 09 February 2023","According to Jonathan M. Kurland, Regional Administrator, Alaska Region, National Marine Fisheries Service (NMFS), the prohibition on directed fishing for Pacific cod by non-American Fisheries Act (AFA) crab vessels operating as catcher vessels (CVs) using pot gear will take effect at noon, Alaska local time, on February 5, 2023. This step is required to keep the total permissible catch allotted to non-AFA crab vessels operating as CVs employing pot gear in the Central Regulation Region of the GOA from exceeding the sideboard limit of 2023. This decision is made in accordance with 50 CFR 680.22(e) (3)."
"1 Feb 2023,To improve bank governance and strengthen investor protection, revisions to the Banking Regulation Act, Banking Companies Act, and Reserve Bank of India Act have been proposed,India; Asia,Governance; Ethics; Risk Management; Corporate Structure; Corruption and Bribery; Shareholder Engagement,Cards & Payments; Commercial Banking; Retail Banking and Lending; Investment Banking; Risk management; Financial Services; Wealth Management & Private Banking,
                                                    Ministry of Finance
                                                ,",https://www.globaldata.com/esg/regulatorysummary/to-improve-bank-governance-and-strengthen-investor-protection-revisions-to-the-banking-regulation-act-banking-companies-act-and-reserve-bank-of-india-act-have-been-proposed,"To improve bank governance and strengthen investor protection, revisions to the Banking Regulation Act, Banking Companies Act, and Reserve Bank of India Act have been proposed","Tuesday, 07 February 2023","The financial industry is proposed to be further stabilised under the Union Budget 2023–24. When presenting the Union Budget 2023–24 to the House of Representatives today, Smt. Nirmala Sitharaman, the Union Minister for Finance and Corporate Affairs, stated, ""Our vision for the Amrit Kaal includes a technology-driven and knowledge-based economy with strong public finances and a robust financial sector."" The Banking Regulation Act, the Banking Companies Act, and the Reserve Bank of India Act are all planned to be amended, according to the Finance Minister, in order to improve bank governance and strengthen investor protection."
"1 Feb 2023,Other than for textiles and agriculture, the Finance Minister proposed reducing the number of Basic Custom Duty (BCD) rates on imports,India; Asia,Governance; Environment; Social; Electric Vehicles,Agriculture & Forestry; Future Mobility; Chemicals; Technology; Internet and Media; Media and Telecom; Automotive; Technology,
                                                    Ministry of Finance
                                                ,",https://www.globaldata.com/esg/regulatorysummary/other-than-for-textiles-and-agriculture-the-finance-minister-proposed-reducing-the-number-of-basic-custom-duty-bcd-rates-on-imports,"Other than for textiles and agriculture, the Finance Minister proposed reducing the number of Basic Custom Duty (BCD) rates on imports","Wednesday, 08 February 2023","Minor adjustments to some commodities' basic custom taxes, cesses, and surcharges, such as toys, bicycles, cars, and naphtha, have been made as a result. The Finance Minister suggested exempting excise duty on GST-paid compressed bio gas contained in it in order to prevent cascading taxes on blended compressed natural gas. She announced to extend the customs tax exemption to import of capital goods and machinery necessary for manufacture of lithium-ion cells in order to further encourage green mobility."
"31 Jan 2023,Insurance sector adopts IFRS 17 and IFRS 9, according to SAUDI CENTRAL BANK,Saudi Arabia; Middle East,Governance; Risk Management; Ethics; Sustainable Finance,Financial Services,
                                                    Saudi Central Bank
                                                ,",https://www.globaldata.com/esg/regulatorysummary/insurance-sector-adopts-ifrs-17-and-ifrs-9-according-to-saudi-central-bank,"Insurance sector adopts IFRS 17 and IFRS 9, according to SAUDI CENTRAL BANK","Tuesday, 07 February 2023","International Financial Reporting Standard-IFRS 17 Insurance Contracts and International Financial Reporting Standard-IFRS 9 Financial Instruments have been adopted by the insurance industry, according to the Saudi Central Bank (SAMA). According to the International Accounting Standards Board's deadline, adoption began on January 1, 2023. (IASB). Also, according to SAMA, IFRS 17—which was released by the IASB in May 2017—will replace IFRS 4 Insurance Contracts, which was published in 2004. The benefits of the new Standard include providing more accurate, transparent, and high-quality data for financial statements compared to the previous Standard, standardising accounting measurement models for insurance and/or reinsurance companies globally, and consistently comparing and analysing results."
"30 Jan 2023,The SEC suggests updating the regulations governing employees' trading in securities,North America; United States,Fairly Traded; Governance,Investment Banking; Investments and Asset Management; Financial Services,
                                                    
                                                ,",https://www.globaldata.com/esg/regulatorysummary/the-sec-suggests-updating-the-regulations-governing-employees-trading-in-securities,The SEC suggests updating the regulations governing employees' trading in securities,"Tuesday, 07 February 2023","To improve and modernise its ethical compliance programme, the Securities and Exchange Commission today recommended changes to its ethics regulations. The programme currently has some of the strictest ethics rules in the executive branch for all agency employees, their wives, and minor children. The revisions would add new rules and prohibitions to the programme."
"30 Jan 2023,FRC revises the 2021 Declaration of Intent on ESG,Europe; United Kingdom,Governance; Environment; Social; Sustainable Finance,Investment Banking; Commercial Banking; Investments and Asset Management; Risk management; Financial Services; Wealth Management & Private Banking,
                                                    The Financial Reporting Council Ltd
                                                ,",https://www.globaldata.com/esg/regulatorysummary/frc-revises-the-2021-declaration-of-intent-on-esg,FRC revises the 2021 Declaration of Intent on ESG,"Tuesday, 07 February 2023","In 2021, the Financial Reporting Council (FRC) released its first Statement of Intent on Environmental, Social, and Governance (ESG), which identified fundamental problems with the generation, assurance, and consumption of ESG data as well as its distribution, consumption, supervision, and regulation. Since then, it has launched a sizable number of projects both domestically and abroad to help and support its numerous stakeholders and advance best practises in credible and comparable ESG reporting and disclosure."
"30 Jan 2023,IB 23-10: In the western regulatory area of the Gulf of Alaska, NMFS forbids directed fishing for Pacific cod by vessels using pot gear,North America; United States,Sustainable Fishery; Marine Biodiversity; Environment; Biodiversity,Agriculture & Forestry,
                                                    National Oceanic and Atmospheric Administration
                                                ,",https://www.globaldata.com/esg/regulatorysummary/ib-23-10-in-the-western-regulatory-area-of-the-gulf-of-alaska-nmfs-forbids-directed-fishing-for-pacific-cod-by-vessels-using-pot-gear,"IB 23-10: In the western regulatory area of the Gulf of Alaska, NMFS forbids directed fishing for Pacific cod by vessels using pot gear","Wednesday, 08 February 2023","According to Jonathan M. Kurland, Regional Administrator, Alaska Region, National Marine Fisheries Service (NMFS), directed fishing for Pacific cod by vessels using pot gear is prohibited in the Western Regulatory Area of the Gulf of Alaska (GOA) beginning at noon, Alaska local time, February 1, 2023. This step is required to avoid going above the total permissible catch allocable to pot-using boats in the Western Regulation Area of the GOA for the A season in 2023. This decision is made in accordance with 50 CFR 679.20(d)(1) (iii)."
"26 Jan 2023,Health product regulatory and financing mechanisms,Europe; France,Social; Health and Safety; Environment; Sustainable Healthcare; Product Quality & Safety,Medical Devices; Healthcare,
                                                    Government of France
                                                ,",https://www.globaldata.com/esg/regulatorysummary/health-product-regulatory-and-financing-mechanisms,Health product regulatory and financing mechanisms,"Thursday, 02 February 2023","The Prime Minister decided to launch an interministerial mission to identify potential development paths that would reconcile the achievement of several collective goals: 1. Patient access to health products; 2. Patient access to health products; 3. The fight against shortages; the sustainability of health expenditure; 4. The strengthening of our productive fabric, particularly for the production of highly innovative and essential mature products,  with the goal of health sovereignty; 5. The attractiveness of territories for manufacturers and the relocation of strategic health products; 6."
"24 Jan 2023,Act establishing the Silesian Voivodeship Transformation Fund was approved by the President,Europe; Poland,Climate Change; Carbon Emissions; Pollution; Natural Resources,Power Generation; Fossil Fuels; Mining; Mining,
                                                    Ministry of Development Poland
                                                ,",https://www.globaldata.com/esg/regulatorysummary/act-establishing-the-silesian-voivodeship-transformation-fund-was-approved-by-the-president,Act establishing the Silesian Voivodeship Transformation Fund was approved by the President,"Tuesday, 31 January 2023","The goals of the Act on the Transformation Fund of the lskie Voivodeship, which was signed by the President, are to improve the social and economic development of the lskie Voivodeship through the development of new economic sectors, the protection of current jobs and the creation of new ones, as well as the conditions of citizens and business owners."
"24 Jan 2023,The European Central Bank (ECB) has released new indicators to assess the impact of climate change on the financial and monetary sectors,Europe; Italy,Climate Change; Carbon Emissions; Environment; Circular Economy; Risk Management; Natural Resources; Pollution; Governance; Biodiversity; Sustainable Packaging; Sustainable Finance; Green Bonds; Green Loans; Systemic Risk Management; Waste to Energy; Critical Incident Management,Commercial Banking; Investment Banking; Capital Markets; Investments and Asset Management; Risk management; Financial Services; Wealth Management & Private Banking,
                                                    European Central Bank
                                                ,",https://www.globaldata.com/esg/regulatorysummary/the-european-central-bank-ecb-has-released-new-indicators-to-assess-the-impact-of-climate-change-on-the-financial-and-monetary-sectors,The European Central Bank (ECB) has released new indicators to assess the impact of climate change on the financial and monetary sectors,"Tuesday, 31 January 2023","The European Central Bank (ECB) publishes new indicators for assessing the impact of climate risks on the financial sector and monitoring the development of sustainable finance in collaboration with experts from other European central banks, including the Bank of Italy.
The indicators are divided into three categories: sustainable finance, transition risks, and physical risks associated with climate change."
"24 Jan 2023,European Green Deal: The EU agrees to strengthen and expand emissions trading while also establishing a Social Climate Fund to assist people in transition,Europe,Sustainable Transportation; Sustainable Shipping; Environment; Carbon Emissions; Climate Change,Transportation; Infrastructure and Logistics; Agriculture & Forestry,
                                                    European Commission
                                                ,",https://www.globaldata.com/esg/regulatorysummary/european-green-deal-the-eu-agrees-to-strengthen-and-expand-emissions-trading-while-also-establishing-a-social-climate-fund-to-assist-people-in-transition,European Green Deal: The EU agrees to strengthen and expand emissions trading while also establishing a Social Climate Fund to assist people in transition,"Wednesday, 25 January 2023","The European Commission welcomes the preliminary agreement reached with the European Parliament and Council to strengthen the EU Emissions Trading System (ETS), apply emissions trading to new sectors for effective economy-wide climate action, and create a Social Climate Fund.
In comparison to 2005 levels, the agreement will reduce emissions from EU ETS sectors by 62% by 2030. This represents a significant increase of 19 percentage points over the current legislation's 43% reduction."
"23 Jan 2023,New fire safety laws come into effect in England,Europe; England; United Kingdom,Health and Safety; Social,Sustainable construction; Government and Non-Profit Organisations; Architecture & Design; Construction,
                                                    Home Office (UK)
                                                ,",https://www.globaldata.com/esg/regulatorysummary/new-fire-safety-laws-go-into-effect-in-uk,New fire safety laws come into effect in England,"Monday, 30 January 2023","The Grenfell Tower Inquiry's recommendations are mostly implemented by the Fire Safety (England) Regulations 2022, which go into effect today (23 January 2023). These are new rules requiring ""responsible persons"" of mid- and high-rise apartment buildings to give information to the fire and rescue services so they can plan their operations and take additional safety precautions. Residents should now be given instructions on fire safety and knowledge of fire doors in all multi-occupied residential complexes."
"23 Jan 2023,2023 Regulations on Road Vehicles (Authorized Weight),Europe; United Kingdom,Sustainable Transportation; Environment; Climate Change; Carbon Emissions,Vehicle Manufacturing; Automotive Design; Automotive; Transportation; Infrastructure and Logistics; Future Mobility,
                                                    Department for Transport
                                                ,",https://www.globaldata.com/esg/regulatorysummary/2023-regulations-on-road-vehicles-authorized-weight,2023 Regulations on Road Vehicles (Authorized Weight),"Monday, 30 January 2023","A regulatory update to raise the weight limits for certain zero-emission or alternatively fueled vehicles.
The gross vehicle weight limit for all vehicles varies depending on the axle configuration. The Road Vehicles (Authorised Weight) Regulations 1998 (S.I. 1998/3111) and the Road Vehicles (Construction and Use) Regulations 1986 (S.I. 1986/1078) contain current weight allowances. Because of current maximum weight limit restrictions, heavier powertrains allow AFVs and ZEVs to carry less cargo than comparable ICE vehicles. This acts as a payload penalty and may reduce their commercial appeal."
"18 Jan 2023,The government applauds the passage of the Stamp Duty (Amendment) Bill 2022,Hong Kong; Asia,Sustainable Finance; Risk Management; Ethics; Fairly Traded; Governance,Investment Banking; Capital Markets; Investments and Asset Management; Financial Services,
                                                    Government of Hong Kong
                                                ,",https://www.globaldata.com/esg/regulatorysummary/the-government-applauds-the-passage-of-the-stamp-duty-amendment-bill-2022,The government applauds the passage of the Stamp Duty (Amendment) Bill 2022,"Wednesday, 25 January 2023",The Government welcomed the Legislative Council's passage of the Stamp Duty (Amendment) Bill 2022 today (January 18). It gives effect to the proposed exemption of stamp duty payable for certain transactions relating to dual-counter stock made by market makers.
"18 Jan 2023,The new OSFI Guideline E-16 improves clarity and disclosure for life insurers with participating accounts,North America; United States,Social; Governance; Risk Management,Accident & Healthcare; Life Insurance; Reinsurance; Insurance; Payors; Financial Services,
                                                    Office of the Superintendent of Financial Institutions
                                                ,",https://www.globaldata.com/esg/regulatorysummary/the-new-osfi-guideline-e-16-improves-clarity-and-disclosure-for-life-insurers-with-participating-accounts,The new OSFI Guideline E-16 improves clarity and disclosure for life insurers with participating accounts,"Tuesday, 24 January 2023","The Office of the Superintendent of Financial Institutions (OSFI) issued final Guideline E-16, which outlines how the Insurance Companies Act (the Act) and the Policyholders Disclosure Regulations (the Regulations) should be applied to participating and adjustable policies. The final Guideline E-16 is the result of OSFI's public consultations in 2022."
"18 Jan 2023,The Government concurs with the Corporations (Amendment) Bill 2022's passage,Hong Kong; Asia,Governance; Risk Management; Corporate Structure; Board Effectiveness; Shareholder Engagement,Investment Banking; Risk management; Financial Services; Wealth Management & Private Banking,
                                                    Government of Hong Kong
                                                ,",https://www.globaldata.com/esg/regulatorysummary/the-government-concurs-with-the-corporations-amendment-bill-2022s-passage,The Government concurs with the Corporations (Amendment) Bill 2022's passage,"Wednesday, 25 January 2023","The Companies (Amendment) Bill 2022, which gives corporations flexibility to have general meetings in a variety of ways, was approved by the Legislative Council today (January 18), to the Government's satisfaction. The Companies Ordinance (Cap. 622) and any applicable subsidiary laws, as well as the company's own articles of association, control how general meetings are conducted. The revised Companies Ordinance explicitly permits local businesses to hold fully virtual or hybrid general meetings, without putting a physical venue requirement on them."
"17 Jan 2023,The Historic and Archaeological Heritage Bill 2023 has been published,Europe; Ireland,Environment; Social; Natural Resources; Community Impact; Diversity and Inclusion,Mining Services; Government and Non-Profit Organisations; Mining; Mining,
                                                    Department of Housing Local Government and Heritage
                                                ,",https://www.globaldata.com/esg/regulatorysummary/the-historic-and-archaeological-heritage-bill-2023-has-been-published,The Historic and Archaeological Heritage Bill 2023 has been published,"Monday, 23 January 2023","1. The new Bill will modernise our historic and archaeological heritage legislation
2. It will establish a single integrated licencing system and statutory codes of practise
3. It also provides legal protection for new archaeological site discoveries."
"17 Jan 2023,The United Kingdom takes additional steps to protect critical marine habitats,Europe; United Kingdom,Environment; Biodiversity; Sustainable Fishery; Marine Biodiversity,Agriculture & Forestry,
                                                    Department for Environment, Food and Rural Affairs
                                                ,",https://www.globaldata.com/esg/regulatorysummary/the-united-kingdom-takes-additional-steps-to-protect-critical-marine-habitats,The United Kingdom takes additional steps to protect critical marine habitats,"Tuesday, 24 January 2023","Important marine habitats will be safeguarded as harmful fishing practises are proposed to be prohibited in 13 additional Marine Protected Areas (MPAs)
The MMO has today launched a consultation on a proposed byelaw to ban bottom-towed gear in 13 additional MPAs to protect vital marine ecosystems - an area of over 4,000 km2. When combined with existing MMO byelaws, the total area protected from bottom-towed gear by MMO byelaws will be nearly 18,000 km2."
"17 Jan 2023,Gas cans and other portable fuel containers must include life-saving flame mitigation devices, according to the CPSC,North America; United States,Social; Environment; Health and Safety; Sustainable Transportation; Product Quality & Safety,Consumer; Utilities Retail; Storage and Transporatation; Equipment & Services; Refining and Marketing; Energy Services; Fuel Retailing; Transportation; Infrastructure and Logistics; Packaging; Packaging Services; Transmission and distribution,
                                                    U.S. Consumer Product Safety Commission
                                                ,",https://www.globaldata.com/esg/regulatorysummary/gas-cans-and-other-portable-fuel-containers-must-include-life-saving-flame-mitigation-devices-according-to-the-cpsc,"Gas cans and other portable fuel containers must include life-saving flame mitigation devices, according to the CPSC","Tuesday, 24 January 2023","By mandating flame mitigation measures, the U.S. Consumer Product Safety Commission (CPSC) is making gas cans and other fuel containers safer. In July 2023, the new obligatory safety standard will become effective. In accordance with the Portable Fuel Container Safety Act (PFCSA) of 2020, Congress mandated that the agency establish regulations to safeguard consumers."
"17 Jan 2023,Interim guidelines for the gas industry following the implementation of a temporary price cap,Australia,Carbon Emissions; Climate Change; Environment; Natural Resources,Electric/Gas Utilities; Utilities Network; Distribution; Transmission and distribution,
                                                    Australian Competition and Consumer Commission (ACCC)
                                                ,",https://www.globaldata.com/esg/regulatorysummary/interim-guidelines-for-the-gas-industry-following-the-implementation-of-a-temporary-price-cap,Interim guidelines for the gas industry following the implementation of a temporary price cap,"Tuesday, 24 January 2023","The ACCC issued interim compliance and enforcement guidelines for the gas industry today, outlining how the ACCC intends to enforce the new Gas Market Emergency Price Order. The Australian Government's Gas Market Emergency Price Order of December 2022 imposed a temporary price cap of $12 per gigajoule (GJ) on gas sold to wholesale customers in Australia by east coast and Northern Territory gas producers and their affiliates. The price cap will be in effect for 12 months."
"17 Jan 2023,MASE rules authorized to promote the production of biomethane,Europe; Italy,Non Hazardous Waste Management; Waste to Energy; Biofuels; Pollution; Natural Resources; Circular Economy; Environment; Carbon Emissions; Renewable Energy; Climate Change,Electric/Gas Utilities; Utilities Network; Distribution; Transmission and distribution; Transmission,
                                                    Ministero dell'Ambiente e della Tutela del Territorio e del Mare
                                                ,",https://www.globaldata.com/esg/regulatorysummary/mase-rules-authorized-to-promote-the-production-of-biomethane,MASE rules authorized to promote the production of biomethane,"Tuesday, 24 January 2023","The decree approving the application guidelines for gaining access to the incentives for the addition of biomethane to the natural gas network has been issued by MASE. The act, which was created with the assistance of the GSE, is one of the measures intended to carry out the PNRR's measure supporting the generation of biomethane through both new plants and the conversion of existing biogas structures."
"17 Jan 2023,The updated Easy Access Rules for the Basic Regulation (Regulation (EU) 2018/1139) are published by EASA,Europe,Environment; Governance; Sustainable Transportation,Aerospace and Defence; Aerospace; Transportation; Infrastructure and Logistics,
                                                    European Union Aviation Safety Agency
                                                ,",https://www.globaldata.com/esg/regulatorysummary/the-updated-easy-access-rules-for-the-basic-regulation-regulation-eu-20181139-are-published-by-easa,The updated Easy Access Rules for the Basic Regulation (Regulation (EU) 2018/1139) are published by EASA,"Tuesday, 24 January 2023","The Easy Access Rules for the Basic Regulation (Regulation (EU) 2018/1139) — Revision from January 2023 have been published by the European Union Aviation Safety Agency (EASA).
This Revision incorporates the Commission Delegated Regulation (EU) 2021/1087 of 7 April 2021 amending Regulation (EU) 2018/1139 in terms of updating references to Chicago Convention provisions."
"16 Jan 2023,MASE releases regulations for more than 21,000 charging stations on roads and in cities,Europe; Italy,Climate Change; Electric Vehicles; Carbon Emissions; Environment; Natural Resources; Sustainable Transportation,Automotive; Transportation; Infrastructure and Logistics; Future Mobility,
                                                    Ministero dell'Ambiente e della Tutela del Territorio e del Mare
                                                ,",https://www.globaldata.com/esg/regulatorysummary/mase-releases-regulations-for-more-than-21000-charging-stations-on-roads-and-in-cities,"MASE releases regulations for more than 21,000 charging stations on roads and in cities","Monday, 23 January 2023","With two different decrees, the MASE regulates the methods of access through tenders to the funds, 713 million euros, of the National Recovery and Resilience Plan (Mission 2, Component 2, Investment 4.3) to install by the end of 2025 at least 7,500 super-fast charging infrastructures on extra-urban roads, excluding motorways, and 13,755 fast charging infrastructures on urban roads."
"13 Jan 2023,Establishment of Centers to support and counsel victims of gender abuse,Argentina; South America,Human Rights; Diversity and Inclusion; Health and Safety; Social; Workplace Diversity,Providers; Government and Non-Profit Organisations,
                                                    Government of Argentine Republic
                                                ,",https://www.globaldata.com/esg/regulatorysummary/establishment-of-centers-where-we-can-support-and-counsel-victims-of-gender-abuse,Establishment of Centers to support and counsel victims of gender abuse,"Friday, 20 January 2023","The National Ministry of Women, Gender, and Diversity's Ayelén Mazzina and Minister of Social Development of the Nation Victoria Tolosa Paz agreed to increase the availability of legal and other accompaniment and advice services for women and LGTBI+ victims of gender-based violence in the Reference Centers (CDR) located across the nation. The Ministry of Social Development will establish 12 Reference Centers (CDR) across the nation, which will be a part of a network of facilities for the treatment of women and LGBTI+ people as a result of gender-based abuse."
"13 Jan 2023,A law aproved by the Sejm provides greater protection against domestic violence,Europe; Poland,Social; Health and Safety; Human Rights,Providers; Government and Non-Profit Organisations,
                                                    Ministry of Family Labor and Social Policy
                                                ,",https://www.globaldata.com/esg/regulatorysummary/a-law-aproved-by-the-sejm-provides-greater-protection-against-domestic-violence,A law aproved by the Sejm provides greater protection against domestic violence,"Friday, 20 January 2023","The act that redefines domestic violence as domestic violence has been finished by the Sejm. It has not only been expanded to include commercial and digital violence. The newly enacted changes, according to Anna Schmidt, deputy minister of family and social policy and government plenipotentiary for equal treatment, ""serve to better protect the family, individuals experiencing violence at home, as well as its witnesses."" The Senate will now review the legislation."
"13 Jan 2023,Ministry of Environment regulates motorcycle emissions,Argentina; South America,Climate Change; Carbon Emissions; Environment,Vehicle Manufacturing; Automotive; Future Mobility,
                                                    Government Of Argentina
                                                ,",https://www.globaldata.com/esg/regulatorysummary/ministry-of-environment-regulates-motorcycle-emissions,Ministry of Environment regulates motorcycle emissions,"Monday, 16 January 2023","The measure, which includes this type of vehicle, aims to strengthen the certification linked to the emissions required for new vehicle approval.
The Ministry of Environment and Sustainable Development, led by Juan Cabandié, established environmental standards for companies that manufacture and sell motorcycles through Resolution 14/2023, which was published in the Official Gazette. The standard incorporates these vehicles with the goal of regulating the emissions they produce and, as a result, reducing environmental damage."
"13 Jan 2023,Further laws against rises in heat tariffs are being developed by the Ministry of Climate and Environment.,Europe; Poland,Carbon Emissions; Climate Change; Environment; Natural Resources; Resource Scarcity,,
                                                    Ministry of Climate
                                                ,",https://www.globaldata.com/esg/regulatorysummary/further-laws-against-rises-in-heat-tariffs-are-being-developed-by-the-ministry-of-climate-and-environment,Further laws against rises in heat tariffs are being developed by the Ministry of Climate and Environment.,"Friday, 20 January 2023","To further safeguard users of heat, the Ministry of Climate and Environment is pursuing further legal options. The continuously shifting circumstances on the Polish heating market are what are forcing them. To boost support for Poles who are struggling with the rise in heating costs, new legislation are being prepared as part of the government's forceful response."
"13 Jan 2023,For the treatment of Spinal Muscular Atrophy, the Ministry of Health will offer the highest-priced gene therapy in the area,Argentina; South America,Sustainable Healthcare; Social; Health and Safety; Human Rights,Central Nervous System; Musculoskeletal Disorders; Healthcare; Therapy Area,
                                                    Ministry of Health Argentina
                                                ,",https://www.globaldata.com/esg/regulatorysummary/for-the-treatment-of-spinal-muscular-atrophy-the-ministry-of-health-will-offer-the-highest-priced-gene-therapy-in-the-area,"For the treatment of Spinal Muscular Atrophy, the Ministry of Health will offer the highest-priced gene therapy in the area","Friday, 20 January 2023","Carla Vizzotti, the nation's minister of health, has just signed Resolution 21/2023 to launch the acquisition of the first recombinant gene therapy for the treatment of spinal muscular atrophy that has been given the go-ahead by the nation's National Administration of Medicines, Food, and Medical Technology (ANMAT) (SMA)."
"11 Jan 2023,New Legal Guidelines on Recognizing and Handling Cumulative Effects is Released by the EPA to Promote Environmental Justice and Equality,North America; United States,Sustainable Land Management; Endangered Species Protection; Sustainable Fishery; Sustainable Forestry; Non Hazardous Waste Management; Bioremediation; Mineral Resource Optimization; Hazardous Waste Management; Marine Biodiversity; Waste to Energy; Water Management; Resource Scarcity; Natural Resources; Pollution; Biodiversity; Sustainable Packaging; Climate Change; Carbon Emissions; Circular Economy; Environment,Government and Non-Profit Organisations,
                                                    United States Environmental Protection Agency
                                                ,",https://www.globaldata.com/esg/regulatorysummary/new-legal-guidelines-on-recognizing-and-handling-cumulative-effects-is-released-by-the-epa-to-promote-environmental-justice-and-equality,New Legal Guidelines on Recognizing and Handling Cumulative Effects is Released by the EPA to Promote Environmental Justice and Equality,"Wednesday, 18 January 2023","The latest initiative to detect and manage the cumulative effects of pollution and non-pollution sources was launched by the US Environmental Protection Agency. The Cumulative Effects Addendum to EPA Legal Tools to Advance Environmental Justice (EJ Legal Tools), published by the Office of the General Counsel (OGC) of EPA, is available. The Addendum is a pioneering collection of instances of the Agency's legal authority to identify and address cumulative impacts through a variety of actions, such as permitting, regulations, and grants, with the goal of taking into account the lived experience of communities overburdened by pollution and advancing environmental justice."
"11 Jan 2023,Legislation classifying racial harm as a racist crime is enacted,Brazil; South America,Social; Human Rights; Diversity and Inclusion,Government and Non-Profit Organisations,
                                                    Government Of Brazil
                                                ,",https://www.globaldata.com/esg/regulatorysummary/legislation-classifying-racial-harm-as-a-racist-crime-is-enacted,Legislation classifying racial harm as a racist crime is enacted,"Wednesday, 18 January 2023","The law that classifies racial injury as a crime of racism was signed by the president of the republic, Luiz Inácio Lula da Silva. The incident happened during the investiture ceremony for Anielle Franco, the Minister of Racial Equality, on Wednesday, November 11, at the Planalto Palace in Brasilia. In actuality, the amendment modifies the Criminal Code's wording and stiffens punishments for crimes against people performed in a variety of contexts, including athletic events."
"10 Jan 2023,Modifications to the vehicle approval process,Europe; Poland,Pollution; Environment; Climate Change; Carbon Emissions; Sustainable Transportation,Parts and Tires; Vehicle Manufacturing; Automotive Design; Automotive; Transportation; Infrastructure and Logistics,
                                                    Ministry of Infrastructure and Development, Poland
                                                ,",https://www.globaldata.com/esg/regulatorysummary/modifications-to-the-vehicle-approval-process,Modifications to the vehicle approval process,"Tuesday, 17 January 2023","A draught law on equipment and vehicle approval processes was presented by the minister of infrastructure, and it was approved by the Council of Ministers. With regard to type approval of vehicles, equipment, and parts, the amendment strives to provide consistent, open norms that are compliant with international law."
"9 Jan 2023,The Argentine COVID-19 vaccine's phase 2/3 study's clinical trial was approved by the ANMAT,Argentina; South America,Environment; Social; Health and Safety; Sustainable Healthcare,Immunology; Infectious Disease; Healthcare; Therapy Area,
                                                    Ministry of Health Argentina
                                                ,",https://www.globaldata.com/esg/regulatorysummary/the-argentine-covid-19-vaccines-phase-23-studys-clinical-trial-was-approved-by-the-anmat,The Argentine COVID-19 vaccine's phase 2/3 study's clinical trial was approved by the ANMAT,"Monday, 16 January 2023","The safety, tolerability and immunogenicity of the “ARVAC Cecilia Grierson” vaccine will be evaluated The national vaccine ""ARVAC Cecilia Grierson"" was created jointly by CONICET, the University National University of San Martn (UNSAM), and the Pablo Cassará Laboratory. The National Administration of Medicines, Food, and Medical Technology (ANMAT) authorised the start of Phase II and III studies to evaluate the safety, tolerability, and immunogenicity of the national vaccine."
"2 Jan 2023,Tax reduction for ""frankowiczów"" was extended for a further two years,Europe; Poland,Governance; Ethics; Tax Avoidance; Social,Capital Markets; Investment Banking; Investments and Asset Management; Financial Services; Wealth Management & Private Banking,
                                                    Ministry of Finance of Poland
                                                ,",https://www.globaldata.com/esg/regulatorysummary/tax-reduction-for-frankowiczw-was-extended-for-a-further-two-years,"Tax reduction for ""frankowiczów"" was extended for a further two years","Monday, 09 January 2023","1. The Minister of Finance extended the rule exempting foreign currency borrowers from personal income tax on a portion of their income related to house loans until the end of 2024. 2. In connection with the loan's negative interest rate, no tax will be assessed on either the redeemed portion of the receivables or the benefits received under the loan. 3. The Regulation also addresses lenders' CIT preferences."
"30 Dec 2022,New regulations for importing power from Argentina and Uruguay are introduced by ordinance,Brazil; South America,Environment; Natural Resources,Energy Infrastructure; Electric/Gas Utilities; Energy Efficiency; Utilities Network; Distribution; Transmission and distribution; Transmission,
                                                    Ministerio de Minas e Energia
                                                ,",https://www.globaldata.com/esg/regulatorysummary/new-regulations-for-importing-power-from-argentina-and-uruguay-are-introduced-by-ordinance,New regulations for importing power from Argentina and Uruguay are introduced by ordinance,"Friday, 06 January 2023","Normative Ordinance No. 60/GM/MME/2022, which establishes new standards for the import of energy from the Argentine Republic or the Oriental Republic of Uruguay, was released by the Ministry of Mines and Energy (MME) on Friday, December 30. The work, which updates the relevant rule, is the outcome of Public Consultation MME no 142/2022. The purpose of the law is to increase opportunities for agents in the Brazilian power sector as well as benefits for users of electricity."
"29 Dec 2022,MInfra's Decree regulates DT-e and provides for issuance, inspection, and tariff definition,Brazil; South America,Governance; Social; Sustainable Transportation,Transportation; Infrastructure and Logistics; Government and Non-Profit Organisations,
                                                    Ministry of Infrastructure, Brazil
                                                ,",https://www.globaldata.com/esg/regulatorysummary/minfras-decree-regulates-dt-e-and-provides-for-issuance-inspection-and-tariff-definition,"MInfra's Decree regulates DT-e and provides for issuance, inspection, and tariff definition","Thursday, 05 January 2023","The Ministry of Infrastructure will be responsible for the issuance, supervision of generating entities, and tariff definition of the Electronic Transport Document (DT-e), according to Decree 11.313/2022, which was issued on Thursday (29) and governs Law 14.206/2021. Around 90 documents for road freight transport are digitised and unified in a single system using the electronic platform."
"23 Dec 2022,CVM revises Resolution Approving Document for Technical Pronouncement Revision 21,Brazil; South America,Sustainable Finance; Governance; Risk Management; Ethics,Investment Banking; Investments and Asset Management; Risk management; Financial Services; Wealth Management & Private Banking,
                                                    Securities Exchange Comission (CVM)
                                                ,",https://www.globaldata.com/esg/regulatorysummary/cvm-revises-resolution-approving-document-for-technical-pronouncement-revision-21,CVM revises Resolution Approving Document for Technical Pronouncement Revision 21,"Friday, 30 December 2022","Today, 12/23/2022, the Brazilian Securities and Exchange Commission's (CVM) Superintendence of Accounting and Auditing Standards (SNC) edits CVM Resolution 176, which makes Technical Pronouncements Review Document 21, issued by the Accounting Pronouncements Committee (CPC), mandatory for publicly-held companies for fiscal years beginning on or after 1/1/2023."
"23 Dec 2022,The CVM has released a new Regulatory Framework for Investment Funds,Brazil; South America,Governance; Sustainable Finance,Investment Banking; Capital Markets; Investments and Asset Management; Risk management; Financial Services; Wealth Management & Private Banking,
                                                    Securities Exchange Comission (CVM)
                                                ,",https://www.globaldata.com/esg/regulatorysummary/the-cvm-has-released-a-new-regulatory-framework-for-investment-funds,The CVM has released a new Regulatory Framework for Investment Funds,"Friday, 30 December 2022","The Securities and Exchange Commission (CVM) issued CVM Resolution 175 today, 12/23/22, which is initially composed of a general part that applies to all investment funds and specific rules for financial investment funds (FIF) and receivables investment funds (FIDC). The project resulted in the revocation of 38 standards, which are now better systematized into a single standard. This figure reflects the magnitude of CVM's commitment to society."
"22 Dec 2022,The CNMC's decision establishing the 2023 transportation and distribution toll prices,Europe; Spain,Sustainable Transportation; Environment; Social,Transportation; Infrastructure and Logistics,
                                                    National Commission of Markets and Competition
                                                ,",https://www.globaldata.com/esg/regulatorysummary/the-cnmcs-decision-establishing-the-2023-transportation-and-distribution-toll-prices,The CNMC's decision establishing the 2023 transportation and distribution toll prices,"Thursday, 29 December 2022","The CNMC has approved the Resolution that establishes the values of the electricity transmission and distribution network access tolls for 2023. (RAP/DE/009/22). The transmission and distribution network access tolls have been calculated using the estimated transmission and distribution remuneration resulting from the application of Circulars 5/2019 and 6/2019. Furthermore, in accordance with Circular 3/2002, the remuneration reviews and the differences between the initially forecasted income and the actual income for the fiscal year 2021 have been considered."
"22 Dec 2022,Negotiated Pricing Guidelines for Railways,Europe; France,Sustainable Transportation; Sustainable Railways; Environment; Social,Transportation; Infrastructure and Logistics,
                                                    Ministry of Transport, France
                                                ,",https://www.globaldata.com/esg/regulatorysummary/negotiated-pricing-guidelines-for-railways,Negotiated Pricing Guidelines for Railways,"Thursday, 29 December 2022","Following a public consultation from September 5 to October 9, 2022, the Transport Regulatory Authority (ART) has published decision no. 2022-083 adopting guidelines relating to the negotiated pricing of fees related to the use of the national rail network in accordance with Transport Code Article L. 2133-2. These guidelines define the framework for carrying out the mission entrusted to the ART by the legislator, with the goal of clarifying the referral procedures in the interest of the requesting parties and, more broadly, of all railway system stakeholders. To ensure transparency, the Authority publishes all contributions received."
"22 Dec 2022,Reduction of the Southern Zone King Mackerel Commercial Gillnet Quota for the Gulf of Mexico during 2022–2023,North America; United States,Environment; Biodiversity; Sustainable Fishery; Marine Biodiversity,Agriculture & Forestry,
                                                    National Oceanic and Atmospheric Administration
                                                ,",https://www.globaldata.com/esg/regulatorysummary/reduction-of-the-southern-zone-king-mackerel-commercial-gillnet-quota-for-the-gulf-of-mexico-during-20222023,Reduction of the Southern Zone King Mackerel Commercial Gillnet Quota for the Gulf of Mexico during 2022–2023,"Thursday, 29 December 2022","The Gulf of Mexico (Gulf) commercial limit for the king mackerel gillnet component is 634,222 pounds as of January 6, 2023. (lbs).
Run-around gillnets can only be used in the southern Gulf zone to catch king mackerel (see map below).
The commercial run-around gillnet fishing season for 2022–2023, which begins on January 17, 2023, will see the reduced harvest."
"21 Dec 2022,To be gazetted: Vessel height restriction regions near Tseung Kwan O seas,Hong Kong; Asia,Sustainable Shipping; Environment,Transportation; Infrastructure and Logistics,
                                                    Transport and Logistics - Terminals - China
                                                ,",https://www.globaldata.com/esg/regulatorysummary/to-be-gazetted-vessel-height-restriction-regions-near-tseung-kwan-o-seas,To be gazetted: Vessel height restriction regions near Tseung Kwan O seas,"Wednesday, 28 December 2022","This Friday, December 23, after being gazetted, the Shipping and Port Control (Amendment) (No. 2) Regulation 2022 and the Merchant Shipping (Local Vessels) (General) (Amendment) (No. 2) Regulation 2022 will go into effect, creating eleven vessel height restricted areas (VHRAs) along the viaducts of the Tseung Kwan O Cross Bay Bridge (TKOCBB), Tseung Kwan O Interchange (TKOI), and Tseung (TKOSB). The legal changes are intended to better safeguard the safety of vessels as they travel through traffic and reduce the likelihood that they may collide with bridge structures."
"21 Dec 2022,Part D - Container Specific Requirements of WPS/300/05 Specification for Waste Packages Containing Low Heat Generating Waste,Europe; United Kingdom,Environment; Climate Change; Pollution; Hazardous Waste Management,Other; Packaging Technology; Government and Non-Profit Organisations; Packaging; Packaging Material,
                                                    Department for Business, Energy and Industrial Strategy
                                                ,",https://www.globaldata.com/esg/regulatorysummary/part-d---container-specific-requirements-of-wps30005-specification-for-waste-packages-containing-low-heat-generating-waste,Part D - Container Specific Requirements of WPS/300/05 Specification for Waste Packages Containing Low Heat Generating Waste,"Wednesday, 28 December 2022","The Waste Package Specifications (WPS), which define the requirements for the transport and geological disposal of waste packages manufactured using standardised waste container designs, are key documents in the WPSGD. The WPS are derived from the bounding requirements for waste packages containing a specific category of waste, as defined by the relevant Generic Specification, and are based on the high level requirements for all waste packages as defined by the generic Disposal System Specification."
"20 Dec 2022,Initial 2023 Specifications for the Atlantic Herring Fishery,North America; United States,Marine Biodiversity; Sustainable Fishery; Biodiversity; Environment,Agriculture & Forestry,
                                                    National Oceanic and Atmospheric Administration
                                                ,",https://www.globaldata.com/esg/regulatorysummary/initial-2023-specifications-for-the-atlantic-herring-fishery,Initial 2023 Specifications for the Atlantic Herring Fishery,"Tuesday, 27 December 2022","Herring fishery parameters for 2021–2023 were put into effect by Framework Adjustment 8 to the Atlantic Herring Fishery Management Plan (FMP) in 2021. The New England Fishery Management Council finalised its suggestions for herring fishery requirements for 2023–2025 in September 2022. The default 2023 standards that were adopted through Framework 8 would be replaced by the recommendations of the Council for 2023 specifications, which are currently under our assessment. The herring fishery will therefore operate starting January 1, 2023 in accordance with the default 2023 standards that were implemented under Framework 8."
"20 Dec 2022,The Act on Special Protection of Gaseous Fuel Consumers was signed by the President for 2023,Europe; Poland,Environment; Natural Resources,,
                                                    Ministry of Climate
                                                ,",https://www.globaldata.com/esg/regulatorysummary/the-act-on-special-protection-of-gaseous-fuel-consumers-was-signed-by-the-president-for-2023,The Act on Special Protection of Gaseous Fuel Consumers was signed by the President for 2023,"Tuesday, 27 December 2022","The Act on Special Protection of Gaseous Fuel Consumers in 2023 in Relation to the Gas Market Situation, signed by President Andrzej Duda on December 20, has as one of its goals, among others, the Freezing of Gas Prices for Individual Consumers for Next Year at the Price Level from 2022. Additionally, the distribution charge will be frozen."
"20 Dec 2022,New Catch Levels and Management Measures for South Atlantic Red Porgy Announced by NOAA Fisheries,North America; United States,Environment; Biodiversity; Sustainable Fishery; Marine Biodiversity,Agriculture & Forestry,
                                                    National Oceanic and Atmospheric Administration
                                                ,",https://www.globaldata.com/esg/regulatorysummary/new-catch-levels-and-management-measures-for-south-atlantic-red-porgy-announced-by-noaa-fisheries,New Catch Levels and Management Measures for South Atlantic Red Porgy Announced by NOAA Fisheries,"Tuesday, 27 December 2022","Changes to the management of South Atlantic red porgy have been announced by NOAA Fisheries. A new rebuilding strategy has been established, and the acceptable biological catch, annual catch caps, annual optimum yield, sector allocations, accountability procedures, and management procedures for the commercial and recreational sectors have all been revised. The management methods include a 2-month recreational fishing season as well as a reduction in the commercial trip, recreational bag, and possession limits. When the Rule Becomes Effective: The rules will go into effect on January 19, 2023."
"20 Dec 2022,The first set of AMC/GM for the U-space Regulation is published by EASA,Europe,Sustainable Transportation; Environment,Aerospace and Defence; Unmanned; Government and Non-Profit Organisations,
                                                    European Union Aviation Safety Agency
                                                ,",https://www.globaldata.com/esg/regulatorysummary/the-first-set-of-amcgm-for-the-u-space-regulation-is-published-by-easa,The first set of AMC/GM for the U-space Regulation is published by EASA,"Tuesday, 27 December 2022","The AMC/GM for the U-space regulatory framework represents the state-of-the-art of the U-space concept, systems, and technology and has been designed taking into account the most recent innovations from industry and U-space stakeholders. As a result of the AMC/thorough GM's treatment of the U-space regulation's many facets and key players, U-space will be implemented across Europe in a way that is equitable, effective, secure, and safe. As of January 26, 2023, when the U-space regulatory framework (Regulations (EU) 2021/664, (EU) 2021/665, and (EU) 2021/666) officially enters into force, EASA looks forward to the next phases of the U-space implementation."
"20 Dec 2022,Minister O'Brien welcomes the passage of the Water Services Act and the establishment of Uisce Éireann,Europe; Ireland,Natural Resources; Social; Environment,Government and Non-Profit Organisations; Utilities Network; Water Utilities; Transmission and distribution,
                                                    Department of Housing Local Government and Heritage
                                                ,",https://www.globaldata.com/esg/regulatorysummary/minister-obrien-welcomes-the-passage-of-the-water-services-act-and-the-establishment-of-uisce-ireann,Minister O'Brien welcomes the passage of the Water Services Act and the establishment of Uisce Éireann,"Tuesday, 03 January 2023","On 15 December 2022, the Minister for Housing, Local Government, and Heritage signed a Commencement Order appointing different dates for specified provisions of the Water Services (Amendment) Act 2022 to take effect; there are different commencement dates for different sections/parts of the Act."
"20 Dec 2022,EPA Heavy-Duty Vehicle Standards to Reduce Dangerous Pollution,North America; United States,Climate Change; Carbon Emissions; Environment; Sustainable Transportation,Vehicle Manufacturing; Transportation; Infrastructure and Logistics; Automotive,
                                                    Environmental Protection Agency of the US
                                                ,",https://www.globaldata.com/esg/regulatorysummary/fepa-heavy-duty-vehicle-standards-to-reduce-dangerous-pollution,EPA Heavy-Duty Vehicle Standards to Reduce Dangerous Pollution,"Tuesday, 27 December 2022","Beginning with Model Year 2027, the EPA's Clean Trucks Plan will protect clean air for millions of people living in polluted communities. The United States Environmental Protection Agency (EPA) has finalised the most stringent national clean air standards in history to reduce smog- and soot-forming emissions from heavy-duty trucks beginning with model year 2027. The new standards are more than 80% stronger than current standards, marking the first update to clean air standards for heavy duty trucks in more than 20 years."
"19 Dec 2022,A system for decreasing gas costs was introduced on the European market,Europe; Poland,Community Impact; Environment; Social,,
                                                    Ministry of Climate
                                                ,",https://www.globaldata.com/esg/regulatorysummary/a-system-for-decreasing-gas-costs-was-introduced-on-the-european-market,A system for decreasing gas costs was introduced on the European market,"Monday, 26 December 2022","The Council of EU Ministers for Energy met on December 19, 2022, with participation from Minister of Climate and Environment Anna Moscow and Deputy Minister Adam Guibourgé-Czetwertyski. The interim corrective mechanism for the gas market was the main topic of discussion at the meeting.
The MCM (market correction mechanism) legislation, which governs gas pricing on the European market, was the subject of discussions that came to an end. The final ceiling on gas prices was 180 euros. This is the consensus of nearly all Member States, who vehemently disagreed with the European Commission's initial proposal, which called for a level of EUR 275/MWh just a few weeks ago."
"14 Dec 2022,The Securities and Exchange Commission has adopted amendments to modernise Rule 10b5-1 Insider Trading Plans and Related Disclosures,North America; United States,Ethics; Risk Management; Fairly Traded; Governance,Investment Banking; Capital Markets; Financial Services,
                                                    
                                                ,",https://www.globaldata.com/esg/regulatorysummary/the-securities-and-exchange-commission-has-adopted-amendments-to-modernise-rule-10b5-1-insider-trading-plans-and-related-disclosures,The Securities and Exchange Commission has adopted amendments to modernise Rule 10b5-1 Insider Trading Plans and Related Disclosures,"Monday, 19 December 2022","To strengthen investor protections against insider trading, the Securities and Exchange Commission amended Rule 10b5-1 under the Securities Exchange Act of 1934 and imposed new disclosure requirements. Updates to Rule 10b5-1(c)(1), which provides an affirmative defence to insider trading liability under Section 10(b), and Rule 10b-5 are among the changes. The final rules aim to strengthen investor protections against insider trading and to assist shareholders in understanding when and how insiders trade in securities for which they may have material nonpublic information."
"9 Dec 2022,European Green Deal: new rules have been agreed upon for the application of the EU emissions trading system in the aviation sector,Europe,Climate Change; Carbon Emissions; Environment; Pollution; Sustainable Transportation,Aerospace and Defence; Refining and Marketing; Aerospace; Fuel Retailing; Transportation; Infrastructure and Logistics,
                                                    European Commission
                                                ,",https://www.globaldata.com/esg/regulatorysummary/european-green-deal-new-rules-have-been-agreed-upon-for-the-application-of-the-eu-emissions-trading-system-in-the-aviation-sector,European Green Deal: new rules have been agreed upon for the application of the EU emissions trading system in the aviation sector,"Friday, 16 December 2022","The political agreement on the revision of the EU Emissions Trading System (EU ETS) rules for aviation was reached late on December 6. By phasing out free allowances for the aviation sector by 2026, the updated emissions trading rules will accelerate the implementation of the polluter pays principle. This agreement strengthens the existing system, which has been in place since 2012. This means that the industry will be held more accountable for its carbon footprint, and there will be more economic incentives to reduce emissions as a result of a strong price signal."
"7 Dec 2022,2022 Digital Personal Data Protection Act,India; Asia,Governance; Human Rights; Personal Data Privacy; Social,Government and Non-Profit Organisations; Technology; Internet and Media; Media; Media and Telecom; Internet; Technology,
                                                    Ministry of Electronics and Information Technology, India
                                                ,",https://www.globaldata.com/esg/regulatorysummary/2022-digital-personal-data-protection-act,2022 Digital Personal Data Protection Act,"Wednesday, 14 December 2022","As part of its public consultation process, the Ministry of Electronics and Information Technology has created a draft Bill named the Digital Personal Data Protection Bill 2022 and is seeking public input. The proposed Bill outlines the duty of the Data Fiduciary to use the gathered data legitimately as well as the rights and responsibilities of the citizen (Digital Nagrik). A Data Protection Board of India will be established as part of the compliance framework to monitor compliance with the draught Bill's provisions, impose penalties for non-compliance, and carry out any other duties the Central Government may delegate to the board in accordance with the draught Bill's or other laws' provisions."
"29 Nov 2022,IB 22-62: NMFS Reassigns Atka Mackerel from the Eastern Aleutian Island District Incidental Catch Allowance and Bering Sea Subarea,North America; United States,Biodiversity; Environment; Marine Biodiversity; Sustainable Fishery,Agriculture & Forestry,
                                                    National Oceanic and Atmospheric Administration
                                                ,",https://www.globaldata.com/esg/regulatorysummary/ib-22-62-nmfs-reassigns-atka-mackerel-from-the-eastern-aleutian-island-district-incidental-catch-allowance-and-bering-sea-subarea,IB 22-62: NMFS Reassigns Atka Mackerel from the Eastern Aleutian Island District Incidental Catch Allowance and Bering Sea Subarea,"Tuesday, 06 December 2022","According to Jonathan M. Kurland, Administrator, Alaska Region, NMFS, the National Marine Fisheries Service (NMFS) is reallocating the anticipated unused portion of the 2022 Atka mackerel incidental catch allowance (ICA) for the Bering Sea subarea and Eastern Aleutian Islands District (BS/EAI) to the Amendment 80 cooperative allocation in the BS/EAI of the Bering Sea and Aleutian Islands management area (BSAI)."
"28 Nov 2022,IB 22-61: NMFS forbids vessels taking part in the Bering Sea and Aleutian Islands from conducting directed fishing for Pacific Ocean Perch,North America; United States,Sustainable Forestry; Marine Biodiversity; Environment; Biodiversity,Agriculture & Forestry,
                                                    National Oceanic and Atmospheric Administration
                                                ,",https://www.globaldata.com/esg/regulatorysummary/ib-22-61-nmfs-forbids-vessels-taking-part-in-the-bering-sea-and-aleutian-islands-from-conducting-directed-fishing-for-pacific-ocean-perch,IB 22-61: NMFS forbids vessels taking part in the Bering Sea and Aleutian Islands from conducting directed fishing for Pacific Ocean Perch,"Monday, 05 December 2022","According to Jonathan M. Kurland, Administrator, Alaska Region, NMFS, directed fishing for Pacific ocean perch is prohibited by the National Marine Fisheries Service (NMFS) beginning at noon, Alaska local time, November 29, 2022 in the Eastern Aleutian district of the Bering Sea and Aleutian Islands management area (BSAI). This directive is issued in accordance with 50 CFR 679.20(d)(1) and is intended to prevent vessels participating in the BSAI trawl restricted access sector fishery from exceeding the 2022 total permitted catch of Pacific ocean perch in the Eastern Aleutian region (iii)."
"24 Nov 2022,Phthalates and other plasticizers: EFSA evaluation plan,Europe; Eastern Europe; Western Europe,Environment,Specialized Packaging; Paper and Pulp; Rigid Plastics; Packaging; Flexible Packaging; Packaging Material,
                                                    European Food Safety Agency
                                                ,",https://www.globaldata.com/esg/regulatorysummary/phthalates-and-other-plasticizers-efsa-evaluation-plan,Phthalates and other plasticizers: EFSA evaluation plan,"Thursday, 01 December 2022","The scientific protocol for the hazard evaluation of plasticizers used in food contact materials (FCMs), which outlines the guiding principles for how the work will be done, was released today by EFSA. The protocol is the most recent development in our planning efforts for reassessing the health concerns associated with plasticizers used in various FCMs (such as plastics, rubber, and inks) across the food chain (e.g. food processing equipment and packaging). These plasticizers include phthalates, chemicals with a structurally similar makeup, and compounds used to make FCMs without phthalates."
"24 Nov 2022,The operating area of the species conservation project has been increased by sixfold,Brazil; South America,Environment; Biodiversity; Sustainable Forestry; Endangered Species Protection,Agriculture & Forestry,
                                                    Ministry of Environment, Brazil
                                                ,",https://www.globaldata.com/esg/regulatorysummary/the-operating-area-of-the-species-conservation-project-has-been-increased-by-sixfold,The operating area of the species conservation project has been increased by sixfold,"Thursday, 01 December 2022","The Ministry of the Environment's (MMA) National Strategy for the Conservation of Endangered Species (Pro-Species) area of operation has grown by more than six times, from nine million to 62 million hectares by 2022. This expansion was made possible by the completion of 11 Territorial Action Plans for the Conservation of Endangered Species (PAT), which detailed the boundaries of each of the initiative's 24 territories."
"24 Nov 2022,ASIC has updated its guidance on ETP naming conventions,Australia,Fairly Traded,Investment Banking; Investments and Asset Management; Financial Services,
                                                    Australian Securities & Investments Commission
                                                ,",https://www.globaldata.com/esg/regulatorysummary/asic-has-updated-its-guidance-on-etp-naming-conventions,ASIC has updated its guidance on ETP naming conventions,"Thursday, 01 December 2022","Following a public consultation, ASIC has updated its guidance on naming conventions for licenced Australian exchanges that accept exchange traded products (ETPs). ASIC has divided the naming conventions into two levels of labelling, as proposed in Consultation Paper 356 ETP naming conventions: Updates to INFO 230 (CP 356): Secondary labels ('Active' and 'Complex') for products with specific risks or strategies; and primary labels ('ETF' and 'Structured Product') based on product type."
"23 Nov 2022,CVM establishes a new category on Enet for sending the Integrated Report mandated by CVM Resolution 14,Brazil; South America,Sustainable Finance; Governance; Ethics,Government and Non-Profit Organisations; Financial Services,
                                                    Securities Exchange Comission (CVM)
                                                ,",https://www.globaldata.com/esg/regulatorysummary/cvm-establishes-a-new-category-on-enet-for-sending-the-integrated-report-mandated-by-cvm-resolution-14,CVM establishes a new category on Enet for sending the Integrated Report mandated by CVM Resolution 14,"Wednesday, 30 November 2022","The Corporate Relations Superintendence (SEP) of the Brazilian Securities and Exchange Commission (CVM) published Circular Letter CVM/SEP 05/2022 today, 11/23/2022, which provides guidance on sending the Integrated Report through the Empresas system. NET. Companies must now send the document through the new category called Integrated Report, which was created specifically for sending this file, as specified in CVM Resolution 14. Previously, companies disclosed information through other categories, such as the one named ""Sustainability report""."
"22 Nov 2022,Amendment 20 to the Atlantic Surfclam and Ocean Quahog Fishery Management Plan has been completed by NOAA Fisheries,North America; United States,Biodiversity; Environment; Sustainable Fishery; Marine Biodiversity,Agriculture & Forestry,
                                                    National Oceanic and Atmospheric Administration
                                                ,",https://www.globaldata.com/esg/regulatorysummary/amendment-20-to-the-atlantic-surfclam-and-ocean-quahog-fishery-management-plan-has-been-completed-by-noaa-fisheries,Amendment 20 to the Atlantic Surfclam and Ocean Quahog Fishery Management Plan has been completed by NOAA Fisheries,"Tuesday, 29 November 2022","Amendment 20 to the Atlantic Surfclam and Ocean Quahog Fishery Management Plan was implemented by NOAA Fisheries in a final rule (FMP). This amendment limits the number of quota shares or annual cage tags that an individual or business can own or control during the course of a fishing year. Amendment 20 was formally approved on November 10, 2022, and this rule implements all of the amendment's measures."
"22 Nov 2022,Obligation to continuously introduce and update information on average heat generation prices,Europe; Poland,,,
                                                    Ministry of Climate
                                                ,",https://www.globaldata.com/esg/regulatorysummary/obligation-to-continuously-introduce-and-update-information-on-average-heat-generation-prices,Obligation to continuously introduce and update information on average heat generation prices,"Tuesday, 29 November 2022","On November 22, 2022, a section ""heating plants"" was implemented in the IT system: https://cieplo.gov.pl/ for energy companies conducting business activities in the field of heat generation that do not require a licence or are exempt from the obligation to submit tariffs for heat for approval by the President of the Energy Regulatory Office. After registering in the Cieplo.gov.pl system in the ""Heating plants"" section, energy companies receive an account to enter and update information on heat prices or rates."
"21 Nov 2022,The Department of Energy and Infrastructure has announced the approval of a federal law governing the connection of renewable energy production units to the electrical grid,United Arab Emirates,Environment; Renewable Energy; Wind; Solar,Wind; Power Generation,
                                                    Ministry of Energy and Infrastructure, UAE
                                                ,",https://www.globaldata.com/esg/regulatorysummary/the-department-of-energy-and-infrastructure-has-announced-the-approval-of-a-federal-law-governing-the-connection-of-renewable-energy-production-units-to-the-electrical-grid,The Department of Energy and Infrastructure has announced the approval of a federal law governing the connection of renewable energy production units to the electrical grid,"Monday, 28 November 2022","The Ministry of Energy and Infrastructure has announced the approval of a federal law governing the connection of distributed renewable energy production units to the electrical grid, with the goal of enabling people to produce electrical energy from renewable energy sources while also meeting the state's objectives. It is a step toward diversifying renewable energy sources within the state and optimising natural resource utilisation in a way that ensures emissions reduction and climate neutrality."
"18 Nov 2022,NOAA Fisheries Releases Final Atlantic Surfclam and Ocean Quahog Specifications for 2023,North America; United States,Marine Biodiversity; Sustainable Fishery; Environment; Biodiversity,Agriculture & Forestry,
                                                    National Oceanic and Atmospheric Administration
                                                ,",https://www.globaldata.com/esg/regulatorysummary/noaa-fisheries-releases-final-atlantic-surfclam-and-ocean-quahog-specifications-for-2023,NOAA Fisheries Releases Final Atlantic Surfclam and Ocean Quahog Specifications for 2023,"Friday, 25 November 2022","NOAA Fisheries has set commercial harvest quotas for Atlantic surfclams and ocean quahogs for 2023. The final quotas, which have not changed since 2004, are as follows: 3.4 million bushels of Atlantic surfclams
5.36 million bushels of ocean quahogs
100,000 Maine bushels of ocean quahogs"
"17 Nov 2022,Beijing Convention 2010 is ratified by the NPC Standing Committee,China; Asia,,Aerospace and Defence; Infrastructure; Logistics & Support; Homeland Security; Aerospace; Transportation; Infrastructure and Logistics,
                                                    Civil Aviation Administration of China
                                                ,",https://www.globaldata.com/esg/regulatorysummary/beijing-convention-2010-is-ratified-by-the-npc-standing-committee,Beijing Convention 2010 is ratified by the NPC Standing Committee,"Thursday, 24 November 2022","At the 37th session of the standing committee of the 13th National People's Congress (NPC), which concluded on October 30 in Beijing, the Convention on the Suppression of Unlawful Acts Relating to International Civil Aviation (Beijing Convention 2010) was examined and ratified. The system of international aviation security conventions has been strengthened thanks to the Beijing Convention 2010, which filled in any gaps and strengthened any weak points in the earlier treaties on aviation security."
"17 Nov 2022,IBR Standards and Registration Proposed by FERC to Boost Grid Reliability,North America; United States,Environment; Renewable Energy; Wind; Solar,Equipment & Services; Wind; Electric/Gas Utilities; Utilities Network; Distribution; Transmission and distribution; Transmission,
                                                    Federal Energy Regulatory Commission
                                                ,",https://www.globaldata.com/esg/regulatorysummary/ibr-standards-and-registration-proposed-by-ferc-to-boost-grid-reliability,IBR Standards and Registration Proposed by FERC to Boost Grid Reliability,"Thursday, 24 November 2022","Three IBR-related orders from FERC are included in today's orders: An order mandating that NERC create a strategy for registering the companies that own and run IBRs (RD22-4);
An order approving the reliability standards that NERC proposed earlier this year and that address data sharing, model validation, planning and operational studies, and performance requirements for IBRs (RM22-12); and  A Notice of Proposed Rulemaking to instruct NERC to create reliability standards for IBRs that address these issues (RD22-5)."
"16 Nov 2022,Japan has issued a new international standard for the Scenario-Based Safety Evaluation Framework for Automated Driving Systems,Japan; Asia,Environment; Carbon Emissions; Climate Change,Automotive Design; Future Mobility; Automotive,
                                                    Ministry of Economy, Trade and Industry, Japan
                                                ,",https://www.globaldata.com/esg/regulatorysummary/japan-has-issued-a-new-international-standard-for-the-scenario-based-safety-evaluation-framework-for-automated-driving-systems,Japan has issued a new international standard for the Scenario-Based Safety Evaluation Framework for Automated Driving Systems,"Wednesday, 23 November 2022","The development of automated vehicles is expected to reduce environmental burdens and traffic accidents, alleviate traffic congestion, and solve a variety of other social issues, as well as increase the automobile industry's international competitiveness.
Japan has issued an international standard for procedures and scenarios used to assess the safety of automated driving systems. This is expected to improve the safety and efficiency of the development of automated driving systems."
"16 Nov 2022,IB 22-59: NMFS Reallocates Pacific Cod from Catcher Vessels in the Gulf of Alaska's Western Regulatory Area,North America; United States,Biodiversity; Environment; Sustainable Fishery; Marine Biodiversity,Agriculture & Forestry,
                                                    National Oceanic and Atmospheric Administration
                                                ,",https://www.globaldata.com/esg/regulatorysummary/ib-22-59-nmfs-reallocates-pacific-cod-from-catcher-vessels-in-the-gulf-of-alaskas-western-regulatory-area,IB 22-59: NMFS Reallocates Pacific Cod from Catcher Vessels in the Gulf of Alaska's Western Regulatory Area,"Wednesday, 23 November 2022","According to Jonathan M. Kurland, Administrator, Alaska Region, NMFS, the National Marine Fisheries Service (NMFS) is reallocating 400 metric tonnes (mt) of Pacific cod from catcher vessels using trawl gear and 150 mt of Pacific cod from vessels using pot gear to the annual amount specified for catcher vessels using hook-and-line gear and catcher/processors using hook-and-line gear in the Western Regulatory Area of the Gulf of Alaska (WGOA)."
"14 Nov 2022,Various multimedia insurance arrangements are prohibited by the new FSMA Regulation,Europe; Belgium,,Insurance; Financial Services,
                                                    Belgian Federal Government
                                                ,",https://www.globaldata.com/esg/regulatorysummary/various-multimedia-insurance-arrangements-are-prohibited-by-the-new-fsma-regulation,Various multimedia insurance arrangements are prohibited by the new FSMA Regulation,"Monday, 21 November 2022","Insurance contracts issued with multimedia devices are prohibited by the Financial Services and Markets Authority (FSMA). On November 13, 2022, the FSMA's regulation addressing this issue became effective."
"11 Nov 2022,Act on Employment Protection,Europe; Sweden,Governance; Human Rights; Social; Fair Employment,Government and Non-Profit Organisations,
                                                    Government of Sweden
                                                ,",https://www.globaldata.com/esg/regulatorysummary/act-on-employment-protection,Act on Employment Protection,"Friday, 18 November 2022",Non-official translation. Amendments: up to and including SFS 2022:836.
"11 Nov 2022,Guidelines for managing central government debt in 2023,Europe; Sweden,Social; Governance,Cards & Payments; Investment Banking; Capital Markets; Investments and Asset Management; Risk management; Financial Services; Wealth Management & Private Banking,
                                                    Ministry of Finance, Sweden
                                                ,",https://www.globaldata.com/esg/regulatorysummary/guidelines-for-managing-central-government-debt-in-2023,Guidelines for managing central government debt in 2023,"Friday, 18 November 2022","Guidelines for the administration of the national debt by the Swedish National Debt Office were adopted by the government. The 2023 guideline decision modifies the national debt composition guiding to gradually reduce foreign currency exposure with a target value of zero starting in 2027. For the years 2023–2026, progress will be measured against a fixed rate of reduction. In addition, there will be no longer be any reporting of private market borrowing results."
"11 Nov 2022,EU pledges to improve carbon reductions through forestry, agriculture, and land use as part of the European Green Deal,Europe,Sustainable Farming; Sustainable Forestry; Carbon Emissions; Climate Change; Environment,Agriculture & Forestry,
                                                    European Commission
                                                ,",https://www.globaldata.com/esg/regulatorysummary/eu-pledges-to-improve-carbon-reductions-through-forestry-agriculture-and-land-use-as-part-of-the-european-green-deal,"EU pledges to improve carbon reductions through forestry, agriculture, and land use as part of the European Green Deal","Friday, 18 November 2022","The EU Commission applauds the provisional agreement reached late night on 10th of November with the European Parliament and Council on the Land Use, Land Use Change, and Forestry (LULUCF) regulation, which raises the EU's target for net carbon removals by natural sinks to 310 million tonnes of CO2 equivalent by 2030. This agreement establishes reasonable and challenging goals for each Member State to achieve in order to halt the decline of the EU's carbon sink."
"10 Nov 2022,The government releases new regulations to support the hydrogen industry,South Korea; Asia,Environment; Hydrogen; Climate Change; Carbon Emissions; Renewable Energy,Power Generation; Energy Infrastructure; Energy Efficiency; Energy Storage,
                                                    Ministry of Trade, Industry and Energy, South Korea
                                                ,",https://www.globaldata.com/esg/regulatorysummary/the-government-releases-new-regulations-to-support-the-hydrogen-industry,The government releases new regulations to support the hydrogen industry,"Thursday, 17 November 2022","On November 9 at the Lotte Hotel Seoul, South Korea's Prime Minister Han Duck-soo presided over the fifth meeting of the Hydrogen Economy Commission (hereafter ""Commission"") to announce the new hydrogen economy policy orientations under Korea's new government and to accelerate the industry's growth.
The spectrum of hydrogen policy was first restricted to a few sectors, such as fuel cells and hydrogen cars, which made Korea's hydrogen production, storage, and transportation less competitive than that of other affluent countries."
"9 Nov 2022,IB 22-58: NMFS forbids vessels taking part in the Bering Sea and Aleutian Islands from conducting directed fishing for atka mackerel,North America; United States,Biodiversity; Environment; Marine Biodiversity,Agriculture & Forestry,
                                                    National Oceanic and Atmospheric Administration
                                                ,",https://www.globaldata.com/esg/regulatorysummary/ib-22-58-nmfs-forbids-vessels-taking-part-in-the-bering-sea-and-aleutian-islands-from-conducting-directed-fishing-for-atka-mackerel,IB 22-58: NMFS forbids vessels taking part in the Bering Sea and Aleutian Islands from conducting directed fishing for atka mackerel,"Wednesday, 16 November 2022","According to Jonathan M. Kurland, Administrator, Alaska Region, National Marine Fisheries Service (NMFS), the ban on directed fishing for Atka mackerel in the Central Aleutian district of the Bering Sea and Aleutian Islands management area (BSAI) will take effect at noon, Alaska local time, on November 10, 2022. This directive is issued in accordance with 50 CFR 679.20(d)(1) and is necessary to prohibit vessels participating in the BSAI trawl restricted access sector fishery from exceeding the total authorised catch of atka mackerel in the Central Aleutian region for 2022. (iii)."
"9 Nov 2022,ICMA publishes new climate resilient debt clauses to aid sovereign debt relief and financial stability,Global,Environment; Climate Change,Government and Non-Profit Organisations; Financial Services,
                                                    International Capital Markets Association
                                                ,",https://www.globaldata.com/esg/regulatorysummary/icma-publishes-new-climate-resilient-debt-clauses-to-aid-sovereign-debt-relief-and-financial-stability,ICMA publishes new climate resilient debt clauses to aid sovereign debt relief and financial stability,"Wednesday, 16 November 2022","The International Capital Market Association (ICMA) has published new Climate Resilient Debt Clauses (CRDCs) that can defer a country's debt repayments in the event of a pre-defined, severe climate shock or natural disaster. The UK-convened Private Sector Working Group (PSWG): sub-group on Climate Resilient Debt Clauses produced a standardised term sheet for this, with legal support from Clifford Chance. The PSWG brings together International Financial Institutions, such as the International Monetary Fund (IMF) and World Bank (WB), G7 countries, borrowing countries, and the private sector, which includes major US and European banks and investment firms, legal and financial advisors specialising in sovereign debt, and academic experts."
"9 Nov 2022,IB 22-57: The National Marine Fisheries Service prohibits directed fishing for Pacific Ocean perch by vessels operating in the Bering Sea and Aleutian Islands,North America; United States,Marine Biodiversity; Sustainable Fishery; Environment; Biodiversity,Agriculture & Forestry,
                                                    National Oceanic and Atmospheric Administration
                                                ,",https://www.globaldata.com/esg/regulatorysummary/ib-22-57-the-national-marine-fisheries-service-prohibits-directed-fishing-for-pacific-ocean-perch-by-vessels-operating-in-the-bering-sea-and-aleutian-islands,IB 22-57: The National Marine Fisheries Service prohibits directed fishing for Pacific Ocean perch by vessels operating in the Bering Sea and Aleutian Islands,"Wednesday, 16 November 2022","According to Jonathan M. Kurland, Administrator, Alaska Region, NMFS, directed fishing for Pacific ocean perch in the Central Aleutian district of the Bering Sea and Aleutian Islands management area (BSAI) by vessels participating in the BSAI trawl limited access sector fishery will be prohibited beginning at 12 noon, Alaska local time, November 10, 2022."
"8 Nov 2022,The National Assembly receives Korea's first legislation for the systematic support and promotion of smart farming,South Korea; Asia,Food and Agri Tech; Sustainable Farming; Environment; Natural Resources,Agriculture & Forestry,
                                                    Ministry of Agriculture, Food and Rural Affairs
                                                ,",https://www.globaldata.com/esg/regulatorysummary/the-national-assembly-receives-koreas-first-legislation-for-the-systematic-support-and-promotion-of-smart-farming,The National Assembly receives Korea's first legislation for the systematic support and promotion of smart farming,"Tuesday, 15 November 2022","The draught legislation ""Act on Nurturing and Promoting Smart Farming"" was approved by the Cabinet on November 8, 2022. Opinion gathering (February 10-24, 2021), Legislative notice (April 27 – June 7, 2021), Legislation from the Ministry of Government is being reviewed (November 1, 2022) Cabinet endorsement (November 8, 2022)
ㅇ Following Cabinet approval, the legislation is expected to lay the groundwork for an institutional foundation for nurturing and promoting smart farming through comprehensive and systematic support.
ㅇ The spread of smart farming is expected to overcome agricultural challenges such as climate change, ageing rural populations, and so on by increasing productivity and competitiveness in the agriculture industry. "
"8 Nov 2022,Communication update on the application of voluntary sustainable development criteria certification schemes for the purposes of the EU ETS system requirements,Europe; Poland,Renewable Energy; Environment; Biofuels,Equipment & Services; Power Generation; Biopower,
                                                    Ministry of Climate
                                                ,",https://www.globaldata.com/esg/regulatorysummary/communication-update-on-the-application-of-voluntary-sustainable-development-criteria-certification-schemes-for-the-purposes-of-the-eu-ets-system-requirements,Communication update on the application of voluntary sustainable development criteria certification schemes for the purposes of the EU ETS system requirements,"Tuesday, 08 November 2022","In regards to the requirements of the EU ETS system in relation to biomass used for energy purposes by operators of installations covered by the EU ETS system, the Ministry of Climate and Environment confirms and upholds its current position on the applicable European Union regulations on the use of voluntary certification systems of sustainable development criteria."
"5 Nov 2022,Initial details on the 2022 national emissions certificate trading law (NEHG 2022),Europe; Austria,Environment; Circular Economy; Climate Change; Carbon Emissions; Pollution,Sustainable construction; Agriculture & Forestry; Transportation; Infrastructure and Logistics; Construction,
                                                    Austrian Federal Ministry of Finance
                                                ,",https://www.globaldata.com/esg/regulatorysummary/initial-details-on-the-2022-national-emissions-certificate-trading-law-nehg-2022,Initial details on the 2022 national emissions certificate trading law (NEHG 2022),"Monday, 14 November 2022","The 2022 eco-social tax reform law was an important step forward in Austria's efforts to establish cost transparency for CO2e emissions. By inducing an environmental incentive effect and increasing the appeal of using innovative, low-emission technologies, the 2022 national emissions certificates trading law is intended to make a decisive contribution to achieving climate-related goals. CO2e pricing is scheduled to begin on October 1, 2022."
"4 Nov 2022,IB 22-55: Distribution of the Groundfish Reserve in the Management Area for the Bering Sea and Aleutian Islands,North America; United States,Biodiversity; Environment; Sustainable Fishery; Marine Biodiversity,Agriculture & Forestry,
                                                    National Oceanic and Atmospheric Administration
                                                ,",https://www.globaldata.com/esg/regulatorysummary/ib-22-55-distribution-of-the-groundfish-reserve-in-the-management-area-for-the-bering-sea-and-aleutian-islands,IB 22-55: Distribution of the Groundfish Reserve in the Management Area for the Bering Sea and Aleutian Islands,"Friday, 11 November 2022","According to Jonathan M. Kurland, Administrator, Alaska Region, NMFS, amounts from the reserve have been added to the 2022 initial total authorised catch for four species or species groups in the Bering Sea and Aleutian Islands (BSAI) management area. Taking this action complies with 50 CFR 679.20(b) (3)."
"4 Nov 2022,IB 22-56: NMFS Transfers Atka Mackerel to the Amendment 80 Cooperative in the Bering Sea and Aleutian Islands from the Eastern Aleutian Island District and Bering Sea Subarea Incidental Catch Allowance,North America; United States,Marine Biodiversity; Sustainable Fishery; Environment; Biodiversity,Agriculture & Forestry,
                                                    National Oceanic and Atmospheric Administration
                                                ,",https://www.globaldata.com/esg/regulatorysummary/ib-22-56-nmfs-transfers-atka-mackerel-to-the-amendment-80-cooperative-in-the-bering-sea-and-aleutian-islands-from-the-eastern-aleutian-island-district-and-bering-sea-subarea-incidental-catch-allowance,IB 22-56: NMFS Transfers Atka Mackerel to the Amendment 80 Cooperative in the Bering Sea and Aleutian Islands from the Eastern Aleutian Island District and Bering Sea Subarea Incidental Catch Allowance,"Friday, 11 November 2022","According to Jonathan M. Kurland, Administrator, Alaska Region, NMFS, the National Marine Fisheries Service (NMFS) is reallocating the anticipated unused portion of the 2021 Atka mackerel incidental catch allowance (ICA) for the Bering Sea subarea and Eastern Aleutian Islands District (BS/EAI) to the Amendment 80 cooperative allocation in the BS/EAI of the Bering Sea and Aleutian Islands management area (BSAI)."
"3 Nov 2022,The Renewable Heat Act will ensure a complete transition to environmentally friendly heating systems by 2040,Europe; Austria,Carbon Emissions; Renewable Energy; Climate Change; Environment,Power Generation; Fossil Fuels; Energy Infrastructure; Energy Efficiency,
                                                    Federal Ministry for Climate Action Environment Energy Mobility Innovation and Technology
                                                ,",https://www.globaldata.com/esg/regulatorysummary/the-renewable-heat-act-will-ensure-a-complete-transition-to-environmentally-friendly-heating-systems-by-2040,The Renewable Heat Act will ensure a complete transition to environmentally friendly heating systems by 2040,"Thursday, 10 November 2022","The federal government passed the Renewable Heat Act (EWG), which is important for climate policy, in the Council of Ministers on Wednesday. This plan calls for the elimination of gas heating by 2040 and oil heating by 2035. The EWG oversees the transition from outdated fossil-fuel heating systems to modern, climate-friendly alternatives. It is a critical climate law that will assist us in rapidly ending our reliance on Russian natural gas. All climate-damaging oil heating systems are to be replaced by 2035, and all heating systems in Austria are to be converted to renewable energies by 2040."
"2 Nov 2022,NOAA Fisheries finalises Blueline Tilefish Fishery Specifications for 2022, 2023, and 2024,North America; United States,Biodiversity; Environment; Sustainable Fishery; Marine Biodiversity,Agriculture & Forestry,
                                                    National Oceanic and Atmospheric Administration
                                                ,",https://www.globaldata.com/esg/regulatorysummary/noaa-fisheries-finalises-blueline-tilefish-fishery-specifications-for-2022-2023-and-2024,"NOAA Fisheries finalises Blueline Tilefish Fishery Specifications for 2022, 2023, and 2024","Wednesday, 09 November 2022","Final 2022, 2023 Projected 2024 blueline tilefish specifications (lb). ABC – North of Cape Hatteras -179,500 ABC – North of NC/VA line -100,520 Recreational Annual Catch Limit -73,380 Commercial Annual Catch Limit - 27,140 Recreational Total Allowable Landings -71,912 Commercial Total Allowable Landings  - 26,869"
"2 Nov 2022,Minister Vizzotti approved the resolution governing the accreditation of the Clinical Psychology specialty,Argentina; South America,,Healthcare,
                                                    Ministry of Health Argentina
                                                ,",https://www.globaldata.com/esg/regulatorysummary/minister-vizzotti-approved-the-resolution-governing-the-accreditation-of-the-clinical-psychology-specialty,Minister Vizzotti approved the resolution governing the accreditation of the Clinical Psychology specialty,"Wednesday, 09 November 2022","Carla Vizzotti, the country's minister of health, signed a ministerial resolution today to govern the certification of the specialty in clinical psychology as part of the XVI Metropolitan Congress of Psychology, which was held from October 31 to November 2 and was organised by the Association of Psychologists of Buenos Aires (APBA)."
"1 Nov 2022,22-54: NMFS forbids vessels taking part in the Bering Sea and Aleutian Islands from conducting directed fishing for Pacific Ocean Perch,North America; United States,Marine Biodiversity; Sustainable Fishery; Environment; Biodiversity,Agriculture & Forestry,
                                                    National Oceanic and Atmospheric Administration
                                                ,",https://www.globaldata.com/esg/regulatorysummary/22-54-nmfs-forbids-vessels-taking-part-in-the-bering-sea-and-aleutian-islands-from-conducting-directed-fishing-for-pacific-ocean-perch,22-54: NMFS forbids vessels taking part in the Bering Sea and Aleutian Islands from conducting directed fishing for Pacific Ocean Perch,"Tuesday, 08 November 2022","According to Jonathan M. Kurland, Administrator, Alaska Region, NMFS, directed fishing for Pacific ocean perch is prohibited by the National Marine Fisheries Service (NMFS) beginning at noon, Alaska local time, November 2, 2022 in the Western Aleutian district of the Bering Sea and Aleutian Islands management area (BSAI). This directive is issued in accordance with 50 CFR 679.20(d)(1) in order to prevent vessels participating in the BSAI trawl restricted access sector fishery from exceeding the total authorised catch of Pacific ocean perch in the Western Aleutian region for 2022. (iii)."
"1 Nov 2022,Northern Ireland households now have access to energy bill assistance,Europe; Ireland; United Kingdom,,Government and Non-Profit Organisations; Energy Efficiency,
                                                    Department for Business, Energy and Industrial Strategy
                                                ,",https://www.globaldata.com/esg/regulatorysummary/northern-ireland-households-now-have-access-to-energy-bill-assistance,Northern Ireland households now have access to energy bill assistance,"Tuesday, 08 November 2022","Northern Ireland's Energy Price Guarantee goes live today - lowering household energy costs
To assist consumers this winter, the UK government scheme will reduce energy bills until the end of March 2023, providing equivalent support to that provided in the UK.
It is in addition to broader support, such as a £400 bill discount and a scheme to protect businesses from rising energy costs."
"28 Oct 2022,The Environment Agency has established an annual close season for salmon and sea trout fishing.,Europe; United Kingdom,Sustainable Fishery; Marine Biodiversity; Biodiversity; Environment,Agriculture & Forestry,
                                                    Environment Agency, Uk
                                                ,",https://www.globaldata.com/esg/regulatorysummary/the-environment-agency-has-established-an-annual-close-season-for-salmon-and-sea-trout-fishing,The Environment Agency has established an annual close season for salmon and sea trout fishing.,"Friday, 04 November 2022","The bylaws prohibit salmon and sea trout fishing this autumn, with fishing to resume in early 2023. The salmon close season in the North East runs from November 1 to January 31. The close season for sea trout begins on November 1 and lasts until April 2. The close season for salmon in Yorkshire runs from November 1st to April 5th. The close season for sea trout begins on November 1st and lasts until April 2nd."
"27 Oct 2022,CVM makes a specific modification in resolution pertaining to inspection fee,Brazil; South America,,Investment Banking; Financial Services,
                                                    Securities Exchange Comission (CVM)
                                                ,",https://www.globaldata.com/esg/regulatorysummary/cvm-makes-a-specific-modification-in-resolution-pertaining-to-inspection-fee,CVM makes a specific modification in resolution pertaining to inspection fee,"Thursday, 03 November 2022","The Securities and Exchange Commission (CVM) amends CVM Resolution 171 today, 10/27/2022, in order to support a specific adjustment to CVM Resolution 54, which establishes the Inspection Fee for Bond and Securities Markets. The amendment's goal is to address the situation of securities market players whose initial registration occurs after information sent by other governmental bodies, such the Central Bank, has been verified."
"26 Oct 2022,SEC Adopts Changes to Promote Transparent Fee- and Expense-Related Information in Fund Advertisements and Modernize Fund Shareholder Reports,North America; United States,Governance,Investment Banking; Investments and Asset Management; Financial Services,
                                                    
                                                ,",https://www.globaldata.com/esg/regulatorysummary/sec-adopts-changes-to-promote-transparent-fee--and-expense-related-information-in-fund-advertisements-and-modernize-fund-shareholder-reports,SEC Adopts Changes to Promote Transparent Fee- and Expense-Related Information in Fund Advertisements and Modernize Fund Shareholder Reports,"Wednesday, 02 November 2022","The Securities and Exchange Commission voted today to adopt rule and form amendments that will mandate that exchange-traded funds and mutual funds transmit brief and visually appealing shareholder reports, as well as encourage the transparent and impartial presentation of fees and expenses in investment company advertisements."
"26 Oct 2022,The Securities and Exchange Commission has adopted Compensation Recovery Listing Standards and Disclosure Rules,North America; United States,Governance; Corporate Structure; Executive Compensation,Government and Non-Profit Organisations; Financial Services,
                                                    
                                                ,",https://www.globaldata.com/esg/regulatorysummary/the-securities-and-exchange-commission-has-adopted-compensation-recovery-listing-standards-and-disclosure-rules,The Securities and Exchange Commission has adopted Compensation Recovery Listing Standards and Disclosure Rules,"Thursday, 03 November 2022","The Securities and Exchange Commission adopted rules today requiring securities exchanges to adopt listing standards requiring issuers to develop and implement a policy allowing for the recovery of erroneously awarded incentive-based compensation to current or former executive officers. The final rules require a listed issuer to file the policy as an exhibit to its annual report, along with disclosures about its recovery policy and recovery analysis in cases where a recovery is triggered. The Commission proposed compensation recovery rules in 2015, and the comment period on the proposal was reopened in October 2021 and June 2022."
"26 Oct 2022,Pre-charge bail reforms will provide better protection for victims.,Europe; United Kingdom,Health and Safety; Social; Human Rights,Women's Health; Healthcare; Government and Non-Profit Organisations; Therapy Area,
                                                    Home Office (UK)
                                                ,",https://www.globaldata.com/esg/regulatorysummary/pre-charge-bail-reforms-will-provide-better-protection-for-victims,Pre-charge bail reforms will provide better protection for victims.,"Tuesday, 01 November 2022","Kay's Law, a new provision, protects victims of domestic violence and sexual assault.
Victims of crimes such as domestic abuse and sexual assault will be better protected after perpetrators are apprehended under new provisions known as 'Kay's Law,' Safeguarding Minister Mims Davis announced today. The reforms, which go into effect this week, will require police to consider the opinions of victims before releasing someone on bail. Where necessary and proportionate, police will be encouraged to use pre-charge bail instead of releasing suspects under investigation."
"25 Oct 2022,The first natural flood management guide for woodlands in the United Kingdom has been published,Europe; United Kingdom,Environment; Biodiversity; Natural Resources; Sustainable Forestry,Agriculture & Forestry; Government and Non-Profit Organisations,
                                                    Forestry Commission (UK)
                                                ,",https://www.globaldata.com/esg/regulatorysummary/the-first-natural-flood-management-guide-for-woodlands-in-the-united-kingdom-has-been-published,The first natural flood management guide for woodlands in the United Kingdom has been published,"Tuesday, 01 November 2022","The new UK Forestry Standard Practice Guide includes information on how woodland creation and management can help reduce flood risk.
The Forestry Commission, Natural Resources Wales, Scottish Forestry, and Northern Ireland Forest Service have published a new UK-wide guide outlining how our forests and woodlands can reduce the damaging effects and financial impact of flooding on vulnerable communities today (Tuesday 25 October)."
"25 Oct 2022,New regulations for commercial pet imports from high-risk countries,Europe; United Kingdom,,Transportation; Infrastructure and Logistics; Healthcare; Government and Non-Profit Organisations,
                                                    Department for Environment, Food and Rural Affairs
                                                ,",https://www.globaldata.com/esg/regulatorysummary/new-regulations-for-commercial-pet-imports-from-high-risk-countries,New regulations for commercial pet imports from high-risk countries,"Friday, 28 October 2022","The temporary ban on commercial imports from Belarus, Poland, Romania, and Ukraine will be lifted when new rules take effect on October 29th. Importers must apply to become approved traders under the new scheme.
The scheme ensures that rescued animals can be rehomed while national biosecurity is maintained.
The government announced a new 'Approved Importers scheme' for pet imports from currently higher risk countries today (October 25th, 2022). It is being implemented to replace the temporary ban on commercial imports from Belarus, Poland, Romania, and Ukraine, allowing safer movements to resume."
"25 Oct 2022,FCA suggests new regulations to combat greenwashing,Europe; United Kingdom,Environment; Governance; Ethics; Sustainable Finance,Risk management; Business and Consumer Services; Financial Services,
                                                    The Financial Conduct Authority Ltd
                                                ,",https://www.globaldata.com/esg/regulatorysummary/fca-suggests-new-regulations-to-combat-greenwashing,FCA suggests new regulations to combat greenwashing,"Tuesday, 01 November 2022","The Financial Conduct Authority (FCA) is putting forth a package of new regulations to combat ""greenwashing,"" including investment product sustainability labels and limitations on the use of terminology like ""ESG,"" ""green,"" and ""sustainable."" The proposals are only one of several potential new laws that might be passed to safeguard consumers and boost confidence in sustainable investing products. The study is a component of the FCA's commitment to enhancing the credibility and integrity of ESG-labeled instruments, goods, and the ecosystem that supports them in their ESG Strategy and Business Plan."
"24 Oct 2022,South Korea is pushing for all new public fleet vehicles to be zero-emission vehicles.,South Korea; Asia,Climate Change; Electric Vehicles; Carbon Emissions; Environment; Hydrogen Vehicles,Future Mobility; Transportation; Infrastructure and Logistics; Automotive,
                                                    Ministry of Environment (South Korea)
                                                ,",https://www.globaldata.com/esg/regulatorysummary/south-korea-is-pushing-for-all-new-public-fleet-vehicles-to-be-zero-emission-vehicles,South Korea is pushing for all new public fleet vehicles to be zero-emission vehicles.,"Monday, 31 October 2022","For forty days beginning October 20, the Ministry of Environment (ME, Minister Han Wha-jin) announced a pre-announcement of legislation to partially revise the ""Enforcement Rules of the Clean Air Conservation Act."" The proposed revision calls for the majority of public vehicle purchases to be made with zero-emission vehicles (such as electric and fuel cell vehicles). The amendment calls on the government to take the lead in improving air quality. It is proposed that the mandatory purchase and lease ratio of zero-emission public fleets be increased. To broaden the field's applicability, the amendment includes environmental deregulatory issues."
"21 Oct 2022,New Guidelines Announced by U.S. Department of Transportation to Enhance Safety for Vulnerable Road Users,North America; United States,Social; Health and Safety,Transportation; Infrastructure and Logistics; Automotive,
                                                    U.S. Department of Transportation
                                                ,",https://www.globaldata.com/esg/regulatorysummary/new-guidelines-announced-by-us-department-of-transportation-to-enhance-safety-for-vulnerable-road-users,New Guidelines Announced by U.S. Department of Transportation to Enhance Safety for Vulnerable Road Users,"Friday, 28 October 2022","The Federal Highway Administration (FHWA) of the U.S. Department of Transportation (USDOT) today announced new guidance to assist states in addressing the crisis of traffic fatalities across our country as part of its ongoing efforts through the National Roadway Safety Strategy (NRSS) to prioritise safety and meet milestones outlined in the Bipartisan Infrastructure Law. The National Highway Safety Administration estimates that 20% of the 42,915 people killed in car accidents in 2021—an increase of 13% over 2020—were vulnerable road users, including walkers, cyclists, and people in wheelchairs."
"21 Oct 2022,Government supports new law to assist expectant mothers and new parents maintain employment,Europe; United Kingdom,Fair Employment; Human Rights; Governance; Health and Safety; Workplace Safety; Social,Women's Health; Healthcare; Therapy Area,
                                                    Department for Business, Energy and Industrial Strategy
                                                ,",https://www.globaldata.com/esg/regulatorysummary/government-supports-new-law-to-assist-expectant-mothers-and-new-parents-maintain-employment,Government supports new law to assist expectant mothers and new parents maintain employment,"Friday, 28 October 2022","A new law supported by the government will give pregnant women and new parents more protection against job loss.
When new parents return to the workforce, in particular, additional legislative authority will help to combat workplace discrimination.
New legislation supported by the government today would increase protections against redundancy for expectant mothers and new parents (Friday 21 October)."
"21 Oct 2022,An inter-ministerial decree establishes guidelines for generating wind energy at sea.,Brazil; South America,Natural Resources; Environment; Renewable Energy; Climate Change; Wind,Power Generation; Wind,
                                                    Ministry of Environment, Brazil
                                                ,",https://www.globaldata.com/esg/regulatorysummary/an-inter-ministerial-decree-establishes-guidelines-for-generating-wind-energy-at-sea,An inter-ministerial decree establishes guidelines for generating wind energy at sea.,"Monday, 31 October 2022","This modality, also known as offshore wind, has the potential to power 50 Itaipu power plants.
This week, the enormous Brazilian potential for offshore wind power generation, which occurs off the coast, received a significant regulatory advance. The rules for the creation and operation of a Single Portal for the Management of Offshore Areas are defined in Interministerial Ordinance No. 3 from the Ministries of Environment and Mines and Energy. The text, published this Thursday (20) in the Federal Official Gazette (DOU), represents a fundamental evolution and contributes to the establishment of a safe and adequate legal framework for offshore electricity generation in Brazil."
"21 Oct 2022,IB 22-52: In the Bering Sea and Aleutian Islands, NMFS Reallocates Pacific Cod from Trawl Catcher Vessels to Amendment 80 Trawl Catcher/Processor Vessels,North America; United States,Biodiversity; Environment; Sustainable Fishery; Marine Biodiversity,Agriculture & Forestry,
                                                    National Oceanic and Atmospheric Administration
                                                ,",https://www.globaldata.com/esg/regulatorysummary/ib-22-52-in-the-bering-sea-and-aleutian-islands-nmfs-reallocates-pacific-cod-from-trawl-catcher-vessels-to-amendment-80-trawl-catcherprocessor-vessels,"IB 22-52: In the Bering Sea and Aleutian Islands, NMFS Reallocates Pacific Cod from Trawl Catcher Vessels to Amendment 80 Trawl Catcher/Processor Vessels","Friday, 28 October 2022","According to Jonathan M. Kurland, Administrator, Alaska Region, NMFS, the National Marine Fisheries Service (NMFS) is reallocating the anticipated unused amounts of 700 metric tonnes (mt) of Pacific cod from trawl catcher vessels to the annual amount specified for Amendment 80 trawl catcher/processors in the Bering Sea and Aleutian Islands management area (BSAI)."
"21 Oct 2022,NOAA Fisheries Announces Amendment 32 Implementation to Revise the Gulf of Mexico Migratory Group Cobia Catch, Possession, and Size Limits,Mexico; North America; United States,Biodiversity; Environment; Sustainable Fishery; Marine Biodiversity,Agriculture & Forestry,
                                                    National Oceanic and Atmospheric Administration
                                                ,",https://www.globaldata.com/esg/regulatorysummary/noaa-fisheries-announces-amendment-32-implementation-to-revise-the-gulf-of-mexico-migratory-group-cobia-catch-possession-and-size-limits,"NOAA Fisheries Announces Amendment 32 Implementation to Revise the Gulf of Mexico Migratory Group Cobia Catch, Possession, and Size Limits","Friday, 28 October 2022",NOAA Fisheries has announced the final rule for Amendment 32 to the Fishery Management Plan for Gulf of Mexico and Atlantic Region Coastal Migratory Pelagic Resources.
"20 Oct 2022,IB 22-51: NMFS Prohibits Directed Pollock Fishing in Statistical Area 620 of the Gulf of Alaska,North America; United States,Marine Biodiversity; Sustainable Fishery; Environment; Biodiversity,Agriculture & Forestry,
                                                    National Oceanic and Atmospheric Administration
                                                ,",https://www.globaldata.com/esg/regulatorysummary/ib-22-51-nmfs-prohibits-directed-pollock-fishing-in-statistical-area-620-of-the-gulf-of-alaska,IB 22-51: NMFS Prohibits Directed Pollock Fishing in Statistical Area 620 of the Gulf of Alaska,"Thursday, 27 October 2022","According to Jonathan M. Kurland, Regional Administrator, Alaska Region, NMFS, the National Marine Fisheries Service (NMFS) is prohibiting directed fishing for pollock in Statistical Area 620 (between 154 and 159 degrees W. longitudes) in the Gulf of Alaska, effective 12 noon, Alaska local time, October 21, 2022. This action is required to avoid exceeding the total allowable pollock catch in this area in 2022. This action is being taken in accordance with 50 CFR 679.20(d)(1)."
"20 Oct 2022,A new bill to maintain transportation in Britain amid transport strikes,Europe; United Kingdom,,Transportation; Infrastructure and Logistics,
                                                    Department for Transport
                                                ,",https://www.globaldata.com/esg/regulatorysummary/a-new-bill-to-maintain-transportation-in-britain-amid-transport-strikes,A new bill to maintain transportation in Britain amid transport strikes,"Thursday, 27 October 2022","The law will ensure that transportation services continue to be provided during a strike.
The bill fulfils the Prime Minister's promise to introduce the legislation within the first 30 days of Parliament's session by keeping Britain moving, allowing businesses to continue some services, and allowing passengers to still travel to work, school, and medical appointments."
"20 Oct 2022,MME issues guidelines for utilizing offshore electricity generation.,Brazil; South America,Natural Resources; Environment; Renewable Energy; Climate Change; Wind,Power Generation; Wind; Energy Infrastructure,
                                                    Ministerio de Minas e Energia
                                                ,",https://www.globaldata.com/esg/regulatorysummary/mme-issues-guidelines-for-utilizing-offshore-electricity-generation,MME issues guidelines for utilizing offshore electricity generation.,"Thursday, 27 October 2022","The laws contribute to the creation of a secure and suitable legislative environment for the industry and represent a key evolution for offshore electric power generation in Brazil.
This Thursday, October 20, the Ministry of Mines and Energy (MME) published Ordinance No. 52/GM/MME and Interministerial Ordinance MME/MMA No. 03/2022, which, respectively, define the complementary rules and guidelines for the assignment of use of areas off the coast (offshore), with a view to generating electricity, and the guidelines for the creation of a Single Portal for the Management of the Use of Offshore Areas. The laws mark a key advancement and help Brazil develop a secure and suitable legal framework for offshore electric power generation."
"19 Oct 2022,The Ministry of Environment has launched an initiative to encourage fleet renewal.,Brazil; South America,Climate Change; Electric Vehicles; Carbon Emissions; Environment; Pollution,Vehicle Manufacturing; Future Mobility; Automotive,
                                                    Ministry of Environment, Brazil
                                                ,",https://www.globaldata.com/esg/regulatorysummary/the-ministry-of-environment-has-launched-an-initiative-to-encourage-fleet-renewal,The Ministry of Environment has launched an initiative to encourage fleet renewal.,"Wednesday, 26 October 2022","A new law that was published this Wednesday allows for different bonuses and credit lines for the purchase of new cars, boats, and engines.
Renovar Frota + Verde is an initiative started by the Ministry of the Environment with the goal of replacing outdated, highly polluting vehicles with more advanced, environmentally friendly ones. This Wednesday, January 19, the Official Gazette (DOU) published the ordinance that establishes the guidelines for this action and incorporates national policies on the environment, climate change, the fleet productivity increase program, the road system, and the National Green Growth Program."
"19 Oct 2022,MME issues guidelines for offering areas available for mining,Brazil; South America,Sustainable Mining,Mining Services; Mining; Mining,
                                                    Ministerio de Minas e Energia
                                                ,",https://www.globaldata.com/esg/regulatorysummary/mme-issues-guidelines-for-offering-areas-available-for-mining,MME issues guidelines for offering areas available for mining,"Wednesday, 26 October 2022","Continuous area offerings are essential for converting mineral heritage into riches and helping to diversify the Brazilian mineral matrix. Ordinance No. 695/2022, which defines standards for procedures for the availability of regions with a view to exploiting natural resources, was released by the Ministry of Mines and Energy (MME) on Wednesday, October 19. The ongoing provision of areas is essential for converting Brazil's mineral inheritance into riches and for fostering competitiveness and diversification of the country's mineral matrix, both of which are always based on sustainable development. The regulation establishes that it is up to the National Mining Agency (ANM) to adopt objective criteria, of a technical, economic and social nature, in the selection and offer of available areas. In addition, transparency and wide dissemination of procedures must be ensured. Another aspect brought by the ordinance concerns the predictability of the offer, with the definition of at least two rounds  per year, with an annual schedule to be published at the beginning of each calendar year"
"19 Oct 2022,The exchange issues a consultation paper on new listing rules for specialty technology firms,Hong Kong; Asia,Sustainable Farming; Food and Agri Tech; Risk Management; Corporate Structure,Investment Banking; Capital Markets; Technology; Media and Telecom; Hardware; Financial Services; Technology,
                                                    The Stock Exchange of Hong Kong Limited
                                                ,",https://www.globaldata.com/esg/regulatorysummary/the-exchange-issues-a-consultation-paper-on-new-listing-rules-for-specialty-technology-firms,The exchange issues a consultation paper on new listing rules for specialty technology firms,"Wednesday, 26 October 2022","The Exchange proposes a new channel for Specialist Technology Companies to list on HKEX markets. Companies in one of five Specialist Technology Industries would be subject to new rules: next-generation information technology, advanced hardware, advanced materials, new energy and environmental protection, and new food and agriculture technologies. Over a two-month consultation period, market feedback is sought."
"19 Oct 2022,MME issues guidelines for the organisation of geological survey databases.,Brazil; South America,Environment; Natural Resources,Mining Services; Surveying; Government and Non-Profit Organisations; Mining; Technology; Media and Telecom; Construction,
                                                    Ministerio de Minas e Energia
                                                ,",https://www.globaldata.com/esg/regulatorysummary/mme-issues-guidelines-for-the-organisation-of-geological-survey-databases,MME issues guidelines for the organisation of geological survey databases.,"Wednesday, 26 October 2022","The goal of the standard is to guarantee that all members of society have access to the nation's geological knowledge.
This Wednesday, 10/19, the Ministry of Mines and Energy (MME) published Normative Ordinance no 51/2022, which lays out standards for organising and making a database produced by geological surveys accessible to the public. The information combines data gathered by owners of mining rights with the findings of research done by the Geological Survey of Brazil (SGB-CPRM). The goal is to make sure that the geological information of the Brazilian land is made transparently and easily accessible to participants in the mineral sector and society at large."
"18 Oct 2022,Cabinet approves Minimum Support Prices for all Rabi Crops for the 2023-24 Marketing Season.,India; Asia,Sustainable Farming; Environment; Social,Agriculture & Forestry,
                                                    Ministry of Agriculture and Farmers Welfare, India
                                                ,",https://www.globaldata.com/esg/regulatorysummary/cabinet-approves-minimum-support-prices-for-all-rabi-crops-for-the-2023-24-marketing-season,Cabinet approves Minimum Support Prices for all Rabi Crops for the 2023-24 Marketing Season.,"Tuesday, 25 October 2022","The Cabinet Committee on Economic Affairs, presided over by Hon'ble Prime Minister Shri Narendra Modi, has approved an increase in the Minimum Support Prices (MSP) for all mandated Rabi Crops for the Marketing Season 2023-24. The government has increased the MSP of Rabi Crops for the Marketing Season 2023-24 in order to ensure that growers receive fair prices for their produce. Lentil (Masur) has received the highest increase in MSP at Rs.500/- per quintal, followed by rapeseed and mustard at Rs.400/- per quintal. An increase of Rs.209/- per quintal has been approved for safflower. An increase of Rs.110/- per quintal has been approved for wheat, gram, and barley, respectively."
"14 Oct 2022,USDA Issues Proposed Regulatory Framework to Reduce Salmonella Infections Associated with Poultry Products,North America; United States,Sustainable Farming; Farm Animal Welfare,Agriculture & Forestry,
                                                    U.S. Department of Agriculture
                                                ,",https://www.globaldata.com/esg/regulatorysummary/usda-issues-proposed-regulatory-framework-to-reduce-salmonella-infections-associated-with-poultry-products,USDA Issues Proposed Regulatory Framework to Reduce Salmonella Infections Associated with Poultry Products,"Friday, 21 October 2022","The Food Safety and Inspection Service (FSIS) of the United States Department of Agriculture (USDA) today released a proposed regulatory framework for a new strategy to control Salmonella contamination in poultry products and reduce foodborne illnesses associated with these products. On November 3, 2022, the agency will hold a virtual public meeting to solicit feedback from stakeholders on the proposed framework."
"13 Oct 2022,First noise level measuring criteria for drones under 600 kg are published by EASA,Europe; Global,Environment; Sustainable Transportation,Aerospace and Defence; Unmanned; Aerospace,
                                                    European Union Aviation Safety Agency
                                                ,",https://www.globaldata.com/esg/regulatorysummary/first-noise-level-measuring-criteria-for-drones-under-600-kg-are-published-by-easa,First noise level measuring criteria for drones under 600 kg are published by EASA,"Thursday, 20 October 2022","The European Union Aviation Safety Agency (EASA) released regulations to establish the noise levels of drones below 600 kg, the first proposal of its kind in the world. These regulations apply to a wide range of drone designs, including multicopters, fixed-wing aircraft, helicopters, and powered-lift aircraft. These guidelines are designed to provide uniform methods for measuring drone noise when they are deployed in low- and medium-risk ""particular"" operations. As required by the EASA Basic Regulation, this will aid in achieving a high, uniform level of environmental protection and stop significant adverse effects of noise on human health in the EU."
"13 Oct 2022,The regulation governing the maximum quantities and values of electricity generated by renewable energy sources that can be sold through auction in individual calendar years 2022-2027 went into effect,Europe; Poland,Climate Change; Environment,Power Generation,
                                                    Ministry of Climate
                                                ,",https://www.globaldata.com/esg/regulatorysummary/the-regulation-governing-the-maximum-quantities-and-values-of-electricity-generated-by-renewable-energy-sources-that-can-be-sold-through-auction-in-individual-calendar-years-2022-2027-went-into-effect,The regulation governing the maximum quantities and values of electricity generated by renewable energy sources that can be sold through auction in individual calendar years 2022-2027 went into effect,"Thursday, 20 October 2022","The Council of Ministers approved the ""Regulation on the maximum quantities and values of electricity from renewable energy sources that may be sold by auction in subsequent calendar years 2022-2027,"" as specified in Art. 72 sec. 1 of the RES Act. The regulation was published as item 2085 in the Journal of Laws of 2022 and went into effect on October 13, 2022. The regulation must be issued in order to conduct the RES auction in 2022-2027 and to create a long-term schedule for providing support to RES producers through the auction mechanism."
"13 Oct 2022,IB 22-50: In the Central Regulatory Area of the Gulf of Alaska, NMFS Opens Directed Fishing for Pacific Cod by Catcher Vessels Using Trawl Gear,North America; United States,Biodiversity; Environment; Sustainable Fishery; Marine Biodiversity,Agriculture & Forestry,
                                                    National Oceanic and Atmospheric Administration
                                                ,",https://www.globaldata.com/esg/regulatorysummary/ib-22-50-in-the-central-regulatory-area-of-the-gulf-of-alaska-nmfs-opens-directed-fishing-for-pacific-cod-by-catcher-vessels-using-trawl-gear,"IB 22-50: In the Central Regulatory Area of the Gulf of Alaska, NMFS Opens Directed Fishing for Pacific Cod by Catcher Vessels Using Trawl Gear","Thursday, 20 October 2022","According to Jonathan M. Kurland, Regional Administrator, Alaska Region, National Marine Fisheries Service (NMFS), directed fishing for Pacific cod by catcher vessels using trawl gear will begin in the Central Regulatory Area of the Gulf of Alaska (GOA) at noon on October 17, 2022, Alaska local time. This directive is issued in accordance with 50 CFR 679.25(a)(1)(i), (a)(2)(i)(C), and (a)(2)(iii) and is necessary to fully utilise the 2022 total allowable catch of Pacific cod for catcher vessels using trawl gear in the Central Regulatory Area of the GOA."
"12 Oct 2022,The Minister for Business introduces legislation to modernise the Employment Permits System.,Europe; Ireland,Social,Government and Non-Profit Organisations; Business and Consumer Services,
                                                    Department of Enterprise, Trade and Employment
                                                ,",https://www.globaldata.com/esg/regulatorysummary/the-minister-for-business-introduces-legislation-to-modernise-the-employment-permits-system,The Minister for Business introduces legislation to modernise the Employment Permits System.,"Wednesday, 19 October 2022","The Bill's primary provisions are: The creation of a seasonal employment permit, updating the needs analysis for the labour market to make it more effective, Moving operational criteria to regulations and streamlining a number of requirements will improve the grant process. Additional conditions for the issuance of an employment permit may also be included, such as support for migrant workers' training or housing needs in some cases, or making innovation or upskilling a grant requirement where doing so may reduce reliance on economic migration in the future."
"11 Oct 2022,IB 22-49: In the Central Regulatory Area of the Gulf of Alaska, NMFS forbids the retention of the Incidental Catch Allowance for Pacific Ocean Perch.,North America; United States,Marine Biodiversity; Sustainable Fishery; Environment; Biodiversity,Agriculture & Forestry,
                                                    National Oceanic and Atmospheric Administration
                                                ,",https://www.globaldata.com/esg/regulatorysummary/ib-22-49-in-the-central-regulatory-area-of-the-gulf-of-alaska-nmfs-forbids-the-retention-of-the-incidental-catch-allowance-for-pacific-ocean-perch,"IB 22-49: In the Central Regulatory Area of the Gulf of Alaska, NMFS forbids the retention of the Incidental Catch Allowance for Pacific Ocean Perch.","Tuesday, 18 October 2022","According to Jonathan M. Kurland, Administrator, Alaska Region, National Marine Fisheries Service (NMFS), the incidental capture allowance for Pacific ocean perch in the Central Regulatory Area of the Gulf of Alaska (GOA) is prohibited beginning at noon, Alaska local time, October 12, 2022. This action is required in accordance with 50 CFR 679.20(d) because the 2022 total authorised catch of Pacific ocean perch assigned to the incidental catch quota in the Central Regulatory Area of the GOA has been reached (2)."
"11 Oct 2022,The government has introduced a new Energy Prices Bill to ensure that vital assistance reaches British consumers this winter,Europe; United Kingdom,Renewable Energy,Equipment & Services; Power Generation; Nuclear,
                                                    Department for Business, Energy and Industrial Strategy
                                                ,",https://www.globaldata.com/esg/regulatorysummary/the-government-has-introduced-a-new-energy-prices-bill-to-ensure-that-vital-assistance-reaches-british-consumers-this-winter,The government has introduced a new Energy Prices Bill to ensure that vital assistance reaches British consumers this winter,"Tuesday, 18 October 2022",
"6 Oct 2022,Consultation on the decree establishing a plastic packaging reverse logistics system,Brazil; South America,Environment; Circular Economy; Sustainable Packaging,Specialized Packaging; Paper and Pulp; Rigid Plastics; Packaging; Flexible Packaging; Recycling; Packaging Material; Packaging Services,
                                                    Ministry of Environment, Brazil
                                                ,",https://www.globaldata.com/esg/regulatorysummary/consultation-on-the-decree-establishing-a-plastic-packaging-reverse-logistics-system,Consultation on the decree establishing a plastic packaging reverse logistics system,"Thursday, 13 October 2022","The Ministry of the Environment (MMA) launched a public consultation on the decree establishing a reverse logistics system for plastic packaging on Thursday (10/6). The goal is to increase plastic recycling and prevent improper disposal of plastic in streets, rivers, and seas. The measure is consistent with the National Solid Waste Plan and is part of the Zero Dump Program and the National Reverse Logistics Program. Plastic packaging will be recycled through reverse logistics, creating green jobs, conserving natural resources, and lowering environmental pollution. Furthermore, recycling helps to reduce greenhouse gas emissions as well as water and energy consumption in industry."
"5 Oct 2022,EPA Announces Innovative Initiative to Market New Chemicals Used in the Semiconductor, Clean Energy, and Electric Vehicle Sectors,North America; United States,Environment; Climate Change; Electric Vehicles; Sustainable Chemistry,Future Mobility; Chemicals; Automotive,
                                                    Environmental Protection Agency of the US
                                                ,",https://www.globaldata.com/esg/regulatorysummary/epa-announces-innovative-initiative-to-market-new-chemicals-used-in-the-semiconductor-clean-energy-and-electric-vehicle-sectors,"EPA Announces Innovative Initiative to Market New Chemicals Used in the Semiconductor, Clean Energy, and Electric Vehicle Sectors","Wednesday, 12 October 2022","In accordance with the Toxic Substances Control Act (TSCA), the U.S. Environmental Protection Agency (EPA) today announced a new initiative to implement a streamlined and effective process under the New Chemicals Program to assess risk and apply mitigation measures, as necessary, for new chemicals with applications in batteries, electric vehicles, semiconductors, and renewable energy generation. In order to bring novel chemistries to market without endangering human health or the environment, EPA's New Chemicals Program reviews all new chemical substances before they are allowed on the market. This programme is a key component of the TSCA."
"3 Oct 2022,Federal Trade Commission updates labelling rule to assist consumers in saving money on energy,North America; United States,Climate Change; Environment,Consumer; Home & Garden; Home Electronics & Appliances; Household Care; Consumer Electronics; Photographic Equipment; Computer Hardware & Software; Household Appliances; Communications Equipment,
                                                    Federal Trade Commission
                                                ,",https://www.globaldata.com/esg/regulatorysummary/federal-trade-commission-updates-labelling-rule-to-assist-consumers-in-saving-money-on-energy,Federal Trade Commission updates labelling rule to assist consumers in saving money on energy,"Monday, 10 October 2022","Lowering monthly energy bills can be achieved by comparing appliance usage costs.
The Federal Trade Commission revised its Energy Labeling Rule in response to feedback from the public, enabling consumers to compare the anticipated yearly energy consumption of appliances more precisely before making a purchase.
For refrigerators and freezers, dishwashers, water heaters, room air conditioners (range only), clothes washers, furnaces, televisions, and pool heaters, the proposed updates would modify the comparability ranges and associated energy costs. The Commission also updates the average energy cost figures that manufacturers must use to determine the estimated energy cost of a model."
"3 Oct 2022,HHS modifies the PREP Act declaration to expand the workforce authorised to administer monkeypox vaccines,North America; United States,Sustainable Healthcare,Infectious Disease; Providers; Healthcare; Therapy Area,
                                                    US Department of Health and Human Services
                                                ,",https://www.globaldata.com/esg/regulatorysummary/hhs-modifies-the-prep-act-declaration-to-expand-the-workforce-authorised-to-administer-monkeypox-vaccines,HHS modifies the PREP Act declaration to expand the workforce authorised to administer monkeypox vaccines,"Monday, 10 October 2022","Secretary Xavier Becerra of the United States Department of Health and Human Services (HHS) amended the Public Readiness and Emergency Preparedness Act (PREP Act) declaration for smallpox medical countermeasures today to broaden the categories of providers authorised to administer vaccines and therapeutics against smallpox, monkeypox virus, and other orthopoxviruses in a declared emergency."
"30 Sep 2022,Electronic Monitoring on Bottom Trawl and Non-Whiting Midwater Trawl Vessels: Final Rule,North America; United States,Marine Biodiversity; Sustainable Fishery; Environment; Biodiversity,Agriculture & Forestry,
                                                    National Oceanic and Atmospheric Administration
                                                ,",https://www.globaldata.com/esg/regulatorysummary/electronic-monitoring-on-bottom-trawl-and-non-whiting-midwater-trawl-vessels-final-rule,Electronic Monitoring on Bottom Trawl and Non-Whiting Midwater Trawl Vessels: Final Rule,"Friday, 07 October 2022","NOAA Fisheries has published a final rule in the Federal Register (87 FR 59705, October 3, 2022) to expand Electronic Monitoring (EM) programme regulations to allow vessel operators to use EM on bottom trawl and non-whiting midwater trawl trips in the West Coast Groundfish trawl fishery. NOAA Fisheries published a Final Rule on June 28, 2019, to implement an EM programme in the West Coast Groundfish Trawl Catch Share Program (84 FR 31146). This final rule will add regulations to the EM programme that are specific to the operation of bottom trawl gear and non-whiting midwater trawl gear."
"30 Sep 2022,Amendment to the StVO effective as of October: Road traffic is currently changing as a result,Europe; Austria,Health and Safety; Social; Sustainable Transportation,Transportation; Infrastructure and Logistics; Automotive,
                                                    Federal Ministry for Climate Action Environment Energy Mobility Innovation and Technology
                                                ,",https://www.globaldata.com/esg/regulatorysummary/amendment-to-the-stvo-effective-as-of-october-road-traffic-is-currently-changing-as-a-result,Amendment to the StVO effective as of October: Road traffic is currently changing as a result,"Friday, 14 October 2022","Austrian roads reach a significant milestone on October 1, 2022. The 33rd amendment to the Road Traffic Act (StVO) promotes the movement toward active mobility, especially for children, cyclists, and pedestrians. The 33rd StVO amendment was finally approved after substantial technical work, in-depth discussions with interest groups, and successful political talks. On October 1st, 2022, significant changes to traffic laws will go into effect, bringing about a number of improvements, such as a reduction in the minimum lateral overtaking distance from passing cyclists. Additionally, new traffic signs will be installed."
"29 Sep 2022,The 2022 China Civil Aviation Green Development Policy and Action is published by CAAC.,China; Asia,Sustainable Transportation; Environment; Carbon Emissions; Climate Change,Aerospace and Defence; Aerospace,
                                                    Civil Aviation Administration of China
                                                ,",https://www.globaldata.com/esg/regulatorysummary/the-2022-china-civil-aviation-green-development-policy-and-action-is-published-by-caac,The 2022 China Civil Aviation Green Development Policy and Action is published by CAAC.,"Thursday, 06 October 2022","The International Civil Aviation Organization (ICAO) has received an official submission of the 2022 China Civil Aviation Green Development Policy and Action (hereinafter referred to as the action plan) (ICAO). This action plan intends to showcase green development initiatives and civil aviation advancements in China, disseminate China's civil aviation best practises and experience, and improve global awareness. Additionally, it predicts the direction of civil aviation's green development as well as the key steps required to achieve it."
"29 Sep 2022,General Aviation Airworthiness Code has been updated,Europe; United Kingdom,,Aerospace and Defence; Aerospace,
                                                    Civil Aviation Authority
                                                ,",https://www.globaldata.com/esg/regulatorysummary/general-aviation-airworthiness-code-has-been-updated,General Aviation Airworthiness Code has been updated,"Thursday, 06 October 2022","The UK Civil Aviation Authority has today released a new Airworthiness Code that is intended to offer helpful advice on important airworthiness subjects like the Airworthiness System and the Part-ML maintenance programme. A maintenance manual for light aircraft called The Airworthiness Code was created to assist general aviation (GA) aircraft owners and operators. The majority of the text focuses on Part 21 aircraft and rotorcraft covered by the Part-M regulation, as well as Part 21 aircraft flying under an ongoing flight permit."
"27 Sep 2022,IB22-46: The NMFS prohibits directed pollock fishing in Statistical Area 610 of the Gulf of Alaska.,North America; United States,Biodiversity; Environment; Sustainable Fishery; Marine Biodiversity,Agriculture & Forestry,
                                                    National Oceanic and Atmospheric Administration
                                                ,",https://www.globaldata.com/esg/regulatorysummary/ib22-46-the-nmfs-prohibits-directed-pollock-fishing-in-statistical-area-610-of-the-gulf-of-alaska,IB22-46: The NMFS prohibits directed pollock fishing in Statistical Area 610 of the Gulf of Alaska.,"Tuesday, 04 October 2022","The National Marine Fisheries Service (NMFS) is prohibiting directed fishing for pollock in Statistical Area 610 (between 159 degrees and 170 degrees W. longitudes) in the Gulf of Alaska, effective 12 noon, Alaska local time, September 28, 2022, through 2400 hours, A.l.t., December 31, 2022, according to Jonathan M. Kurland, Administrator, Alaska Region, NMFS. This action is necessary to prevent exceeding the annual 2022 total allowable catch of pollock in this area. This action is issued pursuant to 50 CFR 679.20(d)(1)(iii)."
"26 Sep 2022,The United States Department of Labor (DOL or the Department) has issued a final rule on Apprenticeship Programs and Labor Standards for Registration,North America; United States,,Government and Non-Profit Organisations,
                                                    Department of Labor
                                                ,",https://www.globaldata.com/esg/regulatorysummary/the-united-states-department-of-labor-dol-or-the-department-has-issued-a-final-rule-on-apprenticeship-programs-and-labor-standards-for-registration,The United States Department of Labor (DOL or the Department) has issued a final rule on Apprenticeship Programs and Labor Standards for Registration,"Monday, 03 October 2022","The United States Department of Labor (DOL or the Department) is issuing this final rule to repeal its 2020 regulation, which established a process under which the Department's Office of Apprenticeship (OA) Administrator (Administrator) was authorised to grant recognition to qualified third-party entities known as Standards Recognition Entities (SREs), which were then authorised to evaluate and extend recognition to Industry-Recognized Apprenticeship Programs (IRAPs). This final rule also makes necessary changes to the Department's regulations governing the registration of apprenticeship programs."
"23 Sep 2022,A revised version of ICMA's recommendations for SFTR reporting is published.,Europe; Global,Governance,Capital Markets; Investment Banking; Investments and Asset Management; Risk management; Financial Services,
                                                    International Capital Markets Association
                                                ,",https://www.globaldata.com/esg/regulatorysummary/a-revised-version-of-icmas-recommendations-for-sftr-reporting-is-published,A revised version of ICMA's recommendations for SFTR reporting is published.,"Friday, 30 September 2022","An updated version of ICMA's thorough Recommendations for Reporting under SFTR was released today. Since the SFTR Guide's initial release in February 2020, it has had eight updates. The updated Guide differs from the previous public version in that it contains 6 new questions and numerous other updates that reflect new information as well as additional ESMA guidance, such as statements on the reporting of third-country issuer LEIs from both ESMA and the FCA and guidance on the reporting of central bank SFTs in the UK. To give a thorough summary of the most current modifications, a blackline version of the Guide has been released alongside the actual Guide. The SFTR Recommendations will keep changing to take into account new regulatory requirements as well as ongoing debates within the ERCC's SFTR Task Force. Periodically, new public editions of the Guide will be made available. A variety of other best practice materials that complement the Recommendations are also available to ICMA members."
"23 Sep 2022,The PNRR ""Parco Agrisolare"" measure's updated Operating Regulations and ATECO Codes list have been made available.,Europe; Italy,Sustainable Farming; Solar; Environment; Renewable Energy,Agriculture & Forestry,
                                                    Ministry of Agriculture and Forestry
                                                ,",https://www.globaldata.com/esg/regulatorysummary/the-pnrr-parco-agrisolare-measures-updated-operating-regulations-and-ateco-codes-list-have-been-made-available,"The PNRR ""Parco Agrisolare"" measure's updated Operating Regulations and ATECO Codes list have been made available.","Friday, 30 September 2022","The ""Parco Agrisolare"" PNRR measure's operating regulation and ATECO code list have been revised. the publication The revised Operating Regulation and list of ATECO Codes for the PNRR measure ""Parco Agrisolare"" have been released in order to address some difficulties that the Ministry was made aware of after the public notice was published in August of last year. There are also released additional FAQs. Keep in mind that the aforementioned legislation has a budget of $1 billion and $500 million, which is all available from this first tender and distributed using an over-the-counter approach, up until the financial resources are depleted. The GSE-prepared IT platform for application submission will launch on September 27 as previously anticipated."
"22 Sep 2022,The EU Law Retention (Revocation and Reform) Bill was introduced in Parliament,Europe; United Kingdom,,Government and Non-Profit Organisations,
                                                    Department for Business, Energy and Industrial Strategy
                                                ,",https://www.globaldata.com/esg/regulatorysummary/the-eu-law-retention-revocation-and-reform-bill-was-introduced-in-parliament,The EU Law Retention (Revocation and Reform) Bill was introduced in Parliament,"Thursday, 29 September 2022","To commemorate the two-year anniversary of Brexit, the Government announced plans to introduce the Retained EU Law (Revocation and Reform) Bill on January 31st. Retained EU Law is a subset of domestic law that was created at the end of the transition period and consists of EU-derived legislation that was preserved in our domestic legal framework by the European Union (Withdrawal) Act 2018."
"22 Sep 2022,The UK government is taking the next steps to increase domestic energy production.,Europe; United Kingdom,,Oil&Gas Exploration & Production,
                                                    Department for Business, Energy and Industrial Strategy
                                                ,",https://www.globaldata.com/esg/regulatorysummary/the-uk-government-is-taking-the-next-steps-to-increase-domestic-energy-production,The UK government is taking the next steps to increase domestic energy production.,"Friday, 30 September 2022","Shale gas ban lifted by UK government, which also pledges assistance for new oil and gas licencing round.
The UK government today lifted the ban on shale gas production in England and reaffirmed its support for a new round of oil and gas licencing, which is anticipated to be announced by the North Sea Transition Authority (NSTA) in the first few days of October. The government is adopting proactive measures to strengthen domestic energy security, decrease the UK's dependency on imports, and increase homegrown energy sources in light of Russia's invasion of Ukraine and the weaponization of energy."
"22 Sep 2022,As part of the Brexit Freedoms Bill, the UK government will be able to make its own laws for its own people,Europe; United Kingdom,Social; Environment; Governance,Government and Non-Profit Organisations,
                                                    Department for Business, Energy and Industrial Strategy
                                                ,",https://www.globaldata.com/esg/regulatorysummary/as-part-of-the-brexit-freedoms-bill-the-uk-government-will-be-able-to-make-its-own-laws-for-its-own-people,"As part of the Brexit Freedoms Bill, the UK government will be able to make its own laws for its own people","Friday, 30 September 2022","The UK will be able to enact laws that are specifically tailored to its citizens thanks to the government's announcement that all retained EU laws will expire on December 31, 2023.
According to the new Brexit Freedoms Bill that was introduced today, the UK government would abolish the special status of all preserved EU law by December 31, 2023.
The Bill will give the UK government the ability to design legislation specifically for the requirements of the UK, reducing red tape and encouraging firms to invest, so promoting economic growth throughout the UK economy.
""The Brexit Freedoms Bill will remove unnecessary bureaucracy that inhibits firms from investing and developing in the UK, confirming our position as a world-class destination to start and grow a business,"" said Business Secretary Jacob Rees Mogg."
"21 Sep 2022,The CNMC aims to update and enhance the knowledge on the calibre of electronic communications services that is offered.,Europe; Spain,,Consumer; Home Electronics & Appliances; Technology; Vertical Industry; Technology; Media & Telecom; Telecom; Telecom Services; Media and Telecom,
                                                    National Commission for Markets and Competition
                                                ,",https://www.globaldata.com/esg/regulatorysummary/the-cnmc-aims-to-update-and-enhance-the-knowledge-on-the-calibre-of-electronic-communications-services-that-is-offered,The CNMC aims to update and enhance the knowledge on the calibre of electronic communications services that is offered.,"Tuesday, 27 September 2022","Since the new LGTel went into effect, the CNMC has the authority to demand that providers of electronic communications services (like Telefónica, Vodafone, Orange, Másmovil, or Digi) publish information that is accurate, comparable, trustworthy, easily consultable, and updated."
"21 Sep 2022,Domestic privacy authorities adopt a resolution to maintain public confidence in the infrastructure for digital health,North America; Canada,Sustainable Healthcare; Governance,Healthcare IT; Suppliers & Service Providers; Medical Devices; Healthcare,
                                                    Privacy Commissioner of Canada
                                                ,",https://www.globaldata.com/esg/regulatorysummary/domestic-privacy-authorities-adopt-a-resolution-to-maintain-public-confidence-in-the-infrastructure-for-digital-health,Domestic privacy authorities adopt a resolution to maintain public confidence in the infrastructure for digital health,"Wednesday, 28 September 2022","The resolution mentions how the pandemic has sparked quick developments in digital service delivery. The health industry continues to experience data breaches, which could result in discrimination, stigmatisation, as well as monetary and psychological hardship. The new data governance frameworks must offer adequate protection for sensitive health information, according to the privacy authorities, and laws and regulations should be changed to include meaningful penalties for organisations and service providers who fail to take the necessary precautions to protect health information."
"21 Sep 2022,The Management Rules on Licenses of Civil Aviation Flight Dispatchers and Training Organizations are fully revised by CAAC.,China; Asia,Sustainable Transportation,Simulation & Training; Aerospace and Defence; Infrastructure; Logistics & Support; Aerospace,
                                                    Civil Aviation Administration of China
                                                ,",https://www.globaldata.com/esg/regulatorysummary/the-management-rules-on-licenses-of-civil-aviation-flight-dispatchers-and-training-organizations-are-fully-revised-by-caac,The Management Rules on Licenses of Civil Aviation Flight Dispatchers and Training Organizations are fully revised by CAAC.,"Wednesday, 28 September 2022","The Management Rules on Licenses of Civil Aviation Flight Dispatchers and Training Organizations, often known as the Rules, have recently undergone a complete revision. The Rules now demand that aircraft dispatchers have greater academic and safety standards. The junior college degree has been replaced by a bachelor's degree as the requirement for submitting an application for a flight dispatcher licence. Additionally, the number of training hours required to obtain the licence has increased from 800 to 1000 for novices to 200 to 500 for those with relevant experience."
"21 Sep 2022,Committee for Digital Governance and Information Security established,South & Central America; Brazil,,Travel and Tourism,
                                                    Embratur
                                                ,",https://www.globaldata.com/esg/regulatorysummary/committee-for-digital-governance-and-information-security-established,Committee for Digital Governance and Information Security established,"Tuesday, 27 September 2022","The group will choose the Ministry of Information and Communication Technology's investment and budgeting objectives. To advance technology and communication inside the Ministry of Tourism, yet another significant step was taken. Ordinance No. 45, of September 20, 2022, which creates the Digital Governance and Information Security Committee (GDSI) under the MTur and enters into force on September 28, 2022, was published in the Official Gazette of the Union this Wednesday (21.09)."
"20 Sep 2022,The government makes modifications to the rules governing the use of ultralight aircraft.,Europe; Spain,Sustainable Transportation,Aerospace and Defence; Aerospace; Transportation; Infrastructure and Logistics; Airlines,
                                                    Ministry Of Transport Mobility And Urban Agenda, Spain
                                                ,",https://www.globaldata.com/esg/regulatorysummary/the-government-makes-modifications-to-the-rules-governing-the-use-of-ultralight-aircraft,The government makes modifications to the rules governing the use of ultralight aircraft.,"Sunday, 25 September 2022","At its meeting today, the Council of Ministers approved a Royal Decree governing the use of ultralight motorised aircraft, or ULMs, which included input from the industry. The proposal came from the Ministry of Transport, Mobility, and Urban Agenda (Mitma). This Royal Decree updates national legislation to reflect the realities of current ULM aircraft designs and operations. Because no provisions were made about the maximum empty weight, the gap between that weight and the maximum takeoff mass has been gradually closing (known as MTOM)."
"19 Sep 2022,Final rule from the FTC establishing the procedure for reviewing sanctions imposed by the Horseracing Integrity and Safety Authority,North America; United States,,Government and Non-Profit Organisations; Sport,
                                                    Federal Trade Commission
                                                ,",https://www.globaldata.com/esg/regulatorysummary/final-rule-from-the-ftc-establishing-the-procedure-for-reviewing-sanctions-imposed-by-the-horseracing-integrity-and-safety-authority,Final rule from the FTC establishing the procedure for reviewing sanctions imposed by the Horseracing Integrity and Safety Authority,"Monday, 26 September 2022","The Horseracing Integrity and Safety Authority has imposed final civil fines, and the Federal Trade Commission has updated its Rules of Practice to establish a formal process for an agency Administrative Law Judge to examine those sanctions. According to the Horseracing Integrity and Safety Act of 2020, an Administrative Law Judge must hold a hearing to consider the Authority's final civil sanctions whenever the aggrieved party or the Commission asks for one. Infractions of the Authority's rules may result in a number of sanctions that have already been given the Commission's blessing."
"16 Sep 2022,The reform of technical and professional institutes has received approval from the Council of Ministers.,Europe; Italy,,Government and Non-Profit Organisations,
                                                    Ministry of Education University and Research, Italy
                                                ,",https://www.globaldata.com/esg/regulatorysummary/the-reform-of-technical-and-professional-institutes-has-received-approval-from-the-council-of-ministers,The reform of technical and professional institutes has received approval from the Council of Ministers.,"Wednesday, 21 September 2022","Innovation, network with the territories, and laboratory activity strengthening These are the primary features of the approved reform. In accordance with the goals of innovation, environmental sustainability, and competitiveness envisioned by the PNRR, the reform of professional institutes aims to strengthen the connection between school and the world of work and the professions, including through the updating by the educational institutions of the Training Project individual. The provision states that the Ministry of Education must develop instructions to make the administrative transition from professional institutes to Iefp (Professional Education and Training)."
"13 Sep 2022,The government has approved the Commercial Semi-State Sector Climate Action Framework.,Europe; Ireland,Carbon Emissions; Climate Change; Environment; Circular Economy; Pollution; Sustainable Packaging,Government and Non-Profit Organisations,
                                                    Department of the Environment, Climate and Communications
                                                ,",https://www.globaldata.com/esg/regulatorysummary/the-government-has-approved-the-commercial-semi-state-sector-climate-action-framework,The government has approved the Commercial Semi-State Sector Climate Action Framework.,"Tuesday, 20 September 2022","The new Climate Action Framework for the commercial semi-State sector (the Framework), which will help ensure that they can play a leading role in Ireland's transition to a carbon neutral economy and society, was approved by the government after being secured by Minister for the Environment, Climate, and Communications Eamon Ryan. The Framework will apply to every commercial semi-State company and comprises of a series of five commitments as follows:"
"8 Sep 2022,IB 22-43: NMFS Prohibits Directed Fishing for Pacific Ocean Perch in the Gulf of Alaska's Western Regulatory Area,North America; United States,Biodiversity; Environment; Sustainable Fishery; Marine Biodiversity,Agriculture & Forestry,
                                                    National Oceanic and Atmospheric Administration
                                                ,",https://www.globaldata.com/esg/regulatorysummary/ib-22-43-nmfs-prohibits-directed-fishing-for-pacific-ocean-perch-in-the-gulf-of-alaskas-western-regulatory-area,IB 22-43: NMFS Prohibits Directed Fishing for Pacific Ocean Perch in the Gulf of Alaska's Western Regulatory Area,"Thursday, 15 September 2022","According to Jonathan M. Kurland, Administrator, Alaska Region, NMFS, directed fishing for Pacific ocean perch in the Western Regulatory Area (Statistical Area 610, between 159 and 170 degrees W. longitude) of the Gulf of Alaska (GOA) will be prohibited beginning at 12 noon, Alaska local time, September 8, 2022. This action is required to avoid exceeding the 2022 total allowable catch of Pacific ocean perch in the GOA's Western Regulatory Area and is issued in accordance with 50 CFR 679.20(d)(1) (iii). The maximum retainable amounts at 50 CFR 679.20(e) and (f) apply at any time during a trip while this closure is in effect."
"8 Sep 2022,New Regulation Clearly States That Noncitizens Who Receive Health or Other Benefits to Which They Are Entitled Won't Face Negative Immigration Repercussions,United States,Social,Providers; Government and Non-Profit Organisations,
                                                    Health & Human Services
                                                ,",https://www.globaldata.com/esg/regulatorysummary/new-regulation-clearly-states-that-noncitizens-who-receive-health-or-other-benefits-to-which-they-are-entitled-wont-face-negative-immigration-repercussions,New Regulation Clearly States That Noncitizens Who Receive Health or Other Benefits to Which They Are Entitled Won't Face Negative Immigration Repercussions,"Thursday, 15 September 2022","Accessing Children’s Health Insurance Program and Most Medicaid Benefits Will Not Affect Immigration Status The U.S. Department of Homeland Security (DHS) today published a final rule that affects non-citizens who receive or wish to apply for benefits from the U.S. Department of Health and Human Services (HHS) and States that provide assistance to low-income individuals and families. The rule, which outlines how DHS will interpret the ""public charge"" ground of inadmissibility, will aid in ensuring that noncitizens can access health benefits and other supplemental government services to which they are legally entitled, without jeopardising their immigration status. The rule makes it clear that particular considerations, such as a person's handicap or usage of benefits alone, will not result in a public charge determination by codifying in regulation the ""totality of the circumstances"" approach that is permitted by statute and that has long been used by DHS. "
"2 Sep 2022,IB 22-42: NMFS Launches Directed Pacific Cod Fishing by Trawl Catcher/Processors Under the American Fisheries Act in the Bering Sea and Aleutian Islands,United States,Sustainable Fishery; Marine Biodiversity; Environment,Agriculture & Forestry,
                                                    National Oceanic and Atmospheric Administration
                                                ,",https://www.globaldata.com/esg/regulatorysummary/ib-22-42-nmfs-launches-directed-pacific-cod-fishing-by-trawl-catcherprocessors-under-the-american-fisheries-act-in-the-bering-sea-and-aleutian-islands,IB 22-42: NMFS Launches Directed Pacific Cod Fishing by Trawl Catcher/Processors Under the American Fisheries Act in the Bering Sea and Aleutian Islands,"Friday, 09 September 2022","According to Jonathan M. Kurland, Administrator, Alaska Region, National Marine Fisheries Service (NMFS), directed fishing for Pacific cod by American Fisheries Act trawl catchers/processors will begin in the Bering Sea and Aleutian Islands management area (BSAI) on September 6, 2022, at noon, Alaska local time. This instruction is given in accordance with 50 CFR 679.25(a)(1)(i), (a)(2)(i)(C), and (a)(2)(iii) and is necessary to utilise the entire 2022 total allowable catch of Pacific cod allocated to the American Fisheries Act trawl catchers and processors in the BSAI."
"2 Sep 2022,The European Aviation Safety Agency (EASA) has published Acceptable Means of Compliance and Guidance Material for the 'One CAMO' Regulation.,Europe,Sustainable Transportation,Transportation; Infrastructure and Logistics; Airlines,
                                                    European Union Aviation Safety Agency
                                                ,",https://www.globaldata.com/esg/regulatorysummary/the-european-aviation-safety-agency-easa-has-published-acceptable-means-of-compliance-and-guidance-material-for-the-one-camo-regulation,The European Aviation Safety Agency (EASA) has published Acceptable Means of Compliance and Guidance Material for the 'One CAMO' Regulation.,"Friday, 09 September 2022",The new Regulation eliminates inefficiencies and permits short-term aircraft interoperability between various holders of air operator certificates (AOCs) by allowing multiple AOC holders to use the same continuing airworthiness management organisation (CAMO) within a single air business grouping.
"31 Aug 2022,Saudi Arabia's central bank has updated its regulatory sandbox framework,Saudi Arabia; Middle East,Governance,Fintech; Cards & Payments; Retail Banking and Lending; Investment Banking; Commercial Banking; Insurance; Investments and Asset Management; Risk management; Financial Services; Wealth Management & Private Banking,
                                                    Saudi Central Bank
                                                ,",https://www.globaldata.com/esg/regulatorysummary/saudi-arabias-central-bank-has-updated-its-regulatory-sandbox-framework,Saudi Arabia's central bank has updated its regulatory sandbox framework,"Friday, 16 September 2022","The Framework of its Regulatory Sandbox has been modified, according to a statement from the Saudi Central Bank (SAMA). The action was taken as part of SAMA's efforts to advance the Financial Sector Development Program (FSDP), a major goal of the Saudi Vision 2030, which aims to advance the economy of the kingdom, diversify its revenue sources, enable financial institutions to support the growth of the private sector, and enable new businesses to offer their own array of financial services. The revised framework will promote the goals of the FinTech plan by elevating the Kingdom to the forefront of the industry. It will also aid in the economic empowerment of Saudi society and its people by encouraging new developments in technology-based financial services. The most notable of these initiatives is having its framework updated, as it will allow FinTech companies to submit Regulatory Sandbox applications as of the 6th of September 2022 AD. Operating within a holistic framework, the strategy will support a broad range of FinTech activities through a number of initiatives serving as catalysts for change."
"31 Aug 2022,Regulations for Good Agricultural Practice Exemption Standards for Shallow Cultivation and the Closed Period,Europe; Ireland,Environment; Sustainable Farming,Agriculture & Forestry,
                                                    Department of Housing Local Government and Heritage
                                                ,",https://www.globaldata.com/esg/regulatorysummary/regulations-for-good-agricultural-practice-exemption-standards-for-shallow-cultivation-and-the-closed-period,Regulations for Good Agricultural Practice Exemption Standards for Shallow Cultivation and the Closed Period,"Wednesday, 07 September 2022","In accordance with the Good Agricultural Practice Regulations (S.I. 113 of 2022) and Amendment Regulations, the Minister for Housing, Local Government, and Heritage and the Minister for Agriculture, Food, and the Marine have agreed on scientific criteria to take into account before granting an exemption to (1) the closed period for slurry and chemical fertiliser application and (2) shallow cultivation within 14 days of harvest (S.I. 393 of 2022). The Nitrates Expert Group's recommendations to the Ministers serve as the foundation for the scientific standards."
"30 Aug 2022,There is now a new policy regarding ""novel"" vessels,Australia,Sustainable Shipping,Transportation; Infrastructure and Logistics,
                                                    Australian Maritime Safety Authority
                                                ,",https://www.globaldata.com/esg/regulatorysummary/there-is-now-a-new-policy-regarding-novel-vessels,"There is now a new policy regarding ""novel"" vessels","Tuesday, 06 September 2022","AMSA has a new policy statement for the assessment and certification of ‘novel’ vessels. The policy includes the types of vessels AMSA considers to be ‘novel’. If you are planning to build or buy a vessel within one of the vessel types set out in the policy, you should contact us for advice on whether it is considered novel and the best certification pathway for the vessel."
"30 Aug 2022,NOAA Fisheries Approves Changes to Recreational Cod and Haddock Regulations in the Gulf of Maine for Fishing Year 2022,North America; United States,Environment; Biodiversity; Sustainable Fishery; Marine Biodiversity,Agriculture & Forestry,
                                                    National Oceanic and Atmospheric Administration
                                                ,",https://www.globaldata.com/esg/regulatorysummary/noaa-fisheries-approves-changes-to-recreational-cod-and-haddock-regulations-in-the-gulf-of-maine-for-fishing-year-2022,NOAA Fisheries Approves Changes to Recreational Cod and Haddock Regulations in the Gulf of Maine for Fishing Year 2022,"Wednesday, 07 September 2022",The Northeast Multispecies Fishery Management Plan governs the recreational fishery for Gulf of Maine cod and haddock. The Plan gives the Regional Administrator authority to develop recreational management measures in consultation with the New England Fishery Management Council to ensure that recreational catch limits for these stocks are met but not exceeded.
"29 Aug 2022,Swissmedic has approved the first bivalent COVID-19 booster vaccine in the country,Europe; Switzerland,,Healthcare,
                                                    Swissmedic
                                                ,",https://www.globaldata.com/esg/regulatorysummary/swissmedic-has-approved-the-first-bivalent-covid-19-booster-vaccine-in-the-country,Swissmedic has approved the first bivalent COVID-19 booster vaccine in the country,"Tuesday, 06 September 2022","The first COVID-19 vaccine containing messenger ribonucleic acid (mRNA) against two coronavirus variants, ""Spikevax Bivalent Original/Omicron (mRNA-1273.214),"" has been temporarily authorised by Swissmedic. In clinical trials, a booster dose of this bivalent vaccine produced higher antibody concentrations against the Omicron variants than a booster dose of Spikevax®, Moderna's original COVID-19 vaccine, with comparable side effects. The booster vaccine will be administered in accordance with the official vaccination guidelines developed by the Federal Commission for Vaccination (FCV) and the Federal Office of Public Health."
"26 Aug 2022,Federal Trade Commission Approves Three New Investigation Mandatory Process Resolutions,United States,Governance; Ethics; Fairly Traded; Corruption and Bribery,Capital Markets; Investment Banking; Financial Services,
                                                    Federal Trade Commission
                                                ,",https://www.globaldata.com/esg/regulatorysummary/federal-trade-commission-approves-three-new-investigation-mandatory-process-resolutions,Federal Trade Commission Approves Three New Investigation Mandatory Process Resolutions,"Monday, 05 September 2022","The Federal Trade Commission has approved three omnibus resolutions enabling the use of compulsory process in investigations into collusive business practises, M&A deals, and the car rental sector. The FTC staff won't have to request compulsory process in each linked matter thanks to the omnibus resolutions in these three areas. An unnecessary and time-consuming hurdle to staff members conducting an investigation is removed by not separately sanctioning compulsory process in each instance."
"25 Aug 2022,Pay Versus Performance Disclosure Rules Adopted by the SEC,United States,Corporate Structure; Governance; Shareholder Engagement; Executive Compensation; Fair Wages; Fair Employment,Financial Services,
                                                    U.S. Securities and Exchange Commission
                                                ,",https://www.globaldata.com/esg/regulatorysummary/pay-versus-performance-disclosure-rules-adopted-by-the-sec,Pay Versus Performance Disclosure Rules Adopted by the SEC,"Monday, 05 September 2022","The Securities and Exchange Commission amended its rules today to require registrants to disclose information reflecting the relationship between executive compensation paid by a registrant and financial performance. The rules carry out a requirement imposed by the Dodd-Frank Act. In 2015, the Commission proposed pay versus performance disclosure rules, and in January of this year, it reopened the comment period on the proposal. The amendments specifically demand that registrants submit a table containing information on executive compensation and financial performance metrics for their five most recent fiscal years. A registrant will be required to report its total shareholder return (TSR), the TSR of companies in its peer group, its net income, and a financial performance measure of its choice with regard to the measures of performance. Registrants will be required to explain the relationships between the executive remuneration actually paid and each of the performance metrics, as well as the relationship between the registrant's TSR and the TSR of its chosen peer group, using the information provided in the table. A registrant will also be required to provide a list of three to seven financial performance measures that it determines are its most important performance measures for linking executive compensation actually paid to company performance. Smaller reporting companies will be subject to scaled disclosure requirements under the rules."
"22 Aug 2022,IB 22-36: NMFS Reallocates Pacific Cod from Vessels greater than or equal to 60 feet length,United States,Environment; Biodiversity; Sustainable Fishery; Marine Biodiversity,Agriculture & Forestry,
                                                    National Oceanic and Atmospheric Administration
                                                ,",https://www.globaldata.com/esg/regulatorysummary/ib-22-36-nmfs-reallocates-pacific-cod-from-vessels-greater-than-or-equal-to-60-feet-length,IB 22-36: NMFS Reallocates Pacific Cod from Vessels greater than or equal to 60 feet length,"Monday, 29 August 2022","The National Marine Fisheries Service (NMFS) is reallocating the anticipated unused amounts of 705 metric tonnes (mt) of Pacific cod from jig-fishing vessels, 800 mt of Pacific cod from trawl-fishing vessels, and 267 mt of Pacific cod from catcher vessels longer than or equal to 60 feet (18.3 metres) LOA using hook-and-line gear to the annual amount designated for catcher vessels shorter than 60 feet (18.3 metres) LOA using"
"22 Aug 2022,IB 22-35: NMFS Prohibits Retention of “Other Rockfish” in the Aleutian Islands Subarea of the Bering Sea and Aleutian Islands,United States,Marine Biodiversity; Sustainable Fishery; Environment,Agriculture & Forestry,
                                                    National Oceanic and Atmospheric Administration
                                                ,",https://www.globaldata.com/esg/regulatorysummary/ib-22-35-nmfs-prohibits-retention-of-other-rockfish-in-the-aleutian-islands-subarea-of-the-bering-sea-and-aleutian-islands,IB 22-35: NMFS Prohibits Retention of “Other Rockfish” in the Aleutian Islands Subarea of the Bering Sea and Aleutian Islands,"Monday, 29 August 2022","According to Jonathan M. Kurland, Administrator, Alaska Region, National Marine Fisheries Service (NMFS), ""other rockfish"" retention is prohibited in the Aleutian Islands subarea of the Bering Sea and Aleutian Islands management region (BSAI) as of 12 p.m., Alaska local time, August 23, 2022. The Aleutian Islands subarea of the BSAI has reached its 2022 total authorised catch of ""other rockfish,"" and this action is required in accordance with 50 CFR 679.20(d) (2)."
"22 Aug 2022,NHA develops hardware guidelines for healthcare institutions at the state and territorial levels.,India,Sustainable Healthcare,Providers; Technology; IT Services; Services; Government and Non-Profit Organisations; Technology; Media and Telecom; Healthcare,
                                                    Ministry of Health and Family Welfare, India
                                                ,",https://www.globaldata.com/esg/regulatorysummary/nha-develops-hardware-guidelines-for-healthcare-institutions-at-the-state-and-territorial-levels,NHA develops hardware guidelines for healthcare institutions at the state and territorial levels.,"Monday, 29 August 2022","To promote hospital digitization, the National Health Authority (NHA) issued hardware guidelines across States and Union Territories for healthcare institutions such as hospitals, clinics, and health and wellness centres. The guidelines provide a basic framework for States/UTs to plan, assess, and procure IT hardware (including IT specifications for various hardware equipment) to run Ayushman Bharat Digital Mission-compliant applications (ABDM) By linking the digital health solutions used by hospitals and other healthcare facilities across the nation, ABDM will streamline procedures and improve overall ease of life. Other services like teleconsultation, paperless health records, QR code-based OPD registrations, etc. will also be made possible by the digital ecosystem. It will be impossible for patients' old medical records to disappear and they will always have access to them thanks to the digitalization of health records. The establishment and interchange of digital health records throughout the ecosystem will be greatly aided by the State/UT level adoption of Hospital Information Management Systems and the provision of the requisite IT infrastructure."
"19 Aug 2022,The EPA suggests tougher rules to safeguard communities from chemical accidents,North America; United States,Hazardous Waste Management; Pollution; Community Impact; Environment; Social,Chemicals; Petrochemicals,
                                                    United States Environmental Protection Agency
                                                ,",https://www.globaldata.com/esg/regulatorysummary/the-epa-suggests-tougher-rules-to-safeguard-communities-from-chemical-accidents,The EPA suggests tougher rules to safeguard communities from chemical accidents,"Friday, 26 August 2022","Proposed Rule Aims to Enhance Chemical Safety Provisions and Help Protect the Nation’s Most Vulnerable Communities The EPA is recommending changes that will make communities safer by decreasing the incidence of unintentional chemical releases and their negative impacts. The EPA is recommending strengthening RMP laws, which will oblige some facilities to take additional precautions against chemical accidents, especially the kinds of facilities that experience the most frequent or serious mishaps. Under President Biden's Executive Order 13990, ""Protecting Public Health and the Environment and Restoring Science to Address the Climate Crisis,"" changes made to the RMP rule in 2019 were noted as a matter for reconsideration."
"16 Aug 2022,Treasury Announces the First Information on the Newly Enacted Inflation Reduction Act's Electric Vehicle Tax Credit,United States,Environment; Social; Climate Change; Electric Vehicles,Vehicle Manufacturing; Future Mobility; Automotive,
                                                    Department of the Treasury, US
                                                ,",https://www.globaldata.com/esg/regulatorysummary/treasury-announces-the-first-information-on-the-newly-enacted-inflation-reduction-acts-electric-vehicle-tax-credit,Treasury Announces the First Information on the Newly Enacted Inflation Reduction Act's Electric Vehicle Tax Credit,"Tuesday, 23 August 2022","The Biden Administration is implementing tax credits under the Inflation Reduction Act in order to reduce expenses for families and increase the affordability of electric vehicles, and today's guidance is the first step in that process. The U.S. Department of Treasury and Internal Revenue Service released preliminary data on adjustments to the tax credit for electric vehicles reinforced by the historic legislation today, after President Biden's signing of the Inflation Reduction Act into law. The Inflation Reduction Act, which contains tax incentives aimed at lowering prices for working families, expanding the clean energy economy, and bolstering America's supply chains, is the most forceful response to climate change in the history of our country. Tomorrow is the first day of the new Inflation Reduction Act requirement that qualifying electric vehicles be assembled in North America."
"12 Aug 2022,Section 3 of the Planning and Development, Maritime, and Valuation (Amendment) Bill 2022 proposes changes to the Short-Term Letting provisions in Section 3A of the Planning and Development Act 2000.,Europe; Ireland,Social Housing; Social,Real Estate; Construction,
                                                    Department of Housing Local Government and Heritage
                                                ,",https://www.globaldata.com/esg/regulatorysummary/section-3-of-the-planning-and-development-maritime-and-valuation-amendment-bill-2022-proposes-changes-to-the-short-term-letting-provisions-in-section-3a-of-the-planning-and-development-act-2000,"Section 3 of the Planning and Development, Maritime, and Valuation (Amendment) Bill 2022 proposes changes to the Short-Term Letting provisions in Section 3A of the Planning and Development Act 2000.","Friday, 19 August 2022","In relation to the changes to Section 3A of the Planning and Development Act 2000 that Section 3 of the Planning and Development, Maritime and Valuation (Amendment) Bill 2022 proposes, the following policy alternatives have been taken into consideration: • Option for no change • Creation of new legislative guidelines."
"12 Aug 2022,Irish Petroleum Exploration and Production Policy Statement,Ireland; Western Europe,Climate Change; Environment; Natural Resources,Oil&Gas Exploration & Production,
                                                    Department of the Environment, Climate and Communications
                                                ,",https://www.globaldata.com/esg/regulatorysummary/irish-petroleum-exploration-and-production-policy-statement,Irish Petroleum Exploration and Production Policy Statement,"Thursday, 18 August 2022",This Policy Statement supersedes the 2019 Policy Statement in order to reflect the Government's current policy and legislative position on Petroleum Exploration and Production and to give stakeholders clarity about potential future legislative authorizations.
"11 Aug 2022,IB 22-33: NMFS Launches Directed Pacific Ocean Perch Fishing in the Bering Sea,United States,Environment; Biodiversity; Sustainable Fishery; Marine Biodiversity,Agriculture & Forestry,
                                                    National Oceanic and Atmospheric Administration
                                                ,",https://www.globaldata.com/esg/regulatorysummary/ib-22-33-nmfs-launches-directed-pacific-ocean-perch-fishing-in-the-bering-sea,IB 22-33: NMFS Launches Directed Pacific Ocean Perch Fishing in the Bering Sea,"Thursday, 18 August 2022","According to Jonathan M. Kurland, Regional Administrator, Alaska Region, National Marine Fisheries Service (NMFS), directed fishing for Pacific ocean perch will be allowed in the Bering Sea subarea of the Bering Sea and Aleutian Islands management area beginning at 1200 hours on August 13, 2022, through 2400 hours on December 31, 2022. The Bering Sea subarea of the Bering Sea and Aleutian Islands management area has a 2022 total authorised catch of Pacific ocean perch that must be used in its whole. Other closures continue to be fully functional."
"11 Aug 2022,Piute-eldorado area of critical environmental concern, management plan and environmental assessment approved by bureau of land management,United States,Bioremediation; Sustainable Land Management; Biodiversity; Natural Resources; Environment,Agriculture & Forestry; Government and Non-Profit Organisations,
                                                    Department of Interior
                                                ,",https://www.globaldata.com/esg/regulatorysummary/piute-eldorado-area-of-critical-environmental-concern-management-plan-and-environmental-assessment-approved-by-bureau-of-land-management,"Piute-eldorado area of critical environmental concern, management plan and environmental assessment approved by bureau of land management","Thursday, 18 August 2022","The management plan and environmental assessment for the Piute-Eldorado Area of Critical Environmental Concern have been completed by the Bureau of Land Management's Las Vegas Field Office. The management strategy calls for the construction of roadside fences to lower wildlife mortality and to direct wildlife toward culverts for safer passage beneath the roads, the repair and improvement of signs designating official routes established in 1998, the restoration of disturbances brought on by vehicles deviating from designated routes, increased monitoring and control of invasive plants, the restoration of areas around natural springs that have been harmed by feral cattle, and the cleanup of trash dumps. The designation of open or closed routes is left alone in the management plan. Also unaddressed were revisions to the boundaries, speed limits, restrictions on mining, and requirements for special use permits."
"11 Aug 2022,The Civil Aviation Safety Reporting Management Rules are released by CAAC.,China,,Transportation; Infrastructure and Logistics; Airlines,
                                                    Civil Aviation Administration of China
                                                ,",https://www.globaldata.com/esg/regulatorysummary/the-civil-aviation-safety-reporting-management-rules-are-released-by-caac,The Civil Aviation Safety Reporting Management Rules are released by CAAC.,"Thursday, 18 August 2022","The Management Rules on Reporting Information on Civil Aviation Safety were recently released by CAAC to improve management of active reporting of information on civil aviation safety and encourage front-line employees, public institutions, and civil aviation enterprises to participate in safety management and risk reporting. The Management Rules also provide the fundamentals, channels, and practices for proactive reporting of safety information in order to quickly spot concealed threats and adequately mitigate safety hazards."
"11 Aug 2022,Regulations on Cargo Acceptance at Air Cargo Stations are published by CAAC.,China,,Transportation; Infrastructure and Logistics,
                                                    Civil Aviation Administration of China
                                                ,",https://www.globaldata.com/esg/regulatorysummary/regulations-on-cargo-acceptance-at-air-cargo-stations-are-published-by-caac,Regulations on Cargo Acceptance at Air Cargo Stations are published by CAAC.,"Thursday, 18 August 2022","In order to further control cargo acceptance management at air cargo stations and enable their efficient and orderly operation, CAAC recently revised the Regulations on Cargo Acceptance at Air Cargo Stations (hereinafter referred to as the Regulations). On October 1, 2022, the Regulations will go into force. Airport cargo stations, carrier-owned cargo stations, and third-party-owned cargo stations are all subject to the Regulations. It does not apply to post express companies or other businesses that post and transport goods for distribution; it only applies to cargo stations when they act as ground handling agents. The Regulations spell out pertinent acceptance limits, such as the kinds of cargo that cannot be accepted and the paperwork required for restricted cargo. It outlines the fundamental requirements for workers in charge of accepting goods, including their training, responsibilities, and staffing level."
"9 Aug 2022,EASA publishes guidelines and templates for Dangerous Goods exemptions.,Europe,,Transportation; Infrastructure and Logistics,
                                                    European Union Aviation Safety Agency
                                                ,",https://www.globaldata.com/esg/regulatorysummary/easa-publishes-guidelines-and-templates-for-dangerous-goods-exemptions,EASA publishes guidelines and templates for Dangerous Goods exemptions.,"Tuesday, 16 August 2022","The European Union Aviation Safety Agency (EASA) has issued guidance and a template exemption form for National Aviation Authorities to use when granting exemptions in accordance with ICAO Annex 18 and Technical Instructions for the Safe Transport of Dangerous Goods by Air (Doc 9284) Part 1,1.1.3, to which Regulation (EU) 965/2012 refers. EASA advises using the form and associated instructions to encourage uniformity among Member States for granting exemptions. The administrative load placed on air operators is significantly reduced by the use of a single and standardised process and material."
"4 Aug 2022,Creating a domestic implementation system for international projects to reduce greenhouse gas emissions.,South Korea,Environment; Climate Change; Carbon Emissions,Government and Non-Profit Organisations,
                                                    Ministry of Environment (South Korea)
                                                ,",https://www.globaldata.com/esg/regulatorysummary/creating-a-domestic-implementation-system-for-international-projects-to-reduce-greenhouse-gas-emissions,Creating a domestic implementation system for international projects to reduce greenhouse gas emissions.,"Thursday, 11 August 2022","The ""1st International Emissions Reduction Council"" was held on August 2 (Tue) at 9 a.m. at the Government Complex Sejong, chaired by CNC secretary general Lee Jung-won (2nd Vice Minister, Office for Government Policy Coordination). The Council heard reports and made decisions on the four agendas1 for the organisation and activation of a domestic promotion system for international emissions reduction projects. In addition, as part of the promotion system for international emissions reduction projects, the council reorganised the legal system by establishing a ""integrated support platform"" for working-level officials of relevant ministries, which is overseen by CNC and the International Emissions Reduction Council (chairman: 2nd Vice Minister). The council also prepared a draught announcement of international emission-cutting projects. Furthermore, the council intends to submit a non-disclosed ""international emissions reduction project promotion strategy (draught)"" containing measures to activate international emissions reduction projects to the Ministerial Meeting on International Economic Affairs in August. The International Emissions Reduction Council was established by the Framework Act on Carbon Neutrality's Enforcement Decree to review and revise2 matters concerning international emissions reduction projects."
"1 Aug 2022,Changes to the Guidance Document Authorization Procedures for COVID-19 Medications During a Pandemic HMV4,Switzerland,,Healthcare,
                                                    Swissmedic
                                                ,",https://www.globaldata.com/esg/regulatorysummary/changes-to-the-guidance-document-authorization-procedures-for-covid-19-medications-during-a-pandemic-hmv4,Changes to the Guidance Document Authorization Procedures for COVID-19 Medications During a Pandemic HMV4,"Monday, 08 August 2022","According to the requirements set forth, the marketing authorization holder is required to regularly assess the effectiveness of medications used to prevent and/or treat COVID-19 against current SARS-CoV-2 variations. Swissmedic emphasises in the most recent iteration of the Guidance paper what data it requires when WHO designates a SARS-CoV-2 variant as a variant of interest, variant of concern, or lineage under monitoring (section 8). The Access position papers' Annex 1 and 2 have been removed as part of the amendment, and section 9's explanatory notes have been amended. The Access position papers are now mentioned in place of the Annexes and can be found on the Swissmedic website."
"1 Aug 2022,New legislation to combat illegal hare coursing is now in effect.,United Kingdom,Farm Animal Welfare; Environment,Travel and Tourism; Casinos And Gambling,
                                                    Department for Environment, Food and Rural Affairs
                                                ,",https://www.globaldata.com/esg/regulatorysummary/new-legislation-to-combat-illegal-hare-coursing-is-now-in-effect,New legislation to combat illegal hare coursing is now in effect.,"Tuesday, 09 August 2022","The Police Crime Sentencing and Courts Act 2022 includes tougher sentencing and expanded powers to combat the cruel practise of chasing hares with dogs. Hare coursing is a cruel practise that has been banned for many years (1 August 2022). Anyone caught hare coursing now faces an unlimited fine and up to six months in prison.
These new measures strengthen hare coursing law enforcement by increasing the maximum penalties for convictions under existing legislation, introducing new criminal offences, and giving courts new powers to bar convicted offenders from owning or keeping dogs."
"28 Jul 2022,The rail regulator publishes key documents for future rail network regulations,United Kingdom,Environment; Social; Sustainable Railways,Transportation; Infrastructure and Logistics,
                                                    Office of Rail and Road
                                                ,",https://www.globaldata.com/esg/regulatorysummary/the-rail-regulator-publishes-key-documents-for-future-rail-network-regulations,The rail regulator publishes key documents for future rail network regulations,"Monday, 08 August 2022","The Office of Rail and Road (ORR) published four key documents today concerning the future regulation of the UK rail network.
Three of these are in support of the ORR's 2023 periodic review (PR23), which will determine Network Rail's outputs and funding for Control Period 7 (2024-2029) and, in the future, apply to Great British Railways, the new body that will oversee much of Great Britain's rail transport. Periodic reviews are a key mechanism through which ORR holds Network Rail accountable and ensures value for money."
"28 Jul 2022,Rail network regulation in the future,Europe; United Kingdom,Sustainable Railways,Transportation; Infrastructure and Logistics,
                                                    Office of Rail and Road
                                                ,",https://www.globaldata.com/esg/regulatorysummary/rail-network-regulation-in-the-future,Rail network regulation in the future,"Tuesday, 02 August 2022","Will Godfrey, Director of Economics, Finance, and Markets, discusses periodic review (PR23) consultations, ORR guidance to Network Rail on the development of its five-year Business Plan, and the response to the UK Government on proposed legislative reforms."
"26 Jul 2022,The Government of Canada has begun second round of public consultations to establish the Clean Electricity Regulations.,Canada,Environment; Carbon Emissions,Energy Infrastructure; Energy Efficiency,
                                                    Environment and Climate Change Canada
                                                ,",https://www.globaldata.com/esg/regulatorysummary/the-government-of-canada-has-begun-second-round-of-public-consultations-to-establish-the-clean-electricity-regulations,The Government of Canada has begun second round of public consultations to establish the Clean Electricity Regulations.,"Tuesday, 02 August 2022","The publication of the Draft Framework for the Clean Electricity Regulations was announced by the Minister of Environment and Climate Change. The Clean Electricity Regulations will be developed using this as the second engagement document. It comes after a discussion paper that was released in March 2022. The federal government worked with the provinces and territories, Indigenous partners, utilities, businesses, academic institutions, non-governmental organizations, and interested Canadians to design the CER, formerly known as the Clean Electricity Standard. This inclusive strategy promotes the competitiveness of the economy by giving provinces and territories a clear framework on which to plan and run their energy networks, while continuing to supply Canadians with dependable electricity and keeping costs for consumers and businesses reasonable. Canada’s CER is being developed around three core principles:"
"25 Jul 2022,NOAA Issues First Comprehensive Mitigation Policy to Conserve Natural Resources,North America; United States,Environment; Resource Scarcity; Natural Resources; Biodiversity; Sustainable Fishery; Water Management; Marine Biodiversity,Agriculture & Forestry,
                                                    National Oceanic and Atmospheric Administration
                                                ,",https://www.globaldata.com/esg/regulatorysummary/noaa-issues-first-comprehensive-mitigation-policy-to-conserve-natural-resources,NOAA Issues First Comprehensive Mitigation Policy to Conserve Natural Resources,"Monday, 01 August 2022","This policy contributes to NOAA's mission of conserving and restoring marine, estuarine, and freshwater resources, as well as the ecosystems that sustain them. NOAA's policy aims to put in place climate-resilient mitigation options that will last in the long run. NOAA will use effective mitigation principles to achieve our programme goals, spread best practises across the country, and encourage private-sector investment in mitigation banks. The policy emphasises the importance of working with underserved communities and stakeholders to incorporate social equity goals into mitigation planning."
"25 Jul 2022,The Canadian government takes the next step toward improved plastic recyclability, compostability, and tracking.,Canada,Environment; Circular Economy; Pollution; Sustainable Packaging; Hazardous Waste Management,Consumer; Packaging; Recycling; Packaging Material,
                                                    Environment and Climate Change Canada
                                                ,",https://www.globaldata.com/esg/regulatorysummary/the-canadian-government-takes-the-next-step-toward-improved-plastic-recyclability-compostability-and-tracking,"The Canadian government takes the next step toward improved plastic recyclability, compostability, and tracking.","Monday, 01 August 2022","In order to fulfil Canada's promises on plastic waste and pollution, the Minister of the Environment and Climate Change today announced the commencement of two consultations to: The use of the chasing-arrows symbol and other recyclability claims on plastic products would be prohibited under new labelling rules unless at least 80% of Canadians have access to recycling systems that accept and have reliable end markets for these products. Plastic products cannot be reprocessed and reintroduced to the market as part of a circular economy unless they have these features. Labeling regulations would also govern the use of words like ""compostable"" and ""biodegradable"" on plastic products, requiring them to be certified by a third-party organisation."
"25 Jul 2022,Efforts to Accelerate the Environmental Clearance Process & Protecting and Conserving Wildlife, Endangered Species,India,Sustainable Forestry; Endangered Species Protection; Environment; Climate Change; Biodiversity,Agriculture & Forestry; Government and Non-Profit Organisations,
                                                    Ministry of Environment, Forest and Climate Change, India
                                                ,",https://www.globaldata.com/esg/regulatorysummary/efforts-to-accelerate-the-environmental-clearance-process-protecting-and-conserving-wildlife-endangered-species,"Efforts to Accelerate the Environmental Clearance Process & Protecting and Conserving Wildlife, Endangered Species","Monday, 01 August 2022","According to information available on the PARIVESH Portal, approximately 172 proposals from various States/UTs are being dealt with at the Central level, including one Environmental Clearance (EC) proposal received from the State of Punjab and three EC proposals received from the State of Bihar for grant of EC. At the central level, no EC proposal has been received from the District Bhagalpur. The Central Government has taken a number of steps to expedite the EC process, including the following: Similarly, the government has taken a number of steps to protect and conserve wildlife and endangered plant and animal species. These, among others, are: "
"25 Jul 2022,The new International Harmonization Rule will help to speed up the movement of goods while also lowering costs for Americans.,United States,Hazardous Waste Management; Non Hazardous Waste Management; Sustainable Shipping; Sustainable Transportation; Pollution; Environment; Social; Climate Change,Consumer; Transportation; Infrastructure and Logistics,
                                                    U.S. Department of Transportation
                                                ,",https://www.globaldata.com/esg/regulatorysummary/the-new-international-harmonization-rule-will-help-to-speed-up-the-movement-of-goods-while-also-lowering-costs-for-americans,The new International Harmonization Rule will help to speed up the movement of goods while also lowering costs for Americans.,"Monday, 01 August 2022","The new regulation is expected to save $250 million in shipping costs over the next ten years. WASHINGTON (AP) — The Pipeline and Hazardous Materials Safety Administration (PHMSA) of the United States Department of Transportation (DOT) announced today a Final Rule amending the Federal Hazardous Materials Regulations (HMR) to align U.S. laws with numerous international standards. The Final Rule increases safety, streamlines the transportation of hazardous materials such as medical supplies, batteries, and manufacturing components, and encourages shippers to package goods more efficiently. The PHMSA estimates that the rule will save consumers approximately $250 million in shipping costs over the next ten years."
"25 Jul 2022,New Banking Regulations for international Purchase,India,,Government and Non-Profit Organisations; Financial Services,
                                                    Ministry of Defence
                                                ,",https://www.globaldata.com/esg/regulatorysummary/new-banking-regulations-for-international-purchase,New Banking Regulations for international Purchase,"Monday, 01 August 2022","In accordance with the opening of government business allocation to private sector banks by the Department of Financial Services, the Ministry of Defence has assigned HDFC Bank, ICICI Bank, and Axis Bank to provide financial services in the form of Letter of Credit (LC) and Direct Benefit Transfer (DBT) business for the Ministry's overseas procurement. Until now, only authorised Public Sector Banks provided these services to the Ministry. The transfer of LC and DBT business to private sector banks is expected to increase competition and efficiency in the banking industry."
"25 Jul 2022,The approval of the Genetic Engineering Appraisal Committee (GEAC) is now mandatory for the release of genetically modified (GM) crops into the environment.,India,Food and Agri Tech,Agriculture & Forestry,
                                                    Ministry of Environment, Forest and Climate Change, India
                                                ,",https://www.globaldata.com/esg/regulatorysummary/the-approval-of-the-genetic-engineering-appraisal-committee-geac-is-now-mandatory-for-the-release-of-genetically-modified-gm-crops-into-the-environment,The approval of the Genetic Engineering Appraisal Committee (GEAC) is now mandatory for the release of genetically modified (GM) crops into the environment.,"Monday, 01 August 2022","The Genetic Engineering Appraisal Committee (GEAC) is a statutory committee established under the Environment (Protection) Act, 1986, under the ""Rules for the Manufacture, Use/Import/Export, and Storage of Hazardous Micro Organisms/Genetically Engineered Organisms or Cells (Rules, 1989)."" GEAC considers applications in accordance with the provisions of the Rules of 1989 and subsequent amendments. Every application has its own form and pre-requisite documents, as well as recommendations where necessary. The introduction of genetically modified (GM) crops into the environment requires approval from the Genetic Engineering Appraisal Committee (GEAC). According to the ""Rules 1989,"" State/UT Biotechnology Coordination Committees and District Level Committees are in charge of keeping an eye out for instances of unauthorised GM crop growing and taking the necessary legal action in accordance with the Environment (Protection) Act, 1986. The State Biotechnology Coordination Committee is presided over by the Chief Secretary of State for the state of Utah (SBCC). Any concerns that the GEAC secretariat becomes aware of are forwarded to the Chief Secretary."
"25 Jul 2022,The Model Tenancy Act seeks to balance the rights of tenants and landlords while also creating an accountable and transparent environment for the disciplined and efficient rental of premises.,India,Social Housing,Real Estate; Construction,
                                                    Ministry of Housing and Urban Affairs, India
                                                ,",https://www.globaldata.com/esg/regulatorysummary/the-model-tenancy-act-seeks-to-balance-the-rights-of-tenants-and-landlords-while-also-creating-an-accountable-and-transparent-environment-for-the-disciplined-and-efficient-rental-of-premises,The Model Tenancy Act seeks to balance the rights of tenants and landlords while also creating an accountable and transparent environment for the disciplined and efficient rental of premises.,"Monday, 01 August 2022","The Model Tenancy Act (MTA) seeks to balance the rights of all types of tenants and landlords, as well as to create an accountable and transparent ecosystem for the disciplined and efficient rental of premises. MTA was approved by the Union Cabinet on June 2, 2021, and it was distributed by the Ministry of Housing and Urban Affairs (MoHUA) to all states and union territories (UTs) on June 7, 2021, for adoption by enacting new legislation or amending existing rental laws. As per information available with MoHUA, the States of Andhra Pradesh, Tamil Nadu, Uttar Pradesh and Assam have revised Tenancy Acts on the lines of MTA."
"21 Jul 2022,The FRC publishes guidelines for conducting effective AGMs.,United Kingdom,Shareholder Engagement; Corporate Structure,Government and Non-Profit Organisations; Financial Services,
                                                    The Financial Reporting Council Ltd
                                                ,",https://www.globaldata.com/esg/regulatorysummary/the-frc-publishes-guidelines-for-conducting-effective-agms,The FRC publishes guidelines for conducting effective AGMs.,"Thursday, 28 July 2022","The Financial Reporting Council (FRC) issued new guidance today for publicly traded companies to improve effective shareholder participation when planning and conducting AGMs. The FRC has issued specific guidance on the subject for the first time. The guidance, developed with input from a wide range of stakeholders, provides practical advice to assist companies in ensuring that their AGMs are well-run constructive forums for effective engagement. It addresses critical issues such as board engagement with shareholders, communication of meeting arrangements, the use of proxies, and voting procedures."
"20 Jul 2022,EIOPA issues guidance on incorporating the customer's sustainability preferences into the IDD suitability assessment.,Europe,Sustainable Finance,Financial Services,
                                                    European Insurance and Occupational Pensions Authority
                                                ,",https://www.globaldata.com/esg/regulatorysummary/eiopa-issues-guidance-on-incorporating-the-customers-sustainability-preferences-into-the-idd-suitability-assessment,EIOPA issues guidance on incorporating the customer's sustainability preferences into the IDD suitability assessment.,"Wednesday, 27 July 2022","The European Insurance and Occupational Pensions Authority (EIOPA) announced today its guidelines on taking the Insurance Distribution Directive's appropriateness assessment into account of the customer's preferences for sustainability (IDD). The Guidance, which is based on Commission Delegated Regulation (EU) 2021/1257, aims to make it easier for national competent authorities (NCAs), insurance companies, and insurance intermediaries who provide advise on insurance-based investment products to execute the Delegated Regulation (IBIPs)."
"20 Jul 2022,Health Canada has issued new regulations regarding supplemented foods.,Canada,Food and Agri Tech,Consumer; Food; Food & Drinks Ingredients,
                                                    Health Canada
                                                ,",https://www.globaldata.com/esg/regulatorysummary/health-canada-has-issued-new-regulations-regarding-supplemented-foods,Health Canada has issued new regulations regarding supplemented foods.,"Wednesday, 27 July 2022","Health Canada today unveiled new rules for foods with supplements. While giving Canadians the knowledge they need to make knowledgeable decisions about these foods, the new laws will continue to protect their health and safety. The industry will be able to offer consumers brand-new, cutting-edge items thanks to the new regulations. A standardised Supplemented Food Facts table, which contains details on the quantity of each supplemental ingredient supplied, will be present on all supplemental foods under the new regulations. This table is comparable to the Nutrition Facts table, which already aids Canadians in making informed food decisions. The new regulations also place tight compositional limits, usage guidelines, and restrictions on the kinds of foods that may be supplemented in order to lower potential health concerns. For instance, bread would not be seen as a suitable food category to be supplemented since it is already fortified for public health. The legislation would also continue the ban on adding supplements to food or using them as components of food to make edible cannabis."
"20 Jul 2022,Key acts and ordinances go into effect in the second half of 2022,Europe; Sweden,,Transportation; Infrastructure and Logistics; Government and Non-Profit Organisations; Agriculture & Forestry; Industrial Goods & Machinery; Technology; Media and Telecom; Financial Services; Construction,
                                                    Government of Sweden
                                                ,",https://www.globaldata.com/esg/regulatorysummary/key-acts-and-ordinances-go-into-effect-in-the-second-half-of-2022,Key acts and ordinances go into effect in the second half of 2022,"Wednesday, 21 September 2022",This compilation contains a selection of new and amended acts and ordinances that will go into effect in mid-2022.
"20 Jul 2022,The government will bolster and update the reservoir safety regime.,United Kingdom,Resource Scarcity; Natural Resources; Environment; Water Management,Government and Non-Profit Organisations,
                                                    Department for Environment, Food and Rural Affairs
                                                ,",https://www.globaldata.com/esg/regulatorysummary/the-government-will-bolster-and-update-the-reservoir-safety-regime,The government will bolster and update the reservoir safety regime.,"Wednesday, 27 July 2022","Over the upcoming years, the regulatory programme will be changed in cooperation with reservoir owners and engineers. The Government accepted all of the suggestions made in the second phase of an independent study by Professor David Balmforth, and has now committed to enhancing reservoir safety through regulatory reforms and modernization of the Reservoirs Act 1975. The reforms will help to ensure that the regulatory regime remains effective and robust in securing the ongoing safety of such critical infrastructure so that those living downstream of reservoirs are protected from flooding that could risk their lives and property, as the review recognises the strong safety track record of reservoirs in England. Reform of the regulatory programme will be delivered in collaboration with reservoir owners and engineers over the coming years, with a timeline that will ensure that the changes can be managed by industry while maintaining ongoing reservoir safety management."
"19 Jul 2022,Supporting Students with Disabilities and Preventing Discriminatory Use of Punishment: New Guidance for Schools,United States,Social; Human Rights,Government and Non-Profit Organisations,
                                                    U.S. Department of Education
                                                ,",https://www.globaldata.com/esg/regulatorysummary/supporting-students-with-disabilities-and-preventing-discriminatory-use-of-punishment-new-guidance-for-schools,Supporting Students with Disabilities and Preventing Discriminatory Use of Punishment: New Guidance for Schools,"Tuesday, 26 July 2022",New guidance released today from the Department of Education’s Office for Civil Rights (OCR) and Office of Special Education and Rehabilitative Services (OSERS) helps public elementary and secondary schools fulfill their responsibilities to meet the needs of students with disabilities and avoid the discriminatory use of student discipline. These newly released resources are the most comprehensive guidance on the civil rights of students with disabilities concerning student discipline and build on the Department’s continued efforts to support students and schools through pandemic recovery.
"19 Jul 2022,Contingent liability for new launches under the 2018 Space Industry Act,United Kingdom,Environment,Aerospace and Defence; Aerospace,
                                                    Department for Transport
                                                ,",https://www.globaldata.com/esg/regulatorysummary/contingent-liability-for-new-launches-under-the-2018-space-industry-act,Contingent liability for new launches under the 2018 Space Industry Act,"Tuesday, 26 July 2022","The Department of Transport intends to assume a new contingent responsibility in relation to any future launch operator licences issued under the 2018 act. The UK's participation in the 1972 United Nations Convention on International Liability for Damage Caused by Space Objects, the 2018 act's authority and duty to compensate operators and those who suffer harm or damage as a result of spaceflight activities in the United Kingdom, and the limitations on a launch operator's liability imposed by or under the 2018 act and the 2021 regulations all contribute to the liability. The departmental minute provides a detailed explanation of the events leading to the contingent liability."
"13 Jul 2022,Foreign nationals now have the right to access personal information under the Privacy Act,,Governance; Social; Personal Data Privacy,Technology; Media and Telecom,
                                                    Privacy Commissioner of Canada
                                                ,",https://www.globaldata.com/esg/regulatorysummary/foreign-nationals-now-have-the-right-to-access-personal-information-under-the-privacy-act,Foreign nationals now have the right to access personal information under the Privacy Act,"Wednesday, 20 July 2022","Foreign nationals living outside of Canada will be granted access to their personal data held by federal government institutions as of July 13, 2022, in accordance with the Privacy Act. Foreign nationals abroad now have the same access rights as Canadian citizens and permanent residents, as well as federal inmates and anybody else physically residing in Canada, thanks to Privacy Act Extension Order No. 3. Outside of Canada, non-Canadians can now see their information and ask for repairs if they think there was an error or omission. If individuals have a complaint about the exercise of these rights, they will also be able to contact the Privacy Commissioner of Canada."
"13 Jul 2022,The Securities and Exchange Commission has amended the proxy rules governing proxy voting advice.,United States,Governance; Shareholder Engagement,Government and Non-Profit Organisations,
                                                    U.S. Securities and Exchange Commission
                                                ,",https://www.globaldata.com/esg/regulatorysummary/the-securities-and-exchange-commission-has-amended-the-proxy-rules-governing-proxy-voting-advice,The Securities and Exchange Commission has amended the proxy rules governing proxy voting advice.,"Wednesday, 20 July 2022",The Securities and Exchange Commission voted today to adopt amendments to its proxy voting advice rules proposed in November 2021. The final amendments are intended to avoid imposing burdens on proxy voting advice businesses that could impair the timeliness and independence of their advice. The amendments also address misconceptions about the liability standards that apply to proxy voting advice while maintaining investors' trust in the integrity of such advice.
"13 Jul 2022,OSFI issues a new technology and cyber risk guideline that balances innovation with risk management.,Canada,Governance; Risk Management; Social,Government and Non-Profit Organisations,
                                                    Office of the Superintendent of Financial Institutions
                                                ,",https://www.globaldata.com/esg/regulatorysummary/osfi-issues-a-new-technology-and-cyber-risk-guideline-that-balances-innovation-with-risk-management,OSFI issues a new technology and cyber risk guideline that balances innovation with risk management.,"Wednesday, 20 July 2022","The final Guideline B-13 from the Office of the Superintendent of Financial Institutions (OSFI) was released today. This guideline outlines OSFI's expectations for how federally regulated financial institutions (FRFIs) should manage technology and cyber risks such as data breaches and outages, among other things. Because of the widespread use of technology and the increasing frequency of cyber incidents, there is an urgent need for improved regulatory guidance to FRFIs on technology and cyber risk management. The final Guideline B-13 issued by OSFI provides that guidance while allowing FRFIs to compete effectively and fully capitalise on digital innovation. Governance and Risk Management, Technology Operations and Resilience, and Cyber Security are the three ""domains"" that the Guideline is organised around, each of which outlines key components for sound risk management. Each of these domains, in turn, includes a desired outcome aimed at assisting FRFIs in understanding OSFI's expectations, focusing on the ""why"" and ""to what end"" of technology and cyber risk management. To give financial institutions enough time to self-assess and ensure compliance with this new guideline, the final Guideline B-13 will go into effect on January 1, 2024."
"12 Jul 2022,IB 22-28: In the West Yakutat District of the Gulf of Alaska, NMFS forbids directed fishing for Pacific Ocean Perch.,North America; United States,Marine Biodiversity; Sustainable Fishery,Agriculture & Forestry,
                                                    National Oceanic and Atmospheric Administration
                                                ,",https://www.globaldata.com/esg/regulatorysummary/ib-22-28-in-the-west-yakutat-district-of-the-gulf-of-alaska-nmfs-forbids-directed-fishing-for-pacific-ocean-perch,"IB 22-28: In the West Yakutat District of the Gulf of Alaska, NMFS forbids directed fishing for Pacific Ocean Perch.","Tuesday, 19 July 2022","According to Jonathan M. Kurland, Administrator, Alaska Region, National Marine Fisheries Service (NMFS), directed fishing for Pacific ocean perch will be banned in the West Yakutat District (Statistical Area 640, between 140 and 147 degrees W. longitude) of the Gulf of Alaska (GOA) as of noon, Alaska local time, July 13, 2022. This order is issued in accordance with 50 CFR 679.20(d)(1) and is necessary to avoid the West Yakutat District of the GOA from exceeding the 2022 total permitted catch of Pacific ocean perch (iii)."
"11 Jul 2022,Amendments to Narcotics Ordinances regarding medical cannabis take effect on August 1, 2022.,Switzerland,,Agriculture & Forestry,
                                                    Swissmedic
                                                ,",https://www.globaldata.com/esg/regulatorysummary/amendments-to-narcotics-ordinances-regarding-medical-cannabis-take-effect-on-august-1-2022,"Amendments to Narcotics Ordinances regarding medical cannabis take effect on August 1, 2022.","Monday, 18 July 2022","The Narcotics Act will be amended on August 1, 2022, to abolish the ban on the use of cannabis for medical purposes. Cannabis handling for non-medical uses is still generally forbidden and will always need a Federal Office of Public Health exemption (FOPH). The Narcotics Control Ordinance (Betäubungsmittelkontrollverordnung) and the Narcotics List Ordinance (Betäubungsmittelverzeichnisverordnung) must both be amended as a result of this legislative reform. Amendments to the Narcotics List Ordinance with effect from 1 August 2022 Due to the removal of the prohibition in the Narcotics Act, cannabis for medical purposes will be reallocated from List d (prohibited narcotics) to List a (all substances subject to control measures) of Narcotics List Ordinance.As a result, the use of cannabis for medical purposes will be subject to regular control measures, like other controlled substances in List a (see Betäubungsmittelkontrollverordnung)."
"11 Jul 2022,Four First Nations in BC reach agreements on self-government in the area of education,Canada,Social; Community Impact; Indigenous Community Management,Government and Non-Profit Organisations,
                                                    Crown-Indigenous Relations and Northern Affairs Canada
                                                ,",https://www.globaldata.com/esg/regulatorysummary/four-first-nations-in-bc-reach-agreements-on-self-government-in-the-area-of-education,Four First Nations in BC reach agreements on self-government in the area of education,"Monday, 18 July 2022","The four First Nations now have recognised law-making authority over their Kindergarten–Grade 12 educational systems thanks to their signed education jurisdiction agreements with Canada, including authority over teacher certification, school certification, graduation requirements, curriculum, and course approvals. The occasion also marks the founding of the First Nations Education Authority (FNEA), which will help Participating First Nations build their capacity to deliver education on First Nation territory. Two directors nominated by each of the Participating First Nations will make up the board of the newly created FNEA. The FNEA, established July 1, 2022, will assist Participating First Nations in developing the capacity to provide education on First Nation land. The FNEA will exercise authority delegated by PFNs in the following areas:"
"8 Jul 2022,DOT Releases First-Ever Bill of Rights for Passengers with Disabilities and Requests Airlines to Provide Free Seating for Families,United States,Diversity and Inclusion; Social,Transportation; Infrastructure and Logistics; Airlines,
                                                    U.S. Department of Transportation
                                                ,",https://www.globaldata.com/esg/regulatorysummary/dot-releases-first-ever-bill-of-rights-for-passengers-with-disabilities-and-requests-airlines-to-provide-free-seating-for-families,DOT Releases First-Ever Bill of Rights for Passengers with Disabilities and Requests Airlines to Provide Free Seating for Families,"Monday, 18 July 2022","USDOT has taken steps to better protect airline passengers, according to actions announced today by US Transportation Secretary Pete Buttigieg. The USDOT has released the first-ever Bill of Rights for Airline Passengers with Disabilities and sent out a letter to airlines requesting that small children be seated close to a parent. The Airline Passengers with Disabilities Bill of Rights, an easy-to-use summary of the fundamental rights of air travelers with disabilities under the Air Carrier Access Act, will empower air travelers with disabilities to understand and assert their rights, and help ensure that U.S. and foreign air carriers and their contractors uphold those rights."
"8 Jul 2022,Increased Red Grouper Catch Limits in the Gulf of Mexico Announced by NOAA Fisheries,United States,Marine Biodiversity; Sustainable Forestry,Agriculture & Forestry,
                                                    National Oceanic and Atmospheric Administration
                                                ,",https://www.globaldata.com/esg/regulatorysummary/increased-red-grouper-catch-limits-in-the-gulf-of-mexico-announced-by-noaa-fisheries,Increased Red Grouper Catch Limits in the Gulf of Mexico Announced by NOAA Fisheries,"Thursday, 14 July 2022","The Fishery Management Plan for Reef Fish Resources of the Gulf of Mexico's final regulation is made public by NOAA Fisheries. The overfishing limit, acceptable biological catch, yearly catch limits, and annual catch objectives for Gulf of Mexico red grouper will all be updated as a result of this framework modification and final rule. Regulations become effective August 8, 2022."
"7 Jul 2022,IB 22-27: The Central Regulatory Area of the Gulf of Alaska: NMFS Prohibits Retention of Pacific Cod by Catcher/Processors Using Trawl Gear,United States,Sustainable Forestry; Marine Biodiversity,Agriculture & Forestry,
                                                    National Oceanic and Atmospheric Administration
                                                ,",https://www.globaldata.com/esg/regulatorysummary/ib-22-27-the-central-regulatory-area-of-the-gulf-of-alaska-nmfs-prohibits-retention-of-pacific-cod-by-catcherprocessors-using-trawl-gear,IB 22-27: The Central Regulatory Area of the Gulf of Alaska: NMFS Prohibits Retention of Pacific Cod by Catcher/Processors Using Trawl Gear,"Thursday, 14 July 2022","According to Jonathan M. Kurland, Administrator, Alaska Region, National Marine Fisheries Service (NMFS), the ban on the retention of Pacific cod by catcher/processors using trawl gear in the Central Regulatory Area of the Gulf of Alaska (GOA) will take effect at noon, Alaska local time, on July 8, 2022. This action is required in accordance with 50 CFR 679.20(d) because the 2022 total authorised catch of Pacific cod allotted to catcher/processors utilising trawl gear in the Central Regulatory Area of the GOA has been attained (2)."
"6 Jul 2022,Plans to improve UK energy security are expected to pass into law.,United Kingdom,Renewable Energy,Power Generation; Energy Infrastructure; Nuclear; Energy Efficiency; Energy Storage,
                                                    Department for Business, Energy and Industrial Strategy
                                                ,",https://www.globaldata.com/esg/regulatorysummary/plans-to-improve-uk-energy-security-are-expected-to-pass-into-law,Plans to improve UK energy security are expected to pass into law.,"Thursday, 14 July 2022","Business and Energy Secretary Kwasi Kwarteng will present the historic Energy Security Bill, which was mentioned in the Queen's Speech, to Parliament today. The Bill will help drive an unprecedented £100 billion of private sector investment by 2030 into new British industries that are built to last and help diversify our domestic energy supply, including hydrogen and offshore wind, and support around 480,000 green jobs by the end of the decade."
"5 Jul 2022,NOAA Fisheries extends the 2022 Atlantic Mackerel Specifications.,North America; United States,Environment; Marine Biodiversity; Sustainable Forestry,Agriculture & Forestry,
                                                    National Oceanic and Atmospheric Administration
                                                ,",https://www.globaldata.com/esg/regulatorysummary/noaa-fisheries-extends-the-2022-atlantic-mackerel-specifications,NOAA Fisheries extends the 2022 Atlantic Mackerel Specifications.,"Wednesday, 13 July 2022","This action extends through January 13, 2023 the rule that implements the commercial catch limit of 4,963 mt for Atlantic mackerel permit holders in 2022. NOAA Fisheries is establishing the 2022 specifications for the Atlantic mackerel fishery in federal waters through January 13, 2023 (see table below). The allowable commercial catch for 2022 will be 4,963 mt beginning July 11, 2022 and ending January 13, 2023. According to the most recent management track assessment from the Northeast Fisheries Science Center, the species is still overfished, and overfishing has increased slightly. This closure is being implemented to reduce additional catch for the current fishing season. The Council is working on a revised rebuilding plan."
"4 Jul 2022,The ""Special Act to Accelerate Industrial Digital Transformation"" has been implemented,,Governance,Industrial Goods & Machinery,
                                                    Ministry of Trade, Industry and Energy, South Korea
                                                ,",https://www.globaldata.com/esg/regulatorysummary/the-special-act-to-accelerate-industrial-digital-transformation-has-been-implemented,"The ""Special Act to Accelerate Industrial Digital Transformation"" has been implemented","Monday, 11 July 2022","The Ministry of Trade, Industry, and Energy (MOTIE) has announced that the Special Act to Accelerate Industrial Digital Transformation will go into effect on July 5. The Act became law in January of this year. This Act is significant in that it incorporates the principles of industrial data utilisation and protection, the rationale for comprehensive governmental support, an inter-ministerial collaboration mechanism, and it lays the legal groundwork for pursuing industrial digital transformation."
"4 Jul 2022,The ""Special Act to Accelerate Industrial Digital Transformation"" has been implemented,South Korea,Governance,Technology; Services; Industrial Automation; IT Services; Software; Media and Telecom; Technology; Enterprise Applications,
                                                    Ministry of Trade, Industry and Energy, South Korea
                                                ,",https://www.globaldata.com/esg/regulatorysummary/the-special-act-to-accelerate-industrial-digital-transformation-has-been-implemented,"The ""Special Act to Accelerate Industrial Digital Transformation"" has been implemented","Monday, 11 July 2022","The Ministry of Trade, Industry, and Energy (MOTIE) has announced that the Special Act to Accelerate Industrial Digital Transformation will go into effect on July 5. The Act became law in January of this year. This Act is significant in that it incorporates the principles of industrial data utilisation and protection, the rationale for comprehensive governmental support, an inter-ministerial collaboration mechanism, and it lays the legal groundwork for pursuing industrial digital transformation."
"4 Jul 2022,The Ministry of Environment will set emissions limits for gas heat pumps (GHP),South Korea,Environment; Carbon Emissions; Climate Change,Consumer; Equipment & Services; Airconditioners; Future Mobility; Other Large Appliances; Industrial Goods & Machinery; Automotive,
                                                    Ministry of Environment (South Korea)
                                                ,",https://www.globaldata.com/esg/regulatorysummary/the-ministry-of-environment-will-set-emissions-limits-for-gas-heat-pumps-ghp,The Ministry of Environment will set emissions limits for gas heat pumps (GHP),"Tuesday, 12 July 2022","On June 30, the Ministry of Environment published an amendment to the Clean Air Conservation Act's Enforcement Decree. July 4, Sejong - The Enforcement Decree of the Clean Air Conservation Act was amended on June 30 by the Ministry of Environment (ME, Minister Han Wha-jin), which strengthened and added to the existing framework. The change involves extending the mandated operation of low emission vehicles (LEVs), for which purchase incentives are offered, and controlling gas heat pumps (GHPs)1 by stages as air pollution producing facilities."
"4 Jul 2022,The CCPC applauds the new Competition (Amendment) Act 2022.,Europe; Ireland,Anti-Competition Laws,Aerospace and Defence; Consumer; Travel and Tourism; Agriculture & Forestry; Chemicals; Transportation; Infrastructure and Logistics; Packaging; Industrial Goods & Machinery; Technology; Media and Telecom; Automotive; Business and Consumer Services; Financial Services; Healthcare; Sport; Construction,
                                                    Competition and Consumer Protection Commission
                                                ,",https://www.globaldata.com/esg/regulatorysummary/the-ccpc-applauds-the-new-competition-amendment-act-2022,The CCPC applauds the new Competition (Amendment) Act 2022.,"Monday, 11 July 2022",The Competition and Consumer Protection Commission (CCPC) has welcomed the enactment of the Competition (Amendment) Act 2022. The Act transposes Directive 2019/1 (ECN+ Directive) into Irish law and expands the CCPC’s power to enforce EU and Irish competition law. The Act was signed into law by President Michael D Higgins and will be commenced over the coming weeks.
"1 Jul 2022,Product information for human medicinal products HMV4 Guidance document changes,,Environment,Specialized Packaging; Paper and Pulp; Providers; Women's Health; Suppliers & Service Providers; Packaging; Healthcare; Therapy Area,
                                                    Swissmedic
                                                ,",https://www.globaldata.com/esg/regulatorysummary/product-information-for-human-medicinal-products-hmv4-guidance-document-changes,Product information for human medicinal products HMV4 Guidance document changes,"Friday, 08 July 2022","The new minor version of the Guidance document Product information for human medicinal products HMV4 contains a number of clarifications. A new annex details the requirements for boxed warnings. Information intended solely for use by healthcare professionals in hospitals can be in an official language or in English. Furthermore, when pregnancy and lactation warnings should be included in the ""Warnings"" section has been clarified. Some wording, such as paediatric population, has also been changed to reflect current Swissmedic practise and should be used consistently in the future. The guidance document's new minor version 3.2 goes into effect on July 1, 2022."
"1 Jul 2022,Major revision to the law governing accessibility of taxis and private hire vehicles in 12 years,United Kingdom,Diversity and Inclusion; Social,Transportation; Infrastructure and Logistics,
                                                    Department for Transport
                                                ,",https://www.globaldata.com/esg/regulatorysummary/major-revision-to-the-law-governing-accessibility-of-taxis-and-private-hire-vehicles-in-12-years,Major revision to the law governing accessibility of taxis and private hire vehicles in 12 years,"Friday, 08 July 2022","New laws to protect disabled people in England, Scotland and Wales when travelling in taxis and PHVs."
"1 Jul 2022,The Therapeutic Products Licensing Requirements Ordinance is being revised,Switzerland,,Healthcare; Therapy Area,
                                                    Swissmedic
                                                ,",https://www.globaldata.com/esg/regulatorysummary/the-therapeutic-products-licensing-requirements-ordinance-is-being-revised,The Therapeutic Products Licensing Requirements Ordinance is being revised,"Friday, 08 July 2022","Swissmedic has published the following lists in recent months: Annexes 3a and 7 of the Therapeutic Products Licensing Requirements Ordinance (TPLRO; SR 812.212.22), as well as Annexes 2 and 3 of the Swiss Agency for Therapeutic Products Ordinance on the Simplified Licensing of Therapeutic Products and the Licensing of Therapeutic Products by the Notification Procedure (TPLO; SR 812.212.23) have been reviewed in light of current scientific and technological developments. Only Annex 7 TPLRO required revision based on the collected reports and in accordance with the requirements and specifications of EU legislation."
"1 Jul 2022,BLM announces a 20-year extension for land withdrawal for bureau of reclamation projects in southern california,United States,Sustainable Land Management; Environment; Natural Resources,Agriculture & Forestry; Government and Non-Profit Organisations,
                                                    U.S. Bureau of Land Management
                                                ,",https://www.globaldata.com/esg/regulatorysummary/blm-announces-a-20-year-extension-for-land-withdrawal-for-bureau-of-reclamation-projects-in-southern-california,BLM announces a 20-year extension for land withdrawal for bureau of reclamation projects in southern california,"Friday, 08 July 2022","The Bureau of Land Management announced today a 20-year public land order extension for the Boulder Canyon, Colorado River Storage, Senator Wash Pump Storage, and Yuma Reclamation Projects. Approximately 145,600 acres of federal land are affected by the extension. For entities within the Department of the Interior, the BLM formally processes land withdrawal applications. The lands have been and will remain closed to settlement, sale, location, and entry under the general land laws, including the mining laws, subject to valid existing rights. The withdrawn lands have been and will remain open to leasing under the mineral leasing laws."
"30 Jun 2022,EASA releases the first set of guidelines for using air taxis in urban areas.,Europe,Electric Aircraft,Aerospace and Defence; Unmanned; Infrastructure; Logistics & Support; Aerospace,
                                                    European Union Aviation Safety Agency
                                                ,",https://www.globaldata.com/esg/regulatorysummary/easa-releases-the-first-set-of-guidelines-for-using-air-taxis-in-urban-areas,EASA releases the first set of guidelines for using air taxis in urban areas.,"Monday, 11 July 2022","The first comprehensive proposal for such laws to be presented globally, the European Union Aviation Safety Agency (EASA) published standards for the operation of air taxis in cities. They add to the already-existing EU regulatory documentation for the use of unmanned aircraft systems (UAS), the unmanned traffic management system known as U-space in Europe, the certification of aircraft capable of vertical takeoff and landing (VTOL), and EASA recommendations for the design of vertiports. In order to achieve the safe and secure integration of certified UAS and VTOL-capable aircraft operations in the EU and to allow operators to safely operate VTOL-capable aircraft in the single European sky, the overall goal of urban air mobility (UAM) is to promote the development of a new ecosystem."
"29 Jun 2022,Canadian government supports fuel industry innovation with final clean fuel regulations,Canada,Environment; Climate Change; Carbon Emissions,,
                                                    Environment and Climate Change Canada
                                                ,",https://www.globaldata.com/esg/regulatorysummary/canadian-government-supports-fuel-industry-innovation-with-final-clean-fuel-regulations,Canadian government supports fuel industry innovation with final clean fuel regulations,"Friday, 08 July 2022","As we reduce polluting emissions toward net zero by implementing sensible climate policies that encourage cutting-edge technologies, the Canadian economy will grow stronger. The Canadian government is today making it very clear to industry and investors that the time has come to market additional clean technologies, energy efficiency techniques, and reasonably priced low-carbon fuels. Most Honorable The publication of the final Clean Fuel Regulations was announced by Steven Guilbeault, Minister of Environment and Climate Change (CFR). In order to lower the carbon intensity of gasoline and diesel, the CFR imposed progressively stricter rules on producers and importers. When fully implemented, the CFR will contribute to a reduction in greenhouse gas emissions of up to 26.6 million tonnes by 2030, or nearly the same amount of GHGs as are currently produced by the whole Canadian economy in two weeks."
"28 Jun 2022,Identified single-use plastic items will be prohibited from July 1, 2022.,India,Hazardous Waste Management; Sustainable Packaging; Pollution; Environment; Circular Economy,Consumer; Business and Consumer Services,
                                                    Ministry of Environment, Forest and Climate Change, India
                                                ,",https://www.globaldata.com/esg/regulatorysummary/identified-single-use-plastic-items-will-be-prohibited-from-july-1-2022,"Identified single-use plastic items will be prohibited from July 1, 2022.","Friday, 01 July 2022","Control rooms at the national and state levels will be established to monitor the production, importation, stockpiling, distribution, sale, and use of prohibited single-use plastic items. In response to the clarion call issued by Hon'ble Prime Minister of India, Shri Narendra Modi, to phase out single-use plastic items by 2022, the Government of India notified the Plastic Waste Management Amendment Rules, 2021, on August 12, 2021. In keeping with the spirit of 'Azadi ka Amrit Mahotsava,' the country is taking a decisive step to reduce pollution caused by littered and unmanaged plastic waste. From July 1, 2022, India will prohibit the manufacture, import, stocking, distribution, sale, and use of identified single-use plastic items with low utility and high littering potential throughout the country."
"27 Jun 2022,NOAA Proposes New Measures to Combat Forced Labor in the Seafood Supply Chain and Illegal, Unreported, and Unregulated Fishing,United States,Environment; Biodiversity; Marine Biodiversity; Sustainable Forestry,Agriculture & Forestry,
                                                    National Oceanic and Atmospheric Administration
                                                ,",https://www.globaldata.com/esg/regulatorysummary/noaa-proposes-new-measures-to-combat-forced-labor-in-the-seafood-supply-chain-and-illegal-unreported-and-unregulated-fishing,"NOAA Proposes New Measures to Combat Forced Labor in the Seafood Supply Chain and Illegal, Unreported, and Unregulated Fishing","Monday, 04 July 2022","In order to improve and fortify our efforts to combat illegal, unreported, and unregulated (IUU) fishing, NOAA has proposed new measures. The U.S. Moratorium Protection Act and the international Port States Measures Agreement are two crucial tools that are addressed by the amendments. The actions will improve NOAA's capacity to combat IUU fishing practises and eliminate forced labour in the seafood supply chain. They were announced in a proposed regulation (pdf, 84 pages)."
"24 Jun 2022,Significant changes to the Competition Act come into effect,Canada,Anti-Competition Laws,Consumer,
                                                    Competition Bureau Canada
                                                ,",https://www.globaldata.com/esg/regulatorysummary/significant-changes-to-the-competition-act-come-into-effect,Significant changes to the Competition Act come into effect,"Thursday, 30 June 2022","On June 23, 2022, significant changes to the Competition Act went into effect, enhancing the Competition Bureau's capacity to defend Canadians from anti-competitive behaviour. Notably, these modifications:"
"23 Jun 2022,NOAA Fisheries and the US Fish and Wildlife Service have rescinded the Endangered Species Act's regulatory definition of ""habitat."",North America; United States,Environment; Biodiversity; Sustainable Fishery; Endangered Species Protection; Marine Biodiversity,Agriculture & Forestry,
                                                    National Oceanic and Atmospheric Administration
                                                ,",https://www.globaldata.com/esg/regulatorysummary/noaa-fisheries-and-the-us-fish-and-wildlife-service-have-rescinded-the-endangered-species-acts-regulatory-definition-of-habitat,"NOAA Fisheries and the US Fish and Wildlife Service have rescinded the Endangered Species Act's regulatory definition of ""habitat.""","Thursday, 30 June 2022","The final rule to rescind habitat regulations is an effort to improve and strengthen implementation of the Endangered Species Act. NOAA Fisheries and the US Fish and Wildlife Service will rescind a December 2020 final rule that established a regulatory definition of ""habitat"" specific to critical habitat designation under the Endangered Species Act. This action will allow us to better fulfil the ESA's conservation goals. Executive Order 13990 directed all federal agencies to review and address agency actions to ensure consistency with Biden-Harris administration objectives. We concluded that codifying a single definition of ""habitat"" could impede our ability to designate critical habitat based on the most recent scientific evidence. By repealing the rule, the public will gain clarity and transparency in understanding what constitutes habitat for specific species."
"20 Jun 2022,New initiatives will accelerate the UK's transition to net zero pensions.,United Kingdom,Sustainable Finance; Climate Change; Social; Carbon Emissions,Government and Non-Profit Organisations,
                                                    Department for Work and Pensions
                                                ,",https://www.globaldata.com/esg/regulatorysummary/new-initiatives-will-accelerate-the-uks-transition-to-net-zero-pensions,New initiatives will accelerate the UK's transition to net zero pensions.,"Monday, 27 June 2022","New measures that will advance efforts to address climate risk have given UK pensions a green boost. These will require pension schemes to measure and publish how their investments support the Paris Agreement climate goal of limiting global warming to 1.5 degrees Celsius above pre-industrial levels. Together with existing climate regulations, the new measures will mean from October this year more than 80% of UK pension scheme members will be invested in pension schemes subject to these new rules. This is helping pave the way for greener pensions amid an economic transition to net zero that will create the opportunity to invest in green businesses, support jobs for the future, and ultimately help grow a stronger and more sustainable economy."
"20 Jun 2022,The Canadian government follows through on its promise to outlaw dangerous single-use plastics.,Canada,Environment; Circular Economy; Pollution; Sustainable Packaging; Hazardous Waste Management; Bioremediation,Consumer; Packaging; Government and Non-Profit Organisations; Packaging Material,
                                                    Environment and Climate Change Canada
                                                ,",https://www.globaldata.com/esg/regulatorysummary/the-canadian-government-follows-through-on-its-promise-to-outlaw-dangerous-single-use-plastics,The Canadian government follows through on its promise to outlaw dangerous single-use plastics.,"Monday, 27 June 2022","The Minister of Environment and Climate Change, the Honourable Steven Guilbeault, and the Minister of Health, the Honourable Jean-Yves Duclos, today published final regulations to prohibit single-use plastics including: The ban on the manufacture and import of these harmful single-use plastics, barring a few targeted exceptions to recognize specific cases, will come into effect in December 2022. To provide businesses in Canada with enough time to transition and to deplete their existing stocks, the sale of these items will be prohibited as of December 2023. The Government will also prohibit the export of plastics in the six categories by the end of 2025, making Canada the first among peer jurisdictions to do so internationally."
"19 Jun 2022,Combating animal cruelty by implementing the ""certificate of commitment and knowledge"" for equidae and pets.,France,Social,Agriculture & Forestry; Government and Non-Profit Organisations,
                                                    Ministry of Agriculture and Food, France
                                                ,",https://www.globaldata.com/esg/regulatorysummary/combating-animal-cruelty-by-implementing-the-certificate-of-commitment-and-knowledge-for-equidae-and-pets,"Combating animal cruelty by implementing the ""certificate of commitment and knowledge"" for equidae and pets.","Tuesday, 26 July 2022","The law, which aims to combat animal abuse and strengthen the bond between animals and humans, went into effect on November 30, 2021, and calls for the implementation of a ""certificate of commitment and knowledge"" for acqu pet eaters and equine keepers. The law's first implementing decree was issued today. This decree specifies  in particular:"
"16 Jun 2022,FERC takes action to increase grid reliability against extreme weather conditions,United States,Climate Change; Environment,Energy Infrastructure,
                                                    Federal Energy Regulatory Commission
                                                ,",https://www.globaldata.com/esg/regulatorysummary/ferc-takes-action-to-increase-grid-reliability-against-extreme-weather-conditions,FERC takes action to increase grid reliability against extreme weather conditions,"Sunday, 26 June 2022","Today, FERC started two regulation proceedings with the goal of enhancing the bulk electricity system's resilience to weather-related hazards. These are the first proposed rulemakings resulting from the Climate Change and Extreme Weather proceeding that the Commission started in June 2021. They address a number of extreme weather events that have caused load shedding, system failure, and in some cases, nearly caused uncontrollable blackouts. The Commission proposes to require the North American Electric Reliability Corporation (NERC) to develop reliability standard modifications to require that: The proposed rule also seeks comment on whether to similarly require studies and corrective action plans for drought conditions. (RM22-10)"
"16 Jun 2022,The United Kingdom establishes certification requirements for new electric vertical takeoff and landing aircraft.,United Kingdom,Electric Vehicles; Electric Aircraft,Aerospace and Defence; Aerospace,
                                                    UK Civil Aviation Authority
                                                ,",https://www.globaldata.com/esg/regulatorysummary/the-united-kingdom-establishes-certification-requirements-for-new-electric-vertical-takeoff-and-landing-aircraft,The United Kingdom establishes certification requirements for new electric vertical takeoff and landing aircraft.,"Thursday, 23 June 2022","The European Aviation Safety Agency (EASA) and the UK Civil Aviation Authority (CAA) both employ certification standards known as Special Conditions (SC)-VTOL as the foundation for their approval of new electric vertical take-off and landing (eVTOL) aircraft. As these cutting-edge technologies enter the market and serve as the foundation for approval, Special Conditions give manufacturers and the CAA the opportunity to create safety standards. The UK consumer is given strict levels of protection both on the ground and in the air thanks to the safety standards set under SC.VTOL."
"15 Jun 2022,New rules have been announced by Transport Canada's minister in order to penalise organisations or people that breach the Motor Vehicle Safety Act.,Canada,,Government and Non-Profit Organisations; Transportation; Infrastructure and Logistics; Automotive,
                                                    Transport Canada
                                                ,",https://www.globaldata.com/esg/regulatorysummary/new-rules-have-been-announced-by-transport-canadas-minister-in-order-to-penalise-organisations-or-people-that-breach-the-motor-vehicle-safety-act,New rules have been announced by Transport Canada's minister in order to penalise organisations or people that breach the Motor Vehicle Safety Act.,"Saturday, 25 June 2022","The Minister of Transport, announced that Transport Canada is proposing new regulations to fine companies or individuals who violate the Motor Vehicle Safety Act. Penalties could range up to $4,000 for an individual violating the Act, and up to $200,000 for a company. Fines would apply per violation – meaning fines could be stacked for multiple breaches of the Act. These proposed new regulations would bring road transportation enforcement in line with the rail, marine, and aviation sectors, which can already issue administrative monetary penalties."
"14 Jun 2022,The government has introduced new legislation to safeguard Canada's cyber security,Canada,Social; Governance,Technology; Telecom; Internet and Media; Media and Telecom,
                                                    Public Safety Canada
                                                ,",https://www.globaldata.com/esg/regulatorysummary/the-government-has-introduced-new-legislation-to-safeguard-canadas-cyber-security,The government has introduced new legislation to safeguard Canada's cyber security,"Saturday, 18 June 2022","The Minister of Public Safety today unveiled new steps to strengthen Canada's internet security in conjunction with the launch of Bill C-26, An Act Respecting Cybersecurity (ARCS). This proposed legislation will protect Canadians and bolster cyber security across the financial, telecommunications, energy, and transportation sectors. To bring telecommunications in line with other crucial industries, the proposed law would change the Telecommunications Act to include security as a policy aim. This will provide the government the legitimacy to order whatever steps are required to protect Canada's communications infrastructure. This includes preventing Canadian businesses from utilising goods and services from suppliers who pose a danger."
"13 Jun 2022,The government of UK continues its initiatives for restoring nature to the oceans,United Kingdom,Sustainable Fishery; Marine Biodiversity; Environment,Agriculture & Forestry,
                                                    Department for Environment, Food and Rural Affairs
                                                ,",https://www.globaldata.com/esg/regulatorysummary/the-government-of-uk-continues-its-initiatives-for-restoring-nature-to-the-oceans,The government of UK continues its initiatives for restoring nature to the oceans,"Monday, 20 June 2022","Today (June 13), four Marine Management Organization (MMO) bylaws that will safeguard four offshore marine protected areas, go into effect. The Fisheries Act, the first significant piece of fisheries law in almost 40 years, grants new authority for the introduction of these. In MPAs where there is proof that fishing activities endanger wildlife or degrade habitats, these new regulations will forbid certain activities. The byelaws will bring in management measures on fishing within these four MPAs in English waters: The names of the byelaws are:"
"10 Jun 2022,Geological Carbon Storage Policy Released by BLM for Public Lands,United States,Carbon Emissions; Climate Change; Environment; Sustainable Land Management,,
                                                    U.S. Bureau of Land Management
                                                ,",https://www.globaldata.com/esg/regulatorysummary/geological-carbon-storage-policy-released-by-blm-for-public-lands,Geological Carbon Storage Policy Released by BLM for Public Lands,"Wednesday, 15 June 2022","The Bureau of Land Management has released a new policy regarding the geologic sequestration of carbon dioxide on public lands as part of an all-encompassing plan to battle climate change and lower carbon dioxide levels in the atmosphere. The method of carefully injecting carbon dioxide, the most prevalent greenhouse gas, deep underground prevents it from ever reentering the atmosphere and aggravating the climate catastrophe. Since the 1940s, carbon dioxide has been injected underground in the United States, but usually as a temporary solution to increase oil production. This is the first time BLM has released a directive that permits the long-term storage of carbon dioxide underground. The new instruction memo offers guidance for authorising rights-of-way for site characterization, transportation, injection, capture, and permanent storage of carbon dioxide at appropriately classified injection well locations, paving the way for geologic carbon sequestration projects on BLM-managed lands. A right-of-way grant enables rights and privileges for a certain use of the land for a predetermined amount of time suitable for the project's lifespan. The instruction memo will support uniform processing of right-of-way requests for carbon sequestration projects on all BLM-managed lands and give BLM staff advice on how to handle compliance with other applicable laws, environmental review, the authorizations' term (a 30-year renewable term), rental payments, cost recovery, and sufficient monitoring and long-term stewardship."
"10 Jun 2022,The Ministry of Environment is attempting to reduce regulatory duplication,South Korea,Pollution; Non Hazardous Waste Management; Hazardous Waste Management,Chemicals,
                                                    Ministry of Environment (South Korea)
                                                ,",https://www.globaldata.com/esg/regulatorysummary/the-ministry-of-environment-is-attempting-to-reduce-regulatory-duplication,The Ministry of Environment is attempting to reduce regulatory duplication,"Monday, 20 June 2022","The Ministry of Environment (ME, Minister Han Wha-jin) announced that it would swiftly resolve the chemical and waste regulatory overlaps by actively accepting the industries' opinions. On June 8, the minister visited Sunglim Oil & Chemical Co., Ltd., located in Sihwa Industrial Complex in Ansan, Gyeonggi-do. During her visit, she unveiled a plan to reduce overlapping regulations both mentioned in the Chemical Substances Control Act (""Chemicals Act"") and the Wastes Control Act (""Wastes Act"")"
"9 Jun 2022,The FSA and FSS provide additional recommendations on the use of oils as ingredient replacements.,United Kingdom,Food and Agri Tech,Consumer; Food; Food & Drinks Ingredients,
                                                    Food Standards Agency
                                                ,",https://www.globaldata.com/esg/regulatorysummary/the-fsa-and-fss-provide-additional-recommendations-on-the-use-of-oils-as-ingredient-replacements,The FSA and FSS provide additional recommendations on the use of oils as ingredient replacements.,"Thursday, 16 June 2022","In spite of the fact that some food products are labelled as containing sunflower oil, the Food Standards Agency and Food Standards Scotland are informing consumers and businesses about refined or fully refined food grade vegetable oils that may be used in some food products in place of sunflower oil. The rapid risk assessment report underpinning our advice has also been published. Findings show that the risk of allergic reactions from the substitute oils on the list is very low and for fully refined soybean oil it is negligible, which means that allergic reactions to these fully refined vegetable oils are very rare and - if they do occur - are mild."
"9 Jun 2022,Canada strengthens regulations to protect migratory birds,Canada,Biodiversity; Environment,Agriculture & Forestry,
                                                    Environment and Climate Change Canada
                                                ,",https://www.globaldata.com/esg/regulatorysummary/canada-strengthens-regulations-to-protect-migratory-birds,Canada strengthens regulations to protect migratory birds,"Friday, 17 June 2022","As Canadians mark Environment Week, the Honourable Steven Guilbeault, Minister of Environment and Climate Change, today announced it is modernizing the Migratory Birds Regulations (MBR) as part of the Government of Canada’s commitment to protecting and conserving migratory birds. The regulations are in addition to Canada’s commitment to protect 25 percent of lands and waters by 2025, working toward 30 percent by 2030. The changes will make it easier for Canadians to understand and comply with the regulations, first enacted in 1918, and will improve the government’s ability to effectively manage and protect migratory birds in Canada. The modernized MBR will also ensure that Indigenous Peoples are accurately represented and that their existing harvesting rights, recognized and affirmed under the Constitution Act, 1982, are reflected."
"8 Jun 2022,Canada establishes a Greenhouse Gas Offset Credit System in order to promote a clean, green economy.,Canada,Environment; Climate Change; Carbon Emissions,Agriculture & Forestry; Government and Non-Profit Organisations,
                                                    Environment and Climate Change Canada
                                                ,",https://www.globaldata.com/esg/regulatorysummary/canada-establishes-a-greenhouse-gas-offset-credit-system-in-order-to-promote-a-clean-green-economy,"Canada establishes a Greenhouse Gas Offset Credit System in order to promote a clean, green economy.","Monday, 20 June 2022","the Government of Canada launched Canada’s Greenhouse Gas Offset Credit System, a key measure outlined in Canada’s 2030 Emissions Reduction Plan. The offset system will give municipalities, foresters, farmers, Indigenous communities, and others a market-based incentive to undertake innovative projects that reduce greenhouse gases (GHGs) by preventing emissions and removing GHGs from the atmosphere."
"3 Jun 2022,ASIC announces modifications to AFS licensees' financial reporting,Australia,Governance,Financial Services,
                                                    Australian Securities & Investments Commission
                                                ,",https://www.globaldata.com/esg/regulatorysummary/asic-announces-modifications-to-afs-licensees-financial-reporting,ASIC announces modifications to AFS licensees' financial reporting,"Sunday, 12 June 2022","ASIC has today announced new financial reporting requirements for Australian Financial Services (AFS) licensees, following changes to the accounting standards. Under the new reporting requirements, AFS licensees’ financial reports must contain disclosures consistent with the financial reports of other for-profit entities, prepared under standards set by the Australian Accounting Standards Board (AASB). ASIC Commissioner Sean Hughes said, ‘These reporting changes will assist those who prepare financial reports under both sets of requirements, and provide relevant information for ASIC’s surveillances of licensees and for other users of financial reports.’"
"3 Jun 2022,The EPA Acts to Restart and Strengthen the RFS Program,United States,Renewable Energy; Carbon Emissions; Climate Change; Environment; Pollution; Biofuels,,
                                                    United States Environmental Protection Agency
                                                ,",https://www.globaldata.com/esg/regulatorysummary/the-epa-acts-to-restart-and-strengthen-the-rfs-program,The EPA Acts to Restart and Strengthen the RFS Program,"Thursday, 30 June 2022","The Environmental Protection Agency (EPA) announced several actions that will help pave the way for the continued growth of renewable fuels and strengthen the foundation of the Renewable Fuel Standard (RFS) programme. These actions, taken together, reflect the Biden Administration's commitment to resetting and strengthening the RFS, bolstering our nation's energy security, and supporting homegrown biofuel alternatives to oil for transportation fuel. EPA is taking action today pursuant to a consent decree agreement that requires EPA to finalize RFS volumes for 2021 and 2022 no later than June 3, 2022. Together with other steps announced today, EPA’s actions will help reduce our dependence on oil and diversify our fuel supply by increasing production of domestically produced biofuels. In the final volumes, EPA adjusted the final biofuel volumes for 2021 to reflect updated data on actual 2021 ethanol use that has become available since the proposal was issued"
"2 Jun 2022,ASIC has released updated ePayments Code,Australia,,Cards & Payments; Financial Services,
                                                    Australian Securities & Investments Commission
                                                ,",https://www.globaldata.com/esg/regulatorysummary/asic-has-released-updated-epayments-code,ASIC has released updated ePayments Code,"Wednesday, 27 July 2022","ASIC has today published the updated ePayments Code (the Code) to provide enhancements to and clarity on a number of existing protections for consumers. In addition to extending the Code to cover payments made using the New Payments Platform, ASIC has also updated the following areas of the Code:"
"2 Jun 2022,EPA Acts to Support Sustainable Development and Give States, Territories, and Tribes More Power to Protect Water Resources,United States,Water Management; Natural Resources,Government and Non-Profit Organisations,
                                                    U.S. Environmental Protection Agency
                                                ,",https://www.globaldata.com/esg/regulatorysummary/epa-acts-to-support-sustainable-development-and-give-states-territories-and-tribes-more-power-to-protect-water-resources,"EPA Acts to Support Sustainable Development and Give States, Territories, and Tribes More Power to Protect Water Resources","Friday, 10 June 2022","The Clean Water Act (CWA) Section 401's regulatory standards for water quality certification have been updated, according to a proposed regulation from the U.S. Environmental Protection Agency (EPA). This proposed rule would restore a long-held right that had been severely curtailed by the previous administration's rule by strengthening the authority of states, territories, and Tribes to protect their essential water resources while supporting an effective, predictable, and sensible certification process."
"2 Jun 2022,Legislation Reintroduced to Establish a New Canada Disability Benefit,Canada,Community Impact; Social,Government and Non-Profit Organisations,
                                                    Employment and Social Development Canada
                                                ,",https://www.globaldata.com/esg/regulatorysummary/legislation-reintroduced-to-establish-a-new-canada-disability-benefit,Legislation Reintroduced to Establish a New Canada Disability Benefit,"Friday, 10 June 2022","Carla Qualtrough, minister of employment, workforce development, and disability inclusion, reintroduced revolutionary legislation that would create a new Canada Disability Benefit (CDB). Along with Old Age Security, the Guaranteed Income Supplement, and the Canada Child Benefit, the CDB would play a significant role in Canada's social safety net. Thousands more Canadians might benefit, and poverty could be considerably reduced. Through Budget 2021, the Government invested $11.9 million over three years to reform eligibility processes for federal disability programs and benefits. This work began in the summer of 2021 in the form of ministerial roundtables with the disability community and an on-line public survey. This work is ongoing and will directly inform the CDB."
"2 Jun 2022,The National Assembly Approves Fourteen Environmental Bills,South Korea; Asia,Ethics; Pollution; Environment; Social; Climate Change; Bioremediation; Non Hazardous Waste Management,Consumer; Aerospace and Defence; Real Estate; Travel and Tourism; Agriculture & Forestry; Government and Non-Profit Organisations; Chemicals; Transportation; Infrastructure and Logistics; Packaging; Industrial Goods & Machinery; Mining; Technology; Media and Telecom; Automotive; Business and Consumer Services; Financial Services; Healthcare; Retail; Sport; Construction,
                                                    Ministry of Environment (South Korea)
                                                ,",https://www.globaldata.com/esg/regulatorysummary/the-national-assembly-approves-fourteen-environmental-bills,The National Assembly Approves Fourteen Environmental Bills,"Monday, 13 June 2022","On May 29, the National Assembly's plenary session saw the passage of fourteen environmental laws, including the Framework Act on Environmental Policy and the Sewerage Act, according to the Ministry of the Environment (ME, Minister Han Wha-jin). The National Assembly's legislation will be sent to the State Council for approval. They'll either go into effect right away or on January 1st, 2024."
"1 Jun 2022,Modifications to the guidance document for human medical products with the active ingredient HMV4,Switzerland,Sustainable Healthcare,Healthcare,
                                                    Swissmedic
                                                ,",https://www.globaldata.com/esg/regulatorysummary/modifications-to-the-guidance-document-for-human-medical-products-with-the-active-ingredient-hmv4,Modifications to the guidance document for human medical products with the active ingredient HMV4,"Thursday, 09 June 2022","In the course of ensuring the currency of published information, Swissmedic has made editorial and content-related clarifications in the guidance document Authorisation of human medicinal product with known active substance HMV4 which reflect Swissmedic practice and do not involve any new requirements for applicants. In particular, references to international guidelines have been updated. The revised guidance document is valid with effect from June 01, 2022."
"1 Jun 2022,Northern Arizona and Southwest Utah Implement Fire Restrictions,United States,Sustainable Forestry,Agriculture & Forestry,
                                                    U.S. Bureau of Land Management
                                                ,",https://www.globaldata.com/esg/regulatorysummary/northern-arizona-and-southwest-utah-implement-fire-restrictions,Northern Arizona and Southwest Utah Implement Fire Restrictions,"Thursday, 09 June 2022","Due to another year of on-going drought and record low precipitation levels, Color Country Interagency Fire Managers are implementing fire restrictions beginning June 2 at 12:01 a.m. on the Arizona Strip and all unincorporated county, state and federally administered public lands in the following Utah counties: Washington, Kane, Garfield, and Iron."
"31 May 2022,NMFS Ends Shallow-Water Species Trawling in the GOA,North America,Biodiversity; Sustainable Fishery,Agriculture & Forestry,
                                                    National Oceanic and Atmospheric Administration
                                                ,",https://www.globaldata.com/esg/regulatorysummary/nmfs-ends-shallow-water-species-trawling-in-the-goa,NMFS Ends Shallow-Water Species Trawling in the GOA,"Monday, 20 June 2022","The National Marine Fisheries Service (NMFS) is prohibiting directed fishing for species that comprise the shallow-water species fishery by vessels using trawl gear in the Gulf of Alaska (GOA), according to Steven Pennoyer, Administrator, Alaska Region, NMFS.

The species and species groups that comprise the shallow-water species fishery are: pollock, Pacific cod, shallow-water flatfish, flathead sole, Atka mackerel, and ""other species."" This closure does not apply to fishing for pollock by vessels using pelagic trawl gear in those portions of the GOA open to directed fishing for pollock.

This closure is effective from 1200 hrs, Alaska local time (A.l.t.), April 1, 1999, until 1200 hrs, A.l.t., July 4, 1999"
"31 May 2022,Bipartisan Infrastructure Law Initiative Launched by the Government to Connect More Clean Energy to the Grid,United States,Renewable Energy,Energy Infrastructure,
                                                    US Department of Energy
                                                ,",https://www.globaldata.com/esg/regulatorysummary/bipartisan-infrastructure-law-initiative-launched-by-the-government-to-connect-more-clean-energy-to-the-grid,Bipartisan Infrastructure Law Initiative Launched by the Government to Connect More Clean Energy to the Grid,"Thursday, 09 June 2022","U.S. Department of Energy (DOE) launched the Interconnection Innovation e-Xchange (i2X) — a new partnership funded by President Biden’s Bipartisan Infrastructure Law that brings together grid operators, utilities, state and tribal governments, clean energy developers, energy justice organizations, and other stakeholders to connect more clean energy to America’s power grid by solving challenges facing the power industry. The partnership will help reduce wait times for clean energy sources in interconnection queues and lower costs to connect to the grid. As the Biden Administration ramps up expansion of new renewable energy to reach the President's goal of 100% clean electricity by 2035, i2X partners will develop solutions for faster, simpler, and fairer interconnection of clean energy resources through better data, roadmap development, and technical assistance."
"31 May 2022,The Interior Department outlines initiatives to promote clean energy production on public lands.,United States,Solar; Renewable Energy,Power Generation; Energy Infrastructure,
                                                    Department of Interior
                                                ,",https://www.globaldata.com/esg/regulatorysummary/the-interior-department-outlines-initiatives-to-promote-clean-energy-production-on-public-lands,The Interior Department outlines initiatives to promote clean energy production on public lands.,"Tuesday, 07 June 2022","Secretary of the Interior Deb Haaland visited Nevada today, where she announced significant policy and organizational updates to advance clean energy production on public lands and meet the Biden-Harris administration’s goal of a net-zero economy by 2050. Secretary Haaland announced that the Department will begin implementation of a new policy to reduce rents and fees charged for wind and solar projects on public lands and is establishing Renewable Energy Coordination Offices in Bureau of Land Management (BLM) offices throughout the west. New Rate Reduction Policy The Energy Act of 2020 provided authority for the BLM to reduce rents and fees if necessary to promote the greatest use of wind and solar resources. The new rate reduction policy for solar and wind, as well as the BLM’s prioritization of applications, will incentivize industry to partner in responsible solar and wind development. The new policy will reduce rents and fees substantially and enhance rate predictability for wind and solar developers. On average, the BLM expects rents and fees to decrease by over 50 percent due to lower acreage rents and a standard megawatt fee that promotes more efficient wind and solar or hybrid projects on public lands."
"31 May 2022,Government Establishes HHS Office of Environmental Justice,United States,Environment,Government and Non-Profit Organisations,
                                                    US Department of Health and Human Services
                                                ,",https://www.globaldata.com/esg/regulatorysummary/government-establishes-hhs-office-of-environmental-justice,Government Establishes HHS Office of Environmental Justice,"Friday, 10 June 2022","Today, the U.S. Department of Health and Human Services (HHS) is establishing an Office of Environmental Justice (OEJ) to better protect the health of disadvantaged communities and vulnerable populations on the frontlines of pollution and other environmental health issues. The new office will sit within the Office of Climate Change and Health Equity at HHS. As the HHS-wide hub for environmental justice policy, programming, and analysis, the Office of Environmental Justice is tasked with:"
"31 May 2022,New Energy Efficiency Standards Created for Air Conditioners Used in Homes,Japan,Environment,Consumer; Household Appliances; Airconditioners,
                                                    Ministry of Economy, Trade and Industry, Japan
                                                ,",https://www.globaldata.com/esg/regulatorysummary/new-energy-efficiency-standards-created-for-air-conditioners-used-in-homes,New Energy Efficiency Standards Created for Air Conditioners Used in Homes,"Monday, 20 June 2022","Under the Act on the Rational Use of Energy, METI is promoting efforts toward energy efficiency regarding equipment for which it is particularly necessary to improve consumption efficiency. Its approaches include setting energy efficiency standards that relevant manufacturers, etc. are required to ensure that their products satisfy by the target fiscal year. Heating and cooling accounts for a large percentage of household energy consumption (approx. 30%). In light of this fact, a working group(*1) discussed reviewing the energy efficiency standards for home-use air conditioners and compiled a report(*2) in February 2022 indicating a new target fiscal year, energy efficiency standards, and other matters. In light of this report, on May 31, METI promulgated a Public Notice that stipulates new energy efficiency standards and other rules with FY 2027 or FY2029 as the target years."
"27 May 2022,China Imposes a Voluntary Moratorium on Fishing in the Northern Indian Ocean,China,Environment; Sustainable Fishery,Agriculture & Forestry,
                                                    Institute of Food and Nutrition Development of the Ministry of Agriculture and Rural Affairs
                                                ,",https://www.globaldata.com/esg/regulatorysummary/china-imposes-a-voluntary-moratorium-on-fishing-in-the-northern-indian-ocean,China Imposes a Voluntary Moratorium on Fishing in the Northern Indian Ocean,"Tuesday, 07 June 2022","The MARA issued a notice on May 25, 2022, launching a voluntary fishing moratorium covering international waters in the northern Indian Ocean for the first time. During the moratorium period, all Chinese high seas fishing boats (tuna longline and tuna purse seine fishing boats excluded), such as those employing squid jigs, trawl nets and purse seines (lift nets and cast nets) using lights, will suspend operations in targeted waters. Since 2020, China has implemented voluntary fishing moratoria in key fishing grounds, including the southwestern Atlantic Ocean and the eastern Pacific Ocean for two consecutive years. Thus, all high seas areas (or fish species) not subject to the jurisdiction of any international fishery organization have been covered by China-launched voluntary fishing moratorium."
"27 May 2022,Protection against unfair commercial practices – What will improve for consumers from May 28th,Germany,Fairly Traded,Consumer; Retail,
                                                    Federal Ministry of Food Agriculture and Consumer Protection|German Environment Agency
                                                ,",https://www.globaldata.com/esg/regulatorysummary/protection-against-unfair-commercial-practices-what-will-improve-for-consumers-from-may-28th,Protection against unfair commercial practices – What will improve for consumers from May 28th,"Monday, 06 June 2022","Various innovations will come into force on May 28, 2022, which will protect consumers more effectively against unfair business practices and make it easier for them to compare products: Transparency regarding rankings, consumer ratings and personalized prices on online marketplaces will be strengthened. The protection against dubious doorstep selling and scams on so-called coffee trips is increased. Consumers are entitled to compensation if they are harmed by unfair business practices. With simplified basic prices and new comparative information, you can now also more easily compare product prices and discounts."
"27 May 2022,The ACCC proposes to amend the Customer Owned Banking Code of Practice,Australia,Governance; Social,Commercial Banking; Financial Services,
                                                    Australian Competition and Consumer Commission (ACCC)
                                                ,",https://www.globaldata.com/esg/regulatorysummary/the-accc-proposes-to-amend-the-customer-owned-banking-code-of-practice,The ACCC proposes to amend the Customer Owned Banking Code of Practice,"Monday, 20 June 2022","The ACCC proposes to grant authorisation to the Customer Owned Banking Association,  and current and future members,  to implement certain provisions of the Customer Owned Banking Code of Practice for five years. The ACCC considers the code of practice is likely to result in public benefits by improving the accessibility and affordability of banking services, enhancing protection for customers and guarantors and enhancing competition within the banking sector."
"26 May 2022,As of May 26, 2022, new rules will apply to in vitro diagnostic medical equipment,Switzerland,Sustainable Healthcare; Social; Health and Safety; Environment,In Vitro Diagnostics; Medical Devices; Healthcare,
                                                    Swissmedic
                                                ,",https://www.globaldata.com/esg/regulatorysummary/as-of-may-26-2022-new-rules-will-apply-to-in-vitro-diagnostic-medical-equipment,"As of May 26, 2022, new rules will apply to in vitro diagnostic medical equipment","Monday, 04 July 2022","The revision to the Ordinance on Clinical Trials with Medical Devices and the new Ordinance on In Vitro Diagnostic Medical Devices (IvDO) were both approved by the Federal Council on May 4, 2022. (CTO-MedD). The new laws' tougher criteria for conformity assessment and post-market surveillance are intended to increase patient safety. On May 26, 2022, the new legal requirements go into effect along with the EU's implementation of the IVDR. Clinical trials using in vitro diagnostic medical devices will no longer be governed by the Ordinance on Clinical Trials but rather by the Ordinance on Clinical Trials with Medical Devices (CTO-MedD) as of May 26, 2022. (ClinO)."
"26 May 2022,BLM improves fire restrictions and suspends firewood sales for the Rio Puerco and Socorro field offices of the Albuquerque district,United States,Sustainable Forestry,Agriculture & Forestry,
                                                    U.S. Bureau of Land Management
                                                ,",https://www.globaldata.com/esg/regulatorysummary/blm-improves-fire-restrictions-and-suspends-firewood-sales-for-the-rio-puerco-and-socorro-field-offices-of-the-albuquerque-district,BLM improves fire restrictions and suspends firewood sales for the Rio Puerco and Socorro field offices of the Albuquerque district,"Thursday, 02 June 2022","The BLM's Albuquerque District has amended Fire Prevention Order # NMA00000-22-01 and stopped the sale of all fuelwood licences due to the protracted drought and heightened fire risk. According to the revised fire prevention order, it is not permitted to cut or grind metal, use an arc or gas welder, or operate an open flame torch (hot work). Additionally, using any motorised equipment with internal or exterior combustion engines, including but not limited to chainsaws, is forbidden between the hours of 11 a.m. and 10 p.m. The hour limitations and additional restrictions on ""hot work"" and other operations also apply to authorised contractors and permittees. This order is effective at 12:0l a.m., MDT, May 27, and will remain in effect until further notice."
"26 May 2022,Royal Gorge field office drops all fire restrictions,United States,Environment,Agriculture & Forestry,
                                                    U.S. Bureau of Land Management
                                                ,",https://www.globaldata.com/esg/regulatorysummary/royal-gorge-field-office-drops-all-fire-restrictions,Royal Gorge field office drops all fire restrictions,"Tuesday, 07 June 2022","The Bureau of Land Management’s (BLM) Royal Gorge Field Office rescinded fire restrictions on BLM-administered public lands within the boundaries of Lake, Chaffee, Park, Teller, El Paso, Fremont, Custer, Pueblo, Otero, Bent, Huerfano, Las Animas, and Baca counties today. All fire restrictions in Royal Gorge Field Office are now rescinded. Although no fire restrictions are in effect, certain wildfire prevention measures always apply on BLM-administered public lands in Colorado."
"25 May 2022,Annual campfire restrictions effective on BLM rivers in Central Oregon,United States,Environment,Agriculture & Forestry,
                                                    U.S. Bureau of Land Management
                                                ,",https://www.globaldata.com/esg/regulatorysummary/annual-campfire-restrictions-effective-on-blm-rivers-in-central-oregon,Annual campfire restrictions effective on BLM rivers in Central Oregon,"Monday, 06 June 2022","Annual campfire restrictions will go into effect June 1, 2022, on portions of the Crooked, Deschutes, John Day, and White Rivers, as well as on BLM-administered lands along Lake Billy Chinook and Lake Simtustus. The river canyons present a combination of limited access, grassy fuels that dry out quickly, and steep slopes that allow wildfires to spread rapidly. The number one goal of the BLM is promoting employee and public safety. Reducing the risk of wildfire helps BLM be a good neighbor in the river canyons, while facilitating commercial recreation and multiple-use opportunities"
"25 May 2022,Updated list of medicinal products whose production processes requires authorization in accordance with Annex 3 TPLO,Switzerland,Sustainable Healthcare,Healthcare,
                                                    Swissmedic
                                                ,",https://www.globaldata.com/esg/regulatorysummary/updated-list-of-medicinal-products-whose-production-processes-require-required-authorization-in-accordance-with-annex-3-tplo,Updated list of medicinal products whose production processes requires authorization in accordance with Annex 3 TPLO,"Monday, 04 July 2022","With regard to the conditions for exemption from the requirement for a licence and mandatory authorisation for non-standardised medicinal products, the following changes have been made in section 3.3 of the information sheet: The revised information sheet is valid with effect from 18 May 2022."
"24 May 2022,DOE Issues an Additional Notice of Crude Oil Sale from the Strategic Petroleum Reserve,United States,Environment; Carbon Emissions; Natural Resources; Resource Scarcity; Mineral Resource Optimization,,
                                                    
                                                ,",https://www.globaldata.com/esg/regulatorysummary/doe-issues-an-additional-notice-of-crude-oil-sale-from-the-strategic-petroleum-reserve,DOE Issues an Additional Notice of Crude Oil Sale from the Strategic Petroleum Reserve,"Monday, 04 July 2022","The U.S. Department of Energy’s (DOE) Office of Fossil Energy and Carbon Management (FECM) today announced an additional Notice of Sale of up to 40.1 million barrels of crude oil from the Strategic Petroleum Reserve (SPR). In accordance with the President’s announcement, 90 million barrels will be released between May and August through two notices of sale totaling 70 million barrels and 20 million barrels from ongoing emergency sales. DOE has been executing on this announcement releasing oil from the Reserve at approximately that rate over the last several weeks. The next action in carrying out this release is represented by today's notice of sale. There are several steps to the release. Between May and mid-August, the first 90 million barrels will be made available. This includes the 40 million barrels being released through this notice of sale, the 30 million barrels that were announced for sale on April 1 after the President's announcement in March, and the 20 million barrels that were already slated to be released in May before the President's announcement in March. Between August and October, the remaining 90 million barrels will be discharged."
"24 May 2022,UK Shipping Office for Reducing Emissions,United Kingdom,Sustainable Shipping,Transportation; Infrastructure and Logistics,
                                                    Department for Transport
                                                ,",https://www.globaldata.com/esg/regulatorysummary/uk-shipping-office-for-reducing-emissions,UK Shipping Office for Reducing Emissions,"Monday, 04 July 2022","Shipping Office announced the launch of a package of initiatives to decarbonise the UK maritime sector and transition to zero emission shipping. From Department of Transport, Robert Courts MP announced -"
"23 May 2022,Earthworm Importation Regulations Updated by APHIS' Plant Protection and Quarantine,United States,Organic Farming; Sustainable Farming,Agriculture & Forestry,
                                                    U.S. Department of Agriculture
                                                ,",https://www.globaldata.com/esg/regulatorysummary/earthworm-importation-regulations-updated-by-aphis-plant-protection-and-quarantine,Earthworm Importation Regulations Updated by APHIS' Plant Protection and Quarantine,"Monday, 04 July 2022","As of July 1, 2022, all parties who import any species of earthworm into the United States must apply for and get a PPQ 526 pest permit, as well as adhere to all shipping and rearing regulations. This new rule, which is applicable to all species of earthworms, will aid in limiting the introduction and spread of pests and pathogens that could be hazardous and are carried by imported earthworms. Only nations free of the foot-and-mouth disease will be allowed to import earthworms into the United States for release into the environment by PPQ."
"19 May 2022,Framework under International Law : UNCLOS defines the ""Area"" to be the Common Heritage of Mankind,Germany,Marine Biodiversity,Mining; Mining,
                                                    German Environment Agency
                                                ,",https://www.globaldata.com/esg/regulatorysummary/framework-under-international-law-unclos-defines-the-area-to-be-the-common-heritage-of-mankind,"Framework under International Law : UNCLOS defines the ""Area"" to be the Common Heritage of Mankind","Friday, 27 May 2022","Depending on whether mining operations are conducted inside or outside of a country's borders, different rules under international law apply. Coastal waters, the continental shelf, the high seas, and ""the area"" are the main spatial areas that UNCLOS distinguishes between and specifies the nations' respective rights and obligations for. The territorial seas of the coastal states with exclusive sovereignty extend up to twelve nautical miles, depending on the classification under UNCLOS Article 3. (UNCLOS Articles 2 et seq.). The coastal nations have exclusive rights to exploit natural resources, both living and non-living, in the Exclusive Economic Zone (up to 200 nautical miles) and on the continental shelf (usually 200 nautical miles, or further in case of appropriate natural conditions). When exploring for or exploiting of mineral resources on the continental shelf, states are to comply with the requirements of Part XII of UNCLOS - ""Protection and preservation of the marine environment"". UNCLOS Articles 192 et seq. oblige coastal states to preserve and protect the marine environment. According to UNCLOS Article 194 (5), appropriate measures are necessary to protect and preserve rare or fragile ecosystems. According to UNCLOS Article 208 (3), national measures shall be no less effective than the internationally agreed level of protection. In Part XI, UNCLOS refers to the seabed beyond the national continental shelf as ""The Area"". UNCLOS Article 136 declares ""The Area"" to be the ""Common Heritage of Mankind"". The principle of ""Common Heritage of Mankind"" is usually assigned five core elements. First, UNCLOS Article 137 (1) provides, similar to the high seas, for a prohibition of appropriation of the deep seabed as a whole or any part thereof. UNCLOS Article 137 (2), also applies to mineral resources as long as they are still under the seabed surface. However, according to UNCLOS Article 137 (2), sentence 2, an appropriation of mineral resources is licit if it is done pursuant to the specifications of Part XI. Secondly, UNCLOS puts the exploitation of mineral resources of “The Area” under international administration (UNCLOS Article 137 (2), sentence 2, and UNCLOS Articles 156 and 157). The ISA, based in Kingston, Jamaica, is in charge of the administration. Third, UNCLOS Article 141 calls for “The Area” to be used exclusively for peaceful purposes. Fourth, UNCLOS Article 145 stipulates that ""effective protection of the marine environment from harmful effects"" is to be ensured. Fifth, UNCLOS Article 140 (2) and Articles 160 et seq. provide for financial and other economic revenues and benefits be shared equitably among all states (""benefit sharing"")."
"19 May 2022,Bill C-20 - An Act establishing the Public Complaints and Review Commission and amending various acts and statutory instruments,Canada,Social; Community Impact,Government and Non-Profit Organisations,
                                                    Public Safety Canada
                                                ,",https://www.globaldata.com/esg/regulatorysummary/bill-c-20---an-act-establishing-the-public-complaints-and-review-commission-and-amending-various-acts-and-statutory-instruments,Bill C-20 - An Act establishing the Public Complaints and Review Commission and amending various acts and statutory instruments,"Monday, 04 July 2022","The Government of Canada recognizes that robust accountability mechanisms can help ensure public trust in Canada’s law enforcement and border services institutions. Bill C-20, An Act establishing the Public Complaints and Review Commission and amending certain Acts and statutory instruments, proposes to enact a new standalone statute, the Public Complaints and Review Commission Act, which would replace the existing Civilian Review and Complaints Commission (CRCC) for the Royal Canadian Mounted Police (RCMP) with the Public Complaints and Review Commission (PCRC). The PCRC would serve as an enhanced independent review body for both the RCMP and the Canada Border Services Agency (CBSA)."
"18 May 2022,The EPA has added five PFAS chemicals to its list of regional screening and removal management levels in order to protect human health and the environment,United States,Pollution; Environment,Chemicals,
                                                    United States Environmental Protection Agency
                                                ,",https://www.globaldata.com/esg/regulatorysummary/the-epa-has-added-five-pfas-chemicals-to-its-list-of-regional-screening-and-removal-management-levels-in-order-to-protect-human-health-and-the-environment,The EPA has added five PFAS chemicals to its list of regional screening and removal management levels in order to protect human health and the environment,"Monday, 04 July 2022","By adding five additional PFAS chemicals, for a total of six PFAS chemicals, to a list of risk-based values that aids EPA in deciding whether response or remediation activities are required, EPA is making a significant advancement in the protection of people from per- and polyfluoroalkyl substances (PFAS). The EPA's move gives the Agency the vital resources it needs for Superfund and other Agency programmes to use the most recent peer-reviewed science to look into contamination and safeguard people from harmful PFAS chemicals. The five PFAS additions include: hexafluoropropylene oxide dimer acid and its ammonium salt (HFPO-DA – sometimes referred to as GenX chemicals), perfluorooctanesulfonic acid (PFOS), perfluorooctanoic acid (PFOA), perfluorononanoic acid (PFNA), and perfluorohexanesulfonic acid (PFHxS). EPA added the first PFAS substance, PFBS or perfluorobutanesulfonic acid, to the Regional Screening Level and Regional Removal Management Level lists in 2014 and updated it in 2021 when EPA released its updated toxicity assessment for PFBS."
"12 May 2022,Ship Safety: Draft Merchant Shipping (Standards of Training, Certification and Watchkeeping) Regulations 2022,United Kingdom,Sustainable Shipping,Transportation; Infrastructure and Logistics,
                                                    Department for Transport
                                                ,",https://www.globaldata.com/esg/regulatorysummary/ship-safety-draft-merchant-shipping-standards-of-training-certification-and-watchkeeping-regulations-2022,"Ship Safety: Draft Merchant Shipping (Standards of Training, Certification and Watchkeeping) Regulations 2022","Monday, 30 May 2022","Proposed regulations to improve seafarer training, certification and watchkeeping standards. The draft regulations repeal and replace the Merchant Shipping (Standards of Training, Certification, and Watchkeeping) Regulations 2015 (S.I. 2015/782), which were enacted to implement the International Convention on Standards of Training, Certification, and Watchkeeping for Seafarers, 1978 ('the STCW Convention') seafarer training, certification, and watchkeeping standards. The proposed regulations will be available for 28 days. Following the end of this period, and after any comments on the draught regulations have been considered, they will be laid before each House of Parliament for approval."
"12 May 2022,Environmental Principles Policy Statement published,United Kingdom,Environment,Consumer; Aerospace and Defence; Real Estate; Travel and Tourism; Agriculture & Forestry; Government and Non-Profit Organisations; Chemicals; Transportation; Infrastructure and Logistics; Packaging; Industrial Goods & Machinery; Mining; Technology; Media and Telecom; Automotive; Business and Consumer Services; Financial Services; Healthcare; Retail; Sport; Construction,
                                                    Department for Environment, Food and Rural Affairs
                                                ,",https://www.globaldata.com/esg/regulatorysummary/environmental-principles-policy-statement-published,Environmental Principles Policy Statement published,"Monday, 30 May 2022","The statement will embed protections and enhancements for the environment in government policy-making. A new legally-binding policy statement released today will incorporate environmental safeguards and enhancements into all government policymaking. In accordance with five internationally recognised principles, the declaration will direct ministers throughout government toward possibilities to avert environmental damage while encouraging innovation and sustainable development. This will ensure that the environment is taken into account when the government's work is designed and developed. Following a public consultation, the Government has listened to feedback and strengthened the policy statement in a number of areas, including: The principles are:"
"12 May 2022,Draft Legislation: The Motor Fuel (Composition and Content) (Amendment) (Northern Ireland) Regulations 2022,United Kingdom,Climate Change; Biofuels,,
                                                    Department for Transport
                                                ,",https://www.globaldata.com/esg/regulatorysummary/draft-legislation-the-motor-fuel-composition-and-content-amendment-northern-ireland-regulations-2022,Draft Legislation: The Motor Fuel (Composition and Content) (Amendment) (Northern Ireland) Regulations 2022,"Monday, 30 May 2022","A draft statutory instrument has been published to amend regulations and require the introduction of E10 petrol at filling stations in Northern Ireland. These regulations amend The Motor Fuel (Composition and Content) Regulations 1999 to require the introduction of E10 petrol (petrol with up to 10% ethanol) at filling stations in Northern Ireland. Following the successful introduction of E10 in Great Britain in September 2021, this subsequent amendment will bring the ethanol content of standard grade petrol in Northern Ireland in line with rest of the UK. The regulations also ensure the ongoing availability of E5 petrol (petrol with 5% or less ethanol) for those with vehicles and equipment unsuitable for use with E10."
"10 May 2022,Minimum wages for seafarers are set to sail,United Kingdom,Fair Wages,Transportation; Infrastructure and Logistics,
                                                    Department for Transport
                                                ,",https://www.globaldata.com/esg/regulatorysummary/minimum-wages-for-seafarers-are-set-to-sail,Minimum wages for seafarers are set to sail,"Monday, 04 July 2022","To ensure that seafarers who frequently enter UK ports are paid at least the equivalent of the UK national minimum wage, the government has implemented pay protection regulations. The government is enacting pay protection rules mandating ferry firms who frequently dock at UK ports to pay their employees the equivalent of the UK national minimum wage. This is in response to P&O Ferries' decision to lay off 800 employees. The new laws mean that all ferry operators that regularly call at UK ports will be legally obliged to pay an equivalent to the UK national minimum wage in order to access those ports, closing a legal loophole between UK and international maritime law that P&O Ferries ruthlessly exploited."
"6 May 2022,Adjustments to the Commercial Groundfish Fisheries of the Pacific Coast in 2022,United States,Sustainable Fishery; Marine Biodiversity,Agriculture & Forestry,
                                                    National Oceanic and Atmospheric Administration
                                                ,",https://www.globaldata.com/esg/regulatorysummary/adjustments-to-the-commercial-groundfish-fisheries-of-the-pacific-coast-in-2022,Adjustments to the Commercial Groundfish Fisheries of the Pacific Coast in 2022,"Monday, 30 May 2022","For vessels fishing north of Point Chehalis, Washington, NOAA Fisheries has reduced incidental landing restrictions for Pacific halibut in the limited-entry fixed-gear sablefish primary fishery. The limit will be cut from 225 lb (102 kilogramme) dressed halibut for every 1,000 lb (454 kg) dressed sablefish landed, with up to two halibut in excess of the ratio, to 150 lb (68 kg) dressed halibut for every 1,000 lb (454 [) dressed sablefish landed, with up to two halibut in excess of the ratio. This change will take effect on May 9, 2022, and will last until the end of the 2022 sablefish primary season, unless it is changed later by the Federal Register."
"6 May 2022,By amending Section 504 regulations, the United States Department of Education intends to strengthen and protect the rights of students with disabilities,United States,Diversity and Inclusion,Government and Non-Profit Organisations,
                                                    U.S. Department of Education
                                                ,",https://www.globaldata.com/esg/regulatorysummary/by-amending-section-504-regulations-the-united-states-department-of-education-intends-to-strengthen-and-protect-the-rights-of-students-with-disabilities,"By amending Section 504 regulations, the United States Department of Education intends to strengthen and protect the rights of students with disabilities","Monday, 30 May 2022","The US Department of Education announced plans to gather public input on possible amendments to the regulations implementing Section 504 of the Rehabilitation Act of 1973, the landmark disability civil rights law, 45 years after they were published in order to strengthen and protect the rights of students with disabilities. Section 504 outlaws discrimination on the basis of disability in federally funded public and private programmes and activities, such as schools and postsecondary institutions. The Department's Office for Civil Rights will seek public input to determine how to best modify present regulations to support America's disabled pupils. May is Mental Health Awareness Month, and President Biden presented a strategy to address the nation's mental health epidemic as part of the President's Unity Agenda. People with disabilities who also have mental health problems and their advocates will be included in OCR's work this month to listen to and request public input on reforms to the Department's disability rights regulations."
"2 May 2022,Final Rule to modify Red Grouper catch limits and catch targets in the Gulf of Mexico,North America,Marine Biodiversity; Sustainable Fishery,Agriculture & Forestry,
                                                    National Oceanic and Atmospheric Administration
                                                ,",https://www.globaldata.com/esg/regulatorysummary/final-rule-to-modify-red-grouper-catch-limits-and-catch-targets-in-the-gulf-of-mexico,Final Rule to modify Red Grouper catch limits and catch targets in the Gulf of Mexico,"Monday, 04 July 2022","A final red grouper rule for the Gulf of Mexico has been announced by NOAA Fisheries. The Gulf of Mexico Red Grouper Sector Annual Catch Limits and Sector Annual Catch Targets will be revised as a result of this regulation, which implements management measures from Amendment 53 to the Fishery Management Plan for the Reef Fish Resources in the Gulf of Mexico."
"30 Apr 2022,The application of biocides in animal housing: development of guidelines for their use in veterinary hygiene (PT 03) and the management of arachnids (PT 18) with consideration to the environment,Germany,Environment; Biodiversity,Agriculture & Forestry,
                                                    German Environment Agency
                                                ,",https://www.globaldata.com/esg/regulatorysummary/the-application-of-biocides-in-animal-housing-development-of-guidelines-for-their-use-in-veterinary-hygiene-pt-03-and-the-management-of-arachnids-pt-18-with-consideration-to-the-environment,The application of biocides in animal housing: development of guidelines for their use in veterinary hygiene (PT 03) and the management of arachnids (PT 18) with consideration to the environment,"Monday, 02 May 2022","When released into the environment, biocides may have unanticipated detrimental impacts on the environment. This project's goal was to examine current agricultural practises including the use of insecticides (PT 18) and disinfectants (PT 03) in animal husbandry. Based on the findings, suggestions for using biocidal agents in cattle husbandry were made to reduce potential environmental discharges. The long-term goal of the procedures is to ensure that there is a high degree of safety for both the environment and animal health while also creating a holistic hygiene management system in livestock farming, which includes cleaning, disinfection, and preventive actions against arthropods."
"29 Apr 2022,A new law has been enacted to empower the professions in the United Kingdom,United Kingdom,Diversity and Inclusion; Local Employment,Business and Consumer Services,
                                                    Department for Business, Energy and Industrial Strategy
                                                ,",https://www.globaldata.com/esg/regulatorysummary/a-new-law-has-been-enacted-to-empower-the-professions-in-the-united-kingdom,A new law has been enacted to empower the professions in the United Kingdom,"Monday, 30 May 2022",A new approach to recognising professional qualifications gained overseas has now received Royal Assent.
"29 Apr 2022,Charity (Amendment) Bill, General Scheme, 2022,Ireland,Governance; Community Impact; Ethics; Social,Government and Non-Profit Organisations; Financial Services; Wealth Management & Private Banking,
                                                    Department of Rural and Community Development
                                                ,",https://www.globaldata.com/esg/regulatorysummary/charity-amendment-bill-general-scheme-2022,"Charity (Amendment) Bill, General Scheme, 2022","Friday, 06 May 2022","The Charity Act of 2009 will see a number of changes as a result of the bill. The proposed changes are intended to enhance the Charities Regulator's capacity to carry out its statutory duties and provide more appropriate regulation, which would increase public confidence in the charities sector."
"28 Apr 2022,New Rule on Improving Survival of Hooked Oceanic Whitetip Sharks,North America,Marine Biodiversity; Sustainable Fishery,Agriculture & Forestry,
                                                    National Oceanic and Atmospheric Administration
                                                ,",https://www.globaldata.com/esg/regulatorysummary/new-rule-on-improving-survival-of-hooked-oceanic-whitetip-sharks,New Rule on Improving Survival of Hooked Oceanic Whitetip Sharks,"Thursday, 19 May 2022","NOAA is prohibiting wire leaders in the Hawaiʻi deep-set longline fishery. The measure is estimated to increase the survival of threatened oceanic whitetips by more than 30 percent In the Hawai'i deep-set longline fishery, a new regulation restricts the use of wire leaders in favour of monofilament nylon leaders, which takes effect on May 31, 2022. Longline fisherman began making this shift on their own in November 2020. Oceanic whitetip sharks used to be one of the most common shark species. They are now classified as endangered under the Endangered Species Act. Oceanic whitetip sharks are top predators that play an important role in the ecosystem by ensuring the survival of species below in the food chain."
"26 Apr 2022,The Animal Protection Act has been fully revised 31 years after its enactment,South Korea,Environment; Farm Animal Welfare,Agriculture & Forestry; Healthcare,
                                                    Ministry of Agriculture, Food and Rural Affairs
                                                ,",https://www.globaldata.com/esg/regulatorysummary/31-years-after-its-enactment-the-animal-protection-act-has-been-revised,The Animal Protection Act has been fully revised 31 years after its enactment,"Monday, 30 May 2022","Minister Kim Hyeon-Soo of the Ministry of Agriculture, Food and Rural Affairs (MAFRA) announced that the fully amended Animal Protection Act will be issued on April 26, 2022. The new Act will go into effect on April 27, 2023, one year after its subordinate statute was revised and promulgated. Given the time required for the amendments, certain of the Act's regulations will take effect on April 27, 2024, two years after the Act's promulgation."
"22 Apr 2022,2022 Banking (Capital) (Amendment) Gazette,Hong Kong; Asia,Ethics; Risk Management; Governance; Sustainable Finance,Commercial Banking; Investment Banking; Capital Markets; Investments and Asset Management; Risk management; Financial Services,
                                                    Government of Hong Kong
                                                ,",https://www.globaldata.com/esg/regulatorysummary/2022-banking-capital-amendment-gazette,2022 Banking (Capital) (Amendment) Gazette,"Friday, 29 April 2022","Today (April 22), the Banking (Capital) (Amendment) Regulations 2022 (BCAR) were published in the Gazette to apply the Basel Committee on Banking Supervision's international capital benchmark for banks. The BCAR primarily aims to put into practise the Basel Committee's 2013 (and 2019) enhanced capital requirements for banks' equity investments in funds. The standard is a component of Basel III, a reform package put in place in the wake of the global financial crisis to make banks more resilient to shocks in the future. By ensuring that banks' exposures to funds are supported by enough capital, the standard specifically supports the larger worldwide effort to tighten the oversight and regulation of shadow banking operations, including those carried out through funds."
"19 Apr 2022,Saudi central bank notifies modifications to certain articles of the application of finance laws,Saudi Arabia,Governance,Government and Non-Profit Organisations; Financial Services,
                                                    Saudi Central Bank
                                                ,",https://www.globaldata.com/esg/regulatorysummary/saudi-central-bank-notifies-modifications-to-certain-articles-of-the-application-of-finance-laws,Saudi central bank notifies modifications to certain articles of the application of finance laws,"Thursday, 21 April 2022","The Implementing Regulations of the Kingdom's Finance Laws have undergone some changes, according to the Saudi Central Bank (SAMA). According to SAMA, among the changes was H.E. the Minister of Finance's decision to revoke Article 4 of the Implementing Regulation of the Real Estate Finance Law. As a result, real estate finance companies are now permitted to engage in financing activities without specifying the restriction against combining Real Estate financing with other types of financing activities. SAMA retains the right to impose restrictions on licence. Further to the public consultation released earlier on the public Consultation Platform, SAMA approved amendment of article 16 of the Implementing Regulation of the Finance Companies Control Law. From now on, finance companies are allowed to practice financing activities without stipulating the prohibition of combining any of the financing activities. Noting that SAMA retains the discretion to restrict its licensing by certain conditions."
"16 Apr 2022,The EEC Council approved a new set of measures aimed at supplying goods to the internal market and harmonising technical regulations,Russia,Environment,Consumer; Retail,
                                                    Ministry of Economic Development of the Russian Federation
                                                ,",https://www.globaldata.com/esg/regulatorysummary/the-eec-council-approved-a-new-set-of-measures-aimed-at-supplying-goods-to-the-internal-market-and-harmonising-technical-regulations,The EEC Council approved a new set of measures aimed at supplying goods to the internal market and harmonising technical regulations,"Thursday, 19 May 2022","A meeting of the Council of the Eurasian Economic Commission was held on April 15, 2022. Deputy Prime Minister Alexei Overchuk was in attendance. The Ministry of Economic Development was represented by Deputy Minister Dmitry Volvach. Another package of steps to remove taxes on key imports was approved by the EEC Council. A total of 294 commodities items will be exempt from tariffs. The decision to eliminate the requirement to confirm the intended purpose of imported duty-free items was supported by members of the Commission Council. The steps taken will greatly minimise the administrative burden on businesses and streamline customs administration. Several key decisions in the field of technical regulation in the EEU were agreed at the meeting of the Council. The technical regulations “On safety of perfumes and cosmetic products” have been amended. The changes are aimed at updating the document taking into account the best international standards, which will increase the marketability of EEU goods."
"15 Apr 2022,Southern Ute Indian Tribe’s Water Quality Standards approved by EPA,United States,Water Management,Government and Non-Profit Organisations,
                                                    United States Environmental Protection Agency
                                                ,",https://www.globaldata.com/esg/regulatorysummary/southern-ute-indian-tribes-water-quality-standards-approved-by-epa,Southern Ute Indian Tribe’s Water Quality Standards approved by EPA,"Thursday, 19 May 2022","Under the federal Clean Water Act, the US Environmental Protection Agency Region 8 (EPA) has approved the Southern Ute Indian Tribe's water quality criteria. The Tribe's Environmental Programs Division has worked for 20 years to get this approval. With EPA's approval, the Southern Ute Indian Tribe joins a select group of 574 federally recognised tribes in having tribal water quality standards certified under the Clean Water Act. The Tribe will be able to protect the water quality of the lakes and rivers they utilise for swimming, boating, and fishing as a result of the approval. The Southern Ute Indian Reservation is located in southwest Colorado and is comprised of lands within La Plata, Archuleta and Montezuma counties. Water quality standards are state, territorial, tribal or federal law that determine the water quality goals for rivers, streams, lakes and wetlands. Water quality standards serve as the basis for several Clean Water Act programs, including issuing permits for discharges and assessing water quality."
"14 Apr 2022,New guidelines for increasing investments in Africa's agrifood systems for youth,United States; Africa,Environment; Social; Sustainable Farming,Agriculture & Forestry,
                                                    Food and Agriculture Organization of the United Nations
                                                ,",https://www.globaldata.com/esg/regulatorysummary/new-guidelines-for-increasing-investments-in-africas-agrifood-systems-for-youth,New guidelines for increasing investments in Africa's agrifood systems for youth,"Thursday, 19 May 2022","During the 32nd FAO Regional Conference for Africa, the Food and Agriculture Organization of the United Nations (FAO) and the African Union Commission (AUC) released new guidelines for scaling up investments for and with youth in agrifood systems in Africa (ARC32). Throughout all phases of the investment programme cycle, the Investment Guidelines for Youth in Agrifood Systems in Africa gives practical ""how to"" procedures for developing youth-focused and youth-sensitive investment programmes that consider youth as participants in rural development. The guidelines are for governments, financial and technical partners, the commercial sector, civil society, and young women and men who are involved in creating and implementing agrifood investment programmes."
"13 Apr 2022,New Standard allows for exemption from animal testing for the manufacture of veterinary biological products,Brazil,Farm Animal Welfare; Sustainable Healthcare; Environment,Healthcare,
                                                    Ministry of Agriculture, Livestock and Supply, Brazil
                                                ,",https://www.globaldata.com/esg/regulatorysummary/new-standard-allows-for-exemption-from-animal-testing-for-the-manufacture-of-veterinary-biological-products,New Standard allows for exemption from animal testing for the manufacture of veterinary biological products,"Thursday, 19 May 2022","The waiver is eefective once manufacturing process for these products has been improved. Brazil is on par with other countries that no longer use these tests, such as the United States and Japan. Innocuous testing on animals, also known as TABST and LABST (Target and Laboratory Animal Batch Safety Tests), were created about a century ago and are influenced by the new Brazilian rule. A significant number of mice, guinea pigs, birds, and large animals are used in these tests. The elimination of these animal tests for veterinary product quality control is due to advancements in the manufacturing process, which has come a long way in recent decades, introducing strict controls over starting materials and the implementation of GMP, quality assurance and control, and pharmacovigilance systems."
"12 Apr 2022,The National Marine Fisheries Service (NMFS) has banned directed pollock fishing in the Gulf of Alaska's West Yakutat District,North America,Environment; Biodiversity; Sustainable Fishery,Agriculture & Forestry,
                                                    National Oceanic and Atmospheric Administration
                                                ,",https://www.globaldata.com/esg/regulatorysummary/the-national-marine-fisheries-service-nmfs-has-banned-directed-pollock-fishing-in-the-gulf-of-alaskas-west-yakutat-district,The National Marine Fisheries Service (NMFS) has banned directed pollock fishing in the Gulf of Alaska's West Yakutat District,"Thursday, 19 May 2022","According to Jonathan M. Kurland, Regional Administrator, Alaska Region, NMFS, directed pollock fishing will be prohibited in the West Yakutat District (Statistical Area 640, between 140 and 147 degrees W. longitude) of the Gulf of Alaska (GOA) beginning April 13, 2022, at 12 noon Alaska local time. This action is required to avoid exceeding the total authorised catch of pollock in the GOA's West Yakutat District in 2022, and is issued under 50 CFR 679.20(d)(1) (iii)."
"12 Apr 2022,Five new substances have been added to the REACH Authorisation List.,Europe,,Chemicals,
                                                    European Chemicals Agency (ECHA)
                                                ,",https://www.globaldata.com/esg/regulatorysummary/five-new-substances-have-been-added-to-the-reach-authorisation-list,Five new substances have been added to the REACH Authorisation List.,"Tuesday, 10 May 2022","Companies will need to apply for authorization if they want to use these substances after the specified sunset dates. There are now 59 entries on the Authorization List. ECHA identified the five substances as substances of very high concern due to their reprotoxic, carcinogenic or endocrine disrupting properties and recommended for the European Commission to add them to the Authorisation List in 2019"
"8 Apr 2022,UK Low Carbon Hydrogen Standard : Emissions reporting and sustainability standards,United Kingdom,Carbon Emissions; Hydrogen,Energy Storage,
                                                    Department for Business, Energy and Industrial Strategy
                                                ,",https://www.globaldata.com/esg/regulatorysummary/uk-low-carbon-hydrogen-standard-emissions-reporting-and-sustainability-standards,UK Low Carbon Hydrogen Standard : Emissions reporting and sustainability standards,"Thursday, 19 May 2022","The Low Carbon Hydrogen Standard establishes a maximum threshold for greenhouse gas emissions in the production process for hydrogen to be classified as ""low carbon hydrogen."" Following the standard will assist ensure that new low-carbon hydrogen generation contributes directly to our carbon reduction goals. The methodology for calculating the emissions connected with hydrogen production is outlined in this document, as well as the procedures producers should take to demonstrate that the hydrogen they create meets the It is for use by hydrogen producers seeking support from government schemes and policies that have adopted the standard. The standard requires hydrogen producers to:"
"6 Apr 2022,The EEC Council approved a new ""package"" of measures aimed at saturating the EAEU single market with socially significant items,Russia,Social,Consumer,
                                                    Ministry of Economic Development of the Russian Federation
                                                ,",https://www.globaldata.com/esg/regulatorysummary/the-eec-council-approved-a-new-package-of-measures-aimed-at-saturating-the-eaeu-single-market-with-socially-significant-items,"The EEC Council approved a new ""package"" of measures aimed at saturating the EAEU single market with socially significant items","Thursday, 19 May 2022","On the initiative of Russia, an extraordinary meeting of the Council of the Eurasian Economic Commission was held on April 5, 2022. The agenda featured topics on which the adoption of resolutions will assure the EAEU member states' economic sustainability. Deputy Ministers Dmitry Volvach and Vladimir Ilichev represented Russia's Ministry of Economic Development. The focus is on collaborative efforts in the areas of customs and tariff control. The Commission's Council decided to freeze import customs duty rates on 938 commodity goods until September 30, 2022, while the EEC Board will make a decision on zeroing some commodity products in the near future."
"5 Apr 2022,NMFS Prohibits Directed Fishing for Pacific Cod by Catcher Vessels using Trawl Gear in the Western Regulatory Area of the Gulf of Alaska,North America,Sustainable Fishery; Biodiversity; Environment,Agriculture & Forestry,
                                                    National Oceanic and Atmospheric Administration
                                                ,",https://www.globaldata.com/esg/regulatorysummary/nmfs-prohibits-directed-fishing-for-pacific-cod-by-catcher-vessels-using-trawl-gear-in-the-western-regulatory-area-of-the-gulf-of-alaska,NMFS Prohibits Directed Fishing for Pacific Cod by Catcher Vessels using Trawl Gear in the Western Regulatory Area of the Gulf of Alaska,"Thursday, 19 May 2022","According to Jonathan M. Kurland, Regional Administrator, Alaska Region, NMFS, directed fishing for Pacific cod by catcher vessels utilising trawl gear in the Western Regulatory Area of the Gulf of Alaska (GOA) would be prohibited effective 12 noon, Alaska local time, April 6, 2022. This step is required to avoid exceeding the A season quota of the total permissible catch for catcher vessels utilising trawl gear in the GOA's Western Regulatory Area in 2022. This action is being taken in accordance with 50 CFR 679.20(d)(1) (iii)."
"1 Apr 2022,NOAA Fisheries Announces Changes to Atlantic Dolphin and Wahoo Fishery Catch Levels, Sector Allocations, Accountability Measures, and Management Measures,United States,Biodiversity; Environment; Sustainable Fishery; Marine Biodiversity,Agriculture & Forestry,
                                                    National Oceanic and Atmospheric Administration
                                                ,",https://www.globaldata.com/esg/regulatorysummary/noaa-fisheries-announces-changes-to-atlantic-dolphin-and-wahoo-fishery-catch-levels-sector-allocations-accountability-measures-and-management-measures,"NOAA Fisheries Announces Changes to Atlantic Dolphin and Wahoo Fishery Catch Levels, Sector Allocations, Accountability Measures, and Management Measures","Thursday, 19 May 2022","NOAA Fisheries has issued the final rule for Amendment 10 to the Fishery Management Plan for the Atlantic Dolphin and Wahoo Fishery (Dolphin Wahoo Amendment 10). The final rule and Dolphin Wahoo Amendment 10 will revise the acceptable biological catch, annual catch limits, sector allocations, accountability measures, and management measures for dolphin and wahoo."
"1 Apr 2022,The US Department of Transportation has announced new vehicle fuel economy standards for model years 2024-2026.,United States,Sustainable Transportation,Transportation; Infrastructure and Logistics,
                                                    U.S. Department of Transportation
                                                ,",https://www.globaldata.com/esg/regulatorysummary/the-us-department-of-transportation-has-announced-new-vehicle-fuel-economy-standards-for-model-years-2024-2026,The US Department of Transportation has announced new vehicle fuel economy standards for model years 2024-2026.,"Thursday, 19 May 2022","Standards to require fleet average of 49 mpg by 2026, save consumers money, and advance U.S. energy independence. The National Highway Traffic Safety Administration of the United States Department of Transportation announced today new, historic fuel economy standards in response to President Biden's executive order to advance American leadership in clean cars. The new standards will increase the efficiency of vehicle miles per gallon, save consumers money at the pump, and reduce transportation emissions. The new Corporate Average Fuel Economy standards mandate an industry-wide fleet average of approximately 49 mpg for passenger cars and light trucks in model year 2026, representing the most stringent cost savings and fuel efficiency standards to date. The new standards will increase fuel efficiency by 8% per year for model years 2024-2025 and 10% per year for model year 2026.They will also increase the estimated fleetwide average by nearly 10 miles per gallon for model year 2026, relative to model year 2021."
"31 Mar 2022,Directed Fishing for Pacific cod by Catcher Vessels Using Trawl Gear in the Bering Sea and Aleutian Islands prohibited by NMFS,North America,Environment; Biodiversity; Marine Biodiversity; Sustainable Fishery,Agriculture & Forestry,
                                                    National Oceanic and Atmospheric Administration
                                                ,",https://www.globaldata.com/esg/regulatorysummary/directed-fishing-for-pacific-cod-by-catcher-vessels-using-trawl-gear-in-the-bering-sea-and-aleutian-islands-prohibited-by-nmfs,Directed Fishing for Pacific cod by Catcher Vessels Using Trawl Gear in the Bering Sea and Aleutian Islands prohibited by NMFS,"Thursday, 12 May 2022","According to Jonathan M. Kurland, Regional Administrator, Alaska Region, NMFS, directed fishing for Pacific cod by catcher vessels using trawl gear in the Bering Sea and Aleutian Islands management area (BSAI) will be prohibited beginning at 12 noon, Alaska local time, March 30, 2022. This action is required to avoid exceeding the A season allocation of the 2022 Pacific cod total allowable catch allocated to catcher vessels using trawl gear in the BSAI and is issued in accordance with 50 CFR 679.20(d)(1) (iii). This closure does not apply to vessels taking part in the Community Development Program."
"31 Mar 2022,Ministry of Justice and Public Security guides Procons on changes in fuel taxes,Brazil,Biofuels; Environment; Renewable Energy; Climate Change; Natural Resources,,
                                                    Ministry of Justice and Public Security, Brazil
                                                ,",https://www.globaldata.com/esg/regulatorysummary/ministry-of-justice-and-public-security-guides-procons-on-changes-in-fuel-taxes,Ministry of Justice and Public Security guides Procons on changes in fuel taxes,"Thursday, 19 May 2022","Through the National Consumer Secretariat (Senacon), the Ministry of Justice and Public Security issued a technical note to guide Procons throughout Brazil on the new form of fuel taxation. The single collection of the Tax on the Circulation of Goods and Services was established by Law Supplementary No. 192 less than a month ago (ICMS). The goal is to make it easier to inspect this type of product. One of the Procons' directions is to inspect gas stations to see if they are clearly informing customers about how taxes are levied on the final price of gasoline, diesel, or ethanol. Senacon reinforces the need for this procedure, since information to consumers is guaranteed in the Consumer Protection Code , in the Tax on Invoice Law and in Decree 10.634/21 , which talks about fuel price transparency"
"31 Mar 2022,Critical Habitat for Ringed and Bearded Seals in U.S. Arctic designated by NOAA Fisheries,United States,Marine Biodiversity; Endangered Species Protection,Agriculture & Forestry,
                                                    National Oceanic and Atmospheric Administration
                                                ,",https://www.globaldata.com/esg/regulatorysummary/critical-habitat-for-ringed-and-bearded-seals-in-us-arctic-designated-by-noaa-fisheries,Critical Habitat for Ringed and Bearded Seals in U.S. Arctic designated by NOAA Fisheries,"Monday, 02 May 2022","Arctic ringed seals and the Beringia distinct population segment (DPS) of bearded seals have been designated critical habitat in US waters off the coast of Alaska by NOAA Fisheries. The Endangered Species Act classifies both species as threatened (ESA). The term ""critical habitat"" refers to geographic areas that possess features that are critical to the survival of a listed species. The important habitat region for each species covers the northern Bering, Chukchi, and Beaufort seas' marine waters. The designation of critical habitat does not create a preserve or refuge, and therefore has no bearing on Alaska Natives' subsistence harvest of ringed or bearded seals."
"30 Mar 2022,The Securities and Exchange Commission proposes rules to improve disclosure and protect investors in special purpose acquisition companies, shell companies, and projections.,United States,Governance,Financial Services,
                                                    U.S. Securities and Exchange Commission
                                                ,",https://www.globaldata.com/esg/regulatorysummary/the-securities-and-exchange-commission-proposes-rules-to-improve-disclosure-and-protect-investors-in-special-purpose-acquisition-companies-shell-companies-and-projections,"The Securities and Exchange Commission proposes rules to improve disclosure and protect investors in special purpose acquisition companies, shell companies, and projections.","Wednesday, 18 May 2022","The Securities and Exchange Commission proposed new rules and amendments today to improve disclosure and investor protection in initial public offerings by special purpose acquisition companies (SPACs) and business combination transactions involving shell companies like SPACs and private operating companies. Additional disclosures about SPAC sponsors, conflicts of interest, and sources of dilution would be required under the proposed new rules and modifications, among other things. They would also require more information about business combination deals between SPACs and private operating companies, including disclosures about the transactions' fairness. The proposed guidelines would also address issues with forecasts made by SPACs and their target companies, such as the Private Securities Litigation Reform Act safe harbour for forward-looking statements and the use of projections in Commission filings and business combination agreements."
"30 Mar 2022,DOE Issues New Energy-Saving Rules for Federal Buildings and Proposes New Consumer Appliance Standards,United States,,Consumer; Home Electronics & Appliances; Real Estate; Construction,
                                                    
                                                ,",https://www.globaldata.com/esg/regulatorysummary/doe-issues-new-energy-saving-rules-for-federal-buildings-and-proposes-new-consumer-appliance-standards,DOE Issues New Energy-Saving Rules for Federal Buildings and Proposes New Consumer Appliance Standards,"Wednesday, 18 May 2022","Federal Building Energy Code Requirements and Residential Appliance Proposals Would Save Americans Millions in Energy Costs and Advance Carbon Reduction Efforts. The U.S. Department of Energy (DOE) today announced new building energy code requirements for Federal buildings that will save taxpayer dollars and ensure that the federal government leads by example in energy efficiency. All new federal buildings and substantial retrofits must conform with the 2021 International Energy Conservation Code (IECC) and the 2019 American Society of Heating, Refrigerating, and Air Conditioning Engineers Standard 90.1 building energy codes starting in April 2023. Within the first year of implementation, the DOE anticipates that this approach will save $4.2 million in operational costs. To learn more about DOE’s work on building-efficiency and appliance standards, visit the Appliance and Equipment Standards Program and Building Energy Codes Program web pages by DOE."
"30 Mar 2022,NOAA Fisheries has announced the recreational fishing season for Black Sea Bass in the South Atlantic Region for 2022-2023.,North America,Sustainable Fishery,Agriculture & Forestry,
                                                    National Oceanic and Atmospheric Administration
                                                ,",https://www.globaldata.com/esg/regulatorysummary/noaa-fisheries-has-announced-the-recreational-fishing-season-for-black-sea-bass-in-the-south-atlantic-region-for-2022-2023,NOAA Fisheries has announced the recreational fishing season for Black Sea Bass in the South Atlantic Region for 2022-2023.,"Thursday, 12 May 2022","The recreational fishing season for black sea bass in federal waters of the South Atlantic, south of Cape Hatteras, North Carolina (35°15.19′ N. latitude), will begin on April 1, 2022, and end on April 1, 2023, at 12:01 a.m. local time.
In the South Atlantic, the recreational fishing season for black sea bass begins on April 1st and concludes when the recreational catch limit is expected to be reached.
Recreational landings for the 2022-2023 fishing season are expected to be below the recreational catch limit. As a result, NOAA Fisheries expects black sea bass to be open for recreational fishing throughout the 2022-2023 season."
"29 Mar 2022,Directed Fishing for Pacific cod by Catcher Vessels Greater Than or Equal to 50 Feet Length Overall Using Hook-and-line Gear in the Central Regulatory Area of the Gulf Alaska, prohibited by NMFS,North America,Marine Biodiversity; Sustainable Fishery; Biodiversity; Environment,Agriculture & Forestry,
                                                    National Oceanic and Atmospheric Administration
                                                ,",https://www.globaldata.com/esg/regulatorysummary/directed-fishing-for-pacific-cod-by-catcher-vessels-greater-than-or-equal-to-50-feet-length-overall-using-hook-and-line-gear-in-the-central-regulatory-area-of-the-gulf-alaska,"Directed Fishing for Pacific cod by Catcher Vessels Greater Than or Equal to 50 Feet Length Overall Using Hook-and-line Gear in the Central Regulatory Area of the Gulf Alaska, prohibited by NMFS","Monday, 09 May 2022","According to Jonathan M. Kurland, Regional Administrator, Alaska Region, NMFS, directed fishing for Pacific cod by catcher vessels greater than or equal to 50 feet (15.2 metres (m)) overall length using hook-and-line gear will be prohibited in the Central Regulatory Area of the Gulf of Alaska (GOA) beginning March 30, 2022, at 12 noon Alaska local time."
"29 Mar 2022,Northern Gulf of Maine Sea Scallop Possession Limit and Total Allowable Landings for the fishing year 2022,North America,Environment; Biodiversity; Sustainable Fishery; Marine Biodiversity,Agriculture & Forestry,
                                                    National Oceanic and Atmospheric Administration
                                                ,",https://www.globaldata.com/esg/regulatorysummary/northern-gulf-of-maine-sea-scallop-possession-limit-and-total-allowable-landings,Northern Gulf of Maine Sea Scallop Possession Limit and Total Allowable Landings for the fishing year 2022,"Monday, 09 May 2022","New measures for Northern Gulf of Maine (NGOM) scallop vessels, and a summary of how they may affect 2022 fishing plans and activities. Effective April 1, 2022. Total allowable landings (TAL) in the NGOM of 661,387 lb are implemented in Framework 34 of the Atlantic Sea Scallop Fishery Management Plan for fishing year 2022. This action subtracts 25,000 pounds of scallops from the NGOM TAL in order to increase the overall Scallop Research Set-Aside (RSA) that funds scallop research. Furthermore, this action deducts 1% of the NGOM Acceptable Biological Catch (ABC) from the NGOM TAL to support the Industry-Funded Scallop (IFS) Observer Program, which helps scallop vessels that carry an observer defray costs. Landings Limits  NGOM TAL 661,387 lb 1 percent NGOM ABC for Observers 15,080 lb RSA Contribution 25,000 lb NGOM Set-Aside 621,307 lb NGOM Annual Projected Landings (APL) 0 lb The landings limits for the 2023 fishing year are subject to change through a future specifications action or framework adjustment. "
"29 Mar 2022,Limited Access Allocations for the Atlantic Sea Scallop Fishery for the Fishing Year 2022,North America,Marine Biodiversity; Sustainable Fishery; Biodiversity; Environment,Agriculture & Forestry,
                                                    National Oceanic and Atmospheric Administration
                                                ,",https://www.globaldata.com/esg/regulatorysummary/limited-access-allocations-for-the-atlantic-sea-scallop-fishery-for-the-fishing-year-2022,Limited Access Allocations for the Atlantic Sea Scallop Fishery for the Fishing Year 2022,"Thursday, 12 May 2022","New measures for Limited Access vessels implemented as part of Framework Adjustment 34 to the Atlantic Sea Scallop Fishery Management Plan, as well as a summary of how they may affect fishing plans and activities for the 2022 fishing season Beginning April 1, 2022. Permit Category 2022 DAS Full-Time 24.0 Part-Time 9.6  Framework 34 maintains the Closed Area II, Nantucket Lightship-South-Deep Access Area, and Closed Area I Access Area as access areas for the fishing year 2022 and the beginning of 2023. Framework 34, on the other hand, will not allocate any additional landings from Closed Area I to the limited access fleet (see below). Full-time Access Area Allocations: The table below shows the limited access full-time allocations for all of the access areas, which can be used in as many trips as needed as long as the possession limit is not exceeded on each trip. **Framework 34 establishes a new access area possession limit of 15,000 pounds for full-time limited access vessels.** "
"29 Mar 2022,Individual Fishing Quota Allocations for the Atlantic Sea Scallop Fishery in the Year 2022,North America,Environment; Biodiversity; Sustainable Fishery; Marine Biodiversity,Agriculture & Forestry,
                                                    National Oceanic and Atmospheric Administration
                                                ,",https://www.globaldata.com/esg/regulatorysummary/individual-fishing-quota-allocations-for-the-atlantic-sea-scallop-fishery-in-the-year-2022,Individual Fishing Quota Allocations for the Atlantic Sea Scallop Fishery in the Year 2022,"Thursday, 12 May 2022","New measures for Limited Access General Category (LAGC) vessels and a summary of how they may affect fishing plans and activities for the 2022 fishing year. Effective April 1, 2022. The table below includes the  LAGC fleet fishing year 2022 IFQ allocations effective April 1, 2022, through March 31, 2023. **REMINDER** For IFQ vessels, all scallop harvest counts against your IFQ, regardless of where it is caught, including state waters. Fleet lb Total IFQ Annual Allocation 1,727,994 LAGC IFQ-Only Annual Allocation 1,570,904 Limited Access with LAGC IFQ Annual Allocation 157,090  "
"28 Mar 2022,Directed Fishing for Pacific cod by Catcher Vessels Using Trawl Gear in the Bering Sea and Aleutian Islands prohibited by NMFS,North America,Environment; Biodiversity; Sustainable Fishery; Marine Biodiversity,Agriculture & Forestry,
                                                    National Oceanic and Atmospheric Administration
                                                ,",https://www.globaldata.com/esg/regulatorysummary/directed-fishing-for-pacific-cod-by-catcher-vessels-using-trawl-gear-in-the-bering-sea-and-aleutian-islands-prohibited-by-nmfs,Directed Fishing for Pacific cod by Catcher Vessels Using Trawl Gear in the Bering Sea and Aleutian Islands prohibited by NMFS,"Thursday, 12 May 2022","According to Jonathan M. Kurland, Regional Administrator, Alaska Region, NMFS, directed fishing for Pacific cod by catcher vessels using trawl gear in the Bering Sea and Aleutian Islands management area (BSAI) will be prohibited beginning at 12 noon, Alaska local time, March 30, 2022. This action is required to avoid exceeding the A season allocation of the 2022 Pacific cod total allowable catch allocated to catcher vessels using trawl gear in the BSAI and is issued in accordance with 50 CFR 679.20(d)(1) (iii). This closure does not apply to vessels taking part in the Community Development Program."
"28 Mar 2022,All commercial and recreational fishing for or possession of Mutton and Lane Snapper in US Caribbean Federal Waters is prohibited during the season.,North America,Marine Biodiversity; Sustainable Fishery; Biodiversity; Environment,Agriculture & Forestry,
                                                    National Oceanic and Atmospheric Administration
                                                ,",https://www.globaldata.com/esg/regulatorysummary/all-commercial-and-recreational-fishing-for-or-possession-of-mutton-and-lane-snapper-in-us-caribbean-federal-waters-is-prohibited-during-the-season,All commercial and recreational fishing for or possession of Mutton and Lane Snapper in US Caribbean Federal Waters is prohibited during the season.,"Thursday, 12 May 2022","NOAA Fisheries informs fishermen and the general public of the forthcoming seasonal closure on mutton and lane snapper fishing and possession in US Caribbean federal waters. This shutdown will begin on April 1, 2022, at 12:01 a.m. local time and finish on June 30, 2022, at 11:59 p.m. local time.
Mutton and lane snapper collected and landed ashore prior to the shutdown are exempt from the possession ban.
The exclusive economic zone of the United States in the Caribbean stretches from the Territory of the United States Virgin Islands' three-nautical-mile seaward limit to the Commonwealth of Puerto Rico's nine-nautical-mile seaward boundary, out to 200 nautical miles offshore."
"25 Mar 2022,New fuel/energy rules with positive environmental impact published by EASA,Europe,Sustainable Transportation; Carbon Emissions,Transportation; Infrastructure and Logistics; Airlines,
                                                    
                                                ,",https://www.globaldata.com/esg/regulatorysummary/new-fuelenergy-rules-with-positive-environmental-impact-published-by-easa,New fuel/energy rules with positive environmental impact published by EASA,"Tuesday, 10 May 2022","The European Union Aviation Safety Agency has issued a Decision proposing that air operators be allowed to cut the amount of fuel carried during operations, lowering overall CO2 emissions and reducing the flight's environmental impact. Because of improved risk assessment, calculations based on better data, and better decision making, the amount of additional fuel required can be reduced while maintaining high safety levels. The regulatory package, which includes Regulation (EU) 2021/1296 and ED Decision 2022/005/R providing the AMC and GM, is consistent with ICAO guidance. The principles will also apply to aircraft that are powered entirely or partially by alternative energy sources, such as electric planes. The EASA Decision 2022/005/R will enter into force on October 30, 2022. The new rules bring in three different fuel schemes: basic fuel scheme, fuel scheme with variations and individual fuel scheme. The transition from the current rules to the basic fuel scheme requires little additional effort from the perspective of an air operator."
"24 Mar 2022,Directed Fishing for Pacific Cod by Hook-and-Line Catcher/Processors in the Central Regulatory Area of the Gulf Alaska prohibited by NMFS,United States,Sustainable Fishery; Marine Biodiversity; Biodiversity; Environment,Agriculture & Forestry,
                                                    National Marine Fisheries Service Federal agency
                                                ,",https://www.globaldata.com/esg/regulatorysummary/directed-fishing-for-pacific-cod-by-hook-and-line-catcherprocessors-in-the-central-regulatory-area-of-the-gulf-alaska-prohibited-by-nmfs,Directed Fishing for Pacific Cod by Hook-and-Line Catcher/Processors in the Central Regulatory Area of the Gulf Alaska prohibited by NMFS,"Monday, 04 April 2022","The National Marine Fisheries Service (NMFS) has declared the Central Regulatory Area of the Gulf of Alaska (GOA) closed to directed fishing for Pacific cod by catcher/processors utilising hook-and-line gear, effective March 25, 2022.
This measure is required to avoid exceeding the 2022 total permissible catch apportioned to catcher/processors utilising hook-and-line gear in the GOA's Central Regulatory Area's A season allowance."
"22 Mar 2022,Directed Fishing for Pacific Cod by Hook-and-Line Catcher/Processors in the western regulatory area of Gulf of Alaska prohibited by NMFS,United States,Environment; Biodiversity; Marine Biodiversity; Sustainable Fishery,Agriculture & Forestry,
                                                    National Marine Fisheries Service Federal agency
                                                ,",https://www.globaldata.com/esg/regulatorysummary/directed-fishing-for-pacific-cod-by-vessels-in-the-western-regulatory-area-of-gulf-of-alaska-prohibited-by-noaa-fisheries,Directed Fishing for Pacific Cod by vessels in the western regulatory area of Gulf of Alaska prohibited by NOAA Fisheries,"Wednesday, 16 February 2022","In the Western Regulatory Area in the Gulf of Alaska, the National Marine Fisheries Service (NMFS) has outlawed directed fishing for Pacific cod by non-American Fisheries Act (AFA) crab vessels operating as catcher vessels (CVs) using pot gear (GOA).This measure is required to avoid exceeding the sideboard limit of the total permissible catch distributed to non-AFA crab vessels operating as catcher vessels utilising pot gear in the GOA's Western Regulatory Area for the 2022 season."
"21 Mar 2022,US Department of Labor proposes rules to modify procedures to identify and remedy discrimination in federal contracting,United States,Diversity and Inclusion,Aerospace and Defence; Consumer; Travel and Tourism; Real Estate; Agriculture & Forestry; Government and Non-Profit Organisations; Chemicals; Transportation; Infrastructure and Logistics; Packaging; Industrial Goods & Machinery; Mining; Technology; Media and Telecom; Automotive; Business and Consumer Services; Financial Services; Healthcare; Retail; Sport; Construction,
                                                    U.S. Department of Labor
                                                ,",https://www.globaldata.com/esg/regulatorysummary/us-department-of-labor-proposes-rules-to-modify-procedures-to-identify-and-remedy-discrimination-in-federal-contracting,US Department of Labor proposes rules to modify procedures to identify and remedy discrimination in federal contracting,"Friday, 25 March 2022","The United States Department of Labor has proposed a change to a final rule that intends to develop a simplified, efficient, and flexible procedure that will allow the department to strategically use its resources to remove barriers to equal employment opportunity. The Office of Federal Contract Compliance Programs' proposed rulemaking aims to update the final rule, ""Nondiscrimination Obligations of Federal Contractors and Subcontractors: Procedures to Resolve Potential Employment Discrimination,"" which has been in force since Dec  2020. The proposal  would allow the Office of Federal Contract Compliance Programs to more effectively address unlawful discrimination while also giving federal contractors advance notice of issues."
"21 Mar 2022,APHIS Seeks Comments on Draft Pest Risk Assessment for importing Dragon Fruit import from Colombia,United States,Biodiversity; Farm Animal Welfare,Agriculture & Forestry,
                                                    U.S. Animal and Plant Health Inspection Service
                                                ,",https://www.globaldata.com/esg/regulatorysummary/aphis-seeks-comments-on-draft-pest-risk-assessment-for-importing-dragon-fruit-import-from-colombia,APHIS Seeks Comments on Draft Pest Risk Assessment for importing Dragon Fruit import from Colombia,"Friday, 25 March 2022","The Colombian government has requested that the USDA's Animal and Plant Health Inspection Service (APHIS) approve the importation of dragon fruit into the United States for human use. A pest risk assessment has been prepared by APHIS, which describes potential pests linked with the commodity. APHIS  seeks comments from stakeholders to see if they have any information that could lead to a revision of the draught assessment before pest mitigations are identified and begin the commodity import approval process."
"16 Mar 2022,National certification specification for the sustainability of the wine sector approved in Italy,Italy,Sustainable Farming; Environment,Agriculture & Forestry,
                                                    Ministry of Agricultural, Food and Forestry Policies
                                                ,",https://www.globaldata.com/esg/regulatorysummary/national-certification-specification-for-the-sustainability-of-the-wine-sector-approved-in-italy,National certification specification for the sustainability of the wine sector approved in Italy,"Friday, 01 April 2022","Italy has authorized a national certification standard for the wine industry's long-term viability. Through the many sustainable quality certification schemes operating at the national level, the decree systematizes the excellent practices and experiences conducted in the field of sustainability in the wine sector. The Italian wine industry thus gains a new intervention weapon in the form of a single sustainability standard, aiming at ensuring more sustainable viticulture and in line with the most recent rules contained in several European policies and rejected by the new Common Agricultural Policy."
"14 Mar 2022,Directed Fishing for Pacific Cod By Pot Catcher/Processors in the Bering Sea and Aleutian Islands prohibited by NMFS,United States,Sustainable Fishery; Marine Biodiversity; Biodiversity; Environment,Agriculture & Forestry,
                                                    National Marine Fisheries Service Federal agency
                                                ,",https://www.globaldata.com/esg/regulatorysummary/directed-fishing-for-pacific-cod-by-pot-catcherprocessors-in-the-bering-sea-and-aleutian-islands-prohibited-by-nmfs,Directed Fishing for Pacific Cod By Pot Catcher/Processors in the Bering Sea and Aleutian Islands prohibited by NMFS,"Monday, 04 April 2022","In the Bering Sea and Aleutian Islands management area (BSAI), the National Marine Fisheries Service (NMFS) prohibited directed fishing for Pacific cod by catcher/processors utilising pot gear on March 15, 2022. To avoid exceeding the A season apportionment of the 2022 Pacific cod total authorised catch assigned to catcher/processors utilising pot gear in the BSAI, this measure is required."
"14 Mar 2022,APHIS Seeks Comments on Draft Pest Risk Assessment for importing Wasabi from Indonesia,United States,Biodiversity; Farm Animal Welfare,Agriculture & Forestry,
                                                    U.S. Animal and Plant Health Inspection Service
                                                ,",https://www.globaldata.com/esg/regulatorysummary/aphis-seeks-comments-on-draft-pest-risk-assessment-for-importing-wasabi-from-indonesia,APHIS Seeks Comments on Draft Pest Risk Assessment for importing Wasabi from Indonesia,"Monday, 04 April 2022","The Indonesian government has requested that the USDA's Animal and Plant Health Inspection Service (APHIS) approve the importation of Fresh Wasabi  into the United States for human use. A pest risk assessment has been prepared by APHIS, which describes potential pests linked with the commodity. APHIS  seeks comments from stakeholders to see if they have any information that could lead to a revision of the draught assessment before pest mitigations are identified and begin the commodity import approval process."
"14 Mar 2022,Directed Fishing for Catcher Vessels Less Than 50 feet Length Overall Using Hook-and-line Gear in the Central Regulatory Area of the Gulf Alaska prohibited by NMFS,United States,Environment; Biodiversity; Marine Biodiversity; Sustainable Fishery,Agriculture & Forestry,
                                                    National Marine Fisheries Service Federal agency
                                                ,",https://www.globaldata.com/esg/regulatorysummary/directed-fishing-for-catcher-vessels-less-than-50-feet-length-overall-using-hook-and-line-gear-in-the-central-regulatory-area-of-the-gulf-alaska-prohibited-by-nmfs,Directed Fishing for Catcher Vessels Less Than 50 feet Length Overall Using Hook-and-line Gear in the Central Regulatory Area of the Gulf Alaska prohibited by NMFS,"Monday, 04 April 2022","On March 15, 2022, the National Marine Fisheries Service (NMFS) barred directed fishing for catcher vessels shorter than 50 feet (15.2 meters (m)) in length overall utilizing hook-and-line gear in the Gulf of Alaska's Central Regulatory Area.
This action is required to avoid the Central Regulatory Area of the GOA from exceeding the A season allowance of the 2022 total permissible catch distributed to catcher vessels shorter than 50 feet (15.2 m) overall length using hook-and-line gear."
"10 Mar 2022,New energy efficiency standard compiled for Sashes and Insulated Glass in Japan,Japan,Climate Change,Real Estate; Products & Materials; Construction,
                                                    Ministry of Economy, Trade and Industry, Japan
                                                ,",https://www.globaldata.com/esg/regulatorysummary/new-energy-efficiency-standard-compiled-for-sashes-and-insulated-glass-in-japan,New energy efficiency standard compiled for Sashes and Insulated Glass in Japan,"Thursday, 24 March 2022","Under the Top Runner Program, the Agency for Natural Resources and Energy (ANRE) developed new target standard values for sashes and insulated glass as construction materials based on the Act on the Rational Use of Energy (Act No. 49 of 1979)
The revised target standard values for windows with sashes and insulated glass have been raised by about 40%. The required heat insulating efficiency for windows is derived using the required energy efficiency performance for new houses constructed after 2030."
"9 Mar 2022,SEC proposes rules to enhance and standardize disclosures on Cybersecurity Risk Management, Strategy, Governance, and Incident reporting,United States,Governance; Risk Management,Consumer; Aerospace and Defence; Travel and Tourism; Agriculture & Forestry; Government and Non-Profit Organisations; Chemicals; Transportation; Infrastructure and Logistics; Packaging; Industrial Goods & Machinery; Mining; Technology; Media and Telecom; Automotive; Business and Consumer Services; Financial Services; Healthcare; Sport; Construction,
                                                    
                                                ,",https://www.globaldata.com/esg/regulatorysummary/sec-proposes-rules-to-enhance-and-standardize-disclosures-on-cybersecurity-risk-management-strategy-governance-and-incident-reporting,"SEC proposes rules to enhance and standardize disclosures on Cybersecurity Risk Management, Strategy, Governance, and Incident reporting","Thursday, 24 March 2022","The Securities and Exchange Commission recommended rule changes to improve and standardize disclosures by public firms about cybersecurity risk management, strategy, governance, and incident reporting. Current reporting of material cybersecurity incidents, as well as periodic reporting to give updates on previously reported cybersecurity issues, would be required under the proposed revisions. The proposal also calls for regular reporting on a registrant's policies and procedures for identifying and managing cybersecurity risks, The proposed revisions are designed to provide prompt communication to investors of material cybersecurity incidents and to better inform investors about a registrant's risk management, strategy, and governance."
"7 Mar 2022,Stronger standards proposed for Heavy-Duty Vehicles to Promote Clean Air by EPA,United States,Carbon Emissions; Climate Change; Pollution,Transportation; Infrastructure and Logistics,
                                                    Environmental Protection Agency's
                                                ,",https://www.globaldata.com/esg/regulatorysummary/stronger-standards-proposed-for-heavy-duty-vehicles-to-promote-clean-air-by-epa,Stronger standards proposed for Heavy-Duty Vehicles to Promote Clean Air by EPA,"Monday, 14 March 2022","Starting in model year (MY) 2027, the US Environmental Protection Agency (EPA) is proposing new, tougher regulations to promote clean air and minimise emissions from heavy-duty vehicles and engines. Smog- and soot-forming nitrogen oxides (NOx) emissions from heavy-duty gasoline and diesel engines would be reduced, and new greenhouse gas (GHG) regulations for specific commercial vehicle categories would be established. This proposed rule would ensure that the heavy-duty vehicles and engines that power American commerce and connect people throughout the country are as clean as feasible, while also laying the groundwork for the heavy-duty fleet to transition to zero-emission vehicles."
"3 Mar 2022,Italy renewed constitution for protection of biodiversity and ecosystems in the interest of future generations.,Italy,Biodiversity,Agriculture & Forestry,
                                                    Ministry of Ecological Transition
                                                ,",https://www.globaldata.com/esg/regulatorysummary/italy-renewed-constitution-for-protection-of-biodiversity-and-ecosystems-in-the-interest-of-future-generations,Italy renewed constitution for protection of biodiversity and ecosystems in the interest of future generations.,"Monday, 14 March 2022","Italy renes the fundamental principles in constitution hich now expressly contemplate the protection of biodiversity and ecosystems in the interest of future generations.It also caters concerns of the agricultural sector, the forests, the sea, the conservation of animal and plant species, many of which risk extinction even in our country"
"25 Feb 2022,New criteria defined for for the remediation of ""orphan sites"" by Italy,Italy,Brownfield Construction; Sustainable Land Management; Bioremediation,Sustainable construction; Business and Consumer Services; Construction,
                                                    Ministry of Ecological Transition
                                                ,",https://www.globaldata.com/esg/regulatorysummary/new-criteria-defined-for-for-the-remediation-of-orphan-sites-by-italy,"New criteria defined for for the remediation of ""orphan sites"" by Italy","Monday, 14 March 2022","The Ministry of Ecological Transition has defined the criteria for the reclamation interventions of ""orphan sites"", that is, those contaminated sites that have not been reclaimed by the managers or owners of the land, because they are unknown or defaulting. On the basis of these criteria, established with a decree by the Directorate General for the sustainable use of land and water resources, the Regions will be able to present reclamation project proposals to be financed from the funds of the National Recovery and Resilience Plan (PNRR)."
"17 Feb 2022,Japan recommends establishment of Technical Committee for ESG Rating and Data Providers, etc,Japan,Environment; Social; Governance,Consumer; Aerospace and Defence; Travel and Tourism; Agriculture & Forestry; Government and Non-Profit Organisations; Transportation; Infrastructure and Logistics; Chemicals; Packaging; Industrial Goods & Machinery; Mining; Technology; Media and Telecom; Automotive; Business and Consumer Services; Financial Services; Healthcare; Sport; Construction,
                                                    Financial Services Agency
                                                ,",https://www.globaldata.com/esg/regulatorysummary/japan-recommends-establishment-of-technical-committee-for-esg-rating-and-data-providers-etc,"Japan recommends establishment of Technical Committee for ESG Rating and Data Providers, etc","Friday, 18 February 2022","Under the Expert Panel on Sustainable Finance, the Financial Services Agency (FSA) announced the formation of the ""Technical Committee for ESG Rating and Data Providers, etc."" The Committee will talk about ESG rating and data suppliers, as well as companies and investors who play important roles in ESG assessment, data providing, and finance. Practitioners, market actors, and academics interested in ESG evaluation and data provision will serve on the Committee, with relevant ministries and agencies serving as observers. The secretariat will be the Strategy Development Division of the Financial Services Agency's Strategy Development and Management Bureau."
"16 Feb 2022,Guidance to Support Water Affordability and Clean Water Act Implementation proposed by EPA,United States,Water Management,Consumer; Aerospace and Defence; Travel and Tourism; Agriculture & Forestry; Government and Non-Profit Organisations; Transportation; Infrastructure and Logistics; Chemicals; Packaging; Industrial Goods & Machinery; Mining; Technology; Media and Telecom; Automotive; Business and Consumer Services; Financial Services; Healthcare; Sport; Construction,
                                                    Environmental Protection Agency's
                                                ,",https://www.globaldata.com/esg/regulatorysummary/guidance-to-support-water-affordability-and-clean-water-act-implementation-proposed-by-epa,Guidance to Support Water Affordability and Clean Water Act Implementation proposed by EPA,"Friday, 18 February 2022",The US Environmental Protection Agency (EPA) has released its proposed Financial Capability Assessment (FCA) Guidance for the Clean Water Act (CWA) in 2022 for public comment. The proposed guidance includes options for communities to sustain reasonable utility rates while planning water infrastructure expenditures that are necessary for CWA implementation.
"15 Feb 2022,Turtle Excluder Device (TED) Requirements enforced by NOAA Fisheries,United States,Sustainable Fishery; Marine Biodiversity,Agriculture & Forestry,
                                                    National Oceanic and Atmospheric Administration
                                                ,",https://www.globaldata.com/esg/regulatorysummary/turtle-excluder-device-ted-requirements-enforced-by-noaa-fisheries,Turtle Excluder Device (TED) Requirements enforced by NOAA Fisheries,"Thursday, 24 February 2022","The urtle Excluder Device (TED) requirements are now in effect to strengthen sea turtle conservation effort in US. A TED is a device that allows sea turtles to escape trawl nets, and its use is mandated by the Endangered Species Act's requirements. By minimising unintentional bycatch and death in southeastern US shrimp fisheries, TEDs contribute in the protection and recovery of sea turtle populations.All vessels utilising otter trawls and all vessels using skimmer trawls with a length of 40 feet or more must currently have TEDs properly placed in their nets. The length listed on the vessel's state vessel registration or U.S. Coast Guard vessel papers necessary to be onboard when fishing is referred to as the vessel length. Skimmer trawl vessels under 40 feet in length may choose to utilise properly fitted TEDs, but even if they don't, they must still adhere to the maximum tow time regulations."
"15 Feb 2022,US Department of Labor announces proposed rule to update powered industrial trucks standard to improve worker health and safety,United States,Social,Construction,
                                                    U.S. Department of Labor
                                                ,",https://www.globaldata.com/esg/regulatorysummary/us-department-of-labor-announces-proposed-rule-to-update-powered-industrial-trucks-standard-to-improve-worker-health-and-safety,US Department of Labor announces proposed rule to update powered industrial trucks standard to improve worker health and safety,"Thursday, 24 February 2022",The US Department of Labor's Occupational Safety and Health Administration has proposed rulemaking to improve worker safety and health by ensuring that the agency's general industry and construction industry standards reflect current industry practise and cutting-edge technology.OSHA will update its general industry and construction standards for powered industrial trucks under the proposed rule by including references to the most recent design and construction requirements published by the American National Standards Institute and the Industrial Truck Standards Development Foundation.
"9 Feb 2022,Conditions for the Interstate Movement of Citrus Fruit from Areas Quarantined for both Sweet Orange Scab and Citrus Canker revised by APHIS,United States,Biodiversity,Agriculture & Forestry,
                                                    U.S. Animal and Plant Health Inspection Service
                                                ,",https://www.globaldata.com/esg/regulatorysummary/conditions-for-the-interstate-movement-of-citrus-fruit-from-areas-quarantined-for-both-sweet-orange-scab-and-citrus-canker-revised-by-aphis,Conditions for the Interstate Movement of Citrus Fruit from Areas Quarantined for both Sweet Orange Scab and Citrus Canker revised by APHIS,"Thursday, 24 February 2022","The Animal and Plant Health Inspection Service (APHIS) revised  the conditions for interstate citrus fruit movement from areas quarantined for both sweet orange scab (Elsinöe australis, SOS) and citrus canker (Xanthomonas axonopodis, CC) to allow fruit to be transported to packing houses in neighbouring states that are not quarantined for either disease.The movement of fruit is subject to compliance protocols and restrictions to prevent the spread of economically harmful pests and diseases.States participating in the movement must design and coordinate a monitoring programme that includes quarterly surveys, on-site inspections, and shipping certification. A documented compliance agreement must be in place for all parties engaged in the harvest, transportation, and packing of regulated fruit."
"4 Feb 2022,Directed Fishing for Pacific Cod by vessels in the western regulatory area of Gulf of Alaska prohibited by NOAA Fisheries,United States,Marine Biodiversity; Sustainable Fishery,Agriculture & Forestry,
                                                    National Oceanic and Atmospheric Administration
                                                ,",https://www.globaldata.com/esg/regulatorysummary/directed-fishing-for-pacific-cod-by-vessels-in-the-western-regulatory-area-of-gulf-of-alaska-prohibited-by-noaa-fisheries,Directed Fishing for Pacific Cod by vessels in the western regulatory area of Gulf of Alaska prohibited by NOAA Fisheries,"Wednesday, 16 February 2022","In the Western Regulatory Area in the Gulf of Alaska, the National Marine Fisheries Service (NMFS) has outlawed directed fishing for Pacific cod by non-American Fisheries Act (AFA) crab vessels operating as catcher vessels (CVs) using pot gear (GOA).This measure is required to avoid exceeding the sideboard limit of the total permissible catch distributed to non-AFA crab vessels operating as catcher vessels utilising pot gear in the GOA's Western Regulatory Area for the 2022 season."
"1 Feb 2022,Australia updated regulations around discharge of garbage at sea,Australia,Pollution; Water Management; Marine Biodiversity,Transportation; Infrastructure and Logistics,
                                                    Australian Maritime Safety Authority
                                                ,",https://www.globaldata.com/esg/regulatorysummary/australia-updated-regulations-around-discharge-of-garbage-at-sea,Australia updated regulations around discharge of garbage at sea,"Monday, 14 February 2022","Australia published new notice outlining the requirements preventing pollution from the discharge of garbage. The disposal of all garbage into the sea from ships is prohibited, except in some limited circumstances. This includes food wastes, cargo residues, cleaning agents and additives, and mixed garbage. Certain requirements also apply to animal carcasses."
"31 Jan 2022,United States announced new taskforce to prevent human trafficking,United States,Social,Travel and Tourism; Aerospace and Defence; Automotive; Packaging; Consumer; Transportation; Infrastructure and Logistics; Financial Services; Business and Consumer Services; Healthcare; Government and Non-Profit Organisations; Technology; Media and Telecom; Sport; Agriculture & Forestry; Construction; Chemicals; Industrial Goods & Machinery; Mining,
                                                    
                                                ,",https://www.globaldata.com/esg/regulatorysummary/united-states-announced-new-taskforce-to-prevent-human-trafficking,United States announced new taskforce to prevent human trafficking,"Monday, 14 February 2022","The United States Department of Health and Human Services (HHS) has announced the formation of a Task Force to Prevent Human Trafficking (the Task Force). The Task Force will help HHS carry out the priority activities outlined in the previous National Action Plan to Combat Human Trafficking, as well as strengthen HHS' human trafficking prevention and intervention operations, focusing on partnerships, equity, and open data."
"29 Jan 2022,Italy signed protocol for sustainable packaging of fish products and containment of marine plastic pollution,Italy,Circular Economy,Agriculture & Forestry,
                                                    Ministry of Ecological Transition
                                                ,",https://www.globaldata.com/esg/regulatorysummary/italy-signed-protocol-for-sustainable-packaging-of-fish-products-and-containment-of-marine-plastic-pollution,Italy signed protocol for sustainable packaging of fish products and containment of marine plastic pollution,"Wednesday, 16 February 2022","The Ministry of Ecological Transition has signed an agreement with Federlegno Arredo, the Alliance of Italian Fishing Cooperatives, and the Marevivo environmental organisation to encourage the use of boxes for the storage and transportation of fish products manufactured from renewable raw materials. In line with the European Action Plan for Circular Economy, the goal is to experiment with and apply low-impact packaging to help reduce plastic in the water, including through awareness-raising and promotion campaigns on the ground."
"28 Jan 2022,Decree strengthening labelling on origin of meat published in France,France,Product Quality & Safety,Foodservice,
                                                    Ministry of Agriculture and Food, France
                                                ,",https://www.globaldata.com/esg/regulatorysummary/decree-strengthening-labelling-on-origin-of-meet-published-in-france,Decree strengthening labelling on origin of meat published in France,"Monday, 14 February 2022","France published a decree on the obligation to label the origin of meat served in out-of-home catering from  March 1, 2022.The origin of the meat (pork, poultry, lamb, mutton) served in all out-of-home catering (canteens, restaurants, company restaurants) must be indicated, as is the case for beef since 2002. The labeling of the origin of meat must mention the country of breeding and the country of slaughter, whether it concerns fresh, chilled, frozen or deep-frozen meat."
"26 Jan 2022,SEC proposes amendments to bring in more Alternative Trading Systems (ATS) that under the regulatory umbrella.,Australia,Social; Personal Data Privacy; Ethics; Governance,Financial Services,
                                                    Australian Securities & Investments Commission
                                                ,",https://www.globaldata.com/esg/regulatorysummary/sec-proposes-amendments-to-bring-in-more-alternative-trading-systems-ats-that-under-the-regulatory-umbrella,SEC proposes amendments to bring in more Alternative Trading Systems (ATS) that under the regulatory umbrella.,"Friday, 28 January 2022","The Securities and Exchange Commission proposed guidelines to better protect investors and improve cybersecurity by putting more Alternative Trading Systems (ATS) that trade Treasuries and other government assets under the regulatory umbrella, . The concept is based on a proposal from 2020. It would expand Regulation ATS to encompass systems that allow non-firm trading interest and protocols for bringing buyers and sellers together to trade any form of security. These Communication Protocol Systems would have to register as either exchanges or broker-dealers in order to comply with Regulation ATS."
"26 Jan 2022,Spain signed agreement with companies and public entities to advance in the fulfillment of the SDGs,Spain,,Consumer; Aerospace and Defence; Travel and Tourism; Agriculture & Forestry; Government and Non-Profit Organisations; Chemicals; Transportation; Infrastructure and Logistics; Packaging; Industrial Goods & Machinery; Mining; Technology; Media and Telecom; Automotive; Business and Consumer Services; Financial Services; Healthcare; Sport; Construction,
                                                    
                                                ,",https://www.globaldata.com/esg/regulatorysummary/spain-signed-agreement-with-companies-and-public-entities-to-advance-in-the-fulfillment-of-the-sdgs,Spain signed agreement with companies and public entities to advance in the fulfillment of the SDGs,"Friday, 28 January 2022","The Secretary of State for the 2030 Agenda has signed a collaboration framework agreement with 18 governmental entities and businesses to advance the 2030 Agenda's Sustainable Development Goals (SDG).The agreement includes the exchange of good practices in the implementation of the SDGs and their goals, in addition to the development of joint projects in the matter"
"26 Jan 2022,The Securities and Exchange Commission proposes amendments to enhance private fund reporting.,Australia,Systemic Risk Management,Financial Services,
                                                    Australian Securities & Investments Commission
                                                ,",https://www.globaldata.com/esg/regulatorysummary/the-securities-and-exchange-commission-proposes-amendments-to-enhance-private-fund-reporting,The Securities and Exchange Commission proposes amendments to enhance private fund reporting.,"Friday, 28 January 2022","The Securities and Exchange Commission  proposes amendments to Form PF, the confidential reporting form for certain SEC-registered investment advisers to private funds. In view of the growing private fund business, the proposed revisions are intended to strengthen the Financial Stability Control Council's (FSOC) ability to assess systemic risk, as well as the Commission's regulatory oversight of private fund advisers and investor protection activities."
"24 Jan 2022,Australia proposes amendments to Marine order 97 on air pollution prevention,Australia,Carbon Emissions,Transportation; Infrastructure and Logistics,
                                                    Australian Maritime Safety Authority
                                                ,",https://www.globaldata.com/esg/regulatorysummary/australia-proposes-amendments-to-marine-order-97-on-air-pollution-prevention,Australia proposes amendments to Marine order 97 on air pollution prevention,"Friday, 28 January 2022","Australia proposes to amend  Marine Order 97 (Marine pollution prevention – air pollution) to clarify the standards for nitrogen oxide, sulphur oxide, and ozone depleting chemical emissions from ships. Vessels must meet certain air emission limits as part of worldwide measures to minimise dangerous air pollution. The rules that apply are determined by a number of criteria, including whether a vessel operates internationally or locally, as well as the engine type and power output."
"14 Jan 2022,UK National Regulation: Construction products,United Kingdom,Sustainable Construction,Products & Materials; Construction,
                                                    Department for Business, Energy and Industrial Strategy
                                                ,",https://www.globaldata.com/esg/regulatorysummary/uk-national-regulation-construction-products,UK National Regulation: Construction products,"Monday, 04 July 2022","Information on the National Regulator for Construction Products' founding, the function of OPSS, and regulatory declarations. In January 2021, the government announced that the Office for Product Safety and Standards (OPSS) would take on responsibility for the national regulation of construction products. Evidence given during the Grenfell Tower Inquiry demonstrates that there is a clear need to confront poor practices in the construction products industry and to establish new norms that will restore public confidence in it. The Department for Levelling Up, Housing and Communities (DLUHC) is the lead Department, responsible for construction products. OPSS, in its role as the NRCP will act on behalf of and be funded by DLUHC. OPSS will continue to act as the national regulator for consumer products within the Department for Business, Energy and Industrial Strategy (BEIS)."
"14 Jan 2022,UK developed new guidance to manage oak tree pest,United Kingdom,Biodiversity,Agriculture & Forestry,
                                                    Forestry Commission
                                                ,",https://www.globaldata.com/esg/regulatorysummary/uk-developed-new-guidance-to-manage-oak-tree-pest,UK developed new guidance to manage oak tree pest,"Thursday, 20 January 2022","The Forestry Commission has released a new set of guidelines and resources for landowners and the general public to assist in the management of the Oak Processionary Moth (OPM).To cover the major infection region, an extended Established Area will be developed. Landowners will have more freedom in controlling OPM based on local circumstances and unique site risks with  two new types of financial assistance.To combat the spread of OPM into the Pest-Free Area, which includes the remainder of the UK, an expanded Buffer Zone will be introduced, with an annual programme of OPM surveillance and management."
"12 Jan 2022,Interagency agreement signed between NOAA and BOEM on wind energy Development,United States,Wind; Marine Biodiversity,Power Generation; Wind,
                                                    National Oceanic and Atmospheric Administration
                                                ,",https://www.globaldata.com/esg/regulatorysummary/interagency-agreement-signed-between-noaa-and-boem-on-wind-energy-development,Interagency agreement signed between NOAA and BOEM on wind energy Development,"Thursday, 20 January 2022","An interagency pact was signed by NOAA and the Bureau of Ocean Energy Management to promote wind energy while maintaining biodiversity and supporting cooperative ocean use. The new agreement reaffirms the agencies' commitment to deploy 30 gigawatts of wind energy generating capacity in federal seas by 2030 in a responsible manner. It makes use of both agencies' responsibilities, knowledge, and relationships to achieve this purpose."
"11 Jan 2022,Endangered species protection policy for registering new pesticides announced by EPA,United States,Marine Biodiversity; Endangered Species Protection,Agriculture & Forestry,
                                                    Environmental Protection Agency's
                                                ,",https://www.globaldata.com/esg/regulatorysummary/endangered-species-protection-policy-for-registering-new-pesticides-announced-by-epa,Endangered species protection policy for registering new pesticides announced by EPA,"Thursday, 20 January 2022","US Environmental Protection Agency (EPA) is taking significant steps to ensure compliance with the Endangered Species Act (ESA)  when examining and registering new pesticide active ingredients(AIs). Before registering any new conventional AI, the EPA will assess the AI's potential effects on federally threatened or endangered (listed) species and their designated critical habitats, as well as initiate ESA consultation with the US Fish and Wildlife Service and the National Marine Fisheries Service (the Services), as needed."
"10 Jan 2022,Amendment 21 to the Atlantic Sea Scallop Fishery Management Plan announced by NOAA Fisheries,United States,Environment; Biodiversity; Marine Biodiversity; Sustainable Fishery,Agriculture & Forestry,
                                                    National Oceanic and Atmospheric Administration
                                                ,",https://www.globaldata.com/esg/regulatorysummary/amendment-21-to-the-atlantic-sea-scallop-fishery-management-plan-announced-by-noaa-fisheries,Amendment 21 to the Atlantic Sea Scallop Fishery Management Plan announced by NOAA Fisheries,"Thursday, 20 January 2022",The New England Fishery Management Council (NEFMC) developed Amendment 21 to adjust management of the Northern Gulf of Maine (NGOM) and the limited access general category (LAGC) individual fishing quota (IFQ) programme to support overall fishery economic performance while allowing continued participation in the general category fishery.
"28 Dec 2021,Spain approved the update of the Hydrological Planning regulation,Spain,Water Management,,
                                                    Ministry of Ecological Transition and Demographic Challenge, Spain
                                                ,",https://www.globaldata.com/esg/regulatorysummary/spain-approved-the-update-of-the-hydrological-planning-regulation,Spain approved the update of the Hydrological Planning regulation,"Monday, 03 January 2022","Spain approved the royal decree modifying  the Regulation of Hydrological Planning to update the requirements and procedures that will be taken into account for the upcoming river basin management plans.The new law replaces the one passed in 2007 with the goal of aligning it with the principles of the European Green Pact and, more broadly, national and international water policies developed in recent years.The update comprises a regulation that specifies the minimum required components of special drought plans as well as their development, processing, approval, and review procedures."
"27 Dec 2021,Federal Council of Russia approved the draft law on the liability of owners of hazardous enterprises for the elimination of environmental harm,Russia,Hazardous Waste Management,Chemicals; Mining,
                                                    Ministry of Natural Resources and Ecology, Altai Region, Russia
                                                ,",https://www.globaldata.com/esg/regulatorysummary/federal-council-of-russia-approved-the-draft-law-on-the-liability-of-owners-of-hazardous-enterprises-for-the-elimination-of-environmental-harm,Federal Council of Russia approved the draft law on the liability of owners of hazardous enterprises for the elimination of environmental harm,"Monday, 10 January 2022","The Russian Ministry of Natural Resources has passed a measure regarding the liability of hazardous firm owners for environmental harm. Owners of industrial infrastructure are required by law to mitigate the harmful effects on the environment. The new state regulatory instrument will make it feasible to avoid future environmental problems by introducing the ""clean up after yourself"" idea for domestic firms."
"24 Dec 2021,Italy signs MoU for the construction of a new hydro-oceanographic naval unit,Italy,Marine Biodiversity,Agriculture & Forestry,
                                                    Ministry of Ecological Transition
                                                ,",https://www.globaldata.com/esg/regulatorysummary/italy-signs-mou-for-the-construction-of-a-new-hydro-oceanographic-naval-unit,Italy signs MoU for the construction of a new hydro-oceanographic naval unit,"Wednesday, 29 December 2021","Italy signed an  MoU for the construction of a new hydro-oceanographic naval unit. The unit will provide attention  to the impact on the environment and  to low noise levels for monitoring underwater noise.The enhancement of the national sea observation system in the waters of jurisdiction and beyond 12 miles will allow the identification of the most sensitive marine habitats and the implementation of restoration and environmental protection interventions, in line with the objectives of the Marine Environment Strategy and the European Biodiversity Strategy to 2030."
"22 Dec 2021,Federal Law on Strengthening Responsibility for Oil Spills Adopted by Russia,Russia,Pollution,Mining,
                                                    Ministry of Natural Resources Central Committee, Russia
                                                ,",https://www.globaldata.com/esg/regulatorysummary/federal-law-on-strengthening-responsibility-for-oil-spills-adopted-by-russia,Federal Law on Strengthening Responsibility for Oil Spills Adopted by Russia,"Monday, 10 January 2022","Russia adopted federal law on the establishment of administrative liability for violation of the requirements for the prevention and elimination of oil and oil products spills.Companies must have systems for monitoring the state of the marine environment, detecting spills of oil and oil products. The authorized body must be notified of the fact of an oil spill, receive all the necessary reliable information in a timely manner.The law also establishes administrative liability for failure to comply with the orders of the supervisory authorities on the elimination of violations of the law within the prescribed period."
"21 Dec 2021,Italy signed decree for the adoption of Plan for interventions and social services to combat poverty,Italy,Community Impact,Government and Non-Profit Organisations,
                                                    
                                                ,",https://www.globaldata.com/esg/regulatorysummary/italy-signed-decree-for-the-adoption-of-plan-for-interventions-and-social-services-to-combat-poverty,Italy signed decree for the adoption of Plan for interventions and social services to combat poverty,"Tuesday, 25 January 2022","Italy approved a decree on the Plan for Interventions and Social Services to Combat Poverty (Poverty Plan 2021-2023 ).The Plan outlines ""the priority actions and interventions in the fight against poverty"" for the three-year period 2021-2023, with a view to the progressive definition of essential levels of performance to be guaranteed throughout the national territory in the context of social, and constitutes the act of national planning of the resources relating to the Poverty Fund's Quota services."
"21 Dec 2021,Italy adopts decree on Plan and actions for interventions and social services to combat poverty for 2021-23,Italy,Community Impact,Consumer; Aerospace and Defence; Travel and Tourism; Agriculture & Forestry; Government and Non-Profit Organisations; Chemicals; Transportation; Infrastructure and Logistics; Packaging; Industrial Goods & Machinery; Mining; Technology; Media and Telecom; Automotive; Business and Consumer Services; Financial Services; Healthcare; Sport; Construction,
                                                    
                                                ,",https://www.globaldata.com/esg/regulatorysummary/italy-adopts-decree-on-plan-and-actions-for-interventions-and-social-services-to-combat-poverty-for-2021-23,Italy adopts decree on Plan and actions for interventions and social services to combat poverty for 2021-23,"Monday, 03 January 2022","Ministry  of Labor and Social Policies,  Italy signed the decree approving the Plan for Interventions and Social Services to Combat Poverty for the three-year period 2021-2023. ( Poverty Plan 2021-2023 )."
"21 Dec 2021,Standard Operating Procedure (SOP) for use of Drone in Pesticide Application released by Ministry of Agriculture in India,India,Environment,Agriculture & Forestry,
                                                    Ministry of Agriculture and Farmers Welfare, India
                                                ,",https://www.globaldata.com/esg/regulatorysummary/standard-operating-procedure-sop-for-use-of-drone-in-pesticide-application-released-by-ministry-of-agriculture-in-india,Standard Operating Procedure (SOP) for use of Drone in Pesticide Application released by Ministry of Agriculture in India,"Sunday, 26 December 2021","Ministry of Agriculture and Farmer's Welfare  released   Standard Operating Procedure (SOP) for use of Drone in Pesticide Application.Statutory provisions, flying permissions, area distance restrictions, weight classification, overcrowded areas restriction, drone registration, safety insurance, piloting certification, operation plan, air flight zones, weather conditions, SOPs for pre, post, and during operation, and emergency handling plan are all covered in the SOP for drone regulation for pesticide application."
"20 Dec 2021,Placing on the market, surveillance & legislation for Medical devices,Europe; France,Sustainable Healthcare; Governance; Environment,Medical Devices; Healthcare,
                                                    Ministry of Health France
                                                ,",https://www.globaldata.com/esg/regulatorysummary/placing-on-the-market-surveillance-legislation-for-medical-devices,"Placing on the market, surveillance & legislation for Medical devices","Monday, 07 March 2022","Directive 90/385/EEC pertaining to active implanted medical devices and Directive 93/42/EEC of June 14, 1993 relating to medical devices outline the regulations that apply to medical devices (MD). It is available in France's public health code ( articles L. 5211-1 and following )."
"20 Dec 2021,Australia publishes new safety standard for portable non-aerosol fire extinguishers,,Workplace Safety,Consumer; Aerospace and Defence; Travel and Tourism; Agriculture & Forestry; Transportation; Infrastructure and Logistics; Government and Non-Profit Organisations; Chemicals; Packaging; Industrial Goods & Machinery; Mining; Technology; Media and Telecom; Automotive; Business and Consumer Services; Financial Services; Healthcare; Sport; Construction,
                                                    
                                                ,",https://www.globaldata.com/esg/regulatorysummary/australia-publishes-new-safety-standard-for-portable-non-aerosol-fire-extinguishers,Australia publishes new safety standard for portable non-aerosol fire extinguishers,"Sunday, 26 December 2021","Australia published mandatory safety standard for portable non-aerosol fire extinguishers to  improve existing performance and identification requirements, to reduce the risk of a fire extinguisher not operating correctly during a fire. It replaces the existing standard and strengthens the safety requirements for the labelling and testing of non-aerosol fire extinguishers."
"20 Dec 2021,Australia amended the Renewable Energy- Electricity regulation.,Australia,Solar; Natural Resources; Climate Change; Environment,Power Generation; Solar CPV,
                                                    Clean Energy Regulator
                                                ,",https://www.globaldata.com/esg/regulatorysummary/australia-amended-the-renewable-energy--electricity-regulations,Australia amended the Renewable Energy- Electricity regulation.,"Monday, 10 January 2022","Australia amaended the Renewable Energy (Electricity) Regulations 2001 (REE Regulations). The proposed changes would give the Clean Energy Regulator the authority to approve installer accreditation schemes, tighten eligibility standards for installers, retailers, and solar components, and strengthen compliance and enforcement. They also cover the Australian government's response to the Rooftop Solar PV Sector Integrity Review's recommendations."
"17 Dec 2021,U.S. Fish and Wildlife Service Strengthens Conservation by Finalizing Endangered Species Critical Habitat Designation Rule,United States,Endangered Species Protection,Agriculture & Forestry,
                                                    U.S. Fish and Wildlife Service
                                                ,",https://www.globaldata.com/esg/regulatorysummary/us-fish-and-wildlife-service-strengthens-conservation-by-finalizing-endangered-species-critical-habitat-designation-rule,U.S. Fish and Wildlife Service Strengthens Conservation by Finalizing Endangered Species Critical Habitat Designation Rule,"Tuesday, 26 October 2021",The United States Fish and Wildlife Service (Service) has finalised new regulations under the Endangered Species Act (ESA) regarding critical habitat designations.hat provide greater legal certainty in response to the unanimous 2018 Supreme Court decision (Weyerhauser) to create an orderly and transparent public process for the public to understand the requirements of section 4(b)(2) and promote better conservation for endangered and threatened species through stronger collaboration with partners..This final rule supports the conservation of imperiled species.
"17 Dec 2021,UK developed framework for designing ambient air quality monitoring programmes at shale gas sites,United Kingdom,Carbon Emissions,Oil&Gas Exploration & Production,
                                                    Environment Agency, Uk
                                                ,",https://www.globaldata.com/esg/regulatorysummary/uk-developed-framework-for-designing-ambient-air-quality-monitoring-programmes-at-shale-gas-sites,UK developed framework for designing ambient air quality monitoring programmes at shale gas sites,"Monday, 27 December 2021","A framework for planning ambient air quality monitoring programmes at shale gas sites has been created in the United Kingdom. In England, the Environment Agency supervises these facilities and gives permits, which include requirements that operators monitor area air quality. The  framework is intended  to ensure that monitoring is auditable, consistent, proportionate to risks and costs, and changeable. Structured approach to monitoring design can aid in the detection, investigation, and improvement of negative air quality consequences from shale gas sites."
"17 Dec 2021,Canada approves legislation to provide ten days of paid sick leave and strengthen rights for health-care employees,Canada,Workplace Safety,Consumer; Aerospace and Defence; Travel and Tourism; Agriculture & Forestry; Government and Non-Profit Organisations; Chemicals; Transportation; Infrastructure and Logistics; Packaging; Industrial Goods & Machinery; Mining; Technology; Media and Telecom; Automotive; Business and Consumer Services; Financial Services; Healthcare; Sport; Construction,
                                                    Employment and Social Development Canada
                                                ,",https://www.globaldata.com/esg/regulatorysummary/canada-approves-legislation-to-provide-ten-days-of-paid-sick-leave-and-strengthen-rights-for-health-care-employees,Canada approves legislation to provide ten days of paid sick leave and strengthen rights for health-care employees,"Wednesday, 29 December 2021","The Government of Canada revised the Criminal Code and the Canada Labour Code to offer all federally regulated private sector employees with ten days of paid sick leave and to strengthen rights for health care workers. Employees who lose a child or have a stillbirth will be eligible for up to eight weeks of bereavement leave under Part III of the Canada Labour Code, according to the legislation."
"17 Dec 2021,Canada approves legislation to create jobs and deliver targeted COVID-19 support,Canada,Local Employment,Consumer; Aerospace and Defence; Travel and Tourism; Agriculture & Forestry; Government and Non-Profit Organisations; Transportation; Infrastructure and Logistics; Chemicals; Packaging; Industrial Goods & Machinery; Mining; Technology; Media and Telecom; Automotive; Business and Consumer Services; Financial Services; Healthcare; Sport; Construction,
                                                    
                                                ,",https://www.globaldata.com/esg/regulatorysummary/canada-approves-legislation-to-create-jobs-and-deliver-targeted-covid-19-support,Canada approves legislation to create jobs and deliver targeted COVID-19 support,"Wednesday, 29 December 2021","In the face of the new Omicron variant, Bill C-2's Royal Assent provides assurance to Canadians and Canadian businesses on assuring the urgent help to deal with the impact of the Omicron variant . Workers and enterprises who are unable to work or conduct business will benefit from critical emergency lockdown support. It also provides critical, targeted assistance to businesses that have been severely impacted by the pandemic."
"17 Dec 2021,Fishing agreement signed between Spain and Portugal,Portugal; Spain,Marine Biodiversity; Sustainable Fishery; Biodiversity; Environment,Agriculture & Forestry,
                                                    Ministry of Agriculture , Fisheries and Rural Development
                                                ,",https://www.globaldata.com/esg/regulatorysummary/fishing-agreement-signed-between-spain-and-portugal,Fishing agreement signed between Spain and Portugal,"Tuesday, 04 January 2022","Spain and Portugal signed a joint agreement  governing the conditions for the exercise of the fishing activity carried out by the Spanish and Portuguese fleets in the bordering waters, and allows better management of resources, as well as providing stability to the fleets of both countries."
"16 Dec 2021,Provisional framework for radioactive substances developed by UK,United Kingdom,Hazardous Waste Management,Business and Consumer Services,
                                                    
                                                ,",https://www.globaldata.com/esg/regulatorysummary/provisional-framework-for-radioactive-substances-developed-by-uk,Provisional framework for radioactive substances developed by UK,"Sunday, 26 December 2021","UK government developed The Radioactive Substances Provisional Common Framework collaboratively with Scottish Government ,Welsh Government and Northern Ireland Executive.The framework establishes governance structures to guarantee that the UK government and devolved governments may collaborate to preserve or improve current radiation protection requirements, formulate shared policy, and manage possible divergence while respecting devolution agreements."
"16 Dec 2021,France published anti-corruption guide for SMEs and small mid-cap companies,,Corruption and Bribery,Consumer; Aerospace and Defence; Travel and Tourism; Agriculture & Forestry; Government and Non-Profit Organisations; Transportation; Infrastructure and Logistics; Chemicals; Packaging; Industrial Goods & Machinery; Mining; Technology; Media and Telecom; Automotive; Business and Consumer Services; Financial Services; Healthcare; Sport; Construction,
                                                    
                                                ,",https://www.globaldata.com/esg/regulatorysummary/france-published-anti-corruption-guide-for-smes-and-small-mid-cap-companies,France published anti-corruption guide for SMEs and small mid-cap companies,"Monday, 03 January 2022",The Agence Française Anticorruption has developed a guide for SMEs and small mid-cap companies in collaboration with the Confederation of Small and Medium-Sized Enterprises and the Movement of Intermediate Enterprises to assist them in implementing anti-corruption measures.
"15 Dec 2021,UK introduces measures to control dark beetle pest,United Kingdom,Biodiversity,Agriculture & Forestry,
                                                    
                                                ,",https://www.globaldata.com/esg/regulatorysummary/uk-introduces-measures-to-control-dark-beetle-pest,UK introduces measures to control dark beetle pest,"Wednesday, 22 December 2021","UK Forestry Comission introduced new plant health measures to control the spread of the larger eight-toothed European spruce bark beetle (Ips typographus) in Kent and East Sussex.Prohibitions on susceptible material being left in situ in the demarcated area following felling, without written authorisation from an inspector, will be implemented."
"14 Dec 2021,Italy signed MoU with Rakuten Group for the protection of Italian agri-food production in Japan,Italy,Food and Agri Tech,Agriculture & Forestry,
                                                    Ministry of Agricultural, Food and Forestry Policies
                                                ,",https://www.globaldata.com/esg/regulatorysummary/italy-signed-mou-with-rakuten-group-for-the-protection-of-italian-agri-food-production-in-japan,Italy signed MoU with Rakuten Group for the protection of Italian agri-food production in Japan,"Monday, 03 January 2022","Italy signed Memorandum of Understanding with  the ICQRF and the Rakuten Group. The agreement confirms the Ministry's strategic role in promoting Italy's certified quality agri-food excellence and protecting consumers in e-commerce. An operational task force of the Inspectorate Central for the Protection of Quality and Fraud Prevention of Agro-Food Products will be in charge of the Italian Geographical Indications, which are protected by the Economic Partnership Agreement (EPA) between the EU and Japan, which entered into force on 1 February 2019 and will be marketed on the Japanese group's website.MiPAAF's ICQRF) is built on a model of existing agreements between MiPAAF and the major online e-commerce platforms."
"14 Dec 2021,Spain approved decree adopting sustainable management measures for the lobster fishery in the Balearic Islands,Spain,Environment; Biodiversity; Sustainable Fishery; Marine Biodiversity,Agriculture & Forestry,
                                                    Ministry of Agriculture , Fisheries and Rural Development
                                                ,",https://www.globaldata.com/esg/regulatorysummary/spain-approved-decree-adopting-sustainable-management-measures-for-the-lobster-fishery-in-the-balearic-islands,Spain approved decree adopting sustainable management measures for the lobster fishery in the Balearic Islands,"Tuesday, 04 January 2022","The Spanish  government has authorised an amendment to a Royal Decree that creates management procedures for the Mediterranean fishing fleet that uses fixed gear and minor gear.It concerns the recognition of exceptions for the lobster fishing "" Palinurus spp "" with trammel in the Balearic Islands, which are joined to those previously recognised by some fisheries, such as those using stall gear, tuna fish, rods and live bait, or pots constructed by boats of a minimum size. The existing data support this exception, which show that it is being managed successfully and sustainably, with good biological conditions of the fishing resources it exploits and a positive trend in recent years."
"10 Dec 2021,Japan formulated Technology Roadmap for Transition Finance toward Decarbonization in the Chemical Sector,Japan,Sustainable Chemistry; Climate Change,Chemicals,
                                                    Ministry of Economy, Trade and Industry, Japan
                                                ,",https://www.globaldata.com/esg/regulatorysummary/japan-formulated-technology-roadmap-for-transition-finance-toward-decarbonization-in-the-chemical-sector,Japan formulated Technology Roadmap for Transition Finance toward Decarbonization in the Chemical Sector,"Friday, 18 February 2022","Ministry of Economy, Trade and Industry (METI) formulated  sector-specific technology roadmaps for the transition to decarbonization, with the aim of promoting climate transition finance  for the chemical sector.This roadmap outlines the technologies that will be required to achieve carbon neutrality in the chemical sector by 2050, based on scientific evidence. Future revolutionary technologies are included, as well as tried-and-true low-carbon technologies that are now available (such as energy conservation and energy transition). The roadmap discusses domestic policies as well as international scenarios, as well as the technologies themselves, as well as their histories and timelines. When contemplating climate actions that involve transition finance, corporations should refer to this guideline. It will also assist financial institutions in determining if a company's decarbonization goals and initiatives qualify for transition finance when the company approaches them for funding."
"10 Dec 2021,Offshore wind and marine energy roadmap approved by Spain,Spain,Wind; Hydro; Natural Resources; Environment; Climate Change,Power Generation; Wind; Hydro,
                                                    Ministry of Ecological Transition and Demographic Challenge, Spain
                                                ,",https://www.globaldata.com/esg/regulatorysummary/offshore-wind-and-marine-energy-roadmap-approved-by-spain,Offshore wind and marine energy roadmap approved by Spain,"Monday, 03 January 2022","The Council of Ministers has approved the Roadmap for the Development of Offshore Wind and Offshore Energy in Spain, a strategy to strengthen Spanish leadership in technology development and R&D of various clean sources that take advantage of natural maritime resources, with a focus on wind power.It also ensures the orderly deployment of infrastructure in territorial waters, ensuring that they are environmentally friendly, compatible with other uses and activities, and used to advance marine environment knowledge."
"9 Dec 2021,Mexico drafts new regulations on food waste,Mexico,Non Hazardous Waste Management,Foodservice; Business and Consumer Services,
                                                    
                                                ,",https://www.globaldata.com/esg/regulatorysummary/mexico-drafts-new-regulations-on-food-waste,Mexico drafts new regulations on food waste,"Sunday, 26 December 2021","The National Markets and Competition Commission reported on the draft law to regulate food waste.The law places restrictions on the sale of products having a preferable consumption date that has passed or that are intended for donation.The standard aims to make efficient use of resources, reducing losses and waste and promoting the donation of food for human consumption."
"1 Dec 2021,Italy published the decree prohibiting unfair practices in commercial relations in the agri-food chain,Italy,Anti-Competition Laws; Environment,Agriculture & Forestry,
                                                    Ministry of Agricultural, Food and Forestry Policies
                                                ,",https://www.globaldata.com/esg/regulatorysummary/italy-published-the-decree-prohibiting-unfair-practices-in-commercial-relations-in-the-agri-food-chain,Italy published the decree prohibiting unfair practices in commercial relations in the agri-food chain,"Friday, 03 December 2021","Italy implemented  the l European directive outlawing unfair practises in commercial dealings in the agri-food chain, both between firms and in the marketing of agricultural products through a legislative decree.The power balance between trade partners is  rebalanced, assuring a greater balance between farmers, producers, and businesses that have been harmed by the race to the bottom and unsustainable methods. Excessively burdensome contractual requirements, such as the selling of agricultural and food items at prices below production costs will no longer be possible following the decree implementation"
"1 Dec 2021,APHIS Seeks Comments on Draft Pest Risk Assessment for Yellow Dragon Fruit import from Colombia,United States,Biodiversity,Agriculture & Forestry,
                                                    U.S. Department of Agriculture
                                                ,",https://www.globaldata.com/esg/regulatorysummary/aphis-seeks-comments-on-draft-pest-risk-assessment-for-yellow-dragon-fruit-import-from-colombia,APHIS Seeks Comments on Draft Pest Risk Assessment for Yellow Dragon Fruit import from Colombia,"Friday, 03 December 2021","The Colombian government has requested that the USDA's Animal and Plant Health Inspection Service (APHIS) approve the importation of yellow dragon fruit (Selenicereus megalanthus) into the United States for human use. A pest risk assessment has been prepared by APHIS, which describes potential pests linked with the commodity. APHIS  seeks comments from  stakeholders to see if they have any information that could lead to a revision of the draught assessment before  pest mitigations are identified  and begin the commodity import approval process."
"30 Nov 2021,New rules enacted by Shanxi province to protect ancient villages,China,Sustainable Tourism,Travel and Tourism,
                                                    
                                                ,",https://www.globaldata.com/esg/regulatorysummary/new-rules-enacted-by-shanxi-province-to-protect-ancient-villages,New rules enacted by Shanxi province to protect ancient villages,"Tuesday, 30 November 2021","Shanxi province in North China enacts regulations to protect its ancient villages.The guidelines would encourage citizens and the commercial sector to work together to safeguard the province's approximately 3,500 old cultural monuments by investing, establishing foundations, giving, leasing, and offering technical assistance.Business operating  in the development of village tourism are required to sign contracts with village committees, with a portion of their profits going toward village protection."
"30 Nov 2021,Agreement signed between Spain and Castilla y León for the environmental restoration of areas affected by closed coal mines,Spain,Sustainable Land Management; Local Employment,Mining; Mining,
                                                    Ministry of Ecological Transition and Demographic Challenge, Spain
                                                ,",https://www.globaldata.com/esg/regulatorysummary/agreement-signed-between-spain-and-castilla-y-len-for-the-environmental-restoration-of-areas-affected-by-closed-coal-mines,Agreement signed between Spain and Castilla y León for the environmental restoration of areas affected by closed coal mines,"Monday, 03 January 2022","The Junta de Castilla y León and the Ministry for Ecological Transition and Demographic Challenge (MITECO) signed  an agreement for the environmental restoration of areas damaged by closed coal mining activities in the Leonese regions of El Bierzo and Laciana. It will rehabilitate 1,062 hectares of land and produce 180 to 192 jobs per year until 2025, employing mining surpluses and the local community, with a 69.9 million euro execution budget."
"26 Nov 2021,Prudential guidance on managing the financial risks of climate change finalized by APRA,Australia,Climate Change,Financial Services,
                                                    Australian Prudential Regulation Authority
                                                ,",https://www.globaldata.com/esg/regulatorysummary/prudential-guidance-on-managing-the-financial-risks-of-climate-change-finalized-by-apra,Prudential guidance on managing the financial risks of climate change finalized by APRA,"Monday, 29 November 2021","The Australian Prudential Regulation Authority (APRA) has released its final prudential practice guide on climate change financial risks.The handbook is intended to help banks, insurers, and trustees of superannuation funds manage the financial risks associated with climate change. The guide does not impose any new regulatory requirements or obligations on APRA-regulated organisations; instead, it will assist them in managing climate-related risks and opportunities within their existing risk management and governance systems."
"26 Nov 2021,Amendments proposed to import regulation of horses by APHIS,United States,Biodiversity,Agriculture & Forestry,
                                                    U.S. Department of Agriculture
                                                ,",https://www.globaldata.com/esg/regulatorysummary/amendments-proposed-to-import-regulation-of-horses-by-aphis,Amendments proposed to import regulation of horses by APHIS,"Tuesday, 30 November 2021","The Animal and Plant Health Inspection Service (APHIS) of the United States Department of Agriculture (USDA) seeks comment on  suggested changes to its horse import laws. These proposed amendments would better align APHIS regulations with international standards and provide more flexibility for permitted imports for both APHIS and the equine industry, while continuing to reduce the risk of bringing equine diseases into the United States, such as contagious equine metritis (CEM). The new regulations also provide APHIS increased regulatory control over horse transportation requirements."
"25 Nov 2021,UK publishes data protection standards to safeguard customer privacy,United Kingdom,Risk Management; Personal Data Privacy; Social; Ethics; Human Rights; Governance,Business and Consumer Services,
                                                    
                                                ,",https://www.globaldata.com/esg/regulatorysummary/uk-publishes-data-protection-standards-to-safeguard-customer-privacy,UK publishes data protection standards to safeguard customer privacy,"Monday, 29 November 2021",The Information Commissioner's Office (ICO) has set out specific data protection requirements that corporations must adhere to in order to preserve people's privacy online when creating new advertising technology.The privacy guidelines serve as a reminder to enterprises developing new techniques of online advertising that they must adhere to data protection laws and refrain from collecting and using excessive amounts of personal information.
"23 Nov 2021,Italy signs decree supporting Eco-Sustainable transition of Olive oil supply chain,Italy,Environment; Sustainable Farming,Agriculture & Forestry,
                                                    Ministry of Agricultural, Food and Forestry Policies
                                                ,",https://www.globaldata.com/esg/regulatorysummary/italy-signs-decree-supporting-eco-sustainable-transition-of-olive-oil-supply-chain,Italy signs decree supporting Eco-Sustainable transition of Olive oil supply chain,"Sunday, 28 November 2021","Ministry of Agriculture, Food and Forestry Policies signed a decree upporting Eco-Sustainable transition of Olive oil supply chain.The decree specifies the criteria and methodology for distributing funds to support and grow the olive-oil supply chain in order to foster sector aggregation. Ot intends to increase the national production olive, thus increasing overall sustainability of the sector."
"23 Nov 2021,NOAA Fisheries announces Amendment 7 to the Atlantic Bluefish Fishery Management Plan,United States,Marine Biodiversity,Agriculture & Forestry,
                                                    National Oceanic and Atmospheric Administration
                                                ,",https://www.globaldata.com/esg/regulatorysummary/noaa-fisheries-announces-amendment-7-to-the-atlantic-bluefish-fishery-management-plan,NOAA Fisheries announces Amendment 7 to the Atlantic Bluefish Fishery Management Plan,"Tuesday, 30 November 2021","The Atlantic Bluefish Fishery Management Plan (FMP) Amendment 7 has been accepted by the Mid Atlantic Fishery Management Council and the Atlantic States Marine Fisheries Commission, and will be implemented by NOAA Fisheries. The goal of this comprehensive amendment is to update the FMP with the most up-to-date scientific data and to respond to changes in the fisheries management. The amendment implements revision of  Fishery management plans as well as reallocation of annual fishing quota."
"22 Nov 2021,Directed Fishing for Atka Mackerel by vessels prohibited by NOAA Fisheries,United States,Marine Biodiversity,Agriculture & Forestry,
                                                    National Oceanic and Atmospheric Administration
                                                ,",https://www.globaldata.com/esg/regulatorysummary/directed-fishing-for-atka-mackerel-by-vessels-prohibited-by-noaa-fisheries,Directed Fishing for Atka Mackerel by vessels prohibited by NOAA Fisheries,"Wednesday, 24 November 2021",The National Marine Fisheries Service issued an order prohibiting directed fishing for pacific ocean Atka Mackerel by Vessels Participating in the Bering Sea and Aleutian Islands Trawl Limited Access Sector Fishery in the Central Aleutian District of the Bering Sea and Aleutian Islands.This action is required to avoid exceeding the total authorised catch of Atka mackerel in the Central Aleutian district of the BSAI for vessels participating in the BSAI trawl restricted access sector fishery in 2021. It is issued in accordance with 50 CFR 679.20(d)(1) (iii).
"22 Nov 2021,Directed Fishing for Pacific Ocean Perch by vessels prohibited by NOAA Fisheries,United States,Marine Biodiversity,Agriculture & Forestry,
                                                    National Oceanic and Atmospheric Administration
                                                ,",https://www.globaldata.com/esg/regulatorysummary/directed-fishing-for-pacific-ocean-perch-by-vessels-prohibited-by-noaa-fisheries,Directed Fishing for Pacific Ocean Perch by vessels prohibited by NOAA Fisheries,"Wednesday, 24 November 2021",The National Marine Fisheries Service issued an order prohibiting directed fishing for pacific ocean Perch by Vessels Participating in the Bering Sea and Aleutian Islands Trawl Limited Access Sector Fishery in the Central Aleutian District of the Bering Sea and Aleutian Islands.This action is required to avoid exceeding the total authorised catch of Atka mackerel in the Central Aleutian district of the BSAI for vessels participating in the BSAI trawl restricted access sector fishery in 2021. It is issued in accordance with 50 CFR 679.20(d)(1)(iii).
"22 Nov 2021,United States proposes amendment to consent decree issued by EPA,United States,Pollution,Business and Consumer Services,
                                                    Environmental Protection Agency's
                                                ,",https://www.globaldata.com/esg/regulatorysummary/united-states-proposes-amendment-to-consent-decree-issued-by-epa,United States proposes amendment to consent decree issued by EPA,"Sunday, 28 November 2021",The United States proposed amending the United States Environmental Protection Agency's (EPA) 2010 consent decree with the Hampton Roads Sanitation District (HRSD) to require the implementation of a comprehensive set of sewer system improvements to resolve long-standing sanitary sewer overflow problems (SSOs). SSOs are untreated or partially treated sewage discharges from a municipal sanitary sewer system.Projects and timetables included in HRSD's Regional Wet Weather Management Plan will be incorporated and enforced as a result of the change. HRSD will spend around $410 million on 15 priority projects between 2020 and 2040 under the wet weather plan to upgrade HRSD's system and drastically minimise the frequency and volume of SSOs.
"22 Nov 2021,United States proposes amendment to EPA Consent Decree,United States,Pollution,Business and Consumer Services,
                                                    Environmental Protection Agency's
                                                ,",https://www.globaldata.com/esg/regulatorysummary/united-states-proposes-amendment-to-epa-consent-decree,United States proposes amendment to EPA Consent Decree,"Sunday, 28 November 2021",The United States proposed amending the United States Environmental Protection Agency's (EPA) 2010 consent decree with the Hampton Roads Sanitation District (HRSD) to require the implementation of a comprehensive set of sewer system improvements to address long-standing sanitary sewer overflow problems (SSOs). SSOs are untreated or partially treated sewage discharges from a municipal sanitary sewer system.Projects and timetables included in HRSD's Regional Wet Weather Management Plan will be incorporated and enforced as a result of the change. HRSD will spend around $410 million on 15 priority projects between 2020 and 2040 under the wet weather plan to upgrade HRSD's system and drastically minimise the frequency and volume of SSOs.
"22 Nov 2021,Canada issues emergency order to protect important Western Chorus Frog habitat,Italy,Endangered Species Protection,Agriculture & Forestry,
                                                    Environment and Climate Change Canada
                                                ,",https://www.globaldata.com/esg/regulatorysummary/canada-issues-emergency-order-to-protect-important-western-chorus-frog-habitat,Canada issues emergency order to protect important Western Chorus Frog habitat,"Sunday, 28 November 2021","Canada issued an emergency order to protect habitat of critical importance to  the Western Chorus Frog, a species at risk listed under the Species at Risk Act .By addressing the issue of habitat destruction, this Emergency Order, which takes effect immediately, will aid in the protection and recovery of the species. Environment and Climate Change Canada issued the Emergency Order after conducting a threat assessment based on the best available information, including the most recent science as well as all data and documentation provided by the Government of Quebec, the City of Longueuil, and non-governmental organisations."
"22 Nov 2021,Industrial Chemicals: Rules amendments and regulatory changes from November 23, 2021,United Kingdom,Sustainable Chemistry; Environment,Chemicals,
                                                    Department of Health Australia
                                                ,",https://www.globaldata.com/esg/regulatorysummary/industrial-chemicals-rules-amendments-and-regulatory-changes-from-23-november-2021,"Industrial Chemicals: Rules amendments and regulatory changes from November 23, 2021","Monday, 30 May 2022","Some changes were made to the 'Guide to categorising your chemical importation and manufacture' and other pages website to reflect amendments that were made to the General and Transitional Rules. In general, the changes are one of the following: Some changes start on November 23, 2021 and others commence on December 10, 2021."
"19 Nov 2021,Spain launched guidelines for low emission zone creation to improve air quality,Spain,Carbon Emissions,Consumer; Aerospace and Defence; Travel and Tourism; Agriculture & Forestry; Government and Non-Profit Organisations; Chemicals; Transportation; Infrastructure and Logistics; Packaging; Industrial Goods & Machinery; Mining; Technology; Media and Telecom; Automotive; Business and Consumer Services; Financial Services; Healthcare; Sport; Construction,
                                                    Ministry of Ecological Transition and Demographic Challenge, Spain
                                                ,",https://www.globaldata.com/esg/regulatorysummary/spain-launched-guidelines-for-low-emission-zone-creation-to-improve-air-quality,Spain launched guidelines for low emission zone creation to improve air quality,"Monday, 20 December 2021","The Ministry for the Ecological Transition and the Demographic Challenge (MITECO) released the guidelines for the Creation of Low Emission Zones (ZBE). These guidelines serve as a guide for local governments that are required to construct a Low Emissions Zone under the terms of the Climate Change and Energy Transition Law.The guidelines lay out the minimum criteria that must be considered when establishing a Low Emission Zone (LEZ). Criteria for air quality, energy efficiency, noise, and climate change are among them. It also lays out the mechanism for implementing it, as well as a set of monitoring indicators and  list of actions that municipalities can use to encourage a shift toward more environmentally sustainable mobility that simultaneously improves air quality."
"18 Nov 2021,U.S Department of Health and Human Service issues waivers to prevent discrimination and strengthen Civil rights,United States,Diversity and Inclusion; Human Rights,Travel and Tourism; Consumer; Aerospace and Defence; Automotive; Packaging; Transportation; Infrastructure and Logistics; Financial Services; Business and Consumer Services; Healthcare; Government and Non-Profit Organisations; Sport; Agriculture & Forestry; Technology; Media and Telecom; Construction; Chemicals; Industrial Goods & Machinery; Mining,
                                                    US Department of Health and Human Services
                                                ,",https://www.globaldata.com/esg/regulatorysummary/us-department-of-health-and-human-service-issues-waivers-to-prevent-discrimination-and-strengthen-civil-rights,U.S Department of Health and Human Service issues waivers to prevent discrimination and strengthen Civil rights,"Wednesday, 24 November 2021","The Department of Health and Human Services (HHS) announced efforts to advance civil rights and equal opportunity for all persons, regardless of sexual orientation, gender identity, or religion, through the Administration for Children and Families (ACF) and the Office for Civil Rights (OCR). By rescinding incorrect, overly broad waivers issued by the previous Administration, HHS reaffirmed its commitment to strengthening nondiscrimination and enforcing the law."
"18 Nov 2021,Importation of mango from Columbia to US authorized by APHIS,United States,Biodiversity,Agriculture & Forestry,
                                                    U.S. Department of Agriculture
                                                ,",https://www.globaldata.com/esg/regulatorysummary/importation-of-mango-from-columbia-to-us-authorized-by-aphis,Importation of mango from Columbia to US authorized by APHIS,"Sunday, 28 November 2021","The Animal and Plant Health Inspection Service (APHIS) of the United States Department of Agriculture has approved the importation of fresh mango fruit from Colombia. This commodity will be imported utilising safeguarding procedures implemented by producers, packers, and shippers throughout the production process to reduce the danger of plant pests and noxious weeds entering the United States.APHIS recently released a pest risk analysis assessing the risks of importing fresh mango fruit from Colombia into the US. APHIS specialists decided that fresh mango fruit from Colombia can be safely imported into the United States utilising one of the  APHIS authorised phytosanitary measures based on the pest risk assessment."
"18 Nov 2021,Australia updates standards for the export of Livestock,Australia,Environment; Farm Animal Welfare,Agriculture & Forestry,
                                                    Department of Agriculture, Water and the Environment
                                                ,",https://www.globaldata.com/esg/regulatorysummary/australia-updates-standards-for-the-export-of-livestock,Australia updates standards for the export of Livestock,"Monday, 29 November 2021","Department of Agriculture, Water and the Environment updates  Australian Standards for the Export of Livestock, ASEL 3.2.The ASEL establishes the regulations for exporting cattle by sea and air from Australia. The guidelines spell out the minimal requirements for animal health and welfare that exporters must achieve. The update focuses on removing ambiguity and improving the standards' readability and usefulness."
"17 Nov 2021,New agreement signed by Spain to modernize irrigation systems under the Recovery Plan,Spain,Water Management,Agriculture & Forestry,
                                                    Ministry of Agriculture , Fisheries and Rural Development
                                                ,",https://www.globaldata.com/esg/regulatorysummary/new-agreement-signed-by-spain-to-modernize-irrigation-systems-under-the-recovery-plan,New agreement signed by Spain to modernize irrigation systems under the Recovery Plan,"Tuesday, 04 January 2022","The Ministry of Agriculture, Fisheries, and Food (MAPA) has signed agreement with the State Mercantile Society of Agrarian Infrastructures (Seiasa) and irrigation communities to carry out irrigation modernization projects that are part of the Recovery Plan, Transformation, and Resilience (PRTR).The actions' goal is to modernise irrigation systems to ensure better water efficiency, including the use of unconventional or regenerated water in some cases, and to enable self-consumption solar photovoltaic installations that allow irrigators to save energy costs while reducing CO2 emissions into the atmosphere."
"17 Nov 2021,ASIC releases draft guidance on consumer remediation,Australia,Ethics,Financial Services; Retail,
                                                    Australian Securities & Investments Commission
                                                ,",https://www.globaldata.com/esg/regulatorysummary/asic-releases-draft-guidance-on-consumer-remediation,ASIC releases draft guidance on consumer remediation,"Sunday, 28 November 2021","Australian Securities and Exchange Commission  released draft guidelines on on the way licensees should conduct remediations to return money owed to consumers.It is a critical step toward better remediation in the financial services industry. For licensees to achieve positive results for their consumers and comply with their licencing duties to behave efficiently, honestly, and fairly, proactive remediation is required when misconduct or other problems are discovered."
"17 Nov 2021,Australia released new guidelines to combat spectator racism in sports,Australia,Diversity and Inclusion,Sport,
                                                    Australian Human Rights Commission
                                                ,",https://www.globaldata.com/esg/regulatorysummary/australia-released-new-guidelines-to-combat-spectator-racism-in-sports,Australia released new guidelines to combat spectator racism in sports,"Thursday, 18 November 2021","Australian Human Rights Commisssion released The Spectator Racism Guidelines that  will assist Australian sports organisations in reacting to cases of spectator racism and preventing racism from occurring at sporting events in an effective and uniform manner.The Australian Human Rights Commission held talks with professional sporting codes, clubs, players, venue operators, and anti-racism experts to develop the Spectator Racism Guidelines.The recommendations identify actions that can be performed consistently throughout sporting disciplines. This includes proactive steps to prevent racism from happening in the first place, as well as adequate support for those who are affected when it occurs."
"17 Nov 2021,Amendments proposed by US SEC to Proxy Rules Governing Proxy Voting Advice,United States,Shareholder Engagement,Aerospace and Defence; Consumer; Travel and Tourism; Agriculture & Forestry; Government and Non-Profit Organisations; Chemicals; Transportation; Infrastructure and Logistics; Packaging; Industrial Goods & Machinery; Mining; Technology; Media and Telecom; Automotive; Business and Consumer Services; Financial Services; Healthcare; Sport; Construction,
                                                    
                                                ,",https://www.globaldata.com/esg/regulatorysummary/amendments-proposed-by-us-sec-to-proxy-rules-governing-proxy-voting-advice,Amendments proposed by US SEC to Proxy Rules Governing Proxy Voting Advice,"Sunday, 28 November 2021","The Securities and Exchange Commission has proposed changes to its proxy voting advisory regulations. The proposed revisions are intended to address investor and other concerns that the current requirements may obstruct and damage the timeliness and independence of proxy voting advice, as well as expose proxy voting advisory firms to undue litigation risks and compliance costs.The proposed modifications would repeal two rules that the Commission enacted in 2020 that apply to proxy voting advice services."
"16 Nov 2021,Practical guideline launched by ICMA on using sustainable bond issuances to advance gender equality,Global,Diversity and Inclusion,Financial Services,
                                                    International Capital Market Association
                                                ,",https://www.globaldata.com/esg/regulatorysummary/practical-guideline-launched-by-icma-on-using-sustainable-bond-issuances-to-advance-gender-equality,Practical guideline launched by ICMA on using sustainable bond issuances to advance gender equality,"Friday, 19 November 2021","International Capital Market Association (ICMA) jointly wiith UN Women and IFC released a practical guideline titled  'Bonds to Bridge the Gender Gap: A Practitioner’s Guide to Using Sustainable Debt for Gender Equality', towards  using sustainable bond issuances to advance gender equality. The guideline provides information on how to finance projects and strategies  that advance gender equality using sustainable bonds. The guidelines are assumed to provide the support needed to capital markets to significantly increase the volume and quality of financing for gender equality and lead to lasting impact."
"16 Nov 2021,U.S Fish & Wildlife Service Proposes Removing Okaloosa Darter from Endangered Species Act,United States,Endangered Species Protection,Agriculture & Forestry,
                                                    U.S. Fish and Wildlife Service
                                                ,",https://www.globaldata.com/esg/regulatorysummary/us-fish-wildlife-service-proposes-removing-okaloosa-darter-from-endangered-species-act,U.S Fish & Wildlife Service Proposes Removing Okaloosa Darter from Endangered Species Act,"Friday, 26 November 2021","U.S Fish and Wildlife Services announced the proposed delisting of he Okaloosa darter from the Endangers Species Act (ESA). After years of combined conservation efforts by ther Services aong with U.S. Department of the Interior and the U.S. Air Force, Services has has determined that this small fish, found solely in two counties in Florida, no longer faces the threat of extinction and does not warrant listing under the ESA.The Service is also announcing the availability of a draft post-delisting monitoring (PDM) plan to help ensure the fish remains healthy and safe from extinction once it is delisted."
"12 Nov 2021,Social security agreement signed by UK and Switzerland,Switzerland; United Kingdom,Social,Consumer; Aerospace and Defence; Travel and Tourism; Agriculture & Forestry; Government and Non-Profit Organisations; Chemicals; Transportation; Infrastructure and Logistics; Packaging; Industrial Goods & Machinery; Mining; Technology; Media and Telecom; Automotive; Business and Consumer Services; Financial Services; Healthcare; Sport; Construction,
                                                    
                                                ,",https://www.globaldata.com/esg/regulatorysummary/social-security-agreement-signed-by-uk-and-switzerland,Social security agreement signed by UK and Switzerland,"Sunday, 26 December 2021",A new social security agreement was established between Switzerland and the United Kingdom to ensure long-term cooperation of social security.This is part of the Federal Council's mind-the-gap strategy.The Federal Council attempted to retain as much as possible in the new agreement the rights and obligations that existed between the UK and Switzerland under the Free Movement of Persons Agreement (FZA).
"10 Nov 2021,The World-leading Environment Act is signed into law,United Kingdom,Non Hazardous Waste Management; Environment; Circular Economy; Biodiversity,Aerospace and Defence; Consumer; Real Estate; Travel and Tourism; Agriculture & Forestry; Government and Non-Profit Organisations; Chemicals; Transportation; Infrastructure and Logistics; Packaging; Industrial Goods & Machinery; Mining; Technology; Media and Telecom; Automotive; Business and Consumer Services; Financial Services; Healthcare; Retail; Sport; Construction,
                                                    Department for Environment, Food and Rural Affairs
                                                ,",https://www.globaldata.com/esg/regulatorysummary/the-world-leading-environment-act-is-signed-into-law,The World-leading Environment Act is signed into law,"Monday, 30 May 2022","Legislation will improve air and water quality, tackle waste, increase recycling, halt the decline of species, and improve our natural environment now become UK law. It will clean up the country's air, restore natural habitats, increase biodiversity, reduce waste, and make better use of its resources as a result of the Act. It will require new developments to improve or create habitats for nature by 2030, as well as combating deforestation on a global scale. It will aid in the transition to a more circular economy by incentivizing people to recycle more, encouraging businesses to develop sustainable packaging, simplifying household recycling, and preventing the export of polluting plastic waste to developing countries."
"8 Nov 2021,Egyptian Tortoise to be added to Threatened list under Endangered Species Act by U.S Fish and Wildlife Services,United States,Endangered Species Protection,Agriculture & Forestry,
                                                    U.S. Fish and Wildlife Service
                                                ,",https://www.globaldata.com/esg/regulatorysummary/egyptian-tortoise-to-be-added-to-threatened-list-under-endangered-species-act-by-us-fish-and-wildlife-services,Egyptian Tortoise to be added to Threatened list under Endangered Species Act by U.S Fish and Wildlife Services,"Friday, 26 November 2021","Under the Endangered Species Act, the US Fish and Wildlife Service (Service) proposes a rule to classify the Egyptian tortoise, a terrestrial reptile found in Libya, Egypt, and Israel, as threatened (ESA). A 4(d) rule is also being proposed by the Service to provide further conservation safeguards for the species.The ESA's Section 4(d) authorises the Service to make regulations that are necessary for the conservation of endangered species. As a result, the Service is proposing a 4(d) rule for the Egyptian tortoise, which would prohibit the species' commercial import, export, take, possession, and other acts.In the northern hemisphere, the Egyptian tortoise is the only dwarf turtle. It is the tiniest and least-known tortoise species in the Mediterranean basin, as well as the world's second smallest tortoise species."
"5 Nov 2021,Italy approves Legislative decree against unfair practices in commercial relations in the agri-food chain,Italy,Ethics,Agriculture & Forestry,
                                                    Ministry of Agricultural, Food and Forestry Policies
                                                ,",https://www.globaldata.com/esg/regulatorysummary/italy-approves-legislative-decree-against-unfair-practices-in-commercial-relations-in-the-agri-food-chain,Italy approves Legislative decree against unfair practices in commercial relations in the agri-food chain,"Thursday, 11 November 2021","The Ministry of Agricltural, Forestry and Food Policies, Italy approved the decree prohibiting unfair practices in commercial relations in the agri-food chain, both between businesses and in the marketing of agricultural and food products.Under the decree excessively burdensome contractual conditions, such as the selling of agricultural/food goods at prices below production costs, will no longer be possible."
"29 Oct 2021,UK mandates climate disclosures for large firms,United Kingdom,Risk Management; Ethics; Governance; Environment; Sustainable Finance,Consumer; Aerospace and Defence; Travel and Tourism; Agriculture & Forestry; Government and Non-Profit Organisations; Chemicals; Transportation; Infrastructure and Logistics; Packaging; Industrial Goods & Machinery; Mining; Technology; Media and Telecom; Automotive; Business and Consumer Services; Financial Services; Healthcare; Sport; Construction,
                                                    Department for Energy and Climate Change (DECC)
                                                ,",https://www.globaldata.com/esg/regulatorysummary/uk-mandates-climate-disclosures-for-large-firms,UK mandates climate disclosures for large firms,"Friday, 12 November 2021","Uk passes new legislation set to come into force in April 2022 mandating firms to disclose climate related financial information in line with Taskforce on Climate-related Financial Disclosures (TCFD) recommendations. The law will apply to  over 1,300 of the largest UK-registered companies and financial institutions.By implementing a uniform set of requirements aligned with the TCFD recommendations, UK businesses will be able to assess how a changing climate may affect their business model and strategy, ensuring they are well positioned to capitalise on opportunities arising from the UK's transition to net zero emissions."
"29 Oct 2021,Spain issued new decree to improve animal welfare in livestock farms,Spain,Farm Animal Welfare; Environment,Agriculture & Forestry,
                                                    Ministry of Agriculture , Fisheries and Rural Development
                                                ,",https://www.globaldata.com/esg/regulatorysummary/spain-issued-new-decree-to-improve-animal-welfare-in-livestock-farms,Spain issued new decree to improve animal welfare in livestock farms,"Wednesday, 05 January 2022","The Ministry of Agriculture, Fisheries, and Food has released a draft royal decree aimed at improving animal welfare on cattle farms and ensuring a consistent approach to government regulations on the conditions of animals in the food chain, including aquaculture.This royal decree harmonises Spanish legislation with European regulations, enhancing the effectiveness of official controls and coordination among the various government agencies involved.The requirement for poultry and intensive pig farms to establish an animal welfare plan is being extended to additional species."
"28 Oct 2021,Australia updated guidance on managing the risks of working in heat,Australia,Workplace Safety,Consumer; Aerospace and Defence; Travel and Tourism; Agriculture & Forestry; Government and Non-Profit Organisations; Chemicals; Transportation; Infrastructure and Logistics; Packaging; Industrial Goods & Machinery; Mining; Technology; Media and Telecom; Automotive; Business and Consumer Services; Financial Services; Healthcare; Sport; Construction,
                                                    Safe Work Australia
                                                ,",https://www.globaldata.com/esg/regulatorysummary/australia-updated-guidance-on-managing-the-risks-of-working-in-heat,Australia updated guidance on managing the risks of working in heat,"Thursday, 20 January 2022","Safe Work Australia has updated its recommendations on dealing with the dangers of working in the heat. Changes to the recommended first aid for heat stroke have resulted in the updated guidance. This handbook includes practical advice for a person conducting a business or undertaking (PCBU) on how to limit the dangers of working in the heat, including current medical advice on first aid for heat-related illnesses."
"28 Oct 2021,Cooperation protocol signed between Spain and Portugal on cross boarder workers,Portugal; Spain,Human Rights; Health and Safety,Travel and Tourism; Aerospace and Defence; Automotive; Packaging; Consumer; Transportation; Infrastructure and Logistics; Financial Services; Business and Consumer Services; Healthcare; Government and Non-Profit Organisations; Technology; Media and Telecom; Sport; Agriculture & Forestry; Construction; Chemicals; Industrial Goods & Machinery; Mining,
                                                    
                                                ,",https://www.globaldata.com/esg/regulatorysummary/cooperation-protocol-signed-between-spain-and-portugal-on-cross-boarder-workers,Cooperation protocol signed between Spain and Portugal on cross boarder workers,"Tuesday, 04 January 2022","Spain and Portugal signed a cooperation protocol focused on cross-border workers, those who cross the border every day to work in Portugal or Spain. The agreement lays out the rules that govern these workers' status, with the goal of achieving decent labour and improved territorial and social solidarity. The agreed treaty includes provisions to enable movement, security, and the best and most effective execution of rights emanating from each State's national legislation."
"27 Oct 2021,FTC strengthens security safeguards for consumer financial information through updated rule,United States,Ethics; Risk Management; Social; Personal Data Privacy; Governance,Financial Services; Retail,
                                                    Federal Trade Commission
                                                ,",https://www.globaldata.com/esg/regulatorysummary/ftc-strengthens-security-safeguards-for-consumer-financial-information-through-updated-rule,FTC strengthens security safeguards for consumer financial information through updated rule,"Monday, 29 November 2021","Federal Trade Commission announced an updated rule that strengthens the data security safeguards that financial institutions are required to put in place to protect their customers’ financial information.Consumers have suffered  enormous losses as a result of massive data breaches and cyberattacks in recent years, including monetary loss, identity theft, and other forms of financial misery.The revised Safeguards Rule  requires non-banking financial firms, such as mortgage brokers, car dealers, and payday lenders, to establish, implement, and maintain a robust security system to protect their clients' information."
"26 Oct 2021,NOAA Fisheries and U.S. Fish and Wildlife Service Propose Rescinding Critical Habitat Regulations Finalized in 2020,United States,Biodiversity,Agriculture & Forestry,
                                                    National Oceanic and Atmospheric Administration|U.S. Fish and Wildlife Service
                                                ,",https://www.globaldata.com/esg/regulatorysummary/noaa-fisheries-and-us-fish-and-wildlife-service-propose-rescinding-critical-habitat-regulations-finalized-in-2020,NOAA Fisheries and U.S. Fish and Wildlife Service Propose Rescinding Critical Habitat Regulations Finalized in 2020,"Wednesday, 10 November 2021","To better fulfil the Endangered Species Act (ESA) conservation goals, the US Fish and Wildlife Service (FWS) and the National Marine Fisheries Service (NOAA Fisheries)  proposes to repeal two critical habitat regulations that were finalised in December 2020. The proposed actions would repeal the Services' joint regulatory definition of ""habitat"" as well as FWS regulations governing critical habitat exclusions under ESA 4(b)(2)."
"21 Oct 2021,Climate Financial Risk Forum published guidelines for financial industry to manage climate related risks.,United Kingdom,Sustainable Finance; Climate Change,Financial Services,
                                                    The Financial Conduct Authority Ltd
                                                ,",https://www.globaldata.com/esg/regulatorysummary/climate-financial-risk-forum-published-guidelines-for-financial-industry-to-manage-climate-related-risks,Climate Financial Risk Forum published guidelines for financial industry to manage climate related risks.,"Friday, 12 November 2021","The Climate financial Risk Forum published scond set of guidelines for the financial industry to effectively manage climate risks. Risk management, scenario analysis, disclosure, innovation, and climate data and metrics are among the topics discussed."
"19 Oct 2021,EPA Seeks feedback on Proposed PFAS National Primary Drinking Water Regulation,United States,Pollution,Business and Consumer Services,
                                                    Environmental Protection Agency's
                                                ,",https://www.globaldata.com/esg/regulatorysummary/epa-seeks-feedback-on-proposed-pfas-national-primary-drinking-water-regulation,EPA Seeks feedback on Proposed PFAS National Primary Drinking Water Regulation,"Monday, 25 October 2021","The US Environmental Protection Agency is seeking Small Entity Representatives (SERs) for a Small Business Advocacy Review (SBAR) Panel that will focus on the agency's effort to develop a National Primary Drinking Water Regulation (NPDWR) for certain per- and polyfluoroalkyl substances (PFAS). Under the recently announced PFAS Roadmap, this regulation represents one key way that the EPA anticipates remediating PFAS to better protect communities."
"18 Oct 2021,AFMA seeks public comment on draft on Co-management in Commonwealth fisheries.,Australia,Marine Biodiversity,Agriculture & Forestry,
                                                    The Australian Fisheries Management Authority
                                                ,",https://www.globaldata.com/esg/regulatorysummary/afma-seeks-public-comment-on-draft-on-co-management-in-commonwealth-fisheries,AFMA seeks public comment on draft on Co-management in Commonwealth fisheries.,"Tuesday, 26 October 2021","The Australian Fisheries Management Authority (AFMA) has developed a draft Fisheries Management Paper (FMP) on Co-management in Commonwealth fisheries, and is seeking comment from stakeholders. AFMA has entered into formal co-management arrangements with a number of Commonwealth fishery groups since 2008 and the draft FMP 17: Co-management in Commonwealth fisheries – establishing effective co-management arrangements, recognises co-management as an important tool to support AFMA’s legislative and regulatory framework for Commonwealth fisheries"
"15 Oct 2021,U.S Fish and Wildlife Service proposes downlisting Humpback Chub from Endangered to Threatened under ESA.,United States,Endangered Species Protection,Agriculture & Forestry,
                                                    U.S. Fish and Wildlife Service
                                                ,",https://www.globaldata.com/esg/regulatorysummary/us-fish-and-wildlife-service-proposes-to-downlist-humpback-chub-from-endangered-to-threatened-under-esa,U.S Fish and Wildlife Service proposes downlisting Humpback Chub from Endangered to Threatened under ESA.,"Wednesday, 10 November 2021","The U.S. Fish and Wildlife Service has announced that it has reclassified the humpback chub from endangered to threatened under the Endangered Species Act (ESA). Owing to the collective effort of State, Regional. Tribal and Federal Agencies significant progress has been made in conserving and Recovering the Chub.Reclassifying this distinctive fish from endangered to threatened is the result of many years of cooperative work by conservation partners in the Upper Colorado River Endangered Fish Recovery Program and the Glen Canyon Dam Adaptive Management Program."
"15 Oct 2021,U.S. Fish and Wildlife Service proposes to downlist Humpback Chub from Endangered to Threatened under ESA,United States,Endangered Species Protection,Agriculture & Forestry,
                                                    
                                                ,",https://www.globaldata.com/esg/regulatorysummary/us-fish-and-wildlife-service-proposes-to-downlist-humpback-chub-from-endangered-to-threatened-under-esa,U.S Fish and Wildlife Service proposes downlisting Humpback Chub from Endangered to Threatened under ESA.,"Wednesday, 10 November 2021","The U.S. Fish and Wildlife Service has announced that it has reclassified the humpback chub from endangered to threatened under the Endangered Species Act (ESA). Owing to the collective effort of State, Regional. Tribal and Federal Agencies significant progress has been made in conserving and Recovering the Chub.Reclassifying this distinctive fish from endangered to threatened is the result of many years of cooperative work by conservation partners in the Upper Colorado River Endangered Fish Recovery Program and the Glen Canyon Dam Adaptive Management Program."
"15 Oct 2021,Spain approved draft decree guarantying more demanding environmental impact assessments in line with European regulations,Spain,Environment,Consumer; Aerospace and Defence; Travel and Tourism; Agriculture & Forestry; Government and Non-Profit Organisations; Chemicals; Transportation; Infrastructure and Logistics; Packaging; Industrial Goods & Machinery; Mining; Technology; Media and Telecom; Automotive; Business and Consumer Services; Financial Services; Healthcare; Sport; Construction,
                                                    Ministry of Ecological Transition and Demographic Challenge, Spain
                                                ,",https://www.globaldata.com/esg/regulatorysummary/spain-approved-draft-decree-guarantying-more-demanding-environmental-impact-assessments-in-line-with-european-regulations,Spain approved draft decree guarantying more demanding environmental impact assessments in line with European regulations,"Wednesday, 05 January 2022","The Ministry for the Ecological Transition and Demographic Challenge (MITECO) has published a draft Royal Decree that modifies Annexes I and II of the Environmental Assessment Law (Law 21/2013) to bring it into compliance with European regulations, thereby improving legal security and environmental protection."
"12 Oct 2021,APHIS Requests Comments on a Draft Pest Risk Assessment for the Importation of South African Corn Seed,United States,Biodiversity,Agriculture & Forestry,
                                                    U.S. Department of Agriculture
                                                ,",https://www.globaldata.com/esg/regulatorysummary/aphis-requests-comments-on-a-draft-pest-risk-assessment-for-the-importation-of-south-african-corn-seed,APHIS Requests Comments on a Draft Pest Risk Assessment for the Importation of South African Corn Seed,"Tuesday, 19 October 2021",APHIS has drafted a pest risk assessment that describes potential pests associated with  importation of Corn Seed from South Africa for planting into the United States and Territories..APHIS shares draft pest risk assessments for comments to revise the draft assessment before  pest mitigations are identified and proceed with the commodity import approval process APHIS has drafted a pest risk assessment that describes potential pests associated with the importation of South African Corn Seed for planting in the United States and Territories. The draft is shared   for public comment in order to revise the draft assessment before identifying pest mitigations and proceeding with the commodity import approval process.
"11 Oct 2021,France publishes the decree governing the ban on plastic packaging around unprocessed fresh fruits and vegetables,France,Sustainable Packaging,Consumer; Fruit,
                                                    
                                                ,",https://www.globaldata.com/esg/regulatorysummary/france-publishes-the-decree-governing-the-ban-on-plastic-packaging-around-unprocessed-fresh-fruits-and-vegetables,France publishes the decree governing the ban on plastic packaging around unprocessed fresh fruits and vegetables,"Monday, 18 October 2021","The decree governing the ban on plastic packaging around unprocessed fresh fruits and vegetables in France was signed by the Ministry of Ecological Transition, the Ministry of Economy, Finance, and Recovery, and the Ministry of Agriculture and Food. According to the law on waste and the circular economy, known as the AGEC law, it will no longer be possible to sell unprocessed fresh fruits and vegetables packaged in plastic, with a progressive ban for the most fragile cases. The decree calls for a phased implementation of the ban, with all fruits and vegetables sold without plastic packaging by 2026 at the latest."
"11 Oct 2021,Spain approved draft law for prevention of food loss and wastage,Spain,Non Hazardous Waste Management,Business and Consumer Services,
                                                    Ministry of Agriculture , Fisheries and Rural Development
                                                ,",https://www.globaldata.com/esg/regulatorysummary/spain-approved-draft-law-for-prevention-of-food-loss-and-waste,Spain approved draft law for prevention of food loss and wastage,"Tuesday, 04 January 2022","The Council of Ministers approved the draftLaw for the Prevention of Food Loss and Waste, a rule aimed at drastically reducing the amount of food wasted before it is consumed and encouraging better use of it.The law, which consists of 15 articles divided into five chapters, four final provisions, and one additional provision, aims to create a model of good practises to prevent food waste with actions taken at all stages of the food chain, from the harvesting process to consumer habits in homes and restaurants."
"8 Oct 2021,Credit licensees required to meet new breach reporting obligations,Australia,Ethics,Retail Banking and Lending; Financial Services,
                                                    Australian Securities & Investments Commission
                                                ,",https://www.globaldata.com/esg/regulatorysummary/credit-licensees-required-to-meet-new-breach-reporting-obligations,Credit licensees required to meet new breach reporting obligations,"Tuesday, 12 October 2021","With the latest update, breach reporting obligation will extend to Australian credit licensees for the first time.Credit licensees have 30 days to report from when they know of the existence of a reportable situation.These  reforms allow for greater transparency across systemic problems affecting consumers and firms. This will help ASIC to identify issues earlier and address them more quickly."
"7 Oct 2021,MoU to grow agricultural trade between Pacific Island Countries and Australia,Australia; Fiji; Kiribati; Papua New Guinea; Samoa; Solomon Islands; Tonga; Vanuatu,Sustainable Farming; Environment,Agriculture & Forestry,
                                                    Department of Agriculture, Water and the Environment
                                                ,",https://www.globaldata.com/esg/regulatorysummary/mou-to-grow-agricultural-trade-between-pacific-island-countries-and-australia,MoU to grow agricultural trade between Pacific Island Countries and Australia,"Tuesday, 26 October 2021","A Memorandum of Understanding (MoU) between the Department of Agriculture, Water and the Environment and DT Global will grow agricultural trade between Pacific Island countries and Australia, through improved food security, better market access and biosecurity outcomes."
"5 Oct 2021,Japan amended Foreign Exchange and Foreign Trade Act adding core businesses,Japan,Natural Resources,Mining; Construction,
                                                    Ministry of Economy, Trade and Industry, Japan
                                                ,",https://www.globaldata.com/esg/regulatorysummary/japan-amended-foreign-exchange-and-foreign-trade-act-adding-core-businesses,Japan amended Foreign Exchange and Foreign Trade Act adding core businesses,"Friday, 12 November 2021","From the perspective of appropriately maintaining and securing the exploration capability of critical mineral resources  the Ministry of Economy, Trade and Industry reviewed the scope of industries in Foreign Exchange and Foreign Trade Act and added two categories of industries to the core industries. These include  metal mining and manufacturing sector pertaining to 34 critical minerals including rare earths and the construction service business hich improves or maintains port facilities on Designated Remote Islands to secure smooth activities by mineral exploration vessels."
"4 Oct 2021,NOAA Fisheries Seeking Public Comment on Programmatic Agreement Development for PCSRF programme,United States,Biodiversity,Agriculture & Forestry,
                                                    National Oceanic and Atmospheric Administration
                                                ,",https://www.globaldata.com/esg/regulatorysummary/noaa-fisheries-seeking-public-comment-on-programmatic-agreement-development-for-pcsrf-programme,NOAA Fisheries Seeking Public Comment on Programmatic Agreement Development for PCSRF programme,"Tuesday, 12 October 2021","NOAA Fisheries proposes to develop programmatic agreements (PAs) as program alternatives for compliance with Section 106 of the National Historic Preservation Act for the issuance of funding through the Pacific Coastal Salmon Recovery Fund (PCSRF) grant program.NOAA Fisheries plans to draft Programmatic Agreements with Alaska, Washington, Oregon, Idaho, and California to create a framework that will provide consulting parties an opportunity for consultation on the individual projects funded by the PCSRF grant program."
"1 Oct 2021,Republic of Korea Strengthens its Efforts for Antarctic Environmental Protection,South Korea,Biodiversity,Agriculture & Forestry,
                                                    Ministry of Oceans and Fisheries
                                                ,",https://www.globaldata.com/esg/regulatorysummary/republic-of-korea-strengthens-its-efforts-for-antarctic-environmental-protection,Republic of Korea Strengthens its Efforts for Antarctic Environmental Protection,"Thursday, 07 October 2021","The Republic of Korea's Ministry of Oceans and Fisheries (MOF) has expressed its commitment to establishing a network of Marine Protected Areas (MPAs) in the Antarctic region by joining the efforts of the Commission for Conservation of Antarctic Marine Living Resources' other 19 like-minded Member States (CCAMLR). As part of its efforts to lead the global commitment to making Antarctic environments sustainable and ecosystems protected, the Republic of Korea will co-sponsor the MPA proposals for East Antarctica and the Weddell Sea.. This co-sponsorship for the proposed MPAs will allow the country to increase its contributions to expanding MPAs in the CCAMLR Convention Area, which accounts for approximately 10% of the world's oceans, and thus position itself as a leader in global marine environment protection."
"1 Oct 2021,Italy signs implementation decrees for the new European phytosanitary regime,Italy,Biodiversity,Agriculture & Forestry,
                                                    Ministry of Agricultural, Food and Forestry Policies
                                                ,",https://www.globaldata.com/esg/regulatorysummary/italy-signs-implementation-decrees-for-the-new-european-phytosanitary-regime,Italy signs implementation decrees for the new European phytosanitary regime,"Thursday, 11 November 2021","Ministry of Agricultural, Food and Forestry Policies, Italy signed  decrees measuresthe reorganization of the national phytosanitary service of the fruit, vegetable and vine sectors, necessary to fully implement the new European phytosanitary regime. For Vine varieties and clone, decree sets up provision to establish the National Register of vine varieties and clones as well as the provision scheme which establishes the requirements, operating procedures and forms for submitting applications for registration in the Register for sector operators. For fruit plants and vegetables, the decrees define  the methods and models with which to submit applications for production and marketing in the European Union of plant propagating materials and those for registration in the National Register"
"1 Oct 2021,Japan published R&D and Social Implementation Plan Formulated for Next-Generation Solar Cell Development Projects,Japan,Climate Change,Power Generation,
                                                    Ministry of Economy, Trade and Industry, Japan
                                                ,",https://www.globaldata.com/esg/regulatorysummary/japan-published-rd-and-social-implementation-plan-formulated-for-next-generation-solar-cell-development-projects,Japan published R&D and Social Implementation Plan Formulated for Next-Generation Solar Cell Development Projects,"Friday, 12 November 2021","The Ministry of Economy, Trade and Industry, Japan  has formulated an R&D and Social Implementation Plan on  the content of ""next-generation solar cell development"" projects that will be implemented using the Green Innovation Fund. Green Innovation Fund was established for the goal of achieving carbon neutrality by 2050and the support will assist efforts ranging from research and development (R&D) through demonstrations to social implementation of the outcomes. METI formulated an R&D and Social Implementation Plan for ""next-generation solar cell development"" projects based on discussions by the Working Group on the Field of Green Power Promotion."
"30 Sep 2021,Stricter measures for Khapra Beetle in Australia,Australia,Biodiversity,Agriculture & Forestry,
                                                    Department of Agriculture, Water and the Environment
                                                ,",https://www.globaldata.com/esg/regulatorysummary/stricter-measures-for-khapra-beetle-in-australia,Stricter measures for Khapra Beetle in Australia,"Friday, 01 October 2021","Australia lays stricter measures to reduce the growing risk of khapra beetle.The new measures includs the approval of an alternative to methyl bromide fumigation, in line with the global move to find more environmentally friendly options."
"30 Sep 2021,New measures to protect poultry farms from Avian influenza published by Ministry of Agriculture and Food, France,France,Environment; Farm Animal Welfare,Agriculture & Forestry,
                                                    
                                                ,",https://www.globaldata.com/esg/regulatorysummary/new-measures-to-protect-poultry-farms-from-avian-influenza-published-by-ministry-of-agriculture-and-food-france,"New measures to protect poultry farms from Avian influenza published by Ministry of Agriculture and Food, France","Monday, 18 October 2021","The French Ministry of Agriculture and Food issued two decrees outlining the procedures for making poultry farms less vulnerable to the Avian influenza virus. The first decree delineates the areas of the metropolitan territory where the highly pathogenic avian influenza virus (HPAI) has a high likelihood of spreading from farm to farm. On the basis of a risk analysis, the second published decree defines the preventive measures to be observed in establishments keeping poultry or captive birds (biosecurity audit).."
"29 Sep 2021,Italy publishes Decree on Waste Management and Operational plan,Italy,Non Hazardous Waste Management; Hazardous Waste Management,Business and Consumer Services,
                                                    Ministry of Ecological Transition
                                                ,",https://www.globaldata.com/esg/regulatorysummary/italy-publishes-decree-on-waste-management-and-operational-plan,Italy publishes Decree on Waste Management and Operational plan,"Friday, 22 October 2021","The Italian Ministry of Ecological Transition published decrees (and related notices) signed by Minister Roberto Cingolani outlining the selection criteria for projects relating to separate collection, recycling plants, and ""flagship"" initiatives for the paper and cardboard, plastics, WEEE, and textile sectors, as well as the decree (and related notice) approving the operational plan for the advanced and integrated monitoring and forecasting system."
"28 Sep 2021,New decree encouraging equality for women in jointly-owned agricultural holdings approved in Spain,Spain,Diversity and Inclusion; Fair Employment,Agriculture & Forestry,
                                                    Ministry of Agriculture , Fisheries and Rural Development
                                                ,",https://www.globaldata.com/esg/regulatorysummary/new-decree-encouraging-equality-for-women-in-jointly-owned-agricultural-holdings-approved-in-spain,New decree encouraging equality for women in jointly-owned agricultural holdings approved in Spain,"Wednesday, 05 January 2022",The Council of Ministers passed a royal decree to promote gender equality on agricultural holdings by providing aid to help women who are listed in the register of shared ownership agricultural holdings pay a portion of their social security contributions. The decree  establishes the regulatory bases for the direct concession of subsidies for jointly-owned agricultural holding and the purpose of the measure is to encourage women who share agricultural tasks on family farms to participate in the rights and obligations that correspond to them under equal conditions.
"24 Sep 2021,Changes to Inverter Standard - AS/NZS 4777.2:2020,Australia,Climate Change,Consumer; Household Appliances,
                                                    Clean Energy Regulator
                                                ,",https://www.globaldata.com/esg/regulatorysummary/changes-to-inverter-standard---asnzs-477722020,Changes to Inverter Standard - AS/NZS 4777.2:2020,"Wednesday, 06 October 2021","The AS/NZS 4777.2 standard for inverters will be superseded by the AS/NZS 4777.2:2020 version, meaning all inverters installed from this date will need to meet the new inverter standard.The inverter standard will affect all applicants seeking the accreditation of photovoltaic (PV) solar systems as power stations in the Large-scale Renewable Energy Target (LRET)."
"23 Sep 2021,US to dramatically cut climate damaging Green House Gases through Aim Act,United States,Carbon Emissions,Chemicals,
                                                    Environmental Protection Agency's
                                                ,",https://www.globaldata.com/esg/regulatorysummary/us-to-dramatically-cut-climate-damaging-green-house-gases-through-aim-act,US to dramatically cut climate damaging Green House Gases through Aim Act,"Tuesday, 28 September 2021","The Environmental Protection Agency (EPA) of the United States issued a final rule establishing a comprehensive programme to cap and phase down the production and consumption of climate-damaging hydrofluorocarbons (HFCs) in the United States. The rule will reduce HFC production and consumption in the United States by 85 percent over the next 15 years, as required by the American Innovation and Manufacturing (AIM) Act, which was passed in December 2020."
"23 Sep 2021,APHIS Adds New Harmonized Tariff Codes to Lacey Act Enforcement Schedule,United States,Biodiversity,Agriculture & Forestry,
                                                    U.S. Department of Agriculture
                                                ,",https://www.globaldata.com/esg/regulatorysummary/aphis-adds-new-harmonized-tariff-codes-to-lacey-act-enforcement-schedule,APHIS Adds New Harmonized Tariff Codes to Lacey Act Enforcement Schedule,"Tuesday, 12 October 2021",The U.S. Department of Agriculture’s Animal and Plant Health Inspection Service (APHIS) published a notice in the Federal Register announcing the implementation of Phase VI of the Lacey Act enforcement schedule. Phase VI will require a plant import declaration for additional products such as essential oils and wooden pallets that are imported into the United States.
"23 Sep 2021,The Australian Government, businesses and institutional investors recommended to take more action to prevent business-related human rights harms.,Australia,Human Rights,Consumer; Aerospace and Defence; Travel and Tourism; Agriculture & Forestry; Government and Non-Profit Organisations; Transportation; Infrastructure and Logistics; Chemicals; Packaging; Industrial Goods & Machinery; Mining; Technology; Media and Telecom; Automotive; Business and Consumer Services; Financial Services; Healthcare; Sport; Construction,
                                                    Australian Renewable Energy Agency
                                                ,",https://www.globaldata.com/esg/regulatorysummary/the-australian-government-businesses-and-institutional-investors-recommended-to-take-more-action-to-prevent-business-related-human-rights-harms,"The Australian Government, businesses and institutional investors recommended to take more action to prevent business-related human rights harms.","Wednesday, 06 October 2021","The Australian Human Rights Commission and the Australian Human Rights Institute at UNSW Sydney have released a new report that looks at how the United Nations Guiding Principles on Business and Human Rights (UNGPs) are being implemented in Australia. The report calls on the Australian government, businesses, and institutional investors to do more to prevent business-related human rights violations. The report makes recommendations to the government, business, and investors on how to effectively implement the UNGPs. It encourages businesses and institutional investors to carry out human rights due diligence in order to identify and address human rights risks.It encourages businesses and institutional investors to put the UNGPs into action by conducting human rights due diligence to identify and address human rights risks in their operations, supply chains, and portfolios."
"22 Sep 2021,German Federal Government promotes energy-efficient buildings through Climate Protection Act,Germany,Carbon Emissions,Energy Efficiency,
                                                    Ministry of Interior, Building and Community, Germany
                                                ,",https://www.globaldata.com/esg/regulatorysummary/german-federal-government-promotes-energy-efficient-buildings-through-climate-protection-act,German Federal Government promotes energy-efficient buildings through Climate Protection Act,"Friday, 24 September 2021","The federal government of Germany  decided to increase funding to promote energy-efficient buildings by 5.8 billion euros to a total of 11.5 billion euros through the program of measures. The measures decided by the Federal Government were developed jointly by the Federal Ministry of the Interior and the Federal Ministry of Economics. With the Climate Protection Act, the federal government has adopted a binding legal framework for compliance with the national climate protection targets with annual emissions falling, including for the building sector. The program of measures adopted  consolidates successful funding instruments in order to achieve the climate targets in the building sector."
"21 Sep 2021,German Resolution at United Nations Human Rights Council to observe the human rights situation in Afghanistan,Afghanistan; Germany,Human Rights,,
                                                    German Federal Foreign Office
                                                ,",https://www.globaldata.com/esg/regulatorysummary/german-resolution-at-united-nations-human-rights-council-to-observe-the-human-rights-situation-in-afghanistan,German Resolution at United Nations Human Rights Council to observe the human rights situation in Afghanistan,"Wednesday, 22 September 2021","While extending support for human rights protection in Afghanistan, the German Ministry of Foreign Affairs tabled a resolution at the United Nations Human Rights Council to observe the human rights situation in Afghanistan at the virtual Ministerial Meeting on the Future of Afghan Women and Girls on the sidelines of the United Nations General Assembly."
"21 Sep 2021,Australia approves Bovid imports for zoos with strict conditions,Australia,Biodiversity,Agriculture & Forestry,
                                                    Department of Agriculture, Water and the Environment
                                                ,",https://www.globaldata.com/esg/regulatorysummary/australia-approves-bovid-imports-for-zoos-with-strict-conditions,Australia approves Bovid imports for zoos with strict conditions,"Tuesday, 28 September 2021","Zoos wishing to import live bovid animals or their semen into Australia have been given the go-ahead following a department review, provided they adhere to strict new biosecurity measures designed to prevent the introduction of 22 significant diseases such as rabies, foot-and-mouth disease, and Rift Valley fever. At the moment, Australia only allows the importation of zoo bovids from New Zealand, such as kudu, gazelles, and impala. If agreed biosecurity import conditions are met, the review recommends that 19 other countries be allowed to import bovid animals and their sperm. Domestic cattle and buffalo, as well as sheep and goats, are not permitted.."
"21 Sep 2021,Spain included the Iberian wolf in the List of Wild Species under the Special Protection Regime,Spain,Endangered Species Protection,Agriculture & Forestry,
                                                    Ministry of Ecological Transition and Demographic Challenge, Spain
                                                ,",https://www.globaldata.com/esg/regulatorysummary/spain-included-the-iberian-wolf-in-the-list-of-wild-species-under-the-special-protection-regime,Spain included the Iberian wolf in the List of Wild Species under the Special Protection Regime,"Monday, 03 January 2022","The Council of Ministers, Spain approved including the Iberian wolf ( Canis lupus signatus )  in the List of Wild Species in the Special Protection Regime (LESPRE).The State Commission for Natural Heritage and Biodiversity approved the inclusion of  wolf populations in the LESPRE, recognising the importance of the species as a cultural and scientific heritage, as well as the environmental services provided by the presence of this carnivore in ecosystems.Its inclusion in the list will allow the species protection system to be uniform throughout the territory."
"21 Sep 2021,Japan revised and published Japanese Industrial Standards (JIS),Japan,Mineral Resource Optimization,Mining,
                                                    Ministry of Economy, Trade and Industry, Japan
                                                ,",https://www.globaldata.com/esg/regulatorysummary/japan-revised-and-published-japanese-industrial-standards-jis,Japan revised and published Japanese Industrial Standards (JIS),"Friday, 12 November 2021","The Ministry of Economy, Trade and Industry (METI) has revised and established the Japanese Industrial Standards.The Japanese Industrial Standards (JIS) are a collection of national standards stipulating the criteria for mineral or industrial products, data, and services in Japan, including their quality, performance and test methods."
"20 Sep 2021,ASEL update 2021 open for public consultation,Australia,Biodiversity,Agriculture & Forestry,
                                                    Department of Agriculture, Water and the Environment
                                                ,",https://www.globaldata.com/esg/regulatorysummary/asel-update-2021-open-for-public-consultation,ASEL update 2021 open for public consultation,"Friday, 01 October 2021","The Australian Department of Agriculture, Water and the Environment is inviting livestock exporters, animal welfare organisations, producer groups, and members of the general public to provide feedback on the 2021 update of the Australian Standards for the Export of Livestock (ASEL). The ASEL 2021 update focuses on reducing ambiguity while improving readability and usability."
"20 Sep 2021,The National Register of Recovery Authorization underway in Italy,Italy,Pollution,Business and Consumer Services,
                                                    Ministry of Ecological Transition
                                                ,",https://www.globaldata.com/esg/regulatorysummary/the-national-register-of-recovery-authorization-underway-in-italy,The National Register of Recovery Authorization underway in Italy,"Friday, 08 October 2021","Recer, The National Registry of Recovery Authorization is  underway in Italy. It is the platform through which the authorities communicate the new authorisation measures issued, reviewed and renewed as well as the results of simplified procedures launced for the start of waste recovery operations."
"17 Sep 2021,Australia seeking review of recovery plan decisions for threatened species and ecological communities,Australia,Biodiversity,Agriculture & Forestry,
                                                    Department of Agriculture, Water and the Environment
                                                ,",https://www.globaldata.com/esg/regulatorysummary/australia-seeking-review-of-recovery-plan-decisions-for-threatened-species-and-ecological-communities,Australia seeking review of recovery plan decisions for threatened species and ecological communities,"Tuesday, 28 September 2021","The Department of Agriculture, Water, and the Environment is seeking public input on proposed changes to recovery plan decisions made in accordance with the Environment Protection and Biodiversity Conservation Act of 1999. (EPBC Act). The department is collaborating with the independent Threatened Species Scientific Committee (the Committee) to determine when ""recovery plans"" are required in addition to ""conservation advices,"" in order to ensure that the most appropriate and effective plans are in place to guide recovery actions."
"17 Sep 2021,France adapts influenza risk management to hunting practices,France,Biodiversity,Agriculture & Forestry,
                                                    
                                                ,",https://www.globaldata.com/esg/regulatorysummary/france-adapts-influenza-risk-management-to-hunting-practices,France adapts influenza risk management to hunting practices,"Friday, 08 October 2021","The decree of 2016 that specifies the  Influenza risk preventive measures applicable to each level of risk has been amended in order to adapt the management of the influenza risk to the reality of hunting, particularly the transport of callers. It enables the pursuit of hunting practises while controlling the health risk. Transport of callers is thus permitted as soon as they pass through the moderate risk zone and will remain so in the event of a high risk of influenza for hunters who have no connection with a commercial poultry farm and keep no more than 15 pleasure birds."
"17 Sep 2021,UK introduces new by laws in Seven Estuary and river Severn to protect vulnerable salmon stocks,United Kingdom,Marine Biodiversity,Agriculture & Forestry,
                                                    Environment Agency, Uk
                                                ,",https://www.globaldata.com/esg/regulatorysummary/uk-introduces-new-by-laws-in-seven-estuary-and-river-severn-to-protect-vulnerable-salmon-stocks,UK introduces new by laws in Seven Estuary and river Severn to protect vulnerable salmon stocks,"Monday, 29 November 2021","In response to the decline in migratory Salmon stocks, Environmental Agency introduces bylaws  on the River Severn and Severn Estuary to restrict salmon fishing. Parts of the Severn Estuary commercial net fishery, such as the draught net and putcher fisheries, will be prohibited and  demand that every salmon caught in the estuary by lave nets be released.New controls on angling methods will prohibit specified methods for fishing for salmon and sea trout by rod and line within the River Severn."
"17 Sep 2021,New Lanfdill gas generation Standard in Australia,Australia,Pollution,Business and Consumer Services,
                                                    Clean Energy Regulator
                                                ,",https://www.globaldata.com/esg/regulatorysummary/new-lanfdill-gas-generation-standard-in-australia,New Lanfdill gas generation Standard in Australia,"Wednesday, 06 October 2021",New Lanfdill gas generation Standard in Australia under which all new projects that seek to capture and combust waste methane from landfills with the intention to generate electricity will have a 12-year crediting period.Existing projects under the 2015 Landfill gas method that intend to generate electricity can choose to transfer onto the new Landfill gas (generation) method. This will allow such projects to access a crediting period extension of 5 years resulting in a crediting period of 12 years from the start date of their original crediting period.
"17 Sep 2021,Local-Federal Partnership to Protect Mississippi River Communities from Plastic Pollution formalized by EPA,United States,Pollution; Resource Scarcity,Business and Consumer Services,
                                                    Environmental Protection Agency's
                                                ,",https://www.globaldata.com/esg/regulatorysummary/local-federal-partnership-to-protect-mississippi-river-communities-from-plastic-pollution-formalized-by-epa,Local-Federal Partnership to Protect Mississippi River Communities from Plastic Pollution formalized by EPA,"Friday, 01 October 2021","The EPA collaborates with the Mississippi River Cities and Towns Initiative (MRCTI) to reaffirm the Agency's commitment to collaborating with local communities along the Mississippi River to address pollution and other shared environmental challenges. The EPA will assist the UN Environment Program in its Mississippi River Plastic Pollution Initiative, in collaboration with MRCTI and key partners, to study the state of plastic pollution along the Mississippi. The agency's participation will contribute to the advancement of best practises, lessons learned, and methodologies for on-the-ground efforts to reduce plastic pollution, which can be replicated in other domestic and international contexts."
"17 Sep 2021,Objectives achieved for the slaughterhouse modernization measure, Relance in France,France,Environment; Farm Animal Welfare,Agriculture & Forestry,
                                                    
                                                ,",https://www.globaldata.com/esg/regulatorysummary/objectives-achieved-for-the-slaughterhouse-modernization-measure-relance-in-france,"Objectives achieved for the slaughterhouse modernization measure, Relance in France","Friday, 08 October 2021","The France Relance plan aimed to help slaughterhouse modernization via tangible or intangible investments in slaughtering tool on countrywide territory,specifically to improve animal protection and operator working conditions. This measure, which went into effect on December 15, 2020, was a huge success, responding to a proven need for investment in the meat sector. The measure, which included video surveillance monitoring systems, made a significant contribution to improving animal protection."
"16 Sep 2021,Fisheries and Oceans Canada has updated harvest plan for Pacific herring,Canada,Marine Biodiversity; Sustainable Fishery; Environment; Biodiversity,Agriculture & Forestry,
                                                    Fisheries and Oceans Canada
                                                ,",https://www.globaldata.com/esg/regulatorysummary/fisheries-and-oceans-canada-has-updated-harvest-plan-for-pacific-herring,Fisheries and Oceans Canada has updated harvest plan for Pacific herring,"Wednesday, 29 December 2021","Fisheries and Oceans Canada, along with the Canadian Coast Guard, have announced a new strategy to Pacific herring management, based on recently increased dangers to wild salmon, which rely on herring as a food supply. Most commercial Pacific herring fisheries will be closed as a result of this method. Harvesting will be cut to a 10% rate in the Strait of Georgia, with a maximum total permissible catch of 7,850 tonnes."
"16 Sep 2021,EPA Rescinds Previous Administration’s Guidance on Clean Water Act Permit Requirements,Australia,Pollution,Business and Consumer Services,
                                                    Environmental Protection Agency of the US
                                                ,",https://www.globaldata.com/esg/regulatorysummary/epa-rescinds-previous-administrations-guidance-on-clean-water-act-permit-requirements,EPA Rescinds Previous Administration’s Guidance on Clean Water Act Permit Requirements,"Friday, 01 October 2021","U.S. Environmental Protection Agency (EPA) is rescinding a guidance document entitled “Applying the Supreme Court’s County of Maui v. Hawaii Wildlife Fund Decision in the Clean Water Act Section 402 National Pollutant Discharge Elimination System Permit Program.With this action, EPA is preserving longstanding clean water protections.The Clean Water Act and a straightforward application of the U.S. Supreme Court’s decision provide important protections for the nation’s waters by ensuring that discharges of pollutants to groundwater that reach surface waters are appropriately regulated. This action will help protect water quality in lakes, streams, wetlands, and other waterbodies. EPA will work with state permitting agencies and the regulated community to implement the Supreme Court’s decision in County of Maui, consistent with law and science."
"15 Sep 2021,German Circular Economy Standardization Roadmap Approved,Germany,Circular Economy,Business and Consumer Services,
                                                    Ministry of Environment, Nature Conservation and Nuclear Safety, Germany
                                                ,",https://www.globaldata.com/esg/regulatorysummary/german-circular-economy-standardization-roadmap-approved,German Circular Economy Standardization Roadmap Approved,"Thursday, 16 September 2021","BMU, DIN, DKE and VDI give the go-ahead for the German Circular Economy Standardization Roadmap.The standardization roadmap is intended to provide an overview of the status quo of standardization in the area of ​​circular economy, describe requirements and challenges for seven key topics and identify and formulate the specific need for action for future norms and standards.The standardization roadmap focus on topics of the EU's Circular Economy Action Plan."
"14 Sep 2021,BSI signs administrative agreement with BSH for Information Security in Sea Shipping,Germany,Risk Management,Transportation; Infrastructure and Logistics,
                                                    Federal Office for Information Security
                                                ,",https://www.globaldata.com/esg/regulatorysummary/bsi-signs-administrative-agreement-with-bsh-for-information-security-in-sea-shipping,BSI signs administrative agreement with BSH for Information Security in Sea Shipping,"Wednesday, 22 September 2021","The iBundesamt für Maritime und Hydrographie, the professional association for traffic, post-logistics, and telecommunications, and the Federal Office for Information Security (BSI) signed an administrative agreement to increase the level of information security in sea shipping in Germany and internationally. Ships are an essential component of many important supply chains, as well as a key pillar of passenger and freight traffic in Germany and around the world, and must therefore meet stringent cyber security standards."
"14 Sep 2021,EPA unveils guides on Solid Waste and Disaster debris management partnering with Puerto Rico Agencies,United States,Pollution,Business and Consumer Services,
                                                    Environmental Protection Agency's
                                                ,",https://www.globaldata.com/esg/regulatorysummary/epa-unveils-guides-on-solid-waste-and-disaster-debris-management-partnering-with-puerto-rico-agencies,EPA unveils guides on Solid Waste and Disaster debris management partnering with Puerto Rico Agencies,"Friday, 01 October 2021","The U.S. Environmental Protection Agency (EPA) and Federal Emergency Management Agency (FEMA) have partnered with other federal agencies and the Puerto Rico Department of Natural and Environmental Resources (PRDNER) to develop an infographic guide, with a primary goal of educating municipalities about the need to incorporate solid waste and disaster debris management into the next revisions of their hazard mitigation plans.The agencies aim to build capacity related to solid waste and disaster debris management and it  also highlights possible funding sources that could help stabilize community lifelines after emergencies through mitigation strategies related to solid waste management."
"14 Sep 2021,Australia developed new guide on managing the risks of elevating work platforms,Australia,Workplace Safety,Consumer; Aerospace and Defence; Travel and Tourism; Agriculture & Forestry; Government and Non-Profit Organisations; Transportation; Infrastructure and Logistics; Chemicals; Packaging; Industrial Goods & Machinery; Mining; Technology; Media and Telecom; Automotive; Business and Consumer Services; Financial Services; Healthcare; Sport; Construction,
                                                    Safe Work Australia
                                                ,",https://www.globaldata.com/esg/regulatorysummary/australia-developed-new-guide-on-managing-the-risks-of-elevating-work-platforms,Australia developed new guide on managing the risks of elevating work platforms,"Thursday, 20 January 2022",Guidelines for controlling the risks of elevated work platforms have been produced by Safe Work Australia (EWPs). The handbook walks persons conducting a business or undertaking (PCBUs) through the process of identifying the dangers connected with EWPs in their workplace and how to manage the risks to their health and safety to the best of their abilities.
"13 Sep 2021,UK government announces support to flagship renewable energy Scheme,United Kingdom,Climate Change,,
                                                    
                                                ,",https://www.globaldata.com/esg/regulatorysummary/uk-government-announces-support-to-flagship-renewable-energy-scheme,UK government announces support to flagship renewable energy Scheme,"Tuesday, 28 September 2021","The UK government has announced the most extensive round of its flagship renewable energy scheme to date. The Contracts for Difference (CfD) scheme is the primary means by which the government encourages investment in low-carbon electricity. It is open to projects based in the United Kingdom. It encourages renewable energy investment by shielding developers of projects with high upfront costs and long lifetimes from volatile wholesale prices. This, in turn, ensures that consumers do not incur additional costs when electricity prices are high."
"12 Sep 2021,Decree to regulate the adjustment of the free allocation of emission rights in the period 2021-2030 approved in Spain,Spain,Carbon Emissions,Consumer; Aerospace and Defence; Travel and Tourism; Agriculture & Forestry; Government and Non-Profit Organisations; Chemicals; Transportation; Infrastructure and Logistics; Packaging; Industrial Goods & Machinery; Mining; Technology; Media and Telecom; Automotive; Business and Consumer Services; Financial Services; Healthcare; Sport; Construction,
                                                    Ministry of Ecological Transition and Demographic Challenge, Spain
                                                ,",https://www.globaldata.com/esg/regulatorysummary/decree-to-regulate-the-adjustment-of-the-free-allocation-of-emission-rights-in-the-period-2021-2030-approved-in-spain,Decree to regulate the adjustment of the free allocation of emission rights in the period 2021-2030 approved in Spain,"Wednesday, 05 January 2022","The Council of Ministers has passed a Royal Decree that governs the free distribution of emission rights for the years 2021-2030. The changes made by this  will make the free allocation of emission licences for fixed installations more consistent with their actual activity levels.There will be more parallelism between activity and allocation, so that a large change in activity will result in a corresponding adjustment in emission rights allocation."
"10 Sep 2021,World Conservation Union adopts Marseille Manifesto,Global,Biodiversity; Climate Change,Agriculture & Forestry,
                                                    Ministry of Environment, Nature Conservation and Nuclear Safety, Germany
                                                ,",https://www.globaldata.com/esg/regulatorysummary/world-conservation-union-adopts-marseille-manifesto,World Conservation Union adopts Marseille Manifesto,"Thursday, 23 September 2021","The Marseille Manifesto was adopted by the IUCN World Conservation Congress (WCC) in Marseille. The manifesto's central demand is that the two major global challenges of climate change and biodiversity loss be considered equally in the economic recovery following the pandemic, and that the topics be interconnected to a greater extent. The Marseille Manifesto emphasises the value of biodiversity conservation and climate action."
"10 Sep 2021,Efforts to strengthen environmental enforcement in communities overburdened by pollution launched jointly by U.S. EPA and CalEPA,United States,Pollution; Community Impact,Business and Consumer Services,
                                                    Environmental Protection Agency's
                                                ,",https://www.globaldata.com/esg/regulatorysummary/efforts-to-strengthen-environmental-enforcement-in-communities-overburdened-by-pollution-launched-jointly-by-us-epa-and-calepa,Efforts to strengthen environmental enforcement in communities overburdened by pollution launched jointly by U.S. EPA and CalEPA,"Friday, 01 October 2021","U.S. Environmental Protection Agency Region 9 (EPA) and the California Environmental Protection Agency (CalEPA) signed a five-year, first-of-its-kind Memorandum of Understanding (MOU) to expand joint activities supporting the agencies’ shared goals of reducing pollution burdens, increasing environmental compliance, and improving public health outcomes in overburdened California communities. The MOU creates a framework for a partnership between the two agencies and expands collaborative activities related to enforcement, inspections, compliance assistance, communication, community engagement, and training to benefit public health and the environment in overburdened communities."
"9 Sep 2021,Ministry of Employment and Labor, Korea passes Measures to Support National Lifelong Vocational Competency Development,South Korea,Fair Employment,Business and Consumer Services,
                                                    
                                                ,",https://www.globaldata.com/esg/regulatorysummary/ministry-of-employment-and-labor-korea-passes-measures-to-support-national-lifelong-vocational-competency-development,"Ministry of Employment and Labor, Korea passes Measures to Support National Lifelong Vocational Competency Development","Thursday, 16 September 2021","At the Presidential Committee, the Ministry of Employment and Labor, South Korea approved ""Measures to Support National Lifelong Vocational Competency Development in Response to Future Environmental Changes."" The measures were designed to restructure the entire vocational training system, allowing all citizens who want to work in a rapidly changing industrial structure and labour market environment to both protect their jobs and find new ones through vocational training."
"9 Sep 2021,New abatement in consumer rights in Telecommunication Sector in Germany,Germany,Social,Technology; Telecom; Media and Telecom; Retail,
                                                    Bundesnetzagentur
                                                ,",https://www.globaldata.com/esg/regulatorysummary/new-abatement-in-consumer-rights-in-telecommunication-sector-in-germany,New abatement in consumer rights in Telecommunication Sector in Germany,"Thursday, 07 October 2021","Federal Network Agency submitted a draft general decree on new reduction regulations for fixed-line broadband connections for consultation. The Telecommunications Act establishes new consumer rights. These give consumers the right to reduce the contractually agreed-upon fee or to terminate the contract abruptly without giving notice. These options are available if there are significant, continuous, or recurring differences in the speed between the actual performance of Internet access services and the performance specified by the provider."
"8 Sep 2021,Comments sought on Draft Pest Risk Assessment for the Importation of Wheat for Consumption from Lithuania by APHIS,United States,Biodiversity,Agriculture & Forestry,
                                                    U.S. Department of Agriculture
                                                ,",https://www.globaldata.com/esg/regulatorysummary/comments-sought-on-draft-pest-risk-assessment-for-the-importation-of-wheat-for-consumption-from-lithuania-by-aphis,Comments sought on Draft Pest Risk Assessment for the Importation of Wheat for Consumption from Lithuania by APHIS,"Tuesday, 12 October 2021","The government of Lithuania has requested that the USDA's Animal and Plant Health Inspection Service (APHIS) approve the importation of wheat (Triticum sp.) for human consumption into the United States. APHIS has created a draft pest risk assessment that details the potential pests associated with the commodity.
The draft shared to stakeholders to see if they have information that would lead  to revise the draft assessment before identifying pest mitigations and proceeding with the commodity import approval process."
"8 Sep 2021,Hearing on Consumer Rights in Telecommunication Act in Germany,Germany,Human Rights,Technology; Telecom; Media and Telecom,
                                                    Bundesnetzagentur
                                                ,",https://www.globaldata.com/esg/regulatorysummary/hearing-on-consumer-rights-in-telecommunication-act-in-germany,Hearing on Consumer Rights in Telecommunication Act in Germany,"Friday, 01 October 2021","The Bundesnetzagentur published a draft general administrative order for public comment on new mitigation schemes for fixed broadband lines. The Telecommunications Act establishes new consumer rights. These give customers the option of reducing the contractually agreed-upon charge or terminating the contract without notice. These options are available to the consumer if there is a significant, continuous, or recurring difference in speed between the actual performance of the internet access service and the performance stated by the provider. The new provisions in the Telecommunications Act address the European Net Neutrality Regulation's requirements."
"7 Sep 2021,New guidance on breach reporting published by ASIC,Australia,Ethics,Financial Services,
                                                    Australian Securities & Investments Commission
                                                ,",https://www.globaldata.com/esg/regulatorysummary/new-guidance-on-breach-reporting-published-by-asic,New guidance on breach reporting published by ASIC,"Wednesday, 29 September 2021","ASIC issued regulatory guidance to assist credit and Australian Financial Services (AFS) licensees in meeting new breach reporting requirements. The breach reporting reforms address long-standing concerns about breach reporting by making the industry's reporting more consistent, clear, and timely. Breach of compliance occurs in all businesses. Breach reporting is critical for Board oversight and licensee risk management. It is also required for ASIC's regulatory oversight of the entire system."
"7 Sep 2021,APHIS amends entry requirements for importation of select plants from Canada into the United States,Canada; United States,Biodiversity,Agriculture & Forestry,
                                                    U.S. Department of Agriculture
                                                ,",https://www.globaldata.com/esg/regulatorysummary/aphis-amends-entry-requirements-for-importation-of-select-plants-from-canada-into-the-united-states,APHIS amends entry requirements for importation of select plants from Canada into the United States,"Tuesday, 12 October 2021","USDA's Animal and Plant Health Inspection Service (APHIS) amended the entry requirements for the importation of Fragaria spp., Rosa spp., and Rubus spp. plants produced in Canada to prevent the introduction of the strawberry blossom weevil (Anthonomus rubi) into the United States.To prevent the introduction of strawberry blossom weevil (Anthonomus rubi) into the United States, APHIS requires that Fragaria spp., Rosa spp., and Rubus spp. plants for planting produced in Canada must be accompanied by a phytosanitary certificate with an additional declaration."
"7 Sep 2021,APHIS Seeks Comment on Draft Pest Risk Assessment for the Importation of Unroasted coffee,United States,Biodiversity,Agriculture & Forestry,
                                                    U.S. Department of Agriculture
                                                ,",https://www.globaldata.com/esg/regulatorysummary/aphis-seeks-comment-on-draft-pest-risk-assessment-for-the-importation-of-unroasted-coffee,APHIS Seeks Comment on Draft Pest Risk Assessment for the Importation of Unroasted coffee,"Tuesday, 12 October 2021",APHIS has drafted a pest risk assessment that describes potential pests associated with  the importation of unroasted coffee beans for consumption and propagation into Puerto Rico .APHIS shared draft pest risk assessments for comments to revise the draft assessment before  pest mitigations are identified and proceed with the commodity import approval process.
"3 Sep 2021,Sex Discrimination and Fair Work (Respect at Work) Amendment Bill 2021, Australia,Australia,Workplace Diversity,Aerospace and Defence; Consumer; Agriculture & Forestry; Government and Non-Profit Organisations; Chemicals; Packaging; Industrial Goods & Machinery; Mining; Automotive; Business and Consumer Services; Financial Services; Healthcare; Sport; Construction,
                                                    Australian Human Rights Commission
                                                ,",https://www.globaldata.com/esg/regulatorysummary/sex-discrimination-and-fair-work-respect-at-work-amendment-bill-2021-australia,"Sex Discrimination and Fair Work (Respect at Work) Amendment Bill 2021, Australia","Friday, 08 October 2021","The Australian Human Rights Commission welcomed the passage of the Sex Discrimination and Fair Work (Respect at Work) Amendment Bill 2021.The Bill contains important reforms to address sexual harassment in Australian workplaces which were recommended by the Australian Human Rights Commission following its world-leading National Inquiry into Sexual Harassment in Australian Workplaces, Respect@Work."
"3 Sep 2021,Updated Energy Efficiency Descriptors for Central Air Conditioning Units approved by FTC,United States,Climate Change,Consumer; Airconditioners,
                                                    Federal Trade Commission
                                                ,",https://www.globaldata.com/esg/regulatorysummary/updated-energy-efficiency-descriptors-for-central-air-conditioning-units-approved-by-ftc,Updated Energy Efficiency Descriptors for Central Air Conditioning Units approved by FTC,"Friday, 08 October 2021","The Federal Trade Commission has approved a Federal Register notice (FRN) announcing final changes to the Energy Labeling Rule (Rule). The changes bring the comparability ranges and sample labels for central air conditioning (AC) units up to date. The Energy Policy and Conservation Act of 1979 required energy labelling for major home appliances and other consumer products to help consumers compare the energy usage and costs of competing models. Manufacturers are required  to attach yellow EnergyGuide labels to many of the products covered by the Rule, and retailers are prohibited from removing or altering these labels. "
"2 Sep 2021,Carbon Neutrality Act Passed by National Assembly Heralding Economic and Social Transition Towards 2050 Carbon Neutrality in Korea,South Korea,Carbon Emissions,Chemicals; Mining; Construction,
                                                    Ministry of Environment (South Korea)
                                                ,",https://www.globaldata.com/esg/regulatorysummary/carbon-neutrality-act-passed-by-national-assembly-heralding-economic-and-social-transition-towards-2050-carbon-neutrality-in-korea,Carbon Neutrality Act Passed by National Assembly Heralding Economic and Social Transition Towards 2050 Carbon Neutrality in Korea,"Tuesday, 28 September 2021","The National Assembly of Korea passed the Framework Act on Carbon Neutrality and Green Growth (or ""Carbon Neutrality Act""), the legal foundation for addressing the climate crisis and achieving carbon neutrality by 2050. In its Long-term Low Emission Development Strategy (LEDS) submitted to the UN in December 2020, Korea announced its vision for 2050 carbon neutrality. The Carbon Neutrality Act establishes legal procedures and policy instruments to help the country achieve its vision. The Carbon Neutrality Act will serve as the foundation for Korea's carbon-neutral policies over the next 30 years, and a mid-to-long-term greenhouse gas emission reduction target will be established."
"2 Sep 2021,Court rules out use of The Energy Charter Treaty in intra-EU disputes.,Europe,Climate Change,,
                                                    
                                                ,",https://www.globaldata.com/esg/regulatorysummary/court-rules-out-use-of-the-energy-charter-treaty-in-intra-eu-disputes,Court rules out use of The Energy Charter Treaty in intra-EU disputes.,"Thursday, 16 September 2021",The Court of Justice of the European Union ruled out using The Energy Charter Treaty in Intra EU-disputes.The treaty used by polluting energy companies to claim compensation from governments who thwart their investments was ruled incompatible with EU law  and undermining the role of EU courts.
"2 Sep 2021,Federal Network Agency supports decision of the European Court of Justice in energy matters,Germany,Climate Change,,
                                                    Bundesnetzagentur
                                                ,",https://www.globaldata.com/esg/regulatorysummary/federal-network-agency-supports-decision-of-the-european-court-of-justice-in-energy-matters,Federal Network Agency supports decision of the European Court of Justice in energy matters,"Thursday, 07 October 2021",The Federal Network Agency takes note of the decision of the European Court of Justice on the independence and competence of the regulatory authorities as well as on the implementation of unbundling requirements in the energy sector.The European Court of Justice has ruled that directives in the field of energy law have not been correctly transposed into national law. The European Court of Justice demands that measures be taken to further strengthen the independence of the regulatory authorities and their decision-making powers in the field of energy regulation.
"2 Sep 2021,Australia makes regulatory changes aimed to improve passenger safety on domestic commercial vessels.,Australia,Health and Safety,Transportation; Infrastructure and Logistics,
                                                    Australian Maritime Safety Authority
                                                ,",https://www.globaldata.com/esg/regulatorysummary/australia-makes-regulatory-changes-aimed-to-improve-passenger-safety-on-domestic-commercial-vessels,Australia makes regulatory changes aimed to improve passenger safety on domestic commercial vessels.,"Wednesday, 29 September 2021","Australia implements regulatory changes aimed at increasing passenger safety on domestic commercial vessels. This includes a procedure in the safety management system to ensure that passengers are monitored and accounted for while on board. The procedure must enable the master to determine how many passengers are on board at any time, as well as an emergency procedure in the safety management system for dealing with a missing passenger."
"2 Sep 2021,USDA Seeks public input on the Labeling of Meat and Poultry Products Derived from Animal Cells,United States,Environment; Meat & Seafood Alternatives,Agriculture & Forestry,
                                                    U.S. Department of Agriculture
                                                ,",https://www.globaldata.com/esg/regulatorysummary/usda-seeks-public-input-on-the-labeling-of-meat-and-poultry-products-derived-from-animal-cells,USDA Seeks public input on the Labeling of Meat and Poultry Products Derived from Animal Cells,"Wednesday, 13 October 2021",The Food Safety and Inspection Service (FSIS) of the United States Department of Agriculture (USDA) issued an advance notice of proposed rulemaking (ANPR) to solicit comments and information on the labelling of meat and poultry products made with cultured cells derived from animals under FSIS jurisdiction. These comments will be used by FSIS to inform future regulatory requirements for the labelling of such food products.This ANPR is an important step forward in ensuring the appropriate labeling of meat and poultry products made using animal cell culture technology
"2 Sep 2021,Italy approves decree to strengthen prevention and fight against forest fires,Italy,Natural Resources; Climate Change; Environment; Sustainable Forestry,Agriculture & Forestry,
                                                    Ministry of Agricultural, Food and Forestry Policies
                                                ,",https://www.globaldata.com/esg/regulatorysummary/italy-approves-decree-to-strengthen-prevention-and-fight-against-forest-fires,Italy approves decree to strengthen prevention and fight against forest fires,"Thursday, 11 November 2021","Ministry of Agricultural, Food and Forestry Policies, Italy approved a decree law  with the goal of increasing forest fire prevention efforts and improving active firefighting capabilities.The fire prevention and financial resources has been overhauled to improve the operational capability of state components participating in firefighting, with special provisions for infrastructure on smaller islands and in the inland area."
"2 Sep 2021,Court rules out use of Energy Charter Treaty in intra-EU disputes,Europe,Climate Change,Energy Infrastructure,
                                                    
                                                ,",https://www.globaldata.com/esg/regulatorysummary/court-rules-out-use-of-energy-charter-treaty-in-intra-eu-disputes,Court rules out use of Energy Charter Treaty in intra-EU disputes,"Thursday, 16 December 2021",Court of Justice of the European Union ruled out the use of The Energy Charter Treaty in lawsuits between EU Countries.The international treaty used by polluting energy companies to claim compensation from governments who thwart their investments was ruled incompatible with EU law and  undermining the role of EU courts.
"1 Sep 2021,Smart eID law came into force in Germany,Germany,Human Rights,,
                                                    Ministry of Interior, Building and Community, Germany
                                                ,",https://www.globaldata.com/esg/regulatorysummary/smart-eid-law-came-into-force-in-germany,Smart eID law came into force in Germany,"Friday, 01 October 2021","The Federal Council approved the Smart eID law, which provides the legal basis for the use of the online identification function - the Smart eID. Citizens can use Smart eID to save their online ID directly to their smartphones. When the data from the ID card chip is transferred, the ID card only needs to be held to the smartphone once more. Digital identification is completed in a matter of seconds without the use of an ID card."
"1 Sep 2021,New energy labeling for lighting sources comes into force in Spain,Spain,Carbon Emissions,Consumer; Home Electronics & Appliances,
                                                    Ministry of Ecological Transition and Demographic Challenge, Spain
                                                ,",https://www.globaldata.com/esg/regulatorysummary/new-energy-labeling-for-lighting-sources-comes-into-force-in-spain,New energy labeling for lighting sources comes into force in Spain,"Monday, 03 January 2022","The Ministry for the Ecological Transition and Demographic Challenge has approved the European Commission's amended energy labelling of lighting sources (mostly light bulbs and lamps) in order to adjust the energy efficiency categorization to new test techniques on device consumption.Improving energy efficiency is one of the pillars of the transition to a low-emission economy.The new electrical product labelling eliminates the energy classes A +, A ++, and A +++, replacing them with a categorization scale ranging from A to G, with A indicating the lowest consumption and maximum energy efficiency and G indicating the highest consumption and lowest energy efficiency. As a result, the label will have seven distinct classes."
"1 Sep 2021,Stronger biosecurity measures to manage the risks associated with Brown marmorated stink bug (BMSB),Australia,Biodiversity,Agriculture & Forestry,
                                                    Department of Agriculture, Water and the Environment
                                                ,",https://www.globaldata.com/esg/regulatorysummary/stronger-biosecurity-measures-to-manage-the-risks-associated-with-brown-marmorated-stink-bug-bmsb,Stronger biosecurity measures to manage the risks associated with Brown marmorated stink bug (BMSB),"Friday, 01 October 2021","Stronger biosecurity measures to manage the risks associated with Brown marmorated stink bug (BMSB) in Australia. The 2021-22 BMSB risk season seasonal measures would apply to targeted goods manufactured in, or shipped from target risk countries. They also apply to vessels that berth at, load or tranship from target risk countries."
"31 Aug 2021,BMI Signs digitization collective agreement,Germany,Human Rights,Consumer; Aerospace and Defence; Travel and Tourism; Agriculture & Forestry; Government and Non-Profit Organisations; Transportation; Infrastructure and Logistics; Chemicals; Packaging; Industrial Goods & Machinery; Mining; Technology; Media and Telecom; Automotive; Business and Consumer Services; Financial Services; Healthcare; Sport; Construction,
                                                    Ministry of Interior, Building and Community, Germany
                                                ,",https://www.globaldata.com/esg/regulatorysummary/bmi-signs-digitization-collective-agreement,BMI Signs digitization collective agreement,"Wednesday, 29 September 2021","The Federal Ministry of the Interior, Building and Home Affairs, signed Germany's first digitization collective agreement in the public sector, which will apply to approximately 126,000 federal administration collective bargaining employees. The agreement secures the employees' jobs in the future and provides the stability that the public sector requires to carry out its responsibilities."
"30 Aug 2021,Service Proposes to List Dolphin and Union Caribou as Threatened Under the Endangered Species Act,United States,Biodiversity,Agriculture & Forestry,
                                                    U.S. Fish and Wildlife Service
                                                ,",https://www.globaldata.com/esg/regulatorysummary/service-proposes-to-list-dolphin-and-union-caribou-as-threatened-under-the-endangered-species-act,Service Proposes to List Dolphin and Union Caribou as Threatened Under the Endangered Species Act,"Thursday, 16 December 2021","After conducting a thorough species status review, the U.S. Fish and Wildlife Service has determined that the Peary caribou, the northernmost subspecies of caribou, does not warrant listing under the Endangered Species Act (ESA). However, the Dolphin and Union caribou, which is endemic to Victoria Island and the Canadian mainland, may warrant federal protection. Therefore, the Service is proposing to list the Dolphin and Union caribou as threatened under the ESA."
"29 Aug 2021,Mexico updated NOM 001 standard on wastewater discharges,Mexico,Pollution,Consumer; Aerospace and Defence; Travel and Tourism; Agriculture & Forestry; Government and Non-Profit Organisations; Transportation; Infrastructure and Logistics; Chemicals; Packaging; Industrial Goods & Machinery; Mining; Technology; Media and Telecom; Automotive; Business and Consumer Services; Financial Services; Healthcare; Sport; Construction,
                                                    Ministry of Environment and Natural Resources (Mexico)
                                                ,",https://www.globaldata.com/esg/regulatorysummary/mexico-updated-nom-001-standard-on-wastewater-discharges,Mexico updated NOM 001 standard on wastewater discharges,"Monday, 10 January 2022","Official Mexican Standard NOM-001-SEMARNAT -2021 was adopted by the Ministry of Environment and Natural Resources, which sets the allowed limits of contaminants in wastewater discharges in receiving bodies held by the nation.The new standard replaces a 1996 standard that had not been updated in 25 years, despite the fact that the Maximum Permissible Limits (MPL) and defined parameters had proven insufficient to control contamination in water bodies.The main modifications of NOM-001 refer to the parameters of true color, temperature, chemical oxygen demand and toxicity."
"24 Aug 2021,Endangered Species Act Protection proposed for the Amur Sturgeon by U.S. Fish and Wildlife Service,United States,Endangered Species Protection,Agriculture & Forestry,
                                                    U.S. Fish and Wildlife Service
                                                ,",https://www.globaldata.com/esg/regulatorysummary/endangered-species-act-protection-proposed-for-the-amur-sturgeon-by-us-fish-and-wildlife-service,Endangered Species Act Protection proposed for the Amur Sturgeon by U.S. Fish and Wildlife Service,"Thursday, 14 October 2021","The US Fish and Wildlife Service has determined that the Amur sturgeon, a large freshwater fish native to Russia and China's Amur River basin, deserves to be listed as an endangered species under the Endangered Species Act (ESA). Intensive fishing to meet demand for caviar (unfertilized sturgeon eggs), meat consumption, and dam construction have all contributed to the species' extinction across its range. Much of the species' former range has been lost, and only a few adult sturgeon of breeding age remain in the wild. As a result, the agency is proposing that it be designated as an endangered species."
"24 Aug 2021,Import Requirements for Citrus from Australia amended by APHIS,United States,Biodiversity,Agriculture & Forestry,
                                                    U.S. Department of Agriculture
                                                ,",https://www.globaldata.com/esg/regulatorysummary/import-requirements-for-citrus-from-australia-amended-by-aphis,Import Requirements for Citrus from Australia amended by APHIS,"Tuesday, 19 October 2021","The Animal and Plant Health Inspection Service (APHIS) revised the entry requirements for citrus fruit from the Riverina and Sunraysia Districts in Australia . This revision is required because the Riverina and Sunraysia no longer meet the requirements for Queensland fruit fly (Bactrocera tryoni or QFF) free areas. When originating in regulated areas for QFF, such as the Districts of Riverina and Sunraysia, APHIS now requires in transit cold treatment for the aforementioned citrus varieties.  APHIS will require treatment of citrus prior to entering the United States"
"17 Aug 2021,Import Requirements for Fresh Fig Fruit from Mexico amended by APHIS,Mexico; United States,Biodiversity,Agriculture & Forestry,
                                                    U.S. Department of Agriculture
                                                ,",https://www.globaldata.com/esg/regulatorysummary/import-requirements-for-fresh-fig-fruit-from-mexico-amended-by-aphis,Import Requirements for Fresh Fig Fruit from Mexico amended by APHIS,"Tuesday, 19 October 2021","To prevent the introduction of the black fig fly (Silba adipata McAlpine) into the United States, the Animal and Plant Health Inspection Service (APHIS) is imposing restrictions on all commercial consignments of fresh fig fruits (Ficus carica) imported into the country from Mexico. APHIS is taking this action in response to BFF detections in figs in the Mexican states of Baja California Sur, Hidalgo, Jalisco, Michoacán, Morelos, and Puebla."
"2 Aug 2021,BaFin starts consultation on Guidelines on sustainable investment funds,Germany,,Financial Services,
                                                    BaFin
                                                ,",https://www.globaldata.com/esg/regulatorysummary/bafin-starts-consultation-on-guidelines-on-sustainable-investment-funds,BaFin starts consultation on Guidelines on sustainable investment funds,"Thursday, 16 September 2021",The Federal Financial Supervisory Authority (BaFin) released a draft of its Guidelines on Sustainable Investment Funds. The draftt establishes requirements that asset management firms will be required to meet in the future when establishing retail investment funds labelled as sustainable or explicitly marketed as sustainable.
"1 Aug 2021,South Korea amends Import Permit for Aquatic Animal Pathogenic Agents to enhance the safety control,South Korea,Biodiversity,Agriculture & Forestry,
                                                    Ministry of Oceans and Fisheries
                                                ,",https://www.globaldata.com/esg/regulatorysummary/south-korea-amends-import-permit-for-aquatic-animal-pathogenic-agents-to-enhance-the-safety-control,South Korea amends Import Permit for Aquatic Animal Pathogenic Agents to enhance the safety control,"Friday, 03 December 2021","To improve the safety control for imported aquatic animal pathogenic agents, the Ministry of Oceans and Fisheries and the National Fishery Products Quality Management Service announced that the Public Notice on Aquatic Animal Pathogenic Agents Import Permit has been amended. The amended notice states guidelines on packaging, impprting as well disposal of the pathogens and reporting to authorities."
"30 Jul 2021,ARENA introduced new regulations to support priority low emission technologies,Australia,Climate Change,Power Generation,
                                                    Australian Renewable Energy Agency
                                                ,",https://www.globaldata.com/esg/regulatorysummary/arena-introduced-new-regulations-to-support-priority-low-emission-technologies,ARENA introduced new regulations to support priority low emission technologies,"Wednesday, 06 October 2021","The Australian Government has enacted new legislation that will allow the Australian Renewable Energy Agency (ARENA) to support the next generation of energy technologies. The regulations will ensure that ARENA can carry out the targeted programmes outlined in the Federal Budget for 2020-21. (Programs). ARENA will also be able to support priority low emission technologies identified in the first Low Emissions Technology Statement, such as clean hydrogen, energy storage, low emissions aluminium and steel, carbon capture and storage, and soil carbon, under the regulations."
"27 Jul 2021,Decree for management of poultry farms to improve environmental conditions and animal health approved in Spain,Spain,Farm Animal Welfare; Environment,Agriculture & Forestry,
                                                    Ministry of Agriculture , Fisheries and Rural Development
                                                ,",https://www.globaldata.com/esg/regulatorysummary/decree-for-management-of-poultry-farms-to-improve-environmental-conditions-and-animal-health-approved-in-spain,Decree for management of poultry farms to improve environmental conditions and animal health approved in Spain,"Wednesday, 05 January 2022","A new royal decree has been adopted that establishes basic criteria for the administration of chicken farms, implying an improvement in animal and environmental health. This is a comprehensive evaluation of the current meat poultry laws, which date back to 2005, as well as the absorption of the laying poultry sector, which previously had no management standard. The primary novelties in the standard are organised around two key areas: reinforcing animal health and biosecurity regulations on farms in order to maintain an adequate health condition in them, and implementing environmental obligations. environment, which is concerned with the preservation of water, air, and soils, as well as the fight against climate change."
"26 Jul 2021,Revised policy on developmental and exploratory fishing in Australia,Australia,Marine Biodiversity,Agriculture & Forestry,
                                                    The Australian Fisheries Management Authority
                                                ,",https://www.globaldata.com/esg/regulatorysummary/revised-policy-on-developmental-and-exploratory-fishing-in-australia,Revised policy on developmental and exploratory fishing in Australia,"Tuesday, 26 October 2021","The Australian Fisheries Management Authority (AFMA) recently reviewed Fisheries Management Paper (FMP) 5, the policy that outlines the arrangements around developmental and exploratory fishing.  In consultation with stakeholders the review led to a revision of the policy that is now complete FMP 5: Developmental Fisheries Policy. The revised policy outlines the rights and obligations of fishers wanting to explore and develop new, unallocated or unexploited stocks or species. The policy also provides clarity for fishers on the process AFMA will follow in assessing whether a new fishery can be established including; focusing on a cost effective approach and at the same time having strict sustainability and environmental controls in place."
"20 Jul 2021,Italy signs MoU for the prevention and contrast of labor exploitation in agriculture and illegal hiring.,Italy,Ethics,Agriculture & Forestry,
                                                    Ministry of Agricultural, Food and Forestry Policies
                                                ,",https://www.globaldata.com/esg/regulatorysummary/italy-signs-mou-for-the-prevention-and-contrast-of-labor-exploitation-in-agriculture-and-illegal-hiring,Italy signs MoU for the prevention and contrast of labor exploitation in agriculture and illegal hiring.,"Thursday, 11 November 2021","Ministry of Agricultural, Food and Forestry Policies, Italy signed MoU with Ministry of Labour and Social Policies and Ministry of Interior for the prevention and contrast of labor exploitation in agriculture and illegal hiring.The memorandum developed collaboratively by the Administrations concerned, aims to promote rapid progress in the implementation of the measures outlined in the ""Three-Year Plan to Combat Labor Exploitation in Agriculture"" (2020-2022)"
"13 Jul 2021,Spain approved agreement to protect the auriculate naiad, the most endangered mollusk in the country,Spain,Endangered Species Protection,Agriculture & Forestry,
                                                    Ministry of Ecological Transition and Demographic Challenge, Spain
                                                ,",https://www.globaldata.com/esg/regulatorysummary/spain-approved-agreement-to-protect-he-auriculate-naiad-the-most-endangered-mollusk-in-the-country,"Spain approved agreement to protect the auriculate naiad, the most endangered mollusk in the country","Monday, 03 January 2022","The Council of Ministers approved an agreement for the protection of the auriculate naiad ( Margaritifera auricularia ).The Ministry, the Autonomous Organization of the Ebro Hydrographic Confederation, the Foral Community of Navarra, and the Autonomous Community of Aragon signed this agreement to safeguard this mollusk, which is Spain's most endangered.It is listed in the Spanish Catalog of Threatened Species as ""in danger of extinction"" and has been classified ""in critical situation,"" making works and projects aimed at its recovery of general interest."
"28 Jun 2021,Public consultation on the pollinator plan launched by France,France,Endangered Species Protection,Agriculture & Forestry,
                                                    
                                                ,",https://www.globaldata.com/esg/regulatorysummary/public-consultation-on-the-pollinator-plan-launched-by-france,Public consultation on the pollinator plan launched by France,"Monday, 18 October 2021","Ministry of Agriculture and Food, and  Ministry of Ecological Transition, in charge of Biodiversity, announced today the launch of the national public consultation in favor of pollinating insects (domestic and wild bees, bumblebees, butterflies, flies, etc.) and pollination in France.Various factors influence their survival and development of bees and considering the situation and the urgency to act, the Government has decided to accelerate the implementation of ambitious actions to fight against the decline of pollinating insects."
"23 Jun 2021,Spain approved royal decree with measures to promote renewable energies and favor economic reactivation,Spain,Environment; Climate Change; Renewable Energy; Natural Resources,Power Generation,
                                                    Ministry of Ecological Transition and Demographic Challenge, Spain
                                                ,",https://www.globaldata.com/esg/regulatorysummary/spain-approved-royal-decree-with-measures-to-promote-renewable-energies-and-favor-economic-reactivation,Spain approved royal decree with measures to promote renewable energies and favor economic reactivation,"Thursday, 06 January 2022","In accordance with the European Green Pact, the Council of Ministers issued a Royal Decree-law to support an orderly and speedy energy transition to a 100 percent renewable electricity grid and to favour economic reactivation. The standard, among other things, removes impediments to the widespread deployment of renewable energy sources, establishes new business models, and encourages energy efficiency.This establishes a stable framework that will allow Spain to realise its potential in terms of job creation and economic activity, which is related to a clean, fair, reliable, and reliable energy transition. competitive on the economic front."
"18 Jun 2021,Guidelines on Korean Strawberry Export to Philippines,South Korea,Biodiversity,Agriculture & Forestry,
                                                    Ministry of Agriculture, Food and Rural Affairs
                                                ,",https://www.globaldata.com/esg/regulatorysummary/guidelines-on-korean-strawberry-export-to-philippines,Guidelines on Korean Strawberry Export to Philippines,"Friday, 22 October 2021","The Animal and Plant Quarantine Agency finalized its negotiation on quarantine requirements for Korean strawberry export to the Philippines, and enacted the Quarantine Guidelines for Export of Fresh Korean Strawberries to the Philippines.Quarantine requirements include registering the export complex with the agency, implementing Good Agricultural Practices (GAP) in farms, checking growing areas (trap monitoring) by plant quarantine officers and export quarantine."
"4 Jun 2021,Regulatory Revisions to Endangered Species Act proposed by U.S. Fish and Wildlife Service and NOAA Fisheries,United States,Biodiversity,Agriculture & Forestry,
                                                    U.S. Fish and Wildlife Service
                                                ,",https://www.globaldata.com/esg/regulatorysummary/regulatory-revisions-to-endangered-species-act-proposed-by-us-fish-and-wildlife-service-and-noaa-fisheries,Regulatory Revisions to Endangered Species Act proposed by U.S. Fish and Wildlife Service and NOAA Fisheries,"Wednesday, 20 October 2021","The US Fish and Wildlife Service and the National Marine Fisheries Service (collectively the ""Services"") have released a plan to improve and strengthen Endangered Species Act implementation (ESA). The proposed actions are in response to Executive Order 13990, which directs all federal agencies to review and address agency actions taken in the previous four years that conflict with Biden-Harris administration objectives, such as addressing climate change. In the coming months, the Services will begin rulemaking to revise, rescind, or reinstate five ESA regulations finalised by the previous administration."
"1 Jun 2021,Decree regulating the basic procedure for the energy certification of buildings approved in Spain,Spain,Sustainable Construction; Climate Change; Environment,Construction,
                                                    Ministry of Ecological Transition and Demographic Challenge, Spain
                                                ,",https://www.globaldata.com/esg/regulatorysummary/decree-regulating-the-basic-procedure-for-the-energy-certification-of-buildings-approved-in-spain,Decree regulating the basic procedure for the energy certification of buildings approved in Spain,"Monday, 03 January 2022","The Council of Ministers  approved the Royal Decree that establishes the basic procedure for the certification of the energy efficiency of buildings.This legislative amendment brings the technical and administrative circumstances of the building energy certification process up to date, and it responds to the adaptation of Spanish rules to the new demands and obstacles that have arisen in the pursuit of the decarbonization goal by 2050.It governs the methodology and technical definitions for computing energy ratings, as well as the documentation needed to complete building energy certification. It also establishes the minimum content of the Energy Efficiency Certificate as well as the requirements for obtaining the building energy efficiency label."
"1 Jun 2021,Spain approved draft law on sustainable fishing and fisheries research,Spain,Environment; Biodiversity; Sustainable Fishery; Marine Biodiversity,Agriculture & Forestry,
                                                    Ministry of Agriculture , Fisheries and Rural Development
                                                ,",https://www.globaldata.com/esg/regulatorysummary/spain-approved-draft-law-on-sustainable-fishing-and-fisheries-research,Spain approved draft law on sustainable fishing and fisheries research,"Wednesday, 05 January 2022","The Council of Ministers approved a draft law on sustainable fishing and fisheries research to help conserve fisheries resources, value the socioeconomic function of fishing in the territory, and strengthen the link between science and fisheries policy.The  law is part of the Ministry of Agriculture, Fisheries and Food's legislative package to reorganise and improve fishing, as it is an economic activity that ensures food security and plays an important role in the structuring of coastal communities while having a minimal carbon footprint."
"26 May 2021,Commonwealth Biosecurity 2030,Australia,Biodiversity,Agriculture & Forestry,
                                                    Australian Department Of Agriculture Fisheries & Forestry
                                                ,",https://www.globaldata.com/esg/regulatorysummary/commonwealth-biosecurity-2030,Commonwealth Biosecurity 2030,"Tuesday, 19 October 2021","Australia published Commonwealth Biosecurity 2030 outlining the Australian Government's roadmap for constructing a stronger, smarter biosecurity system through 2030.It will concentrate on the development of future systems in order to keep Australia at the forefront of best-practice biosecurity. This will be accomplished through a focus on better governance and regulation, improved use of available technology, supporting people's capability, and long-term, effective funding."
"19 May 2021,ARENA expands mandate to support the next generation of clean energy technologies,Australia,Carbon Emissions; Hydrogen,,
                                                    Australian Renewable Energy Agency
                                                ,",https://www.globaldata.com/esg/regulatorysummary/arena-expands-mandate-to-support-the-next-generation-of-clean-energy-technologies,ARENA expands mandate to support the next generation of clean energy technologies,"Tuesday, 19 October 2021","The Australian Government has amended the legislation governing the Australian Renewable Energy Agency (ARENA) to enable the Agency to support the next generation of energy technologies. ARENA will continue to support Australian innovation and research and development in renewable energy, as well as low, zero, and negative-emission technologies. The expanded mandate will enable ARENA to support technologies listed in the Low Emissions Technology Statement (LETS), such as hydrogen, energy storage to supplement renewable energy, low-emission aluminium and steel production, carbon capture, and soil carbon."
"12 May 2021,Germany revised Climate Change Act to become Climate neutral by 2045,Italy,Climate Change,Consumer; Aerospace and Defence; Travel and Tourism; Agriculture & Forestry; Government and Non-Profit Organisations; Chemicals; Transportation; Infrastructure and Logistics; Packaging; Industrial Goods & Machinery; Mining; Technology; Media and Telecom; Automotive; Business and Consumer Services; Financial Services; Healthcare; Sport; Construction,
                                                    Ministry of Environment, Nature Conservation and Nuclear Safety, Germany
                                                ,",https://www.globaldata.com/esg/regulatorysummary/germany-revised-climate-change-act-to-become-climate-neutral-by-2045,Germany revised Climate Change Act to become Climate neutral by 2045,"Thursday, 18 November 2021","Germany amended the Climate Change Act and is  to become climate neutral by 2045 and has outlined a path to achieve this with binding targets for the 2020s and 2030s.Until previously, Germany's government had set a goal of achieving climate neutrality by 2050. The interim target for 2030 has been raised to a 65 percent decrease in greenhouse gas emissions compared to 1990. For the year 2040, a new intermediate reduction target of 88 percent has been set.The Act also envisages concrete reduction targets for each year for the period from 2030 to 2040."
"8 May 2021,Italy published decree defining reforestation and forestation criteria in urban areas,Italy,Sustainable Forestry; Environment,Agriculture & Forestry,
                                                    Ministry of Agricultural, Food and Forestry Policies
                                                ,",https://www.globaldata.com/esg/regulatorysummary/italy-published-decree-defining-reforestation-and-forestation-criteria-in-urban-areas,Italy published decree defining reforestation and forestation criteria in urban areas,"Thursday, 11 November 2021","Ministry of Agricultural, Food and Forestry Policies, Italy issued the decree dividing   Italian territory into regions of origin of forest propagation material. The decree ensures that eforestation and forestation in urban and peri-urban areas by private individuals who voluntarily initiate tree planting activities, financed with funds from the PNRR's Climate Decree, are carried out in accordance with national forest biodiversity and with the best engraftment guarantees."
"29 Apr 2021,The Renewable Energy Sources Act passed by Germany with approval from European Commission,Germany,Environment; Climate Change; Renewable Energy; Natural Resources,Power Generation,
                                                    The Federal Ministry for Economic Affairs and Energy 
                                                ,",https://www.globaldata.com/esg/regulatorysummary/the-renewable-energy-sources-act-passed-by-germany-with-approval-from-european-commission,The Renewable Energy Sources Act passed by Germany with approval from European Commission,"Wednesday, 01 December 2021","The modified Renewable Energy Sources Act (2021 EEG), which establishes the framework for the increase of renewable energy capacity in Germany, received European Commission approval under state-aid regulations.This ensures legal stability for much-needed future investments in energy supplies.Some elements, like as the clause exempting green hydrogen from the EEG surcharge, will need to be implemented first by an Ordinance and these will be assesssed separately."
"27 Apr 2021,Rule to increase minimum wage for workers on federal contact announced by U.S Department of Labor,United States,Human Rights,Consumer; Aerospace and Defence; Travel and Tourism; Transportation; Infrastructure and Logistics; Agriculture & Forestry; Government and Non-Profit Organisations; Chemicals; Packaging; Industrial Goods & Machinery; Mining; Technology; Media and Telecom; Automotive; Business and Consumer Services; Financial Services; Healthcare; Sport; Construction,
                                                    U.S. Department of Labor
                                                ,",https://www.globaldata.com/esg/regulatorysummary/rule-to-increase-minimum-wage-for-workers-on-federal-contact-announced-by-us-department-of-labor,Rule to increase minimum wage for workers on federal contact announced by U.S Department of Labor,"Wednesday, 24 November 2021","The United States Department of Labor today issued a final rule implementing Executive Order 14026, which raises the hourly minimum wage for federal contract employees.  The rule ncreases the minimum wage for workers working on or in conjunction with covered federal contracts to $15 per hour and continues to adjust the federal contract minimum wage to inflation in future years."
"26 Apr 2021,Protection granted to Yangtze Sturgeon under Endangered Species Act Protection,United States,Marine Biodiversity,Agriculture & Forestry,
                                                    U.S. Fish and Wildlife Service
                                                ,",https://www.globaldata.com/esg/regulatorysummary/protection-granted-to-yangtze-sturgeon-under-endangered-species-act-protection,Protection granted to Yangtze Sturgeon under Endangered Species Act Protection,"Wednesday, 20 October 2021","The United States Fish and Wildlife Service has determined that the Yangtze sturgeon, a freshwater fish found in China's upper and middle Yangtze River systems, is endangered and should be listed as such under the Endangered Species Act (ESA). Despite local and national authorities' conservation efforts, such as fishing bans and restocking, the species continues to decline across its range. Natural sturgeon reproduction has not been documented in the wild since 2008, and captive-bred reintroduced sturgeon are unlikely to survive in the wild."
"23 Apr 2021,Carolina Plant delisted from Endangered Species Act due to Recovery,United States,Endangered Species Protection,Agriculture & Forestry,
                                                    U.S. Fish and Wildlife Service
                                                ,",https://www.globaldata.com/esg/regulatorysummary/carolina-plant-delisted-from-endangered-species-act-due-to-recovery,Carolina Plant delisted from Endangered Species Act due to Recovery,"Wednesday, 20 October 2021","Due to recovery, the US Fish and Wildlife Service  proposes to remove the dwarf-flowered heartleaf, Carolina Plant from the Endangered Species Act (ESA). Years of ESA-inspired collaborations between state, federal, and local stakeholders on behalf of the North Carolina and South Carolina plants resulted in the move. In 1989, the plant was listed as threatened under the ESA."
"15 Apr 2021,Policy statement issued by FERC regarding carbon pricing in organized wholesale markets,United States,Carbon Emissions,Consumer; Aerospace and Defence; Travel and Tourism; Agriculture & Forestry; Government and Non-Profit Organisations; Transportation; Infrastructure and Logistics; Chemicals; Packaging; Industrial Goods & Machinery; Wholesale; Mining; Technology; Media and Telecom; Automotive; Business and Consumer Services; Financial Services; Healthcare; Retail; Sport; Construction,
                                                    Federal Energy Regulatory Commission
                                                ,",https://www.globaldata.com/esg/regulatorysummary/policy-statement-issued-by-ferc-regarding-carbon-pricing-in-organized-wholesale-markets,Policy statement issued by FERC regarding carbon pricing in organized wholesale markets,"Wednesday, 10 November 2021","The Federal Energy Regulatory Commission (FERC) issued a policy statement  explaining how the  proposed  market rules by regional grid operators to include a state-determined carbon price in organised wholesale energy markets will be assessed. Carbon pricing, notably in the energy sector, has emerged as a significant market-based instrument in state efforts to decrease greenhouse gas emissions.Various groups, including regional grid operators, are looking into how state-determined carbon prices might be included into wholesale power markets.The policy statement indicates that, under section 205 of the Federal Power Act, wholesale market rules integrating a state-determined carbon price may fall under the Commission's jurisdiction (FPA). The policy statement lays out a framework for the Commission to use when reviewing future proposals under FPA section 205, while also emphasising that the Commission will examine each proposal based on the facts and circumstances provided in each case."
"8 Apr 2021,Decree regulating management of end-of-life tires approved in Spain,Spain,Circular Economy,Parts and Tires; Automotive,
                                                    Ministry of Ecological Transition and Demographic Challenge, Spain
                                                ,",https://www.globaldata.com/esg/regulatorysummary/decree-regulating-management-of-end-of-life-tires-approved-in-spain,Decree regulating management of end-of-life tires approved in Spain,"Thursday, 06 January 2022","The Council of Ministers passed a Royal Decree to speed up the transition of the end-of-life tyre industry to a circular economy model. It outlaws the landfilling of large tyres, which has previously been authorised, and prioritises tyre reuse by establishing the standards that second-hand and retreaded tyres must follow in order to be marketed.It's a first step toward complying with the new extended producer responsibility rules that will be implemented following the translation of the new Directive (EU) 2018/851."
"30 Mar 2021,Spain approved decree to promote use of biofuels,Spain,Environment; Climate Change; Natural Resources; Pollution; Biofuels,Power Generation,
                                                    Ministry of Ecological Transition and Demographic Challenge, Spain
                                                ,",https://www.globaldata.com/esg/regulatorysummary/spain-approved-decree-to-promote-use-of-biofuels,Spain approved decree to promote use of biofuels,"Monday, 03 January 2022","The Royal Decree encouraging the use of biofuels and regulating sales or consumption targets for 2021 and 2022 was adopted by the Council of Ministers. In keeping with the scenarios and objectives defined in the National Integrated Energy and Climate Plan, the standard provides a Biofuel penetration obligation on total sales of fuels in transportation of 9.5 percent by 2021 and 10 percent by 2022.The transposition of certain major components of the European Renewables Directive in relation to renewables in the transportation industry is aided by this Royal Decree."
"25 Mar 2021,U.S. Fish and Wildlife Service Proposes Downlisting the Hawaiian Stilt from Endangered to Threatened under ESA,United States,Endangered Species Protection,Agriculture & Forestry,
                                                    U.S. Fish and Wildlife Service
                                                ,",https://www.globaldata.com/esg/regulatorysummary/us-fish-and-wildlife-service-proposes-downlisting-the-hawaiian-stilt-from-endangered-to-threatened-under-esa,U.S. Fish and Wildlife Service Proposes Downlisting the Hawaiian Stilt from Endangered to Threatened under ESA,"Wednesday, 20 October 2021","The US Fish and Wildlife Service proposes to downlist the ae'o (Hawaiian stilt) from endangered to threatened under the Endangered Species Act, following decades of collaboration by diverse stakeholders. The Service is seeking public feedback on the proposed status change for the ae'o. The ae'o is a wading bird found on all of the Hawaiian Islands except Kahoolawe. It was declared endangered in 1970 due to habitat destruction and alteration, hunting, introduced predatory animals and non-native birds, and disease.The proposed delisting exemplifies the ESA's conservation partnerships between federal, state, and private stakeholders."
"10 Mar 2021,Spain approved royal decree updating regulations on orphan radioactive sources,Spain,Hazardous Waste Management,Business and Consumer Services,
                                                    Ministry of Ecological Transition and Demographic Challenge, Spain
                                                ,",https://www.globaldata.com/esg/regulatorysummary/spain-approved-royal-decree-updating-regulations-on-orphan-radioactive-sources,Spain approved royal decree updating regulations on orphan radioactive sources,"Monday, 03 January 2022","Spain has issued a Royal Decree updating the legislation on orphan radioactive source control and recovery. These are sources that have been abandoned, lost, misplaced, or transferred without proper authorisation.The new Decree, which aims to avoid or, at the very least, minimise worker and public exposure to ionising radiation, as well as pollution of the environment, as a result of the presence of these types of sources, reviews current regulations and establishes radiological surveillance and control requirements, as well as action procedures to be followed in the event of the detection or processing of these sources, in the fac"
"2 Mar 2021,2021 Action plan unveiled by Ministry of Environment to implement the 2050 Carbon Neutrality Strategy,South Korea,Carbon Emissions,,
                                                    Ministry of Environment (South Korea)
                                                ,",https://www.globaldata.com/esg/regulatorysummary/2021-action-plan-unveiled-by-ministry-of-environment-to-implement-the-2050-carbon-neutrality-strategy,2021 Action plan unveiled by Ministry of Environment to implement the 2050 Carbon Neutrality Strategy,"Friday, 22 October 2021","South Korea announced the ""Action Plan 2021 to Implement Korea's 2050 Carbon Neutrality Strategy."" This Action Plan was developed in response to internal discussions, such as strategic dialogues on carbon neutrality and Green New Deal policies, in order to provide a clear direction on overall policies to achieve carbon neutrality by 2050, with the Ministry of Environment (ME) taking the lead in the process.ME will a develop strategies to implement key policies of each sector in the ""2050 Carbon Neutrality Strategy "" with the relevant government agencies. "
"26 Jan 2021,Spain approved modification to maintain the prohibition of the ""bowling train"" in trawling in the Mediterranean fishing ground,Spain,Sustainable Fishery; Marine Biodiversity; Biodiversity; Environment,Agriculture & Forestry,
                                                    Ministry of Agriculture , Fisheries and Rural Development
                                                ,",https://www.globaldata.com/esg/regulatorysummary/spain-approved-modification-to-the-decree-o-maintain-the-prohibition-of-the-bowling-train-in-trawling-in-the-mediterranean,"Spain approved modification to maintain the prohibition of the ""bowling train"" in trawling in the Mediterranean fishing ground","Thursday, 13 January 2022","The Council of Ministers has approved a royal decree that alters the Royal Decree1440/1999  that governs bottom trawling fishing in the national Mediterranean fishing grounds.This regulation specifies the technical conditions for the Mediterranean bottom trawling fleet and aims to improve the protection of this fishing ground's fishing resources. The prohibition of using the ""bowling train"" in the national Mediterranean fishing field is maintained with the allowed modification, a device with a strong impact on the seabed that cannot be used in the rest of Spanish waters where fishing is permitted."
"19 Jan 2021,Spain approved decree to improve electronic waste management,Spain,Hazardous Waste Management,Business and Consumer Services,
                                                    Ministry of Ecological Transition and Demographic Challenge, Spain
                                                ,",https://www.globaldata.com/esg/regulatorysummary/spain-approved-decree-to-improve-electronic-waste-management,Spain approved decree to improve electronic waste management,"Monday, 03 January 2022","The Council of Ministers issued a Royal Decree to improve the management of electrical and electronic waste such as batteries, accumulators, and appliances. The Royal Decree on Batteries and Accumulators and the Environmental Management of Their Waste from 2008, as well as the Royal Decree on Waste Electrical and Electronic Equipment from 2015, have been replaced by this new decree. Under this,waste batteries and accumulators containing compounds such as lithium or nickel metal hydride will be classified as hazardous waste, ensuring that these wastes are managed with their hazardous features in mind."
"15 Jan 2021,U.S Fish and Wildlife Services proposes amendments to American Alligator 4(d) Regulation,United States,Endangered Species Protection,Agriculture & Forestry,
                                                    U.S. Fish and Wildlife Service
                                                ,",https://www.globaldata.com/esg/regulatorysummary/us-fish-and-wildlife-services-proposes-amendments-to-american-alligator-4d-regulation,U.S Fish and Wildlife Services proposes amendments to American Alligator 4(d) Regulation,"Friday, 26 November 2021","The US Fish and Wildlife Service (Service) is proposing to revise interstate and foreign commerce provisions in regulations governing American alligators.The proposed rule would change regulations by removing provisions stating that any American alligator specimen may only be sold or otherwise transferred in accordance with the laws and regulations of the state or tribe in which the sale or transfer takes place.The Service proposes these changes to increase clarity and eliminate unnecessary regulation while maintaining what is necessary and advisable for the conservation of this and other crocodilian species under section 4(d) of the Endangered Species Act of 1973 (ESA), as amended."
"11 Jan 2021,U.S Fish & Wildlife Service and NOAA Fisheries propose revisions to Endangered Species Act Section 7 “Cottonwood” Consultation Regulations,United States,Biodiversity,Agriculture & Forestry,
                                                    National Oceanic and Atmospheric Administration|U.S. Fish and Wildlife Service
                                                ,",https://www.globaldata.com/esg/regulatorysummary/us-fish-wildlife-service-and-noaa-fisheries-propose-revisions-to-endangered-species-act-section-7-cottonwood-consultation-regulations,U.S Fish & Wildlife Service and NOAA Fisheries propose revisions to Endangered Species Act Section 7 “Cottonwood” Consultation Regulations,"Friday, 26 November 2021","The US Fish and Wildlife Service (Service) and the NOAA National Marine Fisheries Service (NMFS) have proposed changes to the regulations implementing Section 7 of the Endangered Species Act (ESA). In 2019, the Service and NMFS completed revisions to regulations governing how federal agencies fulfil their ESA obligations, including how the requirement to restart consultation applies to land management plans developed by the Bureau of Land Management (BLM) and the United States Forest Service (FS). The Service and NMFS now propose to include the ""new information"" reinitiation trigger in the exemption from the requirement to reinitiate consultation for BLM and FS land management plans."
"7 Jan 2021,Germany publishes sustainable textile procurement guidelines,Germany,Pollution; Environment; Sustainable Fashion,Consumer; Clothing; Clothing & Footwear,
                                                    German Federal Government
                                                ,",https://www.globaldata.com/esg/regulatorysummary/germany-publishes-sustainable-textile-procurement-guidelines,Germany publishes sustainable textile procurement guidelines,"Wednesday, 01 December 2021","The ""Guideline for sustainable textile procurement"" was published by the German Federal Government. The guideline is directed at federal agencies, federal states, and municipalities, and is one of the initiatives in the federal government's step-by-step plan for sustainable textile procurement.The guideline defines sustainable textile procurement as the procurement of textiles ""that deliver long-term social, economic and environmental benefits along their entire value chain and life cycle compared to an alternative product.""The guideline is based on  social and environmental sustainability principles that the Partnership for Sustainable Textiles recognises and recommends."
"6 Jan 2021,Migratory bird treaty act implementation regulation finalized by U.S Fish and Wildlife Services,United States,Biodiversity,Agriculture & Forestry,
                                                    U.S. Fish and Wildlife Service
                                                ,",https://www.globaldata.com/esg/regulatorysummary/migratory-bird-treaty-act-implementation-regulation-finalized-by-us-fish-and-wildlife-services,Migratory bird treaty act implementation regulation finalized by U.S Fish and Wildlife Services,"Friday, 26 November 2021","The US Fish and Wildlife Service (Service) has issued a final rule that clarifies the Migratory Bird Treaty Act's scope (MBTA).
The final regulation emphasises that activity that results in unintended (incidental) harm or death of migratory birds is not prohibited under the MBTA, in accordance with the text, purpose, and history of the act. This regulation gives the public, businesses, states, tribes, and other stakeholders regulatory certainty concerning the MBTA's implementation and best conservation practices."
"28 Dec 2020,Launch of the national “anti-food waste” label in France,France,Non Hazardous Waste Management,Business and Consumer Services,
                                                    
                                                ,",https://www.globaldata.com/esg/regulatorysummary/launch-of-the-national-anti-food-waste-label-in-france,Launch of the national “anti-food waste” label in France,"Tuesday, 26 October 2021","A decree adopted aims to regulate the general system of the “anti-food waste” label set up by law n ° 2020-105 of February 10, 2020 relating to the fight against waste and the circular economy ( AGEC) in France. It promotes virtuous initiatives and aims to support the ambitious objectives defined by the law. In particular, it provides for the validation of benchmarks incorporating control plans by ministerial decree"
"28 Dec 2020,First Greenhouse Gas Emissions Standards for Aircraft finalized by EPA,United States,Carbon Emissions,Transportation; Infrastructure and Logistics; Airlines,
                                                    Environmental Protection Agency's
                                                ,",https://www.globaldata.com/esg/regulatorysummary/first-greenhouse-gas-emissions-standards-for-aircraft-finalized-by-epa,First Greenhouse Gas Emissions Standards for Aircraft finalized by EPA,"Wednesday, 27 October 2021","The U.S. Environmental Protection Agency (EPA) finalized Emissions standards for airplanes used in commercial aviation and large business jets. TThis move will match US standards with the International Civil Aviation Organization's (ICAO) international carbon dioxide (CO2) emissions requirements, ensuring that domestically made aircraft remain competitive in the global marker. The ICAO rules were created with extensive involvement from the Environmental Protection Agency (EPA), the Federal Aviation Administration (FAA)  and U.S. and international aviation industries."
"23 Dec 2020,EPA decides to retain the 2015 National Ambient Air Quality Standards,United States,Climate Change,Chemicals; Transportation; Infrastructure and Logistics; Mining; Automotive; Construction,
                                                    Environmental Protection Agency's
                                                ,",https://www.globaldata.com/esg/regulatorysummary/epa-decides-to-retain-the-2015-national-ambient-air-quality-standards,EPA decides to retain the 2015 National Ambient Air Quality Standards,"Wednesday, 27 October 2021","U.S. Environmental Protection Agency (EPA) decided  to retain, without changes, the 2015 ozone National Ambient Air Quality Standards (NAAQS). The existing ozone standards retention  comes after careful review and consideration of the most recent available scientific evidence and technical information, consultation with the agency’s independent science advisors, and consideration of more than 50,000 public comments on the proposal.The Clean Air Act mandates that the EPA establish NAAQS for ""criteria pollutants."" Ozone (and related photochemical oxidants) and five other major pollutants are currently designated as criteria pollutants. The law requires the EPA to review relevant scientific information and standards on a regular basis and revise them as needed."
"21 Dec 2020,Germany issues statutory ordinance on the suitability of areas for offshore wind energy,Germany,Wind; Environment; Climate Change; Natural Resources,Power Generation; Wind,
                                                    Federal Maritime and Hydrographic Agency of Germany
                                                ,",https://www.globaldata.com/esg/regulatorysummary/germany-issues-statutory-ordinance-on-the-suitability-of-areas-for-offshore-wind-energy,Germany issues statutory ordinance on the suitability of areas for offshore wind energy,"Wednesday, 01 December 2021","Germany released the first offshore wind energy regulation (1. WindSeeV). The Federal Maritime and Hydrographic Agency (BSH) released the first ordinance to implement the wind energy at sea law, indicating the suitability of areas N-3.7, N-3.8, and O-1.3 in the German exclusive Economic Zone (EEZ) for wind energy use.The determination of appropriateness is a prerequisite for tendering locations in the exclusive economic zone for offshore wind generation (EEZ)."
"20 Dec 2020,BfDI criticizes failure to implement EU guidelines,Germany,Human Rights,Business and Consumer Services,
                                                    
                                                ,",https://www.globaldata.com/esg/regulatorysummary/bfdi-criticizes-failure-to-implement-eu-guidelines,BfDI criticizes failure to implement EU guidelines,"Wednesday, 22 September 2021","The Federal Commissioner for Data Protection and Freedom of Information ( BfDI ), Professor Ulrich Kelber, criticizes the fact that the European directive on the code for electronic communication has not yet been implemented. The directive  should have been implemented into national law by the EU member states by December 21, 2020 which was not implemented even after a week post deadline. This further solidifies the unclear legal situation in the telecommunications sector. In addition, there could be a threat of infringement proceedings by the EU Commission."
"18 Dec 2020,Interim Guidance on Destroying and Disposing of Certain PFAS and PFAS-Containing Materials released by EPA,United States,Hazardous Waste Management,Business and Consumer Services,
                                                    Environmental Protection Agency's
                                                ,",https://www.globaldata.com/esg/regulatorysummary/interim-guidance-on-destroying-and-disposing-of-certain-pfas-and-pfas-containing-materials-released-by-epa,Interim Guidance on Destroying and Disposing of Certain PFAS and PFAS-Containing Materials released by EPA,"Thursday, 28 October 2021","The US Environmental Protection Agency (EPA) announced the release of interim guidance on how to safely destroy and dispose of certain per- and polyfluoroalkyl substances (PFAS) containing materials from non-consumer product. The guidance document was made to inform and assist in making decisions regarding the disposition of PFAS-containing materials under the National Defense Authorization Act for Fiscal Year 2020 (FY20 NDAA). The document covers thermal treatment, landfill and underground injection technologies that may be effective in the destruction or disposal of PFAS and PFAS-containing materials."
"18 Dec 2020,Access to environmental information through Environment Information Act in Germany,Germany,Environment,Business and Consumer Services,
                                                    
                                                ,",https://www.globaldata.com/esg/regulatorysummary/access-to-environmental-information-through-environment-information-act-in-germany,Access to environmental information through Environment Information Act in Germany,"Friday, 08 October 2021","The Environmental Information Act (Umweltinformationsgesetz, UIG) established the framework for free access to environmental information and regulates its active dissemination. The Environmental Information Act governs the public's access to environmental data. It requires all federal government agencies, as well as certain private entities (referred to collectively as bodies subject to a disclosure obligation), to provide access to environmental information."
"17 Dec 2020,Italy approves implementing decrees on the subject of Forest Nurseries,Italy,Sustainable Forestry; Environment,Agriculture & Forestry,
                                                    Ministry of Agricultural, Food and Forestry Policies
                                                ,",https://www.globaldata.com/esg/regulatorysummary/italy-approves-implementing-decrees-on-the-subject-of-forest-nurseries,Italy approves implementing decrees on the subject of Forest Nurseries,"Sunday, 28 November 2021","Italy approves  the Decree implementing a European-derived standard that establishes the Register of forest propagation material and clarifies that when planting trees to create new forests, including urban and peri-urban ones, or to improve existing ones, the right tree and the right location must be chosen. It is vital to select suitable species and healthy seedlings that can endure the stress of transplantation, but it is also necessary to understand the origin of the seed from which they were derived, so that this is consistent with the planting location."
"15 Dec 2020,Italy issues directive on collection and management of used tires.,Italy,Pollution,Parts and Tires; Automotive,
                                                    Ministry of Ecological Transition
                                                ,",https://www.globaldata.com/esg/regulatorysummary/italy-issues-directive-on-collection-and-management-of-used-tires,Italy issues directive on collection and management of used tires.,"Wednesday, 17 November 2021","Italy issued a new directive to sImplify the collection and management requirements for end-of-life tyres in order to optimise their management, eliminate irregular accumulations in tyre shops, and combat the phenomena of fires caused by the unlawful entry of tyres onto national territory.The directive aims to safeguard the environment and human health by ensuring that collection occurs uniformly throughout the territory and without pauses due to the early attainment of the legislation's collection and management objectives."
"12 Dec 2020,South Korea announces Green New Deal to create a Healthy and Safe National Ecosystem,South Korea,Carbon Emissions,Agriculture & Forestry,
                                                    Ministry of Environment (South Korea)
                                                ,",https://www.globaldata.com/esg/regulatorysummary/south-korea-announces-green-new-deal-to-create-a-healthy-and-safe-national-ecosystem,South Korea announces Green New Deal to create a Healthy and Safe National Ecosystem,"Friday, 22 October 2021","As part of the Green New Deal policies, the Ministry of Environment  announced that the ministry will promote the restoration of damaged ecosystems and the establishment of a wildlife borne disease management system in order to create a safe and healthy homeland environment from climate change and environmental crisis.As part of the ""comprehensive plan for the Korean New Deal,"" the Green New Deal was established and encourage the ecological restoration of 25 damaged city areas and 16 national parks by 2025"
"8 Dec 2020,Draft Guidance issued by EPA to Clarify Wastewater Permit Requirements,United States,Pollution,Business and Consumer Services,
                                                    Environmental Protection Agency's
                                                ,",https://www.globaldata.com/esg/regulatorysummary/draft-guidance-issued-by-epa-to-clarify-wastewater-permit-requirements,Draft Guidance issued by EPA to Clarify Wastewater Permit Requirements,"Thursday, 28 October 2021",The U.S Environmental Protection Agency (EPA) has announced draft guidance that will help clarify when a National Pollutant Discharge Elimination System (NPDES) permit is needed under the Clean Water Act.NPDES permits are essential tools that help protect  water resources. Understanding when such permits are needed is critical to the efficient administration of  Clean Water Act permitting programs.
"5 Dec 2020,South Korea amends Lighting Pollution Prevention Act and lighting pollution management agency system,South Korea,Pollution,Agriculture & Forestry,
                                                    Ministry of Environment (South Korea)
                                                ,",https://www.globaldata.com/esg/regulatorysummary/south-korea-amends-lighting-pollution-prevention-act-and-lighting-pollution-management-agency-system,South Korea amends Lighting Pollution Prevention Act and lighting pollution management agency system,"Friday, 22 October 2021",Ministry of Environment announced that the State Council resolved the partial amendment to the 'Enforcement Decree on Artificial Light Pollution Prevention Act.The amendment established new fines for violations of artificial lighting regulations.Light pollution management organisations were chosen to inspect whether streetlights and advertising lights adhere to the permitted lighting level. The system was first implemented following a change to the higher law last year.Failure by lighting pollution generators to keep a record of investigation results may result in a fine of up to $3 million under the amended law.
"24 Nov 2020,EPA seeks feedback on updated guidance on plant biostimulants,United States,Environment; Sustainable Farming,Agriculture & Forestry,
                                                    Environmental Protection Agency's
                                                ,",https://www.globaldata.com/esg/regulatorysummary/epa-seeks-feedback-on-updated-guidance-on-plant-biostimulants,EPA seeks feedback on updated guidance on plant biostimulants,"Thursday, 28 October 2021","Taking into account the growing class of products known as plant biostimulants, the U.S Environmental Protection Agency (EPA) is accepting comments on the updated draft Guidance for Plant Regulators and Claims, including Plant Biostimulants.Farmers are increasingly using biostimulants to increase agriculture productivity. The Plant Biostimulants Guidance will provide the certainty and transparency that this growing sector needs."
"19 Nov 2020,Italy passes Stability law to accelerate ecological transition,Italy,Biodiversity; Climate Change,Sustainable construction; Agriculture & Forestry; Financial Services; Construction,
                                                    Ministry of Ecological Transition
                                                ,",https://www.globaldata.com/esg/regulatorysummary/italy-passes-stability-law-to-accelerate-ecological-transition,Italy passes Stability law to accelerate ecological transition,"Friday, 26 November 2021","Ministry of Ecological Transition, Italy passed Stability law that extends all incentives for energy redevelopment, urban regeneration and the building stock, for sustainable mobility, urban green etc.The green measures  introduced by the stability law include green bonus renewal, increased fund for the Environmental Economic Zones (ZEA), sustainable finance, protection of thew territory and the sea etc."
"18 Nov 2020,National Environmental Policy Act (NEPA) procedures amended by USDA,United States,Natural Resources,Agriculture & Forestry,
                                                    U.S. Department of Agriculture
                                                ,",https://www.globaldata.com/esg/regulatorysummary/national-environmental-policy-act-nepa-procedures-amended-by-usda,National Environmental Policy Act (NEPA) procedures amended by USDA,"Friday, 03 December 2021","The USDA Forest Service has published a final rule that makes significant revisions to its National Environmental Policy Act (NEPA) regulations. New tools and flexibilities will be available to address essential land management concerns as part of a larger agency effort, as well as high-quality management decisions affecting infrastructure, permitting, and natural resource restoration, among other things.The new categorical exclusions will help preserve and restore the infrastructure that people rely on to access and enjoy their national forests, including as roads, trails, campgrounds, and other amenities."
"18 Nov 2020,USDA Forest Service amends National Environmental Policy Act,United States,Sustainable Land Management; Biodiversity; Natural Resources; Pollution; Climate Change; Environment,Construction,
                                                    U.S. Department of Agriculture
                                                ,",https://www.globaldata.com/esg/regulatorysummary/usda-forest-service-amends-national-environmental-policy-act,USDA Forest Service amends National Environmental Policy Act,"Wednesday, 10 November 2021","USDA Forest Services amends National Environmental Policy Act (NEPA) regulations. The amendments  include new tools and flexibilities to address critical land management challenges as part of a larger agency effort to better serve the  people through timely, high-quality management decisions affecting infrastructure, permitting, and environmental protection. The new categorical exclusions will eventually improve the  ability to maintain and repair the infrastructure that people rely on to access and enjoy their national forests, such as roads, trails, campgrounds, and other facilities."
"30 Oct 2020,Canada signs decrees for the registration in National Register of rural landscapes of 9 new Italian rural landscapes,Italy,Sustainable Tourism,Travel and Tourism; Agriculture & Forestry,
                                                    Ministry of Agricultural, Food and Forestry Policies
                                                ,",https://www.globaldata.com/esg/regulatorysummary/canada-signs-decrees-for-the-registration-in-national-register-of-rural-landscapes-of-9-new-italian-rural-landscapes,Canada signs decrees for the registration in National Register of rural landscapes of 9 new Italian rural landscapes,"Sunday, 28 November 2021","Following the recent approval by the National Landscape Observatory Rural, Agricultural Practices and Traditional Knowledge, the Ministry of Agricultural, Food and Forestry Policies signed the decrees for the registration in the National Register of rural landscapes of historical interest, agricultural practises, and traditional knowledge of nine new Italian rural landscapes. The action will help protect the historical rural heritage of the country."
"22 Oct 2020,New Guide to Assist Developing Countries with Solid Waste Management released by EPA,United States,Pollution,Business and Consumer Services,
                                                    Environmental Protection Agency's
                                                ,",https://www.globaldata.com/esg/regulatorysummary/new-guide-to-assist-developing-countries-with-solid-waste-management-released-by-epa,New Guide to Assist Developing Countries with Solid Waste Management released by EPA,"Thursday, 28 October 2021","""Best Practices for Solid Waste Management: A Guide for Decision-Makers in Developing Countries', a guide to assist developing countries with solid waste management is released by the U.S. Environmental Protection Agency (EPA). Created to share best practices to improve the solid waste collection infrastructure with local decision makers in developing nations, the  guide covers a diverse set of important topics for city-level decision makers, including stakeholder engagement; waste management planning and economics; waste collection and transportation, prevention, minimization, and recycling; landfill design and operation; and energy recovery."
"12 Oct 2020,Italy approves decree on urban forestation for projects in urban cities,Italy,Sustainable Forestry; Climate Change,Agriculture & Forestry,
                                                    Ministry of Ecological Transition
                                                ,",https://www.globaldata.com/esg/regulatorysummary/italy-approves-decree-on-urban-forestation-for-projects-in-urban-cities,Italy approves decree on urban forestation for projects in urban cities,"Monday, 29 November 2021","The Unified Conference approved the implementing decree of the Climate Law, which governs the mechanisms for organising interventions and allocating money for funding the experimental programme for the construction of urban and peri-urban forests in metropolitan cities.The decree scheme is based on Article 4, of the Climate Decree, which gives the the authority to devise mechanisms for planning interventions and allocating resources amongst metropolitan cities for finance.The following are the top priority for intervention planning: ensuring biodiversity protection, increasing the surface area of green infrastructures, improving ecosystem functionality, and improving citizen health and well-being."
"7 Oct 2020,Italy signed the guidelines on Interventions for transformation of wooded area,Italy,Natural Resources; Environment; Climate Change; Sustainable Forestry,Agriculture & Forestry,
                                                    Ministry of Agricultural, Food and Forestry Policies
                                                ,",https://www.globaldata.com/esg/regulatorysummary/italy-signed-the-guidelines-on-interventions-for-transformation-of-wooded-area,Italy signed the guidelines on Interventions for transformation of wooded area,"Sunday, 28 November 2021","Italy signed the Decree adopting the Guidelines with the goal of defining ""minimum national conditions for the exemption of compensatory measures resulting from forest alteration.""The Guidelines prioritise the protection of the forest heritage and establish a limited list of excluded activities, in accordance with the Consolidated Law on forests and forestry chains."
"5 Oct 2020,Draft National Recycling Strategy released by EPA,United States,Pollution,Business and Consumer Services,
                                                    Environmental Protection Agency's
                                                ,",https://www.globaldata.com/esg/regulatorysummary/draft-national-recycling-strategy-released-by-epa,Draft National Recycling Strategy released by EPA,"Thursday, 28 October 2021","A draft National Recycling Strategy is released by  U.S. Environmental Protection Agency (EPA) and seeks public input.The identifies strategic goals and actions  to create a more potent, extra resilient U.S. municipal Solid waste recycling system. The draft builds on EPA’s 2019 National Framework for Advancing the U.S. Recycling System and organises actions around strategic objectives  (Reduce contamination, Increase processing efficiency, and Improve markets)to improve recycling ecosystem in US."
"4 Oct 2020,South Korea prohibits import of poultry from South Carolina, US,South Korea; United States,Biodiversity,Agriculture & Forestry,
                                                    Ministry of Agriculture, Food and Rural Affairs
                                                ,",https://www.globaldata.com/esg/regulatorysummary/south-korea-prohibits-import-of-poultry-from-south-carolina-us,"South Korea prohibits import of poultry from South Carolina, US","Tuesday, 26 October 2021","After the detection of  High Pathogenic Avian Influenza (HPAI, H7N3 type) case on turkey farm in South Carolina in USA  Ministry of Agriculture, Food and Rural Affairs South Korea  prohibited the import of poultry and poultry products from USA."
"29 Sep 2020,USDA amends Rule Changes to Improve Conveyance of Small Tracts of Lands,United States,Environment; Social; Sustainable Land Management; Sustainable Forestry,Agriculture & Forestry,
                                                    U.S. Department of Agriculture
                                                ,",https://www.globaldata.com/esg/regulatorysummary/usda-amends-rule-changes-to-improve-conveyance-of-small-tracts-of-lands,USDA amends Rule Changes to Improve Conveyance of Small Tracts of Lands,"Monday, 06 December 2021","The Forest Service of the United States Department of Agriculture (USDA) has published a final rule that enhances the use of the Small Tracts Act, which is part of the Agriculture Improvement Act of 2018.The rule amends agency regulations to allow modifications to the Small Tracts Act to be implemented. The authority to sell, exchange, or swap small portions of land with a size of 40 acres or less that are physically isolated, inaccessible, or lack national forest features is included in the amendments."
"25 Sep 2020,U.S. Fish and Wildlife Service Proposes downlisting of Red-Cockaded Woodpecker Under Endangered Species Act,United States,Endangered Species Protection,Agriculture & Forestry,
                                                    U.S. Fish and Wildlife Service
                                                ,",https://www.globaldata.com/esg/regulatorysummary/us-fish-and-wildlife-service-proposes-downlisting-of-red-cockaded-woodpecker-under-endangered-species-act,U.S. Fish and Wildlife Service Proposes downlisting of Red-Cockaded Woodpecker Under Endangered Species Act,"Tuesday, 26 October 2021","Under the Endangered Species Act, the US Fish and Wildlife Service proposes downlisting the red-cockaded woodpecker from endangered to threatened (ESA). Through efforts like the America's Longleaf Restoration Initiative and the Million Acre Challenge, the US Forest Service has worked with more than 30 public and private groups to restore longleaf pine forests, which are the woodpeckers' preferred habitat. Although the proposed downlisting is a significant step forward  ongoing conservation efforts may eventually result in the red-cockaded woodpecker being removed from the endangered species list entirely."
"24 Sep 2020,USDA proposes amendments to address land management challenges,United States,Sustainable Forestry; Social; Environment,Agriculture & Forestry,
                                                    U.S. Department of Agriculture
                                                ,",https://www.globaldata.com/esg/regulatorysummary/usda-proposes-amendments-to-address-land-management-challenges,USDA proposes amendments to address land management challenges,"Monday, 06 December 2021","The Forest Service of the United States Department of Agriculture has proposed revisions to two regulations in order to execute new authorities granted to the Forest Service by the Agriculture Improvement Act of 2018.The bill provides guidance and new tools to the USDA Forest Service in order to improve forest conditions, services, and safety on and near national forests and grasslands."
"24 Sep 2020,Italy approved regulation governing end of waste of paper and cardboard.,Italy,Non Hazardous Waste Management,Business and Consumer Services,
                                                    Ministry of Ecological Transition
                                                ,",https://www.globaldata.com/esg/regulatorysummary/italy-approved-regulation-governing-end-of-waste-of-paper-and-cardboard,Italy approved regulation governing end of waste of paper and cardboard.,"Tuesday, 30 November 2021","Italy aproved the regulation governing the end of waste  of paper and cardboard, which was drafted after multiple expert discussions and consultations.The law specifies the techniques and conditions by which materials derived from the treatment of paper and cardboard cease to be waste and can be reused.The paper industry, as well as industries that utilise the UNI EN 643 standard as a reference, can reuse waste paper as a raw material in the manufacture of paper and cardboard."
"4 Sep 2020,U.S. Fish and Wildlife Service proposes regulations to clarify Critical Habitat Designations,United States,Endangered Species Protection,Agriculture & Forestry,
                                                    U.S. Fish and Wildlife Service
                                                ,",https://www.globaldata.com/esg/regulatorysummary/us-fish-and-wildlife-service-proposes-regulations-to-clarify-critical-habitat-designations,U.S. Fish and Wildlife Service proposes regulations to clarify Critical Habitat Designations,"Tuesday, 26 October 2021","The US Fish and Wildlife Service (Service) is proposing regulations to clarify and update its processes for determining whether to exclude species from critical habitat designations under the Endangered Species Act (ESA). The proposed revisions are in response to the Service's statement on the proposed definition of habitat and codify and alter current agency procedures, as well as responding to a 2018 Supreme Court judgement in the Weyerhauser case. By agreeing to always conduct an analysis when a proponent of an exclusion produces reliable material supporting their argument, this regulation action displays responsiveness to public concerns about the consequences of critical habitat designation."
"31 Aug 2020,Power Plant Effluent Limitation Guidelines finalized by EPA,United States,Pollution,Power Generation,
                                                    Environmental Protection Agency's
                                                ,",https://www.globaldata.com/esg/regulatorysummary/power-plant-effluent-limitation-guidelines-finalized-by-epa,Power Plant Effluent Limitation Guidelines finalized by EPA,"Thursday, 28 October 2021","The specific effluent guidelines and standards for “steam electric” power plants is finalised by U.S. Environmental Protection Agency (EPA). By revising a 2015 regulation it paves way for a newer, more affordable pollution control technologies and taking a flexible, phased-in implementation approach. Over the 2015 rule, the new amendment will save power sector approximately $140 million annually while reducing pollution by nearly a million pounds per year."
"27 Aug 2020,Australia introduces Recycling and Waste Reduction Bill 2020,Australia,Hazardous Waste Management; Non Hazardous Waste Management,Business and Consumer Services,
                                                    Australian Department Of Agriculture Fisheries & Forestry
                                                ,",https://www.globaldata.com/esg/regulatorysummary/australia-introduces-recycling-and-waste-reduction-bill-2020,Australia introduces Recycling and Waste Reduction Bill 2020,"Tuesday, 19 October 2021","The Australian Government has introduced landmark legislation into Parliament to ensure Australia takes responsibility for its waste.Each type of waste will have its own rules. When the rules for a waste type start,  only those waste that meets the requirements of the relevant rules can be exported."
"1 Aug 2020,South Korea prohibits the Import of Australian Poultry, Ostrich, Poultry Meat,Australia; South Korea,Biodiversity,Agriculture & Forestry,
                                                    Ministry of Agriculture, Food and Rural Affairs
                                                ,",https://www.globaldata.com/esg/regulatorysummary/south-korea-prohibits-the-import-of-australian-poultry-ostrich-poultry-meat,"South Korea prohibits the Import of Australian Poultry, Ostrich, Poultry Meat","Tuesday, 26 October 2021","Due to the high pathogenic avian influenza (H7N7 Type) outbreak in Australia, the Ministry of Agriculture, Foods and Rural Affairs has taken steps to ban the import of Australian poultry, ostrich, and chicken meat. As the  high pathogenic avian influenza is increasing  in Europe and the surrounding countries of China and Taiwan, the Ministry has requested cooperation in refraining from travelling to the outbreak areas and from transporting livestock products to Korea."
"20 Jul 2020,Australia amends Environment Protection and Biodiversity Conservation Act,Australia,Endangered Species Protection,Agriculture & Forestry,
                                                    Department of Agriculture, Water and the Environment
                                                ,",https://www.globaldata.com/esg/regulatorysummary/australia-amends-environment-protection-and-biodiversity-conservation-act,Australia amends Environment Protection and Biodiversity Conservation Act,"Wednesday, 10 November 2021","Department of Agriculture, Water and the Environment, Australia amended the list of threatened ecological communities under the Environment Protection and Biodiversity Conservation Act 1999. The amendment  added  one ecological community to the list, updated  the name of species and transferrd it between Endangered and Vulnerable categories."
"5 Jun 2020,Cormorant Management Rule proposed by U.S Fish and Wildlife Service,United States,Biodiversity,Agriculture & Forestry,
                                                    U.S. Fish and Wildlife Service
                                                ,",https://www.globaldata.com/esg/regulatorysummary/cormorant-management-rule-proposed-by-us-fish-and-wildlife-service,Cormorant Management Rule proposed by U.S Fish and Wildlife Service,"Friday, 26 November 2021","The US Fish and Wildlife Service has released a proposed regulation and a draft environmental impact statement (DEIS) to help manage double-crested cormorant disputes in the United States.Cormorants are fish-eating birds that can harm wild fisheries, fish hatcheries, and aquaculture facilities, resulting in significant economic losses and human health risks.the regulation proposes to create a new special permit for state and federally recognised tribal wildlife agencies to conduct additional cormorant control efforts. Before resorting to lethal control, states and tribes must first try nonlethal measures of control and conclude that they are ineffectual. Under this new proposal, a new special permit for interested states and tribes would complement existing measures to address conflicts with cormorants to protect human health and safety, personal property and threatened and endangered species."
"4 Jun 2020,Implementation of the Water Management Framework Act in South Korea,South Korea,Water Management,Business and Consumer Services,
                                                    Ministry of Agriculture, Food and Rural Affairs
                                                ,",https://www.globaldata.com/esg/regulatorysummary/implementation-of-the-water-management-framework-act-in-south-korea,Implementation of the Water Management Framework Act in South Korea,"Friday, 29 October 2021",The Ministry of Environment has approved and enforced a draft on enforcement of the Framework Act on Water Management.The Framework Act on Water Management serves as a statutory base for integrated water resource management (IWRM).The Framework Act stipulates the foundational ideas and principles* of water management that the central and municipal governments must consider in the making and implementing of their water management policies.
"2 Jun 2020,Decree to improve the traceability and control of waste shipments approved in Spain,Spain,Non Hazardous Waste Management; Hazardous Waste Management,Business and Consumer Services,
                                                    Ministry of Ecological Transition and Demographic Challenge, Spain
                                                ,",https://www.globaldata.com/esg/regulatorysummary/decree-to-improve-the-traceability-and-control-of-waste-shipments-approved-in-spain,Decree to improve the traceability and control of waste shipments approved in Spain,"Thursday, 06 January 2022","The Royal Decree which regulates, clarifies, and strengthens the control over waste transfers within Spanish territory has been approved by the Council of Ministers.The new law ensures proper waste treatment by improving the traceability of shipments from the point of origin to the ultimate destination."
"14 Apr 2020,Italy signs decree on biological rotations in agriculture,Italy,Environment; Sustainable Farming,Agriculture & Forestry,
                                                    Ministry of Agricultural, Food and Forestry Policies
                                                ,",https://www.globaldata.com/esg/regulatorysummary/italy-signs-decree-on-biological-rotations-in-agriculture,Italy signs decree on biological rotations in agriculture,"Sunday, 28 November 2021","With approval from the State-Regions Conferenace, Italy signed the decree clarifying the provisions of crop rotation in organic farming. The decree offers righr certainities to farmers to plan their business. The decree has developed precise and open national laws addressing rotations in organic farming, providing additional protections to customers, while maintaining geographical differences."
"1 Apr 2020,Italy signs End of Waste decree on discarded tires,Italy,Pollution,Parts and Tires; Automotive,
                                                    Ministry of Ecological Transition
                                                ,",https://www.globaldata.com/esg/regulatorysummary/italy-signs-end-of-waste-decree-on-discarded-tires,Italy signs End of Waste decree on discarded tires,"Thursday, 18 November 2021","Ministry of Ecological Transition, Italy signed and issued End of Waste decree on vulcanized rubber from End-of-Life Tires (ELTs). The decree affects the ELT market  and the companies that produce that produce granules  to be used in useful and excellent applications in the sector. of road asphalts, sports facilities, construction and street furniture by specialized companies from ELTsThe sorts of waste that can be processed in plants are outlined in detail according to the new regulations, as is a test and tracing system that will ensure the quality and safety of the applications generated using ELT granules and powder by an ever-increasing number of people. A increasing number of specialist enterprises, beginning with bituminous conglomerates, will be able to benefit the national road network significantly."
"31 Mar 2020,Australia introduced new live sheep export requirements,Australia,Environment; Farm Animal Welfare,Agriculture & Forestry,
                                                    Department of Agriculture, Water and the Environment
                                                ,",https://www.globaldata.com/esg/regulatorysummary/australia-introduced-new-live-sheep-export-requirements,Australia introduced new live sheep export requirements,"Tuesday, 07 December 2021","The Department of Agriculture, Water and Environment adopted new rules for live sheep exports to or through the Middle East.The changes will see improved animal welfare, with a focus on conditions to manage the risk of heat stress"
"24 Mar 2020,South Korea ban import of unnecessary waste and promote reuse of local waste through partial amendment to Transboundary Movement of Waste Act,South Korea,Pollution,Business and Consumer Services,
                                                    Ministry of Environment (South Korea)
                                                ,",https://www.globaldata.com/esg/regulatorysummary/south-korea-ban-import-of-unnecessary-waste-and-promote-reuse-of-local-waste-through-partial-amendment-to-transboundary-movement-of-waste-act,South Korea ban import of unnecessary waste and promote reuse of local waste through partial amendment to Transboundary Movement of Waste Act,"Friday, 22 October 2021","The State Council approved a partial amendment to the 'Enforcement Decree on Act on the Control of Transboundary Movement of Hazardous Wastes and Their Disposal which prohibits the import of waste dt and aims to promote appropriate waste management and reuse in South KoreaT.he  amendment is intended to encourage the reuse of local waste materials, which are currently piling up in the country."
"24 Mar 2020,Fine Dust Act passed by State Council to establish a seasonal management system in Korea.,South Korea,Pollution,Business and Consumer Services,
                                                    Ministry of Environment (South Korea)
                                                ,",https://www.globaldata.com/esg/regulatorysummary/fine-dust-act-passed-by-state-council-to-establish-a-seasonal-management-system-in-korea,Fine Dust Act passed by State Council to establish a seasonal management system in Korea.,"Friday, 22 October 2021","The 'Special Act on the Reduction and Management of Fine Dust' was passed by South Korea's State Council. This amendment formalises the'seasonal management system of fine dust' established by government agencies in accordance with the'special measures on high concentration period of fine dust.' During the high concentration period of find dust, enhanced fine dust reduction measures are implemented (December through March). Lowering the base concentration reduces the intensity and frequency of high-concentration fine dust."
"17 Mar 2020,FDA recommends Germany to make greater efforts against Racism.,Germany,Diversity and Inclusion,Aerospace and Defence; Consumer; Travel and Tourism; Agriculture & Forestry; Government and Non-Profit Organisations; Chemicals; Transportation; Infrastructure and Logistics; Packaging; Industrial Goods & Machinery; Mining; Technology; Media and Telecom; Automotive; Business and Consumer Services; Financial Services; Healthcare; Sport; Construction,
                                                    
                                                ,",https://www.globaldata.com/esg/regulatorysummary/fda-recommends-germany-to-make-greater-efforts-against-racism,FDA recommends Germany to make greater efforts against Racism.,"Thursday, 16 September 2021","The Federal Anti-Discrimination Agency supports European Commission against Racism and Intolerance (ECRI) recommendations  on Germany against racism and intolerance.ECRI examined the situation in Germany with regard to racism, anti-Semitism, hostility against LGBTI people and intolerance.The report contains 15 specific recommendations out of which two are being highlighted as particularly urgent and their implementation is to be reviewed after two years."
"5 Mar 2020,Italy approves decrees transposing EU directives on circular economy,Italy,Circular Economy; Pollution,Business and Consumer Services,
                                                    Ministry of Ecological Transition
                                                ,",https://www.globaldata.com/esg/regulatorysummary/italy-approves-decrees-transposing-eu-directives-on-circular-economy,Italy approves decrees transposing EU directives on circular economy,"Sunday, 28 November 2021","Italy approved legislative decrees transposing the European Union directives that make up the European package on the circular economy.The measures, which are both environmentally and economically important, address issues that are of great concern to the entire waste sector, such as the management of batteries and accumulators, as well as waste batteries and accumulators, electrical and electronic equipment, end-of-life vehicles, landfills, and packaging and packaging waste."
"24 Feb 2020,Artificial light guidelines endorsed to limit ecological harm,Global,Biodiversity,Agriculture & Forestry,
                                                    Australian Department Of Agriculture Fisheries & Forestry
                                                ,",https://www.globaldata.com/esg/regulatorysummary/artificial-light-guidelines-endorsed-to-limit-ecological-harm,Artificial light guidelines endorsed to limit ecological harm,"Tuesday, 19 October 2021",The 13th Conference of the Parties to the Convention on the Conservation of Migratory Species of Wild Animals (COP13) has endorsed Australia's artificial light pollution guidelines for wildlife. The guidelines raise awareness of the potential effects of artificial light on wildlife while also providing a framework for assessing and managing these effects. The guidelines are based on the principles of best practise lighting design and a risk assessment approach to light management near protected wildlife.
"22 Nov 2019,Italy passes Climate Decree to combat Climate change,Italy,Climate Change,Aerospace and Defence; Consumer; Travel and Tourism; Agriculture & Forestry; Government and Non-Profit Organisations; Chemicals; Transportation; Infrastructure and Logistics; Packaging; Industrial Goods & Machinery; Mining; Technology; Media and Telecom; Automotive; Business and Consumer Services; Financial Services; Healthcare; Sport; Construction,
                                                    Ministry of Ecological Transition
                                                ,",https://www.globaldata.com/esg/regulatorysummary/italy-passes-climate-decree-to-combat-climate-change,Italy passes Climate Decree to combat Climate change,"Thursday, 18 November 2021","Italy passed the first totally environment decree, the Climate Decree to comabt climate change.It strives to shift the cultural paradigm aimed at safeguarding the environment and biodiversity through constructive, concrete initiatives designed to involve administrations at all levels, specialists, and citizens.The decree intervenes with urgent measures in all sectors considered vulnerable to climate change: water, agriculture, biodiversity, construction and infrastructure, energy, prevention of significant industrial risks, human health, soil and related uses, transport. The logic is to encourage virtuous behaviors and actions by planning a series of interventions at multiple levels, suitable for involving all the responsible actors (and therefore the administrations but also the citizens)."
"13 Aug 2019,U.S Fish and Wildlife Services announce revision to Eagle Retention Policy,United States,Biodiversity; Indigenous Community Management,Agriculture & Forestry,
                                                    U.S. Fish and Wildlife Service
                                                ,",https://www.globaldata.com/esg/regulatorysummary/us-fish-and-wildlife-services-announce-revision-to-eagle-retention-policy,U.S Fish and Wildlife Services announce revision to Eagle Retention Policy,"Sunday, 28 November 2021","The US Fish and Wildlife Service has updated its policy regarding the keeping of eagle remains on grounds within Indian Country, signalling the agency's commitment to honouring the views of federally recognised Tribes. Under certain conditions and with the right permits, federally recognised tribes can legally keep bald and golden eagle remains found on these areas.The amended policy has three goals: it allows Tribe members to keep eagles they find in Indian Country, it improves eagle conservation on these lands, and it avoids the unnecessary human health and safety risks that certain deceased eagles represent."
"28 Jun 2019,South Korea implements New Policies to Improve the Management of Air Pollutant-emitting Workplaces,South Korea,Climate Change,,
                                                    Ministry of Agriculture, Food and Rural Affairs
                                                ,",https://www.globaldata.com/esg/regulatorysummary/south-korea-implements-new-policies-to-improve-the-management-of-air-pollutant-emitting-workplaces,South Korea implements New Policies to Improve the Management of Air Pollutant-emitting Workplaces,"Friday, 29 October 2021","To improve the poor environmental management performance of companies (illegal emission of air pollutants, manipulation of emission measurement value) and increase the effectiveness of workplace managements,Ministry of Environment, South Korea has decided to implement new measures derived from the  policies that aim to accomplish the following tasks: improve the workplace management system, reform the pollutants measurement system, and conduct a thorough monitoring process.The new policies are expected to strengthen the overall effectiveness of workplace management from the licensing of workplaces to post management."
"27 Jun 2019,South Korea amends the Clean Air Conservation Act to adopt new emissions standards for diesel railway vehicles,South Korea,Sustainable Railways; Environment; Climate Change; Carbon Emissions,Transportation; Infrastructure and Logistics,
                                                    Ministry of Agriculture, Food and Rural Affairs
                                                ,",https://www.globaldata.com/esg/regulatorysummary/south-korea-amends-the-clean-air-conservation-act-to-adopt-new-emissions-standards-for-diesel-railway-vehicles,South Korea amends the Clean Air Conservation Act to adopt new emissions standards for diesel railway vehicles,"Friday, 29 October 2021","As part of the Clean Air Act amendment, the Ministry of Environmental Protection South Korea  announced a new emission  standard for air pollutants released by diesel railway vehicles.The new amendment to the Clean Air Act says that all manufacturers and importers of diesel railway vehicles in Korea must comply with the new emission standard, as part of the 'Comprehensive Plan on Fine Dust' that was jointly announced by related government agencies."
"30 May 2019,New Safety Measures for Hazardous Chemical Handling Facilities to Increase Their Applicability on-site in South Korea,South Korea,Workplace Safety,Chemicals,
                                                    Ministry of Agriculture, Food and Rural Affairs
                                                ,",https://www.globaldata.com/esg/regulatorysummary/new-safety-measures-for-hazardous-chemical-handling-facilities-to-increase-their-applicability-on-site-in-south-korea,New Safety Measures for Hazardous Chemical Handling Facilities to Increase Their Applicability on-site in South Korea,"Friday, 29 October 2021","In order to improve both safety against chemical accidents and on-site applicability, the Ministry of Environment has announced additional safety management measures for the Chemical Control Act. These measures are being applied to existing hazardous chemical handling facilities.Upon implementation of the revised Chemical Control Act (from January 1st, 2015), hazardous chemical handling facilities operated before December 31st, 2014 must comply with the enhanced safety management standards contained in the act within a five-year grace period."
"3 Apr 2019,Saudi Arabia signs Developmental Housing agreement,Saudi Arabia,Social; Community Impact; Social Housing,Construction,
                                                    
                                                ,",https://www.globaldata.com/esg/regulatorysummary/saudi-arabia-signs-developmental-housing-agreement,Saudi Arabia signs Developmental Housing agreement,"Sunday, 26 December 2021","Saudi Arabia signed the ' Developmental Housing' agreement with Built Company to build 3 thousand housing units in 3 regions.The ""Developmental Housing"" Program of the Ministry of Housing intends to implement housing projects in a number of cities and governorates for the beneficiaries"
"29 Mar 2019,Guidelines for Environmental Reporting: Including Streamlined Energy and Carbon Reporting requirements,United Kingdom,Carbon Emissions,Consumer; Aerospace and Defence; Travel and Tourism; Real Estate; Agriculture & Forestry; Government and Non-Profit Organisations; Transportation; Infrastructure and Logistics; Chemicals; Packaging; Industrial Goods & Machinery; Mining; Technology; Media and Telecom; Automotive; Business and Consumer Services; Financial Services; Healthcare; Retail; Sport; Construction,
                                                    Department for Environment, Food and Rural Affairs
                                                ,",https://www.globaldata.com/esg/regulatorysummary/guidelines-for-environmental-reporting-including-streamlined-energy-and-carbon-reporting-requirements,Guidelines for Environmental Reporting: Including Streamlined Energy and Carbon Reporting requirements,"Monday, 30 May 2022","Guidance to help companies comply with the Streamlined Energy and Carbon Reporting regulations, including greenhouse gas (GHG) reporting. This advisory contains modifications that will take effect on April 1, 2019. As a result of these reforms, all UK listed firms are now required to report on their global energy use as well as greenhouse gas emissions in their annual Directors' Report. Large unquoted corporations and limited liability partnerships are also required to declare their yearly energy use, greenhouse gas emissions, and associated data. These requirements affect:"
"14 Jan 2019,Packaging act passed in Germany to increase recycling and transparency in the system,Germany,Circular Economy,Business and Consumer Services,
                                                    Ministry of Environment, Nature Conservation and Nuclear Safety, Germany
                                                ,",https://www.globaldata.com/esg/regulatorysummary/packaging-act-passed-in-germany-to-increase-recycling-and-transparency-in-the-system,Packaging act passed in Germany to increase recycling and transparency in the system,"Wednesday, 01 December 2021","The new packaging act came into force in Germany aiming for a significant increase in recycling.New guidelines describe the amount to which different types of packaging can be recycled. Furthermore, procedures are in place to ensure that all enterprises that use packaging pay for its collection and recycling. . The new Central Packaging Registry LUCID is a fundamental component of the legislation. Every citizen can use LUCID to determine the extent to which manufacturers fulfil their product responsibility.The Central Packaging Registry foundation, is an innovation established by the Packaging Act. The registry's goal is to increase transparency and control over packaging use and disposal."
"5 Sep 2018,U.S. Fish and Wildlife Service is proposing to downlist the golden conure from endangered to the less critical category of threatened under the Endangered Species Act (ESA).,United States,Endangered Species Protection,Agriculture & Forestry,
                                                    U.S. Fish and Wildlife Service
                                                ,",https://www.globaldata.com/esg/regulatorysummary/us-fish-and-wildlife-service-is-proposing-to-downlist-the-golden-conure-from-endangered-to-the-less-critical-category-of-threatened-under-the-endangered-species-act-esa,U.S. Fish and Wildlife Service is proposing to downlist the golden conure from endangered to the less critical category of threatened under the Endangered Species Act (ESA).,"Tuesday, 26 October 2021","The U.S. Fish and Wildlife Service is proposing to downlist the golden conure from endangered to the less critical category of threatened under the Endangered Species Act (ESA).When the Service first listed the golden conure in 1976, the species was declining from loss of habitat and overutilization from the pet trade. Today, with protections resulting from the Wild Bird Conservation Act and the Convention on International Trade of Endangered Species of Wild Fauna and Flora (CITES), illegal international trade no longer poses a significant threat to the conure. However, golden conures remain at risk of extinction in the future due to continued deforestation in the Amazon region of Brazil. The Service is simultaneously proposing a rule under section 4(d) of the ESA. The 4(d) rule would allow for the import and export of certain captive-bred golden conures into and out of the United States, and trade of the species within the country across state lines under certain circumstances."
"10 Aug 2018,U.S. Fish and Wildlife Service Protects South American Macaw Under Endangered Species Act,United States,Endangered Species Protection,Agriculture & Forestry,
                                                    U.S. Fish and Wildlife Service
                                                ,",https://www.globaldata.com/esg/regulatorysummary/us-fish-and-wildlife-service-protects-south-american-macaw-under-endangered-species-act,U.S. Fish and Wildlife Service Protects South American Macaw Under Endangered Species Act,"Tuesday, 26 October 2021","Due to population losses caused by deforestation, poaching, and predation, the US Fish and Wildlife Service has reached a final conclusion to classify the hyacinth macaw as threatened species under the Endangered Species Act (ESA). The hyacinth macaw is the largest parrot in the family, and its plumage is predominantly cobalt blue. Only about 6,500 hyacinth macaws remain in the wild, compared to estimates of up to 3 million birds in the past."
"10 Aug 2018,U.S Fish and Wildlife Service lists South American Macaw as threatened Under Endangered Species Act,United States,Endangered Species Protection,Agriculture & Forestry,
                                                    U.S. Fish and Wildlife Service
                                                ,",https://www.globaldata.com/esg/regulatorysummary/us-fish-and-wildlife-service-lists-south-american-macaw-as-threatened-under-endangered-species-act,U.S Fish and Wildlife Service lists South American Macaw as threatened Under Endangered Species Act,"Sunday, 28 November 2021","Due to population losses caused by deforestation, poaching, and predation, the US Fish and Wildlife Service has decided to classify the hyacinth macaw as a vulnerable species under the Endangered Species Act (ESA). The hyacinth macaw is the largest parrot in the family, and its plumage is predominantly cobalt blue. Only about 6,500 hyacinth macaws survive in the wild, compared to estimates of up to 3 million birds in the past."
"28 Jun 2018,SEC Proposes Whistleblower Rule Amendments,United States,Corruption and Bribery,Consumer; Aerospace and Defence; Travel and Tourism; Agriculture & Forestry; Transportation; Infrastructure and Logistics; Government and Non-Profit Organisations; Chemicals; Packaging; Industrial Goods & Machinery; Mining; Technology; Media and Telecom; Automotive; Business and Consumer Services; Financial Services; Healthcare; Sport; Construction,
                                                    
                                                ,",https://www.globaldata.com/esg/regulatorysummary/sec-proposes-whistleblower-rule-amendments,SEC Proposes Whistleblower Rule Amendments,"Thursday, 07 October 2021",The Securities and Exchange Commission has voted to propose amendments to the rules governing its whistleblower program.  The whistleblower program was established in 2010 to incentivize individuals to report high-quality tips to the Commission and help the agency detect wrongdoing and better protect investors and the marketplace. The proposed rules are intended to help strengthen the whistleblower program by bolstering the Commission’s ability to more appropriately and expeditiously reward those who provide critical information that leads to successful enforcement actions.
"23 May 2018,South Korea to cut down GHG emission through the reduction of refrigerant leaks.,South Korea,Carbon Emissions,Consumer,
                                                    Ministry of Agriculture, Food and Rural Affairs
                                                ,",https://www.globaldata.com/esg/regulatorysummary/south-korea-to-cut-down-ghg-emission-through-the-reduction-of-refrigerant-leaks,South Korea to cut down GHG emission through the reduction of refrigerant leaks.,"Friday, 29 October 2021", The Ministry of Environment has decided to revise the Enforcement Rule of the Clean Air Conservation Act to set the range for other refrigerant-using machines requiring management. The standards and procedures will be set to use the new registration process of refrigerant recovery companies.Revising the Enforcement Rule of the Clean Air Conservation Act will lay a solid foundation for the entrusted articles of the Act.
"13 Apr 2018,U.S Fish and Wildlife Service delists Black-Capped Vireo from Endangered Species Act,United States,Endangered Species Protection,Agriculture & Forestry,
                                                    U.S. Fish and Wildlife Service
                                                ,",https://www.globaldata.com/esg/regulatorysummary/us-fish-and-wildlife-service-delists-black-capped-vireo-from-endangered-species-act,U.S Fish and Wildlife Service delists Black-Capped Vireo from Endangered Species Act,"Sunday, 28 November 2021","The Services announced delisting Black-Capped Vireo from the endangered species list under ESA. Owing to continuous conservation efforts and partnerships, the black-capped vireo  experienced a dramatic recovery from nearly going extinct.Today there are now more than 14,000 birds estimated across the vireo’s breeding range of Oklahoma, Texas and Mexico.  With the robust conservation efforts, the small songbird is being removed from the list of endangered and threatened species.The black-capped vireo was listed in 1987 primarily due to the impacts of habitat loss and nest parasitism by brown-headed cowbird"
"27 Sep 2017,Germany issued ordinance on the the protection of marine areas,Germany,Marine Biodiversity,,
                                                    Ministry of Environment, Nature Conservation and Nuclear Safety, Germany
                                                ,",https://www.globaldata.com/esg/regulatorysummary/germany-issued-ordinance-on-the-the-protection-of-marine-areas,Germany issued ordinance on the the protection of marine areas,"Thursday, 18 November 2021","Germany issued six new ordinances n the protection of the marine environment in the North and Baltic Seas.The marine protected areas Doggerbank, Borkum Riffgrund, and Sylter Außenriff- stliche Deutsche Bucht in the North Sea, and Fehmarnbelt, Kadetrinne, and Pommersche Bucht - Rönnebank in the Baltic Sea, are now legally protected under national legislation. The locations are in the Exclusive Economic Zones (EEZ) of the North and Baltic Seas, making the federal government is responsible for them.The introduction of dredge waste into the sea in marine protected areas, the operation of aquacultures, and the construction of artificial islands are all prohibited under the new rules. Anyone wishing to generate energy, extract natural resources, or construct underwater cables in these areas must first demonstrate through an impact assessment that the project will not have a significant negative impact on the marine environment."
"22 Mar 2016,Visitor Guidelines for Antarctic from Germany,Germany,Biodiversity,Travel and Tourism,
                                                    
                                                ,",https://www.globaldata.com/esg/regulatorysummary/visitor-guidelines-for-antarctic-from-germany,Visitor Guidelines for Antarctic from Germany,"Friday, 08 October 2021",The German Environment Agency has compiled a guide for visitors to the Antarctic based on the recommendations drafted by Consultative Parties to the Antarctic Treat. It contains useful advice and guidelines for proper behaviour and background information about the continent. The document aims to ensure that all visitors comply with the established regulations and recommendations regarding Antarctica.
"10 Mar 2016,U.S Fish and Wildlife Service delists Black-Capped Vireo from Endangered Species Act,United States,Endangered Species Protection,Agriculture & Forestry,
                                                    
                                                ,",https://www.globaldata.com/esg/regulatorysummary/us-fish-and-wildlife-service-delists-black-capped-vireo-from-endangered-species-act,U.S Fish and Wildlife Service delists Black-Capped Vireo from Endangered Species Act,"Sunday, 28 November 2021","The Services announced delisting Black-Capped Vireo from the endangered species list under ESA. Owing to continuous conservation efforts and partnerships, the black-capped vireo  experienced a dramatic recovery from nearly going extinct.Today there are now more than 14,000 birds estimated across the vireo’s breeding range of Oklahoma, Texas and Mexico.  With the robust conservation efforts, the small songbird is being removed from the list of endangered and threatened species.The black-capped vireo was listed in 1987 primarily due to the impacts of habitat loss and nest parasitism by brown-headed cowbird"
"7 Mar 2016,U.S Fish and Wildlife Service revises policy on mitigating adverse impact of development on wildlife and its habitat,United States,Biodiversity,Agriculture & Forestry,
                                                    U.S. Fish and Wildlife Service
                                                ,",https://www.globaldata.com/esg/regulatorysummary/us-fish-and-wildlife-service-revises-policy-on-mitigating-adverse-impact-of-development-on-wildlife-and-its-habitat,U.S Fish and Wildlife Service revises policy on mitigating adverse impact of development on wildlife and its habitat,"Tuesday, 30 November 2021","The US Fish and Wildlife Service has announced additional efforts to reduce the negative effects of land and water development on wildlife and their habitats in the United States. A modification of the Service's Mitigation Policy, which has guided agency recommendations to address these concerns since 1981, will provide a broad and flexible framework to encourage conservation while permitting economic activity to continue.It broadens the scope of mitigation to include larger-scale pressures that can wreak havoc on wildlife when combined with development, such as climate change and invasive species."
"1 Jan 0001,Update of the area development plan to amend the Wind Energy offshore Act,Germany,Climate Change,Power Generation; Wind,
                                                    Federal Maritime and Hydrographic Agency
                                                ,",https://www.globaldata.com/esg/regulatorysummary/update-of-the-area-development-plan-to-amend-the-wind-energy-offshore-act,Update of the area development plan to amend the Wind Energy offshore Act,"Friday, 08 October 2021","The Federal Maritime and Hydrographic Agency (BSH) has for the first time in the years 2018 and 2019,updated the Area development plan. To amend the Wind Energy Offshore Act and other regulations, and in particular due to the increased expansion path of 20 gigawatts of wind energy at sea by 2030, the update and change of the area development plan was necessary in 2019."
"1 Jan 0001,Austria will issue its first Green Bonds in 2022,Europe; Austria,Climate Change; Environment; Sustainable Finance; Green Bonds,Capital Markets; Investment Banking; Government and Non-Profit Organisations; Financial Services,
                                                    Austrian Federal Ministry of Finance
                                                ,",https://www.globaldata.com/esg/regulatorysummary/austria-will-issue-its-first-green-bonds-in-2022,Austria will issue its first Green Bonds in 2022,"Wednesday, 07 September 2022","Green Bonds will be an additional bond offering Austria is intending to issue a so-called Green Bond in the first half of 2022. “We took a joint decision to incorporate this step in our government programme,” announced Finance Minister Gernot Blümel whilst attending the Alpbach Forum. These types of bonds generate capital to finance undertakings to prevent or reduce damage to the environment and climate."
