YEAR,TITLE,LINK,IMAGE_URL,INSTITUTIONS,COUNTRY,DESCRIPTION
2022,Bangko Sentral ng Pilipinas promotes green bond markets,https://www.greenfinanceplatform.org/policies-and-regulations/bangko-sentral-ng-pilipinas-promotes-green-bond-markets,https://www.greenfinanceplatform.org/sites/default/files/styles/flag_96_56_/public/country/flags/philippines_0.png?itok=O07zVx8C,Institution(s): Central Bank of the Philippines (Bangko Sentral ng Pilipinas),Country: Philippines,"In March 2022, the Bangko Sentral ng Pilipinas (BSP) announced that it has invested over USD 550 million for green bonds and plans to support the development of green bond markets."
2022,India's Union Budget 2022-23: Climate Budget and Green Bonds,https://www.greenfinanceplatform.org/policies-and-regulations/indias-union-budget-2022-23-climate-budget-and-green-bonds,https://www.greenfinanceplatform.org/sites/default/files/styles/flag_96_56_/public/country/flags/india.png?itok=JjRiaKRC,"Institution(s): Ministry of Finance, Government of India",Country: India,"In February 2022, the Prime Minister of India announced promoting energy transition and climate action is one of the focus areas in the Union Budget for FY 2022-23."
2022,Canadian Securities Administrators' Staff Notice 81-334 ESG-Related Investment Fund Disclosure,https://www.greenfinanceplatform.org/policies-and-regulations/canadian-securities-administrators-staff-notice-81-334-esg-related,https://www.greenfinanceplatform.org/sites/default/files/styles/flag_96_56_/public/country/flags/canada_0.png?itok=kkIfg6qU,Institution(s): Canadian Securities Administrators,Country: Canada,"On 19 January 2022, the Canadian Securities Administrators (CSA) provided a guidance on the ESG-related disclosure in its Staff Notice for investment funds."
2022,Information disclosure and transparency rules for Mongolian issuers,https://www.greenfinanceplatform.org/policies-and-regulations/information-disclosure-and-transparency-rules-mongolian-issuers,https://www.greenfinanceplatform.org/sites/default/files/styles/flag_96_56_/public/country/flags/mongolia_0.png?itok=3YBv44A9,Institution(s): Financial Regulatory Commission of Mongolia (FRC),Country: Mongolia,"In May 2022, Financial Regulatory Commission of Mongolia (FRC) endorsed the regulation on information disclosure and transparency which requires issuers to provide ESG information on voluntary basis."
2022,ATHEX - ESG Reporting Guide 2022,https://www.greenfinanceplatform.org/policies-and-regulations/athex-esg-reporting-guide-2022,https://www.greenfinanceplatform.org/sites/default/files/styles/flag_96_56_/public/country/flags/greece_0.png?itok=IWdrGMi1,Institution(s): Athens Stock Exchange (ATHEX),Country: Greece,"In 2022, the Athens Stock Exchange revised its ESG Reporting Guide based on the changes in legislations and sectoral trends."
2022,Sustainable Financing Framework of National Bank of Kuwait,https://www.greenfinanceplatform.org/policies-and-regulations/sustainable-financing-framework-national-bank-kuwait,https://www.greenfinanceplatform.org/sites/default/files/styles/flag_96_56_/public/country/flags/kuwait_0.png?itok=IroBNTyL,Institution(s): National Bank of Kuwait (NBK),Country: Kuwait,"In March 2022, National Bank of Kuwait (NBK) developed its Sustainable Financing Framework."
2022,Shanghai Stock Exchange's ESG disclosure requirement for STAR Market companies,https://www.greenfinanceplatform.org/policies-and-regulations/shanghai-stock-exchanges-esg-disclosure-requirement-star-market-companies,https://www.greenfinanceplatform.org/sites/default/files/styles/flag_96_56_/public/country/flags/china_0.png?itok=5mTa_Ix2,Institution(s): Shanghai Stock Exchange (SSE),Country: China,"In January 2022, the Shanghai Stock Exchange (SSE) announced STAR Market-listed companies must disclose ESG-related information in their annual reports."
2022,Call for evidence on market characteristics for ESG rating providers in the EU﻿,https://www.greenfinanceplatform.org/policies-and-regulations/call-evidence-market-characteristics-esg-rating-providers-eu,,Institution(s): The European Securities and Markets Authority (ESMA),,"In February 2022, the European Securities and Markets Authority (ESMA) announced a Call for Evidence on ESG ratings, seeking information on the market structure for ESG rating providers in the European Union (EU)."
2022,Integrated financial products: Review of managed fund documentation,https://www.greenfinanceplatform.org/policies-and-regulations/integrated-financial-products-review-managed-fund-documentation,https://www.greenfinanceplatform.org/sites/default/files/styles/flag_96_56_/public/country/flags/new-zealand.png?itok=BQZSuMh_,Institution(s): Financial Markets Authority of New Zealand (FMA),Country: New Zealand,"In July 2022, the Financial Markets Authority of New Zealand (FMA) - Te Mana Tātai Hokohoko published a review of managed funds and KiwiSaver funds to examine how they incorporate non-financial factors (e.g responsible, green and ESG) in their financial products so called integrated financial products (IFP)"
2022,Technology Roadmap for Transition Finance,https://www.greenfinanceplatform.org/policies-and-regulations/technology-roadmap-transition-finance,https://www.greenfinanceplatform.org/sites/default/files/styles/flag_96_56_/public/country/flags/japan_0.png?itok=m9IqJMel,Institution(s): Trade and Industry (METI) and the Ministry of the Environment (MOE),Country: Japan,"Building on the Basic Guidelines on Climate Transition Finance, the Ministry of Economy, Trade and Industry (METI) developed roadmaps for 7 carbon intensive industries to provide facilitation for transition toward achieving Japan's carbon neutrality target by 2050."
2022,Egyptian FRA sets deadline for ESG & TCFD reporting in the non-banking financial sector,https://www.greenfinanceplatform.org/policies-and-regulations/egyptian-fra-sets-deadline-esg-tcfd-reporting-non-banking-financial-sector,https://www.greenfinanceplatform.org/sites/default/files/styles/flag_96_56_/public/country/flags/egypt_0.png?itok=lwzvUCrU,Institution(s): Egyptian Financial Regulatory Authority,Country: Egypt,"In March 2022, the Egyptian Financial Regulatory Authority (FRA) mandates companies in the non-banking financial sector to report their performance in compliance with resolutions on ESG disclosure and TCFD requirements."
2022,Philippine Sustainable Finance Roadmap and Guiding Principles,https://www.greenfinanceplatform.org/policies-and-regulations/philippine-sustainable-finance-roadmap-and-guiding-principles,https://www.greenfinanceplatform.org/sites/default/files/styles/flag_96_56_/public/country/flags/philippines_0.png?itok=O07zVx8C,Institution(s): Central Bank of the Philippines (Bangko Sentral ng Pilipinas),Country: Philippines,"In February 2022, the Bangko Sentral ng Pilipinas (BSP) released the Philippine Sustainable Finance Roadmap (the Roadmap)."
2022,Consultation Paper on ESG Rating Providers for India's Securities Markets,https://www.greenfinanceplatform.org/policies-and-regulations/consultation-paper-esg-rating-providers-indias-securities-markets,https://www.greenfinanceplatform.org/sites/default/files/styles/flag_96_56_/public/country/flags/india.png?itok=JjRiaKRC,Institution(s): Securities and Exchange Board of India (SEBI),Country: India,"In January 2022, the Securities and Exchange Board of India (SEBI) released Consultation Paper on ESG Rating Providers (ERP) for Securities Markets."
2022,Federal Reserve's a pilot climate scenario analysis exercise,https://www.greenfinanceplatform.org/policies-and-regulations/federal-reserves-pilot-climate-scenario-analysis-exercise,https://www.greenfinanceplatform.org/sites/default/files/styles/flag_96_56_/public/country/flags/us.png?itok=B_Tf7hVP,Institution(s): Federal Reserve,Country: United States of America,"On 29 September 2022, U.S. Federal Reserve Board announced to implement a pilot exercise on climate scenario-analysis for six large banks."
2022,EIOPA's Climate stress test for the occupational pensions sector 2022,https://www.greenfinanceplatform.org/policies-and-regulations/eiopas-climate-stress-test-occupational-pensions-sector-2022,,Institution(s): The European Insurance and Occupational Pensions Authority (EIOPA),,"On 7 April 2022, the European Insurance and Occupational Pensions Authority (EIOPA) launched the climate stress test 2022 for the occupational pension sector"
2022,NextGenerationEU Green Bonds,https://www.greenfinanceplatform.org/policies-and-regulations/nextgenerationeu-green-bonds,,Institution(s): European Commision,,The European Commission intends to issue EUR 250 billion green bonds which would be 30% of NextGenerationEU funds.
2022,Qatar Central Bank's plan on green finance,https://www.greenfinanceplatform.org/policies-and-regulations/qatar-central-banks-plan-green-finance,https://www.greenfinanceplatform.org/sites/default/files/styles/flag_96_56_/public/country/flags/qatar_0.png?itok=hqjEZ4yf,Institution(s): Qatar Central Bank (QCB),Country: Qatar,Qatar Central Bank (QCB) plans to implement strategic actions on green finance as part of the Second Strategic Plan for Financial Sector Regulation 2017-2022
2022,U.S. Securities and Exchange Commission's Staff Report on Nationally Recognized Statistical Rating Organizations,https://www.greenfinanceplatform.org/policies-and-regulations/us-securities-and-exchange-commissions-staff-report-nationally-recognized,https://www.greenfinanceplatform.org/sites/default/files/styles/flag_96_56_/public/country/flags/us.png?itok=B_Tf7hVP,Institution(s): U.S. Securities and Exchange Commission,Country: United States of America,"In January 2022, U.S. Securities and Exchange Commission issued a Staff Report on Nationally Recognized Statistical Rating Organizations (NRSRO) and highlighted ESG-related risks."
2022,ECB Occasional Paper Series: Disclosure of climate change risk in credit ratings,https://www.greenfinanceplatform.org/policies-and-regulations/ecb-occasional-paper-series-disclosure-climate-change-risk-credit-ratings,,Institution(s): European Central Bank (ECB),,"In September 2022, European Central Bank (ECB) released a paper on analytical framework to perform a status-quo assessment of the disclosure of climate change risks in rating methodologies and ratings reports by selected credit rating agencies."
2022,The Companies and LLPs (Climate-related Financial Disclosure) Regulations 2022,https://www.greenfinanceplatform.org/policies-and-regulations/companies-and-llps-climate-related-financial-disclosure-regulations-2022,,Institution(s): Government of the United Kingdom,,"In January 2022, the Government of the United Kingdom endorsed mandatory regulations on climate-related financial disclosures for companies and limited liability partnerships (LLPs)."
2022,"U.S Executive Order to strengthen the country's forests, boost wildfire resilience, and combat global deforestation",https://www.greenfinanceplatform.org/policies-and-regulations/us-executive-order-strengthen-countrys-forests-boost-wildfire-resilience,https://www.greenfinanceplatform.org/sites/default/files/styles/flag_96_56_/public/country/flags/us.png?itok=B_Tf7hVP,Institution(s): U.S. Department of State,Country: United States of America,"On 22 April 2022, U.S. President Biden signed the Executive Order to strengthen the country's forests, boost wildfire resilience, and combat global deforestation."
2022,Sustainable Finance Framework of the Republic of Philippines for debt instruments,https://www.greenfinanceplatform.org/policies-and-regulations/sustainable-finance-framework-republic-philippines-debt-instruments,https://www.greenfinanceplatform.org/sites/default/files/styles/flag_96_56_/public/country/flags/philippines_0.png?itok=O07zVx8C,Institution(s): Department of Finance of Republic of the Philippines,Country: Philippines,"In January 2022, the Republic of the Philippines established Sustainable Finance Framework, laying out how it intends to issue Green, Social or Sustainability Bonds, Loans, and other thematic debt instruments in the international capital markets."
2022,Guidelines on Green Debt Instruments and Green Lease Certificates,https://www.greenfinanceplatform.org/policies-and-regulations/guidelines-green-debt-instruments-and-green-lease-certificates,https://www.greenfinanceplatform.org/sites/default/files/styles/flag_96_56_/public/country/flags/turkey_0.png?itok=J94-jd2Q,Institution(s): Capital Markets Board of Turkey,Country: Türkiye,"In February 2022, the Capital Markets Board of Turkey (CMB) released Guidelines on Green Debt Instruments and Green Lease Certificates."
2022,"The strategy for the development of Ireland’s international financial services sector, extended to 2026",https://www.greenfinanceplatform.org/policies-and-regulations/strategy-development-irelands-international-financial-services-sector,https://www.greenfinanceplatform.org/sites/default/files/styles/flag_96_56_/public/country/flags/uk.png?itok=sEHdJaOS,Institution(s): Government of Ireland,Country: United Kingdom of Great Britain and Northern Ireland,"In October 2022, the Department of Finance updated the Ireland for Finance strategy with a lifespan of 2026 in respect to the development of the international financial services sector."
2022,EU Taxonomy: Complementary Climate Delegated Act,https://www.greenfinanceplatform.org/policies-and-regulations/eu-taxonomy-complementary-climate-delegated-act,,Institution(s): European Commision,,"In February 2022, the European Commission published Complementary Climate Delegated Act for EU Taxonomy, defining technical screening criteria for certain gas and nuclear activities to accelerate decarbonisation."
2022,A standard on climate-related risk disclosure for US insurance companies,https://www.greenfinanceplatform.org/policies-and-regulations/standard-climate-related-risk-disclosure-us-insurance-companies,https://www.greenfinanceplatform.org/sites/default/files/styles/flag_96_56_/public/country/flags/us.png?itok=B_Tf7hVP,Institution(s): National Association of Insurance Commissioners (NAIC),Country: United States of America,"On 8 April 2022, U.S. National Association of Insurance Commissioners (NAIC) introduced a standard on climate-related risk disclosure for insurance companies in line with TCFD."
2022,EBA's final draft implementing technical standards on prudential disclosures on ESG risks,https://www.greenfinanceplatform.org/policies-and-regulations/ebas-final-draft-implementing-technical-standards-prudential-disclosures,,Institution(s): European Banking Authority (EBA),,"In January 2022, the European Banking Authority (EBA) released final draft implementing technical standards (ITS) on prudential disclosures on ESG risks."
2022,The Enhancement and Standardization of Climate-Related Disclosures for Investors,https://www.greenfinanceplatform.org/policies-and-regulations/enhancement-and-standardization-climate-related-disclosures-investors,https://www.greenfinanceplatform.org/sites/default/files/styles/flag_96_56_/public/country/flags/us.png?itok=B_Tf7hVP,Institution(s): U.S. Securities and Exchange Commission,Country: United States of America,The U.S. Securities Exchange Commission (SEC) proposed the amendments to its rules under the Securities Act to enhance and standardize climate-related disclosures for investors.
2022,ESMA Sustainable Finance Roadmap 2022-2024,https://www.greenfinanceplatform.org/policies-and-regulations/esma-sustainable-finance-roadmap-2022-2024,,Institution(s): The European Securities and Markets Authority (ESMA),,"In February 2022, ESMA released Sustainable Finance Roadmap for the period 2022 – 2024."
2022,Mongolia Monetary Policy Guidelines for 2022,https://www.greenfinanceplatform.org/policies-and-regulations/mongolia-monetary-policy-guidelines-2022,https://www.greenfinanceplatform.org/sites/default/files/styles/flag_96_56_/public/country/flags/mongolia_0.png?itok=3YBv44A9,Institution(s): Central Bank of Mongolia,Country: Mongolia,The Central Bank of Mongolia submitted Monetary Policy Guidelines for 2022 which was approved by the Parliament of Mongolia on 18 November 2021. The Monetary policy introduces addressing climate change and sustainable finance as one of seven priority areas.
2022,Regulatory technical standards on sustainability-related disclosure,https://www.greenfinanceplatform.org/policies-and-regulations/regulatory-technical-standards-sustainability-related-disclosure,,Institution(s): European Commision,,"On 6 April 2022, the European Commission adopted a regulatory technical standards (RTS) on sustainability-related disclosure in the financial services sector to enhance the quality and comparability."
2022,Indonesia Green Taxonomy Edition 1.0,https://www.greenfinanceplatform.org/policies-and-regulations/indonesia-green-taxonomy-edition-10,https://www.greenfinanceplatform.org/sites/default/files/styles/flag_96_56_/public/country/flags/indonesia_0.png?itok=L38_jaSc,Institution(s): Financial Services Authority of Indonesia (OJK),Country: Indonesia,"In January 2022, the Financial Services Authority of Indonesia (OJK) developed Indonesia Green Taxonomy."
2022,Framework for a Just Transition in South Africa: Draft for Discussion,https://www.greenfinanceplatform.org/policies-and-regulations/framework-just-transition-south-africa-draft-discussion,https://www.greenfinanceplatform.org/sites/default/files/styles/flag_96_56_/public/country/flags/south-africa_0.png?itok=_HHbn--4,Institution(s): Presidential Climate Commission of South Africa,Country: South Africa,"In February 2022, the Presidential Climate Commission of the Republic of South Africa unveiled a draft discussion on framework for a just transition in the country."
2022,U.S. Department of Treasury signs a USD 1 billion loan agreement for Clean Technology Fund,https://www.greenfinanceplatform.org/policies-and-regulations/us-department-treasury-signs-usd-1-billion-loan-agreement-clean-technology,https://www.greenfinanceplatform.org/sites/default/files/styles/flag_96_56_/public/country/flags/us.png?itok=B_Tf7hVP,Institution(s): U.S. Department of Treasury,Country: United States of America,U.S. Department of Treasury made a USD 1 billion loan agreement for multilateral trust fund named Clean Technology Fund (CTL) to support the development of low carbon technologies in developing countries.
2022,Rules on corporate sustainability reporting directive (CSRD),https://www.greenfinanceplatform.org/policies-and-regulations/rules-corporate-sustainability-reporting-directive-csrd,https://www.greenfinanceplatform.org/sites/default/files/styles/flag_96_56_/public/country/flags/EU.png?itok=7FBcPJet,Institution(s): European Union,Country: EU,"In June 2022, the Council of the European Union introduced rules on the corporate sustainability reporting directive (CSRD). In particular, it requires all large companies and all companies listed on regulated markets to report environmental, social and human rights as well as governance aspects."
2022,India's International Sustainability Platform on ESG,https://www.greenfinanceplatform.org/policies-and-regulations/indias-international-sustainability-platform-esg,https://www.greenfinanceplatform.org/sites/default/files/styles/flag_96_56_/public/country/flags/india.png?itok=JjRiaKRC,Institution(s): India International Exchange (NSE IFSC),Country: India,"On 22 April 2022, India's International Exchange (NSE IFSC) launched the International Sustainability Platform for investors to engage in ESG transitions."
2022,Results of the 2021 Climate Biennial Exploratory Scenario (CBES) for the largest UK banks and insurers,https://www.greenfinanceplatform.org/policies-and-regulations/results-2021-climate-biennial-exploratory-scenario-cbes-largest-uk-banks,https://www.greenfinanceplatform.org/sites/default/files/styles/flag_96_56_/public/country/flags/uk.png?itok=sEHdJaOS,Institution(s): Bank of England,Country: United Kingdom of Great Britain and Northern Ireland,"In May 2022, the Bank of England (Bank) launched the results of the Climate Biennial Exploratory Scenario (CBES) to analyze climate-related financial risks for the largest UK banks and insurers."
2022,Notice on Doing a Good Job in the Management of Enterprise Greenhouse Gas Emissions Report in 2022,https://www.greenfinanceplatform.org/policies-and-regulations/notice-doing-good-job-management-enterprise-greenhouse-gas-emissions,https://www.greenfinanceplatform.org/sites/default/files/styles/flag_96_56_/public/country/flags/china_0.png?itok=5mTa_Ix2,Institution(s): Ministry of Ecology and Environment (MEE),Country: China,The Ministry of Ecology and Environment (MEE) of the Republic of China issued Notice on Doing a Good Job in the Management of Enterprise Greenhouse Gas Emissions (GHG) in 2022.
2022,Bucharest Stock Exchange's ESG Reporting Guidelines,https://www.greenfinanceplatform.org/policies-and-regulations/bucharest-stock-exchanges-esg-reporting-guidelines,https://www.greenfinanceplatform.org/sites/default/files/styles/flag_96_56_/public/country/flags/romania_0.png?itok=qXPmp2wQ,Institution(s): Bucharest Stock Exchange,Country: Romania,"In April 2022, Bucharest Stock Exchange with the partnership of European Bank for Reconstruction and Development (EBRD) developed ESG Reporting Guidelines for issuers."
2022,Rwanda Sustainable Finance Roadmap,https://www.greenfinanceplatform.org/policies-and-regulations/rwanda-sustainable-finance-roadmap,https://www.greenfinanceplatform.org/sites/default/files/styles/flag_96_56_/public/country/flags/rwanda_0.png?itok=CgvwM4lF,Institution(s): Kigali International Financial Centre (KIFC),Country: Rwanda,"On 9 November 2022, during the COP27 in Egypt, Kigali International Financial Centre (KIFC) launched the Rwanda Sustainable Finance Roadmap."
2022,EBA Discussion paper on the role of environmental risks in the prudential framework,https://www.greenfinanceplatform.org/policies-and-regulations/eba-discussion-paper-role-environmental-risks-prudential-framework,,Institution(s): European Banking Authority (EBA),,"On 2 May 2022, the European Banking Authority (EBA) released a Discussion Paper on the role of environmental risks in the prudential framework, targeted for credit institutions and investment firms."
2022,Singapore's ​Sustainable Finance Technical Skills and Competencies,https://www.greenfinanceplatform.org/policies-and-regulations/singapores-sustainable-finance-technical-skills-and-competencies,https://www.greenfinanceplatform.org/sites/default/files/styles/flag_96_56_/public/country/flags/singapore_0.png?itok=YHx8c5Nt,Institution(s): Institute of Banking and Finance Singapore (IBF),Country: Singapore,"In February 2022, the Institute of Banking and Finance Singapore (IBF) introduced 12 technical skills and competencies to clarify sustainable finance knowledge and abilities for the financial sector."
2022,Tel Aviv Stock Exchange (TASE) Sustainability Report 2021,https://www.greenfinanceplatform.org/policies-and-regulations/tel-aviv-stock-exchange-tase-sustainability-report-2021,https://www.greenfinanceplatform.org/sites/default/files/styles/flag_96_56_/public/country/flags/israel_0.png?itok=q9EphMF8,Institution(s): Tel-Aviv Stock Exchange (TASE),Country: Israel,"In March 2022, the Tel Aviv Stock Exchange (TASE) published its Sustainability Report 2021 focused on its ESG goals and commitments as well as progress of 2021."
2022,Euronext ESG Reporting Guide - Target 1.5°C,https://www.greenfinanceplatform.org/policies-and-regulations/euronext-esg-reporting-guide-target-15degc,,Institution(s): Euronext,,"In May 2022 Euronext released its updated ESG Reporting Guide - 1.5°C Target for the issuers of its seven regulated markets, including Belgium, France, Ireland, Italy, the Netherlands, Norway and Portugal."
2022,Discussion Paper on Climate Risk and Sustainable Finance,https://www.greenfinanceplatform.org/policies-and-regulations/discussion-paper-climate-risk-and-sustainable-finance,https://www.greenfinanceplatform.org/sites/default/files/styles/flag_96_56_/public/country/flags/india.png?itok=JjRiaKRC,Institution(s): Reserve Bank of India,Country: India,"On 27 July 2022, Reserve Bank of India published a discussion paper on climate risk and sustainable finance."
2022,U.S. Federal Deposit Insurance Corporation (FDIC)'s Priority on climate change for 2022,https://www.greenfinanceplatform.org/policies-and-regulations/us-federal-deposit-insurance-corporation-fdics-priority-climate-change,https://www.greenfinanceplatform.org/sites/default/files/styles/flag_96_56_/public/country/flags/us.png?itok=B_Tf7hVP,Institution(s): Federal Deposit Insurance Corporation (FDIC),Country: United States of America,"In February 2022, U.S. Federal Deposit Insurance Corporation (FDIC) announced climate change is one of the FDIC Priorities for 2022."
2022,Sri Lanka Green Finance Taxonomy,https://www.greenfinanceplatform.org/policies-and-regulations/sri-lanka-green-finance-taxonomy,https://www.greenfinanceplatform.org/sites/default/files/styles/flag_96_56_/public/country/flags/srilanka_0.png?itok=88wzMpag,Institution(s): Central Bank of Sri Lanka,Country: Sri Lanka,"In May 2022, the Central Bank of Sri Lanka published the Green Finance Taxonomy."
2022,SDGs & Sustainability - Pakistan Banking Sector Perspective,https://www.greenfinanceplatform.org/policies-and-regulations/sdgs-sustainability-pakistan-banking-sector-perspective,https://www.greenfinanceplatform.org/sites/default/files/styles/flag_96_56_/public/country/flags/pakistan_0.png?itok=MTqpta37,Institution(s): State Bank of Pakistan,Country: Pakistan,"In March 2022, Governor State Bank of Pakistan (SBP) presented SDGs and Sustainability Report for the banking sector."
2022,National Australia Bank supports the issuance of green bonds,https://www.greenfinanceplatform.org/policies-and-regulations/national-australia-bank-supports-issuance-green-bonds,https://www.greenfinanceplatform.org/sites/default/files/styles/flag_96_56_/public/country/flags/australia_0.png?itok=MUgeIm54,Institution(s): National Australia Bank (NAB),Country: Australia,"In July 2022, the National Australia Bank (NAB) announced its support to the issuance of inaugural green green bond made by Australian telco sector company, NBN Co."
2022,NSE-SES Integrated Guide to Business Responsibility & Sustainability Report,https://www.greenfinanceplatform.org/policies-and-regulations/nse-ses-integrated-guide-business-responsibility-sustainability-report,https://www.greenfinanceplatform.org/sites/default/files/styles/flag_96_56_/public/country/flags/india.png?itok=JjRiaKRC,Institution(s): National Stock Exchange of India (NSE),Country: India,"In July 2022, National Stock Exchange of India (NSE) launched Integrated Guide to Business Responsibility & Sustainability Report (BRSR) at sectoral level."
2021,China’s 14th five-year plan for 2021 to 2025,https://www.greenfinanceplatform.org/policies-and-regulations/china%E2%80%99s-14th-five-year-plan-2021-2025,https://www.greenfinanceplatform.org/sites/default/files/styles/flag_96_56_/public/country/flags/china_0.png?itok=5mTa_Ix2,Institution(s): National People’s Congress,Country: China,"In March 2021, China approved its 14th Five-Year Plan and announced to “expedite the transition of China’s growth model to one of green development and promote both high-quality economic growth and high-standard environmental protection”."
2022,Green Finance Industry Taskforce: Identifying a Green Taxonomy and Relevant Standards for Singapore and ASEAN,https://www.greenfinanceplatform.org/policies-and-regulations/green-finance-industry-taskforce-identifying-green-taxonomy-and-relevant,https://www.greenfinanceplatform.org/sites/default/files/styles/flag_96_56_/public/country/flags/singapore_0.png?itok=YHx8c5Nt,Institution(s): Green Finance Industry Taskforce (GFIT),Country: Singapore,"On 12 May 2022, Singapore’s Green Finance Industry Taskforce (GFIT) released a second consultation paper on its proposed Taxonomy for financial institutio"
2022,Enhancement and Standardization of Climate-Related Disclosures for Investors,https://www.greenfinanceplatform.org/policies-and-regulations/enhancement-and-standardization-climate-related-disclosures-investors-0,https://www.greenfinanceplatform.org/sites/default/files/styles/flag_96_56_/public/country/flags/us.png?itok=B_Tf7hVP,Institution(s): U.S. Securities and Exchange Commission,Country: United States of America,"In March 2022, the U.S. Securities and Exchange Commission (SEC) proposed amendments to its rules under the Securities Act and Securities Exchange Act that would require registrants to disclose climate-related information in their registration statements and annual reports."
2021,ECB’s Guide on climate-related and environmental risk,https://www.greenfinanceplatform.org/policies-and-regulations/ecb%E2%80%99s-guide-climate-related-and-environmental-risk,https://www.greenfinanceplatform.org/sites/default/files/styles/flag_96_56_/public/country/flags/EU.png?itok=7FBcPJet,Institution(s): European Central Bank (ECB),Country: EU,"On November 2020, European Central Bank (ECB) published a guide on climate-related and environmental risks outlining the ECB’s understanding of the safe and prudent management of climate-related and environmental risks under the current prudential framework."
2021,Bill on the Climate Risk Disclosure Act of 2021,https://www.greenfinanceplatform.org/policies-and-regulations/bill-climate-risk-disclosure-act-2021,https://www.greenfinanceplatform.org/sites/default/files/styles/flag_96_56_/public/country/flags/us.png?itok=B_Tf7hVP,Institution(s): U.S. House Committee on Financial Services,Country: United States of America,"On February 2021, the Subcommittee on Investor Protection, Entrepreneurship and Capital Markets of the U.S. House Committee on Financial Services held a hearing that included discussion of the ‘Climate Risk Disclosure Act of 2021”."
2021,EFRAG recommendations on the development of EU sustainability reporting standards,https://www.greenfinanceplatform.org/policies-and-regulations/efrag-recommendations-development-eu-sustainability-reporting-standards,https://www.greenfinanceplatform.org/sites/default/files/styles/flag_96_56_/public/country/flags/EU.png?itok=7FBcPJet,Institution(s): European Financial Reporting Advisory Group (EFRAG),Country: EU,"On March 2021, EFRAG published two reports setting out recommendations on the development of E​U sustainability reporting standards."
2022,Austria issued inaugural green bond,https://www.greenfinanceplatform.org/policies-and-regulations/austria-issued-inaugural-green-bond,https://www.greenfinanceplatform.org/sites/default/files/styles/flag_96_56_/public/country/flags/austria_0.png?itok=xoo15rMf,Institution(s): Republic of Austria,Country: Austria,"In May 2022, the Republic of Austria issued its first green bond on the Vienna Stock Exchange, with a coupon of 1.85% matures on 23 May 2049."
2021,Status Report on the Sustainability of the Hungarian Financial System,https://www.greenfinanceplatform.org/policies-and-regulations/status-report-sustainability-hungarian-financial-system,https://www.greenfinanceplatform.org/sites/default/files/styles/flag_96_56_/public/country/flags/hungary_0.png?itok=KctM-Md-,Institution(s): Central Bank of Hungary,Country: Hungary,"In March 2021, the Central Bank of Hungary published a Green Finance Report, to increase transparency and thereby strengthen market awareness with regards to environmental sustainability considerations in the financial system, and to contribute to a more accurate understanding of the financial aspects of climate change by the actors of the financial system and economy."
2021,ACPR Main scenarios and assumptions of the climate pilot exercise,https://www.greenfinanceplatform.org/policies-and-regulations/acpr-main-scenarios-and-assumptions-climate-pilot-exercise,https://www.greenfinanceplatform.org/sites/default/files/styles/flag_96_56_/public/country/flags/france_0.png?itok=2p1RJfXu,Institution(s): French Prudential Supervision and Resolution Authority (ACPR),Country: France,"On May 2020, French Prudential Supervision and Resolution Authority (ACPR) launched the climate pilot exercise which intend to measure the physical and transitional risks to which the French banking and insurance establishments are exposed by 2050."
2021,"France's Law on Energy and Climate Adds Coverage of Biodiversity, Ecosystems, and Renewable Energy to Investors' Non-Financial Reporting",https://www.greenfinanceplatform.org/policies-and-regulations/frances-law-energy-and-climate-adds-coverage-biodiversity-ecosystems-and,https://www.greenfinanceplatform.org/sites/default/files/styles/flag_96_56_/public/country/flags/france_0.png?itok=2p1RJfXu,Institution(s): Government of France,Country: France,France's 2019 Law on Climate and Energy provides an update to the requirements set out in its 2015 Energy Transition Law.
2021,The American Jobs Plan,https://www.greenfinanceplatform.org/policies-and-regulations/american-jobs-plan,https://www.greenfinanceplatform.org/sites/default/files/styles/flag_96_56_/public/country/flags/us.png?itok=B_Tf7hVP,Institution(s): U.S. Administration,Country: United States of America,"In March 2021, the U.S. Administration announced a $2 trillion infrastructure plan, named the “American Jobs Plan” to promote longer-term economic recovery."
2022,Enhanced Disclosures by Certain Investment Advisers and Investment Companies about ESG Investment Practices,https://www.greenfinanceplatform.org/policies-and-regulations/enhanced-disclosures-certain-investment-advisers-and-investment-companies,https://www.greenfinanceplatform.org/sites/default/files/styles/flag_96_56_/public/country/flags/us.png?itok=B_Tf7hVP,Institution(s): Securities and Exchange Commission (SEC),Country: United States of America,"In May 2022, The U.S. Securities and Exchange Commission (SEC) proposed amendments to under Investment Advisers Act of 1940 and the Investment Company Act of 1940 to include additional information regarding their ESG investment practices."
2021,Shenzhen’s municipal level Green Finance Development Regulations,https://www.greenfinanceplatform.org/policies-and-regulations/shenzhen%E2%80%99s-municipal-level-green-finance-development-regulations,https://www.greenfinanceplatform.org/sites/default/files/styles/flag_96_56_/public/country/flags/china_0.png?itok=5mTa_Ix2,Institution(s): Shenzhen Municipal People’s Government,Country: China,"On October 2020, Shenzhen Municipal People’s Government has released a set of regulations to govern local green finance development which established a mandatory green financial management system covering major financial institutions, coming into effect on March 1, 2021."
2021,"Circular to Management Companies of SFC-Authorized Unit Trusts and Mutual Funds on Green or Environmental, Social, and Governance (ESG) Funds",https://www.greenfinanceplatform.org/policies-and-regulations/circular-management-companies-sfc-authorized-unit-trusts-and-mutual-funds,,Institution(s): The Securities and Futures Commission (SFC) of Hong Kong,,"The Securities and Futures Commission (SFC) of Hong Kong issued a circular to guide management companies of SFC-authorised unit trusts and mutual funds, asking for enhanced disclosures by approved green or environmental, social, and governance (ESG) funds."
2021,Enforcement Task Force focused on Climate and ESG Issues,https://www.greenfinanceplatform.org/policies-and-regulations/enforcement-task-force-focused-climate-and-esg-issues,https://www.greenfinanceplatform.org/sites/default/files/styles/flag_96_56_/public/country/flags/us.png?itok=B_Tf7hVP,Institution(s): Securities and Exchange Commission,Country: United States of America,"On March 2021, the U.S. Securities and Exchange Commission announced the creation of a Climate and ESG Task Force in the Division of Enforcement."
2021,Banque de France’s Climate Change Centre,https://www.greenfinanceplatform.org/policies-and-regulations/banque-de-france%E2%80%99s-climate-change-centre,https://www.greenfinanceplatform.org/sites/default/files/styles/flag_96_56_/public/country/flags/france_0.png?itok=2p1RJfXu,Institution(s): Banque de France,Country: France,"In March 2021, Banque de France set up a Climate Change Centre to monitor all its initiatives related to climate change and ensure their coordination."
2022,Republic of Indonesia priced a USD 3.25 billion Global Sukuk,https://www.greenfinanceplatform.org/policies-and-regulations/republic-indonesia-priced-usd-325-billion-global-sukuk,https://www.greenfinanceplatform.org/sites/default/files/styles/flag_96_56_/public/country/flags/indonesia_0.png?itok=L38_jaSc,Institution(s): Republic of Indonesia,Country: Indonesia,"In May 2022, Republic of Indonesia announced to offer USD 3.25 billion of Green Sukuk, which will become the largest transaction issued by Indonesia to the Global Sukuk market."
2021,Singapore Exchange invested S$20 million in expansion of its sustainability capabilities and initiatives,https://www.greenfinanceplatform.org/policies-and-regulations/singapore-exchange-invested-s20-million-expansion-its-sustainability,https://www.greenfinanceplatform.org/sites/default/files/styles/flag_96_56_/public/country/flags/singapore_0.png?itok=YHx8c5Nt,Institution(s): Singapore Exchange (SGX),Country: Singapore,"On December 2020, Singapore Exchange (SGX) invested S$20 million in a multi-pronged expansion of its sustainability capabilities and initiatives."
2021,Malta Stock Exchange Green Market,https://www.greenfinanceplatform.org/policies-and-regulations/malta-stock-exchange-green-market,https://www.greenfinanceplatform.org/sites/default/files/styles/flag_96_56_/public/country/flags/malta_0.png?itok=C-DEzUPA,Institution(s): Malta Stock Exchange,Country: Malta,"In February 2021, the Malta Stock Exchange introduced the Green Market, that will serve for the listing of Green Bonds on the local capital markets."
2021,Non-Financial Reporting Directive (NFRD) - Directive 2014/95/EU and the proposal for a Corporate Sustainability Reporting Directive (CSRD),https://www.greenfinanceplatform.org/policies-and-regulations/non-financial-reporting-directive-nfrd-directive-201495eu-and-proposal,https://www.greenfinanceplatform.org/sites/default/files/styles/flag_96_56_/public/country/flags/EU.png?itok=7FBcPJet,Institution(s): European Commission,Country: EU,"The European Union (EU) Directive on Non-Financial Reporting (2014/95/EU) requires companies to include non-financial statements in their annual reports or in a separate filing from 2018 onwards, including information on environmental protection, social responsibility and treatment of employees, respect for human rights, anti-corruption and bribery, and diversity on company boards."
2022,"CIRCULAR SUSEP Nº 666, DE 27 DE JUNHO DE 2022 (Regulation No. 666/2022 Sustainability requirements for insurance companies)",https://www.greenfinanceplatform.org/policies-and-regulations/circular-susep-no-666-de-27-de-junho-de-2022-regulation-no-6662022,https://www.greenfinanceplatform.org/sites/default/files/styles/flag_96_56_/public/country/flags/brazil_0.png?itok=aFUtStI-,Institution(s): Brazilian Insurance Confederation and Brazilian Superintendence of Private Insurance,Country: Brazil,"In June 2022, the Brazilian Superintendence of Private Insurance (SUSEP) introduced sustainability risk requirements to its Regulation No. 666/2022 for insurance companies, pension funds, capitalization companies and local reinsurers."
2021,Euronext CAC40 ESG Index,https://www.greenfinanceplatform.org/policies-and-regulations/euronext-cac40-esg-index,https://www.greenfinanceplatform.org/sites/default/files/styles/flag_96_56_/public/country/flags/france_0.png?itok=2p1RJfXu,Institution(s): Euronext,Country: France,"On March 2021, Euronext launched the CAC 40 ESG index, designed to identify the 40 companies within the CAC Large 60 Index that demonstrate the best Environmental, Social and Governance (ESG) practices."
2021,Bank Al -Maghrib (BAM) “Directive relative au dispositif de gestion des risques financiers liés au changement climatique et à l’environnement”.,https://www.greenfinanceplatform.org/policies-and-regulations/bank-al-maghrib-bam-%E2%80%9Cdirective-relative-au-dispositif-de-gestion-des,https://www.greenfinanceplatform.org/sites/default/files/styles/flag_96_56_/public/country/flags/morocco_0.png?itok=pcQgUOGj,Institution(s): Bank Al -Maghrib (BAM),Country: Morocco,"In March 2021, the BAM published a directive for credit institutions to improve their management of climate-related and environmental risks."
2021,Working paper on mandatory climate-related disclosure by financial institutions and the financing of fossil energy,https://www.greenfinanceplatform.org/policies-and-regulations/working-paper-mandatory-climate-related-disclosure-financial-institutions,https://www.greenfinanceplatform.org/sites/default/files/styles/flag_96_56_/public/country/flags/france_0.png?itok=2p1RJfXu,Institution(s): Banque de France,Country: France,This working paper is focusing on whether imposing a mandatory disclosure to financial institutions actually leads them to divest from carbon-intensive securities.
2021,Regulation (EU) 2020/852 on the establishment of a framework to facilitate sustainable investment (Taxonomy Regulation),https://www.greenfinanceplatform.org/policies-and-regulations/regulation-eu-2020852-establishment-framework-facilitate-sustainable,https://www.greenfinanceplatform.org/sites/default/files/styles/flag_96_56_/public/country/flags/EU.png?itok=7FBcPJet,Institution(s): European Commission,Country: EU,Regulation 2020/852 on the establishment of a framework to facilitate sustainable investment establishes the criteria for determining whether an economic activity qualifies as environmentally sustainable for the purpose of establishing the degree to which an investment is environmentally sustainable.
2022,2024 Climate Risk Stress Testing Exercise by the Bank Negara of Malaysia,https://www.greenfinanceplatform.org/policies-and-regulations/2024-climate-risk-stress-testing-exercise-bank-negara-malaysia,https://www.greenfinanceplatform.org/sites/default/files/styles/flag_96_56_/public/country/flags/malaysia_0.png?itok=_uXIf6LU,Institution(s): Bank Negara Malaysia,Country: Malaysia,"On 30 June 2022, the Bank Negara of Malaysia (Central Bank of Malaysia) issued a discussion paper on climate risk stress testing exercise (CRST) for 2024."
2021,State of California Advisory Group on Climate Risk Disclosure,https://www.greenfinanceplatform.org/policies-and-regulations/state-california-advisory-group-climate-risk-disclosure,https://www.greenfinanceplatform.org/sites/default/files/styles/flag_96_56_/public/country/flags/us.png?itok=B_Tf7hVP,Institution(s): State of California,Country: United States of America,"On April 2021, the State of California launched the Climate-Related Risk Disclosure Advisory Group to support the development of a climate risk disclosure standard, consistent with federal and international best practices."
2021,Banque de France responsible investment policy 2021,https://www.greenfinanceplatform.org/policies-and-regulations/banque-de-france-responsible-investment-policy-2021,https://www.greenfinanceplatform.org/sites/default/files/styles/flag_96_56_/public/country/flags/france_0.png?itok=2p1RJfXu,Institution(s): Banque de France,Country: France,"On January 2021, the Banque de France issued a new responsible investment policy with regard to its own investment to reinforce its exclusion policy with regard to fossil fuel."
2021,UK Government Green Gilt issuance,https://www.greenfinanceplatform.org/policies-and-regulations/uk-government-green-gilt-issuance,https://www.greenfinanceplatform.org/sites/default/files/styles/flag_96_56_/public/country/flags/uk.png?itok=sEHdJaOS,Institution(s): HM Treasury,Country: United Kingdom of Great Britain and Northern Ireland,"In his budget 2021 statement in March 2021, the Chancellor of the Exchequer announced that the government will issue its first sovereign green bond – or green gilt – in the summer."
2021,Green and Sustainable Finance Cross-Agency Steering Group,https://www.greenfinanceplatform.org/policies-and-regulations/green-and-sustainable-finance-cross-agency-steering-group,https://www.greenfinanceplatform.org/sites/default/files/styles/flag_96_56_/public/country/flags/china_0.png?itok=5mTa_Ix2,Institution(s): Hong Kong Monetary Authority (HKMA) and the Securities and Futures Commission (SFC),Country: China,"The Steering Group aims to co-ordinate the management of climate and environmental risks to the financial sector, accelerate the growth of green and sustainable finance in Hong Kong and support the Government’s climate strategies."
2021,ECB sets up climate change centre,https://www.greenfinanceplatform.org/policies-and-regulations/ecb-sets-climate-change-centre,https://www.greenfinanceplatform.org/sites/default/files/styles/flag_96_56_/public/country/flags/EU.png?itok=7FBcPJet,Institution(s): European Central Bank (ECB),Country: EU,"In January 2021, the European Central Bank (ECB) set up a climate change centre to bring together the work on climate issues in different parts of the bank."
2022,CFC 02/2022 Disclosure and Reporting Guidelines for Retail ESG Funds in Singapore,https://www.greenfinanceplatform.org/policies-and-regulations/cfc-022022-disclosure-and-reporting-guidelines-retail-esg-funds-singapore,https://www.greenfinanceplatform.org/sites/default/files/styles/flag_96_56_/public/country/flags/singapore_0.png?itok=YHx8c5Nt,Institution(s): Monetary Authority of Singapore (MAS),Country: Singapore,"On 28 July 2022, the Monetary Authority of Singapore (MAS) published a regulation (Circular No. CFC 02/2022) on disclosure and reporting guidelines for retail ESG funds."
2021,Bulgarian Stock Exchange’s Green Finance and Energy Centre,https://www.greenfinanceplatform.org/policies-and-regulations/bulgarian-stock-exchange%E2%80%99s-green-finance-and-energy-centre,https://www.greenfinanceplatform.org/sites/default/files/styles/flag_96_56_/public/country/flags/bulgaria_0.png?itok=QznoEgjb,Institution(s): Bulgarian Stock Exchange (BSE) and Independent Bulgarian Energy Exchange (IBEX),Country: Bulgaria,"On March 2021, the Bulgarian Stock Exchange (BSE) and the Independent Bulgarian Energy Exchange (IBEX) launched the Green Finance and Energy Centre that will work towards the sustainable development transformation of the national economy and energy sector."
2021,The Ministry of Environment and Ecology issued a regulatory framework for national carbon emissions trading,https://www.greenfinanceplatform.org/policies-and-regulations/ministry-environment-and-ecology-issued-regulatory-framework-national,https://www.greenfinanceplatform.org/sites/default/files/styles/flag_96_56_/public/country/flags/china_0.png?itok=5mTa_Ix2,Institution(s): The Ministry of Environment and Ecology,Country: China,"As part of China’s effort to meet a 2060 carbon neutrality target, the Ministry of Environment and Ecology launched a national carbon emissions trading scheme, taking effect from 1 February 2021."
2021,Development of a first national Green Finance Taxonomy for South Africa,https://www.greenfinanceplatform.org/policies-and-regulations/development-first-national-green-finance-taxonomy-south-africa,https://www.greenfinanceplatform.org/sites/default/files/styles/flag_96_56_/public/country/flags/south-africa_0.png?itok=_HHbn--4,Institution(s): South African National Treasury,Country: South Africa,"Under the leadership of the National Treasury, and with support from IFC, the National Business Initiative and Carbon Trust are working to develop a national taxonomy framework and the first green finance taxonomy for South Africa."
2021,Luxembourg Green Exchange (LGX) section for Climate-Aligned issuers,https://www.greenfinanceplatform.org/policies-and-regulations/luxembourg-green-exchange-lgx-section-climate-aligned-issuers,https://www.greenfinanceplatform.org/sites/default/files/styles/flag_96_56_/public/country/flags/luxembourg_0.png?itok=O5z3L-FB,Institution(s): Luxembourg Stock Exchange (LuxSE),Country: Luxembourg,"In February 2021, the Luxembourg Green Exchange (LGX) announced adding to its labelled bonds section a new section dedicated to issuers of debt securities that are active in climate aligned sectors such as clean energy, low-carbon transport and sustainable land use."
2022,Expert Panel on Sustainable Finance: The Second Report,https://www.greenfinanceplatform.org/policies-and-regulations/expert-panel-sustainable-finance-second-report,https://www.greenfinanceplatform.org/sites/default/files/styles/flag_96_56_/public/country/flags/japan_0.png?itok=m9IqJMel,Institution(s): Japanese Financial Services Agency (JFSA),Country: Japan,"In July 2022, Japanese Expert Panel on Sustainable Finance published its Second Report entitled ""Financial systems that open up a new sustainable society"" building on the First Report."
2021,Regional Center for Sustainable Finance,https://www.greenfinanceplatform.org/policies-and-regulations/regional-center-sustainable-finance,https://www.greenfinanceplatform.org/sites/default/files/styles/flag_96_56_/public/country/flags/egypt_0.png?itok=lwzvUCrU,Institution(s): Financial Regulatory Authority (FRA),Country: Egypt,"The RCSF’s main objectives are to target the removal of existing market barriers that might hinder the gradual integration of sustainable finance practices, instruments, and management models."
2021,CBIRC to implement rating system for insurance asset management companies,https://www.greenfinanceplatform.org/policies-and-regulations/cbirc-implement-rating-system-insurance-asset-management-companies,https://www.greenfinanceplatform.org/sites/default/files/styles/flag_96_56_/public/country/flags/china_0.png?itok=5mTa_Ix2,Institution(s): China Banking and Insurance Regulatory Commission (CBIRC),Country: China,"The China Banking and Insurance Regulatory Commission will rate insurance asset management companies on factors such as corporate governance, capital and risk management. Additional credits will be allocated to institutions who engage in green or ESG investment."
2021,Law 57-07 on incentives for development of renewable energy sources and its special regimes,https://www.greenfinanceplatform.org/policies-and-regulations/law-57-07-incentives-development-renewable-energy-sources-and-its-special,https://www.greenfinanceplatform.org/sites/default/files/styles/flag_96_56_/public/country/flags/dominican-republic.png?itok=rx4sTAsX,Institution(s): Comisión Nacional de Energía,Country: Dominican Republic,"Approved in 2007, the Renewable Energy Incentives Law (57-07) provides several incentives to businesses developing renewable energy technologies."
2021,The Bank of Canada and OSFI pilot project on climate risk scenarios,https://www.greenfinanceplatform.org/policies-and-regulations/bank-canada-and-osfi-pilot-project-climate-risk-scenarios,https://www.greenfinanceplatform.org/sites/default/files/styles/flag_96_56_/public/country/flags/canada_0.png?itok=kkIfg6qU,Institution(s): The Bank of Canada and the Office of the Superintendent of Financial Institutions (OSFI),Country: Canada,"In November 2020, the Bank of Canada and the Office of the Superintendent of Financial Institutions (OSFI) announced plans for a pilot project to use climate-change scenarios to better understand the risks to the financial system related to a transition to a low-carbon economy."
2022,Prudential Standard SPS 530 Investment Governance in Superannuation,https://www.greenfinanceplatform.org/policies-and-regulations/prudential-standard-sps-530-investment-governance-superannuation,https://www.greenfinanceplatform.org/sites/default/files/styles/flag_96_56_/public/country/flags/australia_0.png?itok=MUgeIm54,Institution(s): Australian Prudential Regulation Authority (APRA),Country: Australia,"On 19 July 2022, Australian Prudential Regulation Authority (APRA) published final revisions to Prudential Standard SPS 530 Investment Governance."
2021,Italy issued a sovereign green bond,https://www.greenfinanceplatform.org/policies-and-regulations/italy-issued-sovereign-green-bond,https://www.greenfinanceplatform.org/sites/default/files/styles/flag_96_56_/public/country/flags/italy_0.png?itok=gR91h8gn,Institution(s): Ministero dell'Economia e delle Finanze,Country: Italy,"In March 2021, the Republic of Italy issued an inaugural €8.5bn 24-year green Buoni del Tesoro Poliennali."
2021,Switzerland became an official supporter of the TCFD,https://www.greenfinanceplatform.org/policies-and-regulations/switzerland-became-officially-supporter-tcfd,https://www.greenfinanceplatform.org/sites/default/files/styles/flag_96_56_/public/country/flags/syrian-arab-republic_0.png?itok=-PU8xFPb,Institution(s): Federal Department of Finance,Country: Switzerland,"On January 2021, the Federal Council became a supporter of the Task Force on Climate-related Financial Disclosures (TCFD)."
2021,Department of Labor’s Statement Regarding Enforcement of its Final Rules on ESG Investments and Proxy Voting by Employee Benefit Plans,https://www.greenfinanceplatform.org/policies-and-regulations/department-labor%E2%80%99s-statement-regarding-enforcement-its-final-rules-esg,https://www.greenfinanceplatform.org/sites/default/files/styles/flag_96_56_/public/country/flags/us.png?itok=B_Tf7hVP,Institution(s): Department of Labor (DOL),Country: United States of America,"On March 10, 2021 the DOL issued a policy statement stating that certain stakeholders, including asset managers, plan sponsors and consumer groups have expressed concern over whether these rules accurately reflect a fiduciary’s duties under ERISA and appropriately consider the utility of ESG factors in making investment decisions."
2021,Spain to issue a sovereign green bond,https://www.greenfinanceplatform.org/policies-and-regulations/spain-issue-sovereign-green-bond,https://www.greenfinanceplatform.org/sites/default/files/styles/flag_96_56_/public/country/flags/spain_0.png?itok=B3Fylj_H,Institution(s): Tesoro Público,Country: Spain,"In its financing strategy for 2020, the Public Treasury announced its plan to issue a green bond with a maturity of between 20 and 25 years, with the aim of signaling the state’s commitment to long-term green financing."
2022,Amendments to the Federal Proxy Rules Governing Proxy Voting Advice,https://www.greenfinanceplatform.org/policies-and-regulations/amendments-federal-proxy-rules-governing-proxy-voting-advice,https://www.greenfinanceplatform.org/sites/default/files/styles/flag_96_56_/public/country/flags/us.png?itok=B_Tf7hVP,Institution(s): U.S. Securities and Exchange Commission,Country: United States of America,"In July 2022, the U.S. Securities and Exchange Commission adopted amendments to its proxy rules governing proxy voting advice."
2021,France issued a second sovereign green bond,https://www.greenfinanceplatform.org/policies-and-regulations/france-issued-second-sovereign-green-bond,https://www.greenfinanceplatform.org/sites/default/files/styles/flag_96_56_/public/country/flags/france_0.png?itok=2p1RJfXu,Institution(s): Agence France Tresor,Country: France,"In March 2021, Agence France Tresor announced the launch of the second French sovereign green bond with a maturity of 23 years."
2021,The EU Platform on Sustainable Finance advises on transition finance,https://www.greenfinanceplatform.org/policies-and-regulations/eu-platform-sustainable-finance-advises-transition-finance,https://www.greenfinanceplatform.org/sites/default/files/styles/flag_96_56_/public/country/flags/EU.png?itok=7FBcPJet,Institution(s): European Commission,Country: EU,"In January 2021, the European Commission asked the Platform to provide advice on how the Taxonomy can enable inclusive transition financing for companies and other economic actors working to improve their environmental impact."
2021,Monetary Authority of Singapore’s Grant Scheme to support Green and Sustainability-Linked Loans,https://www.greenfinanceplatform.org/policies-and-regulations/monetary-authority-singapore%E2%80%99s-grant-scheme-support-green-and,https://www.greenfinanceplatform.org/sites/default/files/styles/flag_96_56_/public/country/flags/singapore_0.png?itok=YHx8c5Nt,Institution(s): Monetary Authority of Singapore (MAS),Country: Singapore,"In November 2020, the Monetary Authority of Singapore (MAS) announced the launch of the Green and Sustainability-Linked Loan Grant Scheme (GSLS), which will be effective as of 1 January 2021."
2021,U.S. Department of the Treasury coordinated climate policy strategy,https://www.greenfinanceplatform.org/policies-and-regulations/us-department-treasury-coordinated-climate-policy-strategy,https://www.greenfinanceplatform.org/sites/default/files/styles/flag_96_56_/public/country/flags/us.png?itok=B_Tf7hVP,Institution(s): U.S. Department of the Treasury,Country: United States of America,"In April 2021, the U.S. Department of the Treasury announced a coordinated climate policy strategy."
2021,Bank of China issued a transition bond,https://www.greenfinanceplatform.org/policies-and-regulations/bank-china-issued-transition-bond,https://www.greenfinanceplatform.org/sites/default/files/styles/flag_96_56_/public/country/flags/china_0.png?itok=5mTa_Ix2,Institution(s): Bank of China,Country: China,"In January 2021, Bank of China issued the first transition bond from China."
2021,Green Finance Evaluation Programme,https://www.greenfinanceplatform.org/policies-and-regulations/green-finance-evaluation-programme,https://www.greenfinanceplatform.org/sites/default/files/styles/flag_96_56_/public/country/flags/china_0.png?itok=5mTa_Ix2,Institution(s): People’s Bank of China (PBoC),Country: China,"In June 2021, the PBoC issued a green finance evaluation system that will grade Chinese banks according to their green bond holdings."
2021,China National Emissions Trading Scheme (ETS),https://www.greenfinanceplatform.org/policies-and-regulations/china-national-emissions-trading-scheme-ets,https://www.greenfinanceplatform.org/sites/default/files/styles/flag_96_56_/public/country/flags/china_0.png?itok=5mTa_Ix2,Institution(s): Ministry of Ecology and Environment (MEE),Country: China,"In January 2021, the China ETS was introduced through the promulgation of the ‘Measures for the Administration of National Carbon Emissions Trading (Trial)’."
2021,UK Procurement Policy Note (PPN 06/21),https://www.greenfinanceplatform.org/policies-and-regulations/uk-procurement-policy-note-ppn-0621,https://www.greenfinanceplatform.org/sites/default/files/styles/flag_96_56_/public/country/flags/uk.png?itok=sEHdJaOS,Institution(s): Cabinet Office,Country: United Kingdom of Great Britain and Northern Ireland,"In June 2021, the UK Cabinet Office released a Procurement Policy Note mandating the assessment of Carbon Reduction Plans by UK central government departments as part of the procurement of large public contracts."
2021,Banco Central Do Brasil’s consultation No. 85/2021,https://www.greenfinanceplatform.org/policies-and-regulations/banco-central-do-brasil%E2%80%99s-consultation-no-852021-0,https://www.greenfinanceplatform.org/sites/default/files/styles/flag_96_56_/public/country/flags/brazil_0.png?itok=aFUtStI-,Institution(s): Banco Central Do Brazil,Country: Brazil,"On April 2021, Banco Central Do Brasil launch the Public Consultation No. 85 on the improvement of rules on risk management and social, environmental and climate responsibility applicable to financial sector."
2021,"Guide for Reporting and Voluntary Disclosure of Environmental, Social and Corporate Governance Factors (ASG)",https://www.greenfinanceplatform.org/policies-and-regulations/guide-reporting-and-voluntary-disclosure-environmental-social-and-corporate,https://www.greenfinanceplatform.org/sites/default/files/styles/flag_96_56_/public/country/flags/panama_0.png?itok=mDmTtaO9,Institution(s): Panama Stock Exchange (BVP),Country: Panama,"The Guide seeks to aid issuing companies understand the context, characteristics and market best practices in ESG factor disclosures."
2021,Reform Plan for the Environmental Information Disclosure Mechanism,https://www.greenfinanceplatform.org/policies-and-regulations/reform-plan-environmental-information-disclosure-mechanism,https://www.greenfinanceplatform.org/sites/default/files/styles/flag_96_56_/public/country/flags/china_0.png?itok=5mTa_Ix2,Institution(s): Ministry of Ecology and Environment (MEE),Country: China,"On May 2021, the Ministry of Ecology and Environment (MEE) published its reform plan for environmental information disclosure which will establish a mandatory environmental disclosure system by 2025."
2021,Executive order on Climate,https://www.greenfinanceplatform.org/policies-and-regulations/executive-order-climate,https://www.greenfinanceplatform.org/sites/default/files/styles/flag_96_56_/public/country/flags/us.png?itok=B_Tf7hVP,Institution(s): U.S. Administration,Country: United States of America,"In May 2021, the U.S. President signed an executive order that sets the stage for the US federal government, including its financial regulatory agencies, to begin to incorporate climate-risk and other ESG issues into financial regulation."
2021,Russia’s central bank recommended companies to disclose their ESG agenda,https://www.greenfinanceplatform.org/policies-and-regulations/russia%E2%80%99s-central-bank-recommended-companies-disclose-their-esg-agenda,https://www.greenfinanceplatform.org/sites/default/files/styles/flag_96_56_/public/country/flags/russia.png?itok=nc3EQ33j,Institution(s): Bank of Russia,Country: Russia,"In July 2021, the central bank of Russia encouraged that public joint-stock companies disclose information about how they take into account factors related to the impact on the environment, the social sphere and corporate governance (the ESG factors), as well as how they implement these factors into their business model and development strategy."
2021,Remarks by the Governor of the People’s Bank of China on green finance and climate policy,https://www.greenfinanceplatform.org/policies-and-regulations/remarks-governor-people%E2%80%99s-bank-china-green-finance-and-climate-policy,https://www.greenfinanceplatform.org/sites/default/files/styles/flag_96_56_/public/country/flags/china_0.png?itok=5mTa_Ix2,Institution(s): People’s Bank of China (PBoC),Country: China,"In April 2021, the Governor of the People’s Bank of China addressed a speech where he concluded that ” central banks could contribute to the net zero goal in many ways, such as developing a strong policy system, a diversified market system, and enhancing international coordination”."
2021,Danmarks Nationalbanks’ climate and sustainability work,https://www.greenfinanceplatform.org/policies-and-regulations/danmarks-nationalbanks%E2%80%99-climate-and-sustainability-work,https://www.greenfinanceplatform.org/sites/default/files/styles/flag_96_56_/public/country/flags/denmark_0.png?itok=jVLcfD-g,Institution(s): Danmarks Nationalbank,Country: Denmark,"In July 2021, Danmarks Nationalbank published an analyse on climate change and the role of central banks where it takes an overall stand on its role in relation to climate change and the transition to a green economy."
2021,Budapest Stock Exchange ESG Reporting Guide,https://www.greenfinanceplatform.org/policies-and-regulations/budapest-stock-exchange-esg-reporting-guide,https://www.greenfinanceplatform.org/sites/default/files/styles/flag_96_56_/public/country/flags/hungary_0.png?itok=KctM-Md-,Institution(s): Budapest Stock Exchange (BSE),Country: Hungary,"The Reporting Guide aims to help BSE-listed companies to understand the ESG approach, the importance of ESG reporting, the basic terms, actors, and processes involved as well as the roadmap that leads to the implementation of a stable reporting regime."
2021,European Commission’s Fit for 55 package,https://www.greenfinanceplatform.org/policies-and-regulations/european-commission%E2%80%99s-fit-55-package,https://www.greenfinanceplatform.org/sites/default/files/styles/flag_96_56_/public/country/flags/EU.png?itok=7FBcPJet,Institution(s): European Commission,Country: EU,"In July 2021, the European Commission launched its Fit for 55 legislation package, a package of proposals to make the EU's climate, energy, land use, transport and taxation policies fit for reducing net greenhouse gas emissions by at least 55% by 2030, compared to 1990 levels."
2021,Pakistan issued first green bond,https://www.greenfinanceplatform.org/policies-and-regulations/pakistan-issued-first-green-bond,https://www.greenfinanceplatform.org/sites/default/files/styles/flag_96_56_/public/country/flags/pakistan_0.png?itok=MTqpta37,Institution(s): Water and Power Development Authority (WAPDA),Country: Pakistan,"In May 2021, Pakistan Water and Power Development Authority issued a $500 million green bond to fund hydroelectric project."
2021,Joint Statement by Bank Negara Malaysia and Securities Commission Malaysia: Towards Greening the Financial Sector,https://www.greenfinanceplatform.org/policies-and-regulations/joint-statement-bank-negara-malaysia-and-securities-commission-malaysia,https://www.greenfinanceplatform.org/sites/default/files/styles/flag_96_56_/public/country/flags/malaysia_0.png?itok=_uXIf6LU,"Institution(s): Bank Negara Malaysia, Securities Commission Malaysia",Country: Malaysia,"In February 2021, Malaysia’s Joint Committee on Climate Change (JC3) held its fourth meeting to discuss its priorities for 2021 in supporting the financial industry’s response to climate-related risks"
2021,Guidelines on Enhanced Disclosures for ESG Funds,https://www.greenfinanceplatform.org/policies-and-regulations/guidelines-enhanced-disclosures-esg-funds,https://www.greenfinanceplatform.org/sites/default/files/styles/flag_96_56_/public/country/flags/china_0.png?itok=5mTa_Ix2,Institution(s): Securities and Futures Commission,Country: China,"In June 2021, Hong Kong’s Securities and Futures Commission (SFC) issued new guidelines on enhanced disclosures required for Hong Kong-authorised ESG funds, supplanting guidelines from 2019."
2021,Shenzhen Stock Exchange guidelines on corporate bonds,https://www.greenfinanceplatform.org/policies-and-regulations/shenzhen-stock-exchange-guidelines-corporate-bonds,https://www.greenfinanceplatform.org/sites/default/files/styles/flag_96_56_/public/country/flags/china_0.png?itok=5mTa_Ix2,Institution(s): Shenzhen Stock Exchange,Country: China,"In July 2021, Shenzhen Stock Exchange issued an update of its guidelines for green corporate bonds to include carbon neutrality green corporate bonds and blue blonds."
2021,The Green Finance Industry Taskforce’s implementation guide for climate-related disclosures by FIs,https://www.greenfinanceplatform.org/policies-and-regulations/green-finance-industry-taskforce%E2%80%99s-implementation-guide-climate-related,https://www.greenfinanceplatform.org/sites/default/files/styles/flag_96_56_/public/country/flags/singapore_0.png?itok=YHx8c5Nt,Institution(s): Green Finance Industry Taskforce (GFIT),Country: Singapore,"In May 2021, Singapore’s Green Finance Industry Task Force issued a detailed implementation guide for climate-related disclosures by financial institutions."
2021,Singapore Green Plan 2030,https://www.greenfinanceplatform.org/policies-and-regulations/singapore-green-plan-2030,https://www.greenfinanceplatform.org/sites/default/files/styles/flag_96_56_/public/country/flags/singapore_0.png?itok=YHx8c5Nt,Institution(s): Ministry of Finance,Country: Singapore,"In February 2021, the Ministry for Finance launched the Singapore Green Plan, a ten-year plan with 5 pillars, including one on green economy."
2021,Revisions of Japan’s Corporate Governance Code and Guidelines for Investor and Company Engagement,https://www.greenfinanceplatform.org/policies-and-regulations/revisions-japan%E2%80%99s-corporate-governance-code-and-guidelines-investor-and,https://www.greenfinanceplatform.org/sites/default/files/styles/flag_96_56_/public/country/flags/japan_0.png?itok=m9IqJMel,Institution(s): Financial Services Agency (FSA),Country: Japan,"In April 2021, The Council of Experts Concerning the Follow-up of Japan’s Stewardship Code and Japan’s Corporate Governance Code published a proposal for the revisions of Japan's Corporate Governance Code and Guidelines for Investor and Company Engagement."
2021,EU’s Strategy for Financing the Transition to a Sustainable Economy,https://www.greenfinanceplatform.org/policies-and-regulations/eu%E2%80%99s-strategy-financing-transition-sustainable-economy,https://www.greenfinanceplatform.org/sites/default/files/styles/flag_96_56_/public/country/flags/EU.png?itok=7FBcPJet,Institution(s): European Commission,Country: EU,"On 6 July 2021, the European Union published its Strategy for Financing the Transition to a Sustainable Economy establishing strategic priorities and key development since the"
2021,Platform on Sustainable Finance’s draft report on an extended taxonomy to support economic transition,https://www.greenfinanceplatform.org/policies-and-regulations/platform-sustainable-finance%E2%80%99s-draft-report-extended-taxonomy-support,https://www.greenfinanceplatform.org/sites/default/files/styles/flag_96_56_/public/country/flags/EU.png?itok=7FBcPJet,Institution(s): EU Platform on Sustainable Finance’s,Country: EU,"In July 2021, the Platform on Sustainable Finance published a draft extended taxonomy to support economic transition."
2021,SFD Circular No. 1,https://www.greenfinanceplatform.org/policies-and-regulations/sfd-circular-no-1,https://www.greenfinanceplatform.org/sites/default/files/styles/flag_96_56_/public/country/flags/bangladesh_0.png?itok=dpKe9nmo,Institution(s): Bangladesh Bank (BB),Country: Bangladesh,"In January 2021, the Central Bank of Bangladesh issued a circular making it mandatory for banks and non-bank financial institutions to disburse at least 15% of their outstanding loans for sustainable financing."
2021,Circular on business responsibility and sustainability reporting by listed entities,https://www.greenfinanceplatform.org/policies-and-regulations/circular-business-responsibility-and-sustainability-reporting-listed,https://www.greenfinanceplatform.org/sites/default/files/styles/flag_96_56_/public/country/flags/india.png?itok=JjRiaKRC,Institution(s): Securities and Exchange Board of India (SEBI),Country: India,"In May 2021, the Securities and Exchange Board of India issued a circular implementing new sustainability-related reporting requirements for the top 1,000 listed companies by market capitalization, replacing the existing Business Responsibility Report (BRR)."
2021,Speech of the Governor of the National Bank of Romania on investment finance in Romania,https://www.greenfinanceplatform.org/policies-and-regulations/speech-governor-national-bank-romania-investment-finance-romania,https://www.greenfinanceplatform.org/sites/default/files/styles/flag_96_56_/public/country/flags/romania_0.png?itok=qXPmp2wQ,Institution(s): National Bank of Romania,Country: Romania,"On March 2020, the governor of the National Bank of Romania delivered a speech where he highlighted that “investing in companies with strong environmental, social and governance (ESG) policies, in green bonds and in new technologies supporting the digital economy, will contribute to achieving the Paris Agreement objectives and a sustainable development”."
2021,ECB Monetary Policy Strategy,https://www.greenfinanceplatform.org/policies-and-regulations/ecb-monetary-policy-strategy,https://www.greenfinanceplatform.org/sites/default/files/styles/flag_96_56_/public/country/flags/EU.png?itok=7FBcPJet,Institution(s): European Central Bank (ECB),Country: EU,"In July 2021, the Governing Council of the European Central Bank (ECB) approved a climate change action plan to include climate change considerations in its monetary policy strategy."
2021,Guangzhou Futures Exchange,https://www.greenfinanceplatform.org/policies-and-regulations/guangzhou-futures-exchange,https://www.greenfinanceplatform.org/sites/default/files/styles/flag_96_56_/public/country/flags/china_0.png?itok=5mTa_Ix2,Institution(s): China Securities Regulatory Commission (CSRC),Country: China,"In April 2021, China Securities Regulatory Commission (CSRC) launched the Guangzhou Futures Exchange that will develop products, systems, and innovative technology to establish a futures market that can serve the real economy and green development."
2021,DNB Sustainable Finance Strategy 2021-2025,https://www.greenfinanceplatform.org/policies-and-regulations/dnb-sustainable-finance-strategy-2021-2025,https://www.greenfinanceplatform.org/sites/default/files/styles/flag_96_56_/public/country/flags/netherlands_0_9.jpg?itok=X2bxfMbg,Institution(s): De Nederlandsche Bank (DNB),Country: Netherlands,"In July 2021, De Nederlandsche Bank (DNB) issued its sustainable finance strategy for 2021-2025."
2021,Government commits to ‘nature-positive’ future in response to Dasgupta review,https://www.greenfinanceplatform.org/policies-and-regulations/government-commits-%E2%80%98nature-positive%E2%80%99-future-response-dasgupta-review,https://www.greenfinanceplatform.org/sites/default/files/styles/flag_96_56_/public/country/flags/uk.png?itok=sEHdJaOS,Institution(s): UK Government,Country: United Kingdom of Great Britain and Northern Ireland,"Responding to the Dasgupta Review on the Economics of Biodiversity, the UK Government announced in June 2021 that new Nationally Significant Infrastructure Projects in England, such as future transport and energy projects, will need to provide a net gain in biodiversity and habitats for wildlife - through an amendment to be made to the Environment Bill."
2021,Sustainable Finance Action Council,https://www.greenfinanceplatform.org/policies-and-regulations/sustainable-finance-action-council,https://www.greenfinanceplatform.org/sites/default/files/styles/flag_96_56_/public/country/flags/canada_0.png?itok=kkIfg6qU,Institution(s): Department of Finance Canada,Country: Canada,"In May 2021, the federal government launched the Sustainable Finance Action Council which will make recommendations on critical market infrastructure needed to attract and scale sustainable finance in Canada in order to enhance climate disclosures and ensure access to sustainability data and climate risks."
2021,Toronto Stock Exchange's Resources on ESG reporting,https://www.greenfinanceplatform.org/policies-and-regulations/toronto-stock-exchanges-resources-esg-reporting,https://www.greenfinanceplatform.org/sites/default/files/styles/flag_96_56_/public/country/flags/canada_0.png?itok=kkIfg6qU,Institution(s): Toronto Stock Exchange (TMX),Country: Canada,"In August 2020, Toronto Stock Exchange (TMX) published an updated version of its Primer for Environmental & Social Disclosure."
2021,Prudential Practice Guide CPG 229 Climate Change Financial Risks (CPG 229),https://www.greenfinanceplatform.org/policies-and-regulations/prudential-practice-guide-cpg-229-climate-change-financial-risks-cpg-229,https://www.greenfinanceplatform.org/sites/default/files/styles/flag_96_56_/public/country/flags/australia_0.png?itok=MUgeIm54,Institution(s): Australian Prudential Regulation Authority (APRA),Country: Australia,"In April 2021, the Australian Prudential Regulation Authority (APRA) has released for consultation its draft guidance to banks, insurers and superannuation trustees on managing the financial risks of climate change."
2021,New York Stock Exchange ESG Guidance,https://www.greenfinanceplatform.org/policies-and-regulations/new-york-stock-exchange-esg-guidance,https://www.greenfinanceplatform.org/sites/default/files/styles/flag_96_56_/public/country/flags/us.png?itok=B_Tf7hVP,Institution(s): New York Stock Exchange (NYSE),Country: United States of America,"In May 2021, New York Stock Exchange published its ESG Guidance: Best Practices for Sustainability."
2021,Bank of Japan introduces fund-provisioning measure to address climate change,https://www.greenfinanceplatform.org/policies-and-regulations/bank-japan-introduces-fund-provisioning-measure-address-climate-change,https://www.greenfinanceplatform.org/sites/default/files/styles/flag_96_56_/public/country/flags/japan_0.png?itok=m9IqJMel,Institution(s): Bank of Japan,Country: Japan,"In April 2021, the Bank of Japan announced the launch of a special lending facility, to provide funds to financial institutions for investment or loans that they make to address climate change."
2021,Resolutions on ESG disclosure,https://www.greenfinanceplatform.org/policies-and-regulations/resolutions-esg-disclosure,https://www.greenfinanceplatform.org/sites/default/files/styles/flag_96_56_/public/country/flags/egypt_0.png?itok=lwzvUCrU,Institution(s): Financial Regulatory Authority (FRA),Country: Egypt,"In July 2021, the FRA issued resolutions requiring companies listed on the Egyptian Stock Exchange, and companies operating in non-bank financial activities to submit environmental, social, and governance disclosure reports related to sustainability."
2021,Slovenia’s Sustainability Bond,https://www.greenfinanceplatform.org/policies-and-regulations/slovenia%E2%80%99s-sustainability-bond,https://www.greenfinanceplatform.org/sites/default/files/styles/flag_96_56_/public/country/flags/slovenia_0.png?itok=3zBQGNU1,Institution(s): Republic of Slovenia,Country: Slovenia,"In June 2021, the Republic of Slovenia issued a sovereign sustainability bond of EUR 1bn."
2021,ACPR’s results of the 2020 climate pilot exercise,https://www.greenfinanceplatform.org/policies-and-regulations/acpr%E2%80%99s-results-2020-climate-pilot-exercise,https://www.greenfinanceplatform.org/sites/default/files/styles/flag_96_56_/public/country/flags/france_0.png?itok=2p1RJfXu,Institution(s): French Prudential Supervision and Resolution Authority (ACPR),Country: France,"In May 2021, the French Prudential Supervision and Resolution Authority published a first assessment of financial risks associated with climate change conducted between July 2020 and April 2021 and covering 9 banking groups and 15 insurance groups."
2021,ESG Reporting Guidelines,https://www.greenfinanceplatform.org/policies-and-regulations/esg-reporting-guidelines,https://www.greenfinanceplatform.org/sites/default/files/styles/flag_96_56_/public/country/flags/poland_0.png?itok=GdmXWvee,Institution(s): Warsaw Stock Exchange,Country: Poland,"In May 2021, the Warsaw Stock Exchange in partnership with the European Bank for Reconstruction and Development published the ESG reporting Guidelines."
2021,Reserve Bank of Zimbabwe’s objective of supporting sustainable economic growth,https://www.greenfinanceplatform.org/policies-and-regulations/reserve-bank-zimbabwe%E2%80%99s-objective-supporting-sustainable-economic-growth,https://www.greenfinanceplatform.org/sites/default/files/styles/flag_96_56_/public/country/flags/zimbabwe_0.png?itok=ggqevOKG,Institution(s): Reserve Bank of Zimbabwe,Country: Zimbabwe,The mandate of the Reserve Bank of Zimbabwe includes an explicit objective for the promotion of sustainable economic development.
2021,The Occupational Pension Schemes (Climate Change Governance and Reporting) Regulations 2021,https://www.greenfinanceplatform.org/policies-and-regulations/occupational-pension-schemes-climate-change-governance-and-reporting,https://www.greenfinanceplatform.org/sites/default/files/styles/flag_96_56_/public/country/flags/uk.png?itok=sEHdJaOS,Institution(s): UK Government,Country: United Kingdom of Great Britain and Northern Ireland,"In June 2021, the UK government published a response to its January 2021 consultation on the new climate risk-related governance and reporting requirements that will apply to trustees of larger occupational pension schemes from 1 October 2021."
2021,Magyar Nemzeti Bank’s Monetary Policy Toolkit,https://www.greenfinanceplatform.org/policies-and-regulations/magyar-nemzeti-bank%E2%80%99s-monetary-policy-toolkit,https://www.greenfinanceplatform.org/sites/default/files/styles/flag_96_56_/public/country/flags/hungary_0.png?itok=KctM-Md-,Institution(s): Magyar Nemzeti Bank (MNB),Country: Hungary,"In July 2021, Hungary’s central bank published a green monetary policy toolkit outlining a strategy for introducing climate objectives into its monetary policy."
2021,HKMA’s Guideline on the Green and Sustainable Finance Grant Scheme,https://www.greenfinanceplatform.org/policies-and-regulations/hkma%E2%80%99s-guideline-green-and-sustainable-finance-grant-scheme,https://www.greenfinanceplatform.org/sites/default/files/styles/flag_96_56_/public/country/flags/china_0.png?itok=5mTa_Ix2,Institution(s): Hong Kong Monetary Authority (HKMA),Country: China,"In May 2021, the Hong Kong Monetary Authority (HKMA) released a guideline on the Green and Sustainable Finance Grant Scheme (GSF Grant Scheme)."
2021,FINMA specifies transparency obligations for climate risks,https://www.greenfinanceplatform.org/policies-and-regulations/finma-specifies-transparency-obligations-climate-risks,https://www.greenfinanceplatform.org/sites/default/files/styles/flag_96_56_/public/country/flags/syrian-arab-republic_0.png?itok=-PU8xFPb,Institution(s): Financial Market Supervisory Authority (FINMA),Country: Switzerland,"In May 2021, FINMA clarified its supervisory practice in the area of disclosure of climate-related financial risk by amending its “Disclosure – banks” and “Disclosure – insurers” circulars."
2021,BaFin Guidelines on sustainable investment funds,https://www.greenfinanceplatform.org/policies-and-regulations/bafin-guidelines-sustainable-investment-funds,https://www.greenfinanceplatform.org/sites/default/files/styles/flag_96_56_/public/country/flags/germany_0.png?itok=oLuTPe9k,Institution(s): Federal Financial Supervisory Authority (BaFin),Country: Germany,"In August 2021, the Federal Financial Supervisory Authority published a draft for its Guidelines on sustainability-oriented investment funds."
2021,Monetary Authority of Singapore’s Climate Strategy,https://www.greenfinanceplatform.org/policies-and-regulations/monetary-authority-singapore%E2%80%99s-climate-strategy,https://www.greenfinanceplatform.org/sites/default/files/styles/flag_96_56_/public/country/flags/singapore_0.png?itok=YHx8c5Nt,Institution(s): Monetary Authority of Singapore (MAS),Country: Singapore,"In June 2021, the MAS released its sustainability report, setting out its strategy to strengthen the resilience of Singapore’s financial sector to environmental risks."
2021,Environmental and Social Disclosure Rules for Listed Companies,https://www.greenfinanceplatform.org/policies-and-regulations/environmental-and-social-disclosure-rules-listed-companies,https://www.greenfinanceplatform.org/sites/default/files/styles/flag_96_56_/public/country/flags/china_0.png?itok=5mTa_Ix2,Institution(s): Securities Regulatory Commission,Country: China,"In June 2021, the Securities Regulatory Commission published the final ESG-related amendments to the disclosure rules applicable to listed companies’ annual reports and half-year reports."
2021,Sustainable Finance Strategy,https://www.greenfinanceplatform.org/policies-and-regulations/sustainable-finance-strategy,https://www.greenfinanceplatform.org/sites/default/files/styles/flag_96_56_/public/country/flags/germany_0.png?itok=oLuTPe9k,Institution(s): German Federal Government,Country: Germany,"In May 2021, the federal cabinet of the German Government adopted the first German Sustainable Finance Strategy."
2021,FCA consultation on enhancing climate-related disclosures,https://www.greenfinanceplatform.org/policies-and-regulations/fca-consultation-enhancing-climate-related-disclosures,https://www.greenfinanceplatform.org/sites/default/files/styles/flag_96_56_/public/country/flags/uk.png?itok=sEHdJaOS,Institution(s): Financial Conduct Authority (FCA),Country: United Kingdom of Great Britain and Northern Ireland,"In June 2021, launched a consultation on a proposal to introduce climate-related financial disclosure rules and guidance for asset managers, life insurers, and FCA-regulated pension providers."
2021,Green Technical Advisory Group,https://www.greenfinanceplatform.org/policies-and-regulations/green-technical-advisory-group,https://www.greenfinanceplatform.org/sites/default/files/styles/flag_96_56_/public/country/flags/uk.png?itok=sEHdJaOS,Institution(s): UK Government,Country: United Kingdom of Great Britain and Northern Ireland,"In June 2021, the UK Government established the Green Technical Advisory Group (GTAG), an independent expert group to advise on standards for green investment."
2021,Assessment of Biodiversity-Related Financial Risks in France,https://www.greenfinanceplatform.org/policies-and-regulations/assessment-biodiversity-related-financial-risks-france,https://www.greenfinanceplatform.org/sites/default/files/styles/flag_96_56_/public/country/flags/france_0.png?itok=2p1RJfXu,Institution(s): Banque de France,Country: France,"In August 2021, the Banque de France published a working paper exploring biodiversity-related financial risks in France and providing quantitative estimates of dependencies and impacts of the French financial system on biodiversity."
2021,Colombia Green Taxonomy,https://www.greenfinanceplatform.org/policies-and-regulations/colombia-green-taxonomy,https://www.greenfinanceplatform.org/sites/default/files/styles/flag_96_56_/public/country/flags/colombia_0.png?itok=18Venzwa,"Institution(s): Ministry of Environment and Sustainable Development (MADS), the National Planning Department (DNP), the National Administrative Department of Statistics (DANE), the Financial Superintendence (SFC) and the Ministry of Finance and Public Credit (MHCP)",Country: Colombia,"In September 2021, the Superintendencia Financiera de Colombia published the first phase of the construction of the Colombia Green Taxonomy that seeks to facilitate the identification of projects with environmental objectives, develop green capital markets, and promote the effective mobilization of private and public resources towards sustainable investments."
2021,Russian Green Taxonomy,https://www.greenfinanceplatform.org/policies-and-regulations/russian-green-taxonomy,https://www.greenfinanceplatform.org/sites/default/files/styles/flag_96_56_/public/country/flags/russia.png?itok=nc3EQ33j,Institution(s): Vnesheconombank (VEB),Country: Russia,"In November 2021, the State Development Bank VEB.RF published the Russian Green Taxonomy."
2021,Australia’s Long-Term Emissions Reduction Plan,https://www.greenfinanceplatform.org/policies-and-regulations/australia%E2%80%99s-long-term-emissions-reduction-plan,https://www.greenfinanceplatform.org/sites/default/files/styles/flag_96_56_/public/country/flags/australia_0.png?itok=MUgeIm54,Institution(s): Australian Government,Country: Australia,"In October 2021, the Australian Government published an emissions reduction plan to achieve net zero by 2050."
2021,Bank of England monetary policy to include environmental and climate goals,https://www.greenfinanceplatform.org/policies-and-regulations/bank-england-monetary-policy-include-environmental-and-climate-goals,https://www.greenfinanceplatform.org/sites/default/files/styles/flag_96_56_/public/country/flags/uk.png?itok=sEHdJaOS,Institution(s): HM Treasury,Country: United Kingdom of Great Britain and Northern Ireland,"In his budget 2021 statement in March 2021, the Chancellor of the Exchequer announced that the Bank of England’s mandate will be updated to ‘reflect the importance of environmental sustainability and the transition to net-zero’. This will imply for the BoE to adjust its corporate bond-buying program to account for the climate impact of the issuers."
2021,Standards for fund managers on climate-related risks,https://www.greenfinanceplatform.org/policies-and-regulations/standards-fund-managers-climate-related-risks,https://www.greenfinanceplatform.org/sites/default/files/styles/flag_96_56_/public/country/flags/china_0.png?itok=5mTa_Ix2,Institution(s): Hong Kong’s Securities and Futures Commission,Country: China,"In August 2021, the Securities and Futures Commission (SFC) issued amendments to the Fund Manager Code of Conduct and a circular setting out expected standards for fund managers managing collective investment schemes to take climate-related risks into consideration in their investment and risk management processes and make appropriate disclosures."
2021,Singapore’s National Environment Agency issued a green bond,https://www.greenfinanceplatform.org/policies-and-regulations/singapore%E2%80%99s-national-environment-agency-issued-green-bond,https://www.greenfinanceplatform.org/sites/default/files/styles/flag_96_56_/public/country/flags/singapore_0.png?itok=YHx8c5Nt,Institution(s): National Environment Agency,Country: Singapore,"In September 2021, the National Environment Agency issued a S$1.65bn green bond for sustainable projects."
2021,Guidance on preventing and combating greenwashing,https://www.greenfinanceplatform.org/policies-and-regulations/guidance-preventing-and-combating-greenwashing,https://www.greenfinanceplatform.org/sites/default/files/styles/flag_96_56_/public/country/flags/syrian-arab-republic_0.png?itok=-PU8xFPb,Institution(s): Swiss Financial Market Supervisory Authority (FINMA),Country: Switzerland,"In November 2021, the Swiss Financial Market Supervisory Authority (FINMA) issued guidance on preventing and combating greenwashing in the fund segment together with rules of conduct at the point of sale."
2021,Net Zero Strategy: Build Back Greener,https://www.greenfinanceplatform.org/policies-and-regulations/net-zero-strategy-build-back-greener,https://www.greenfinanceplatform.org/sites/default/files/styles/flag_96_56_/public/country/flags/uk.png?itok=sEHdJaOS,Institution(s): UK Government,Country: United Kingdom of Great Britain and Northern Ireland,"In October 2021, the UK Government issued its Net Zero Strategy that sets out policies and proposals for UK’s carbon budgets, UK’s Nationally Determined Contribution, and UK’s vision for a decarbonised economy in 2050."
2021,UK Infrastructure Bank,https://www.greenfinanceplatform.org/policies-and-regulations/uk-infrastructure-bank,https://www.greenfinanceplatform.org/sites/default/files/styles/flag_96_56_/public/country/flags/uk.png?itok=sEHdJaOS,Institution(s): HM Treasury,Country: United Kingdom of Great Britain and Northern Ireland,"In February 2021, the UK Government announced it will be establishing a National Infrastructure Bank."
2021,Federal Insurance Office Request for Information on the Insurance Sector and Climate-Related Financial Risks,https://www.greenfinanceplatform.org/policies-and-regulations/federal-insurance-office-request-information-insurance-sector-and-climate,https://www.greenfinanceplatform.org/sites/default/files/styles/flag_96_56_/public/country/flags/us.png?itok=B_Tf7hVP,Institution(s): Federal Insurance Office (FIO) of the U.S. Department of the Treasury,Country: United States of America,"In August 2021, the Federal Insurance Office issued a Request for Information, following the Executive Order on Climate, to solicit public input on FIO’s future work relating to the insurance sector and climate-related financial risks."
2021,Indonesia issued a sovereign SDG Bond,https://www.greenfinanceplatform.org/policies-and-regulations/indonesia-issued-sovereign-sdg-bond,https://www.greenfinanceplatform.org/sites/default/files/styles/flag_96_56_/public/country/flags/indonesia_0.png?itok=L38_jaSc,Institution(s): Republic of Indonesia,Country: Indonesia,"In September 2021, the Republic of Indonesia issued a SDG bond of EUR500 million."
2021,Carbon Emission Reduction Facility,https://www.greenfinanceplatform.org/policies-and-regulations/carbon-emission-reduction-facility,https://www.greenfinanceplatform.org/sites/default/files/styles/flag_96_56_/public/country/flags/china_0.png?itok=5mTa_Ix2,Institution(s): People’s Bank of China (PBoC),Country: China,"In November 2021, the PBoC launched a carbon emission reduction facility to offer low interest loans to financial institutions that help firms cut carbon emissions."
2021,Speech by the Governor of the Bank of Spain: The banking industry and the challenges of the pandemic,https://www.greenfinanceplatform.org/policies-and-regulations/speech-governor-bank-spain-banking-industry-and-challenges-pandemic,https://www.greenfinanceplatform.org/sites/default/files/styles/flag_96_56_/public/country/flags/spain_0.png?itok=B3Fylj_H,Institution(s): Bank of Spain,Country: Spain,"In January 2021, the Governor of the Bank of Spain made a speech on the banking industry and the challenges of the pandemic and mentioned the new risks arising from the transition to a more sustainable economy."
2021,Banking Package 2021,https://www.greenfinanceplatform.org/policies-and-regulations/banking-package-2021,https://www.greenfinanceplatform.org/sites/default/files/styles/flag_96_56_/public/country/flags/EU.png?itok=7FBcPJet,Institution(s): European Commission,Country: EU,"In October 2021, the European Commission adopted a banking package, reviewing the Capital Requirements Regulation and the Capital Requirements Directive."
2021,APRA Climate Vulnerability Assessment,https://www.greenfinanceplatform.org/policies-and-regulations/apra-climate-vulnerability-assessment,https://www.greenfinanceplatform.org/sites/default/files/styles/flag_96_56_/public/country/flags/australia_0.png?itok=MUgeIm54,Institution(s): Australian Prudential Regulation Authority (APRA),Country: Australia,"In September 2021, the Australian Prudential Regulation Authority (APRA) published details of a Climate Vulnerability Assessment (CVA) to assess the nature and extent of the financial risks that large banks in Australia may face due to climate change."
2021,Boursa Kuwait ESG reporting Guide,https://www.greenfinanceplatform.org/policies-and-regulations/boursa-kuwait-esg-reporting-guide,https://www.greenfinanceplatform.org/sites/default/files/styles/flag_96_56_/public/country/flags/kuwait_0.png?itok=IroBNTyL,Institution(s): Boursa Kuwait,Country: Kuwait,"In September 2021, Boursa Kowait launched its ESG Reporting Guide named ‘Unified Direction for a Sustainable Future’."
2021,Climate Change Financing Framework,https://www.greenfinanceplatform.org/policies-and-regulations/climate-change-financing-framework,https://www.greenfinanceplatform.org/sites/default/files/styles/flag_96_56_/public/country/flags/nepal_0.png?itok=d9BctpbB,Institution(s): Ministry of Finance,Country: Nepal,"In December 2017, the Ministry of Finance of the Government of Nepal produced a Climate Change Financing Framework."
2021,Banking on Equality Policy: Reducing the Gender Gap in Financial Inclusion,https://www.greenfinanceplatform.org/policies-and-regulations/banking-equality-policy-reducing-gender-gap-financial-inclusion,https://www.greenfinanceplatform.org/sites/default/files/styles/flag_96_56_/public/country/flags/pakistan_0.png?itok=MTqpta37,Institution(s): State Bank of Pakistan,Country: Pakistan,"On 17 September 2021, State Bank of Pakistan (SBP) published “Banking on Equality Policy: Reducing the Gender Gap in Financial Inclusion”."
2021,The Long-Term Strategy of the United States,https://www.greenfinanceplatform.org/policies-and-regulations/long-term-strategy-united-states,https://www.greenfinanceplatform.org/sites/default/files/styles/flag_96_56_/public/country/flags/us.png?itok=B_Tf7hVP,Institution(s): U.S. Administration,Country: United States of America,"In November 2021, the U.S. Administration released its Long-Term Strategy of the United States that refers to a forthcoming set of new policies to accelerate existing emissions reduction trends."
2021,SGX RegCo’s roadmap for climate-related disclosure,https://www.greenfinanceplatform.org/policies-and-regulations/sgx-regco%E2%80%99s-roadmap-climate-related-disclosure,https://www.greenfinanceplatform.org/sites/default/files/styles/flag_96_56_/public/country/flags/singapore_0.png?itok=YHx8c5Nt,Institution(s): Singapore Exchange Regulation (SGX RegCo),Country: Singapore,"In August 2021, the Singapore Exchange Regulation proposed a roadmap for climate-related disclosures to be made mandatory in issuers’ sustainability reports."
2021,Prudence and Loyalty in Selecting Plan Investments and Exercising Shareholder Rights,https://www.greenfinanceplatform.org/policies-and-regulations/prudence-and-loyalty-selecting-plan-investments-and-exercising-shareholder,https://www.greenfinanceplatform.org/sites/default/files/styles/flag_96_56_/public/country/flags/us.png?itok=B_Tf7hVP,Institution(s): U.S. Department of Labor,Country: United States of America,"In October 2021, the U.S. Department of Labor proposed a rulemaking to empower plan fiduciaries to safeguard the savings of America’s workers by making it clear that fiduciaries may consider climate change and other environmental, social, and governance (ESG) factors when they make investment decisions and when they exercise shareholder rights, including voting on shareholder resolutions and board nominations."
2021,Climate loans scheme,https://www.greenfinanceplatform.org/policies-and-regulations/climate-loans-scheme,https://www.greenfinanceplatform.org/sites/default/files/styles/flag_96_56_/public/country/flags/japan_0.png?itok=m9IqJMel,Institution(s): Bank of Japan,Country: Japan,"In October 2021, the governor of the Bank of Japan (BoJ) announced that in December, the BoJ will begin providing zero-interest funds to financial institutions for loans and investments that contribute to addressing climate change."
2021,ECB's detailed roadmap of climate change-related actions,https://www.greenfinanceplatform.org/policies-and-regulations/ecbs-detailed-roadmap-climate-change-related-actions,,Institution(s): European Central Bank (ECB),,"In July 2021, the European Central Bank (ECB) announced action plan and detailed roadmap 2021-2024 to incorporate climate change considerations in the Eurosystem’s monetary policy framework. Policy measures will support and incentivize companies and financial institutions to reduce their carbon emissions and to enhance transparency."
2021,Bank of Finland sets climate target for its investment portfolio,https://www.greenfinanceplatform.org/policies-and-regulations/bank-finland-sets-climate-target-its-investment-portfolio,https://www.greenfinanceplatform.org/sites/default/files/styles/flag_96_56_/public/country/flags/finland_0.png?itok=jZK05OWh,Institution(s): Bank of Finland,Country: Finland,"In September 2021, the Bank of Finland has decided on a climate target for its own investment activities, which will assist in the management of investment portfolio risks. The goal is carbon neutrality by 2050 at the latest."
2021,Guidance on delivering the carbon neutrality goal,https://www.greenfinanceplatform.org/policies-and-regulations/guidance-delivering-carbon-neutrality-goal,https://www.greenfinanceplatform.org/sites/default/files/styles/flag_96_56_/public/country/flags/china_0.png?itok=5mTa_Ix2,Institution(s): Central Committee of the Communist Party of China and the State Council,Country: China,"In October 2021, the Central Committee of the Communist Party of China and the State Council issued a guidance that sets out targets for delivering China’s carbon neutrality goal."
2021,The European Union issued a sovereign green bond,https://www.greenfinanceplatform.org/policies-and-regulations/european-union-issued-sovereign-green-bond,https://www.greenfinanceplatform.org/sites/default/files/styles/flag_96_56_/public/country/flags/EU.png?itok=7FBcPJet,Institution(s): European Commission,Country: EU,"In October 2021, the European Union issued a 15-year green bond under its Next Generation EU recovery package."
2021,The Green Finance Industry Taskforce’s Taxonomy and environmental risk management handbook,https://www.greenfinanceplatform.org/policies-and-regulations/green-finance-industry-taskforce%E2%80%99s-taxonomy-and-environmental-risk,https://www.greenfinanceplatform.org/sites/default/files/styles/flag_96_56_/public/country/flags/singapore_0.png?itok=YHx8c5Nt,Institution(s): Green Finance Industry Taskforce (GFIT),Country: Singapore,"On January 2021, the Green Finance Industry Taskforce (GFIT), convened by the Monetary Authority of Singapore (MAS), issued a proposed taxonomy for Singapore-based financial institutions to identify activities that can be considered green or transitioning towards green."
2021,Guía de Reporte y Divulgación de Sostenibilidad para Emisores en Chile (Guide on Sustainability Disclosure),https://www.greenfinanceplatform.org/policies-and-regulations/guia-de-reporte-y-divulgacion-de-sostenibilidad-para-emisores-en-chile,https://www.greenfinanceplatform.org/sites/default/files/styles/flag_96_56_/public/country/flags/chile_0.png?itok=5YdpA9FY,Institution(s): Bolsa de Comercio de Santiago,Country: Chile,"In 2021, Bolsa de Santiago published Guide on Sustainability Disclosure (Guía de Reporte y Divulgación de Sostenibilidad para Emisores en Chile)"
2021,"Report on Social, Environmental and Climate-related Risks and Opportunities",https://www.greenfinanceplatform.org/policies-and-regulations/report-social-environmental-and-climate-related-risks-and-opportunities,https://www.greenfinanceplatform.org/sites/default/files/styles/flag_96_56_/public/country/flags/brazil_0.png?itok=aFUtStI-,Institution(s): Banco Central Do Brasil,Country: Brazil,"In September 2021, the Banco Central Do Brasil released its Report on Social, Environmental and Climate-related Risks and Opportunities, providing an integrated view of the Bank’s actions implemented within the scope of Agenda BC# - Sustainability Dimension."
2021,Serbia issued a Sovereign Green Bond,https://www.greenfinanceplatform.org/policies-and-regulations/serbia-issued-sovereign-green-bond,https://www.greenfinanceplatform.org/sites/default/files/styles/flag_96_56_/public/country/flags/serbia_0_0.png?itok=MPzu6VWj,Institution(s): Republic of Serbia,Country: Serbia,"In September 2021, the Republic of Serbia issued a EUR 1 billion green bond to finance the country’s green agenda."
2021,The Economics of Biodiversity: The Dasgupta Review,https://www.greenfinanceplatform.org/policies-and-regulations/economics-biodiversity-dasgupta-review,https://www.greenfinanceplatform.org/sites/default/files/styles/flag_96_56_/public/country/flags/uk.png?itok=sEHdJaOS,Institution(s): HM Treasury,Country: United Kingdom of Great Britain and Northern Ireland,"The Dasgupta Review is an independent, global review on the Economics of Biodiversity led by Professor Sir Partha Dasgupta and was commissioned in 2019 by HM Treasury."
2021,Biden Administration Roadmap to Build an Economy Resilient to Climate Change Impacts,https://www.greenfinanceplatform.org/policies-and-regulations/biden-administration-roadmap-build-economy-resilient-climate-change-impacts,https://www.greenfinanceplatform.org/sites/default/files/styles/flag_96_56_/public/country/flags/us.png?itok=B_Tf7hVP,Institution(s): U.S. Administration,Country: United States of America,"In October 2021, the U.S. Administration release a comprehensive, government-wide strategy to measure, disclose, manage and mitigate the systemic risks to climate change."
2021,Carrying out 2022 ECB Climate Risk Stress Test,https://www.greenfinanceplatform.org/policies-and-regulations/carrying-out-2022-ecb-climate-risk-stress-test,,Institution(s): European Central Bank (ECB),,"""In October 2021, the European Central Bank (ECB) announced to conduct its supervisory climate risk stress test for 2022 (CST) to identify vulnerabilities, industry best practices and the challenges faced by banks."
2021,ECB economy-wide climate stress test,https://www.greenfinanceplatform.org/policies-and-regulations/ecb-economy-wide-climate-stress-test,https://www.greenfinanceplatform.org/sites/default/files/styles/flag_96_56_/public/country/flags/EU.png?itok=7FBcPJet,Institution(s): European Central Bank,Country: EU,"In September 2021, the European Central Bank published the results of its economy-wide climate stress test. The exercise tested the impact of climate change on more than four million firms worldwide and 1,600 euro area banks under three different climate policy scenarios."
2021,National Inclusive Green Finance Policy,https://www.greenfinanceplatform.org/policies-and-regulations/national-inclusive-green-finance-policy,https://www.greenfinanceplatform.org/sites/default/files/styles/flag_96_56_/public/country/flags/papua-new-guinea.png?itok=_n26gJ8U,Institution(s): Bank of Papua New Guinea,Country: Papua New Guinea,"In June 2021, the Governor of the Bank of Papua New Guinea announced the “Inclusive and Green Finance Policy for PNG’s Banking Sector”."
2021,The Climate and Equitable Jobs Act,https://www.greenfinanceplatform.org/policies-and-regulations/climate-and-equitable-jobs-act,https://www.greenfinanceplatform.org/sites/default/files/styles/flag_96_56_/public/country/flags/us.png?itok=B_Tf7hVP,Institution(s): State of Illinois,Country: United States of America,"In September 2021, the State of Illinois released the Climate and Equitable Jobs Act (the “CEJA”) expanding investments in clean energy and targets a transition to 40% of electricity being provided by renewable energy by 2030, 50% by 2040 and 100% from carbon-free sources by 2050."
2021,Consultation on the establishment of a European single access point (ESAP) for financial and non-financial information publicly disclosed by companies,https://www.greenfinanceplatform.org/policies-and-regulations/consultation-establishment-european-single-access-point-esap-financial-and,https://www.greenfinanceplatform.org/sites/default/files/styles/flag_96_56_/public/country/flags/EU.png?itok=7FBcPJet,Institution(s): European Commission,Country: EU,"As part of the its new action plan on the capital markets union, the European Commission launched a consultation on the establishment of a European Single Access Point (ESAP) for companies’ financial and sustainable investment-related information made public pursuant to EU legislation."
2021,Guidance for London-listed companies on the integration of climate reporting best practice and TCFD implementation,https://www.greenfinanceplatform.org/policies-and-regulations/guidance-london-listed-companies-integration-climate-reporting-best,https://www.greenfinanceplatform.org/sites/default/files/styles/flag_96_56_/public/country/flags/uk.png?itok=sEHdJaOS,Institution(s): London Stock Exchange (LSE),Country: United Kingdom of Great Britain and Northern Ireland,"In October 2021, the London Stock Exchange (LSE) introduced Climate Reporting Guidance for the listed companies."
2021,New York Federal Reserve Bank Climate Stress Testing,https://www.greenfinanceplatform.org/policies-and-regulations/new-york-federal-reserve-bank-climate-stress-testing,https://www.greenfinanceplatform.org/sites/default/files/styles/flag_96_56_/public/country/flags/us.png?itok=B_Tf7hVP,Institution(s): Federal Reserve Bank of New York,Country: United States of America,"In September 2021, the New York Federal Reserve Bank published a Climate Stress Testing which introduced a measure called CRISK, systemic climate risk, which is the expected capital shortfall of a financial institution in a climate stress scenario."
2021,Government of Uzbekistan issued a sovereign green bond,https://www.greenfinanceplatform.org/policies-and-regulations/government-uzbekistan-issued-sovereign-green-bond,https://www.greenfinanceplatform.org/sites/default/files/styles/flag_96_56_/public/country/flags/uzbekistan_0.png?itok=qMK1UCCC,Institution(s): Government of Uzbekistan,Country: Uzbekistan,"In August 2021, the Government of Uzbekistan issued a Sovereign Sustainable Development Goals Bond."
2021,The three European supervisory authorities published final report and drafts on disclosures under SFDR,https://www.greenfinanceplatform.org/policies-and-regulations/three-european-supervisory-authorities-published-final-report-and-drafts,https://www.greenfinanceplatform.org/sites/default/files/styles/flag_96_56_/public/country/flags/EU.png?itok=7FBcPJet,Institution(s): European Supervisory Authorities (ESAs),Country: EU,"The Joint Committee of the three European Supervisory Authorities (EBA, EIOPA and ESMA – ESAs) delivered to the European Commission the final report, including the draft Regulatory Technical Standards (RTS), on the content, methodologies and presentation of disclosures under the EU Regulation on sustainability-related disclosures in the financial services sector (SFDR)."
2021,Greening Finance: A roadmap to Sustainable Investing,https://www.greenfinanceplatform.org/policies-and-regulations/greening-finance-roadmap-sustainable-investing,https://www.greenfinanceplatform.org/sites/default/files/styles/flag_96_56_/public/country/flags/uk.png?itok=sEHdJaOS,Institution(s): HM Treasury,Country: United Kingdom of Great Britain and Northern Ireland,"In October 2021, the UK Government issued a policy paper setting out the government’s long-term ambition to green the financial system and align it with the UK’s net-zero commitment."
2021,Costa Rica's law to promote investment in sustainable development through the capital market,https://www.greenfinanceplatform.org/policies-and-regulations/costa-ricas-law-promote-investment-sustainable-development-through-capital,https://www.greenfinanceplatform.org/sites/default/files/styles/flag_96_56_/public/country/flags/costa-rica.png?itok=mfjgXfVF,Institution(s): Bolsa Nacional de Valores (BNV),Country: Costa Rica,"In August 2021, Bolsa Nacional de Valores (BNV) of Costa Rica supported the approval of a law to promote financing and investment for sustainable development through the use of thematic public offering securities."
2021,Basic Guidelines on Climate Transition Finance,https://www.greenfinanceplatform.org/policies-and-regulations/basic-guidelines-climate-transition-finance,https://www.greenfinanceplatform.org/sites/default/files/styles/flag_96_56_/public/country/flags/japan_0.png?itok=m9IqJMel,"Institution(s): The Ministry of Economy, Trade and Industry (METI), jointly with the Financial Services Agency (FSA) and the Ministry of the Environment (MOE)",Country: Japan,"The Ministry of Economy, Trade and Industry (METI), jointly with the Financial Services Agency (FSA) and the Ministry of the Environment (MOE), will inaugurate a Taskforce on Preparation of Environment for Transition Finance and formulate the Japan’s Basic Principles for transition finance."
2021,Republic of Benin issued a sovereign green bond,https://www.greenfinanceplatform.org/policies-and-regulations/republic-benin-issued-sovereign-green-bond,https://www.greenfinanceplatform.org/sites/default/files/styles/flag_96_56_/public/country/flags/benin_0.png?itok=fC4o0lBD,Institution(s): Gouvernement de la République du Benin,Country: Benin,"In July 2021, the Republic of Benin issued a €500 million Sustainable Development Goals Bond."
2021,Securities and Exchange Commission’s Division of Corporation Finance sample letter to companies regarding climate change disclosures,https://www.greenfinanceplatform.org/policies-and-regulations/securities-and-exchange-commission%E2%80%99s-division-corporation-finance-sample,https://www.greenfinanceplatform.org/sites/default/files/styles/flag_96_56_/public/country/flags/us.png?itok=B_Tf7hVP,Institution(s): Securities and Exchange Commission (SEC),Country: United States of America,"In September 2021, the US Securities and Exchange Commission’s Division of Corporation Finance published a sample letter regarding climate change disclosures. The letter related to the 210 Climate Change Guidance, which provides direction to companies regarding the SEC rules that may require disclosure about climate change."
2021,Climate Changed 2021 and Beyond,https://www.greenfinanceplatform.org/policies-and-regulations/climate-changed-2021-and-beyond,https://www.greenfinanceplatform.org/sites/default/files/styles/flag_96_56_/public/country/flags/new-zealand.png?itok=BQZSuMh_,Institution(s): Reserve Bank of New Zealand,Country: New Zealand,"In October 2021, the Reserve Bank of New Zealand released Climate Changed 2021 and Beyond outlining its actions to mitigate and manage the significant economic risks associated with climate change."
2021,HKEX' Guidance on Climate Disclosures for Reporting on TCFD recommendations,https://www.greenfinanceplatform.org/policies-and-regulations/hkex-guidance-climate-disclosures-reporting-tcfd-recommendations,https://www.greenfinanceplatform.org/sites/default/files/styles/flag_96_56_/public/country/flags/china_0.png?itok=5mTa_Ix2,Institution(s): Hong Kong Exchanges and Clearing Limited (HKEX),Country: China,"In November 2021, the Hong Kong Exchanges and Clearing Limited (HKEX) launched Guidance on Climate Disclosures aligned with TCFD recommendations."
2021,Bank of England’s approach to greening the Corporate Bond Purchase Scheme,https://www.greenfinanceplatform.org/policies-and-regulations/bank-england%E2%80%99s-approach-greening-corporate-bond-purchase-scheme,https://www.greenfinanceplatform.org/sites/default/files/styles/flag_96_56_/public/country/flags/uk.png?itok=sEHdJaOS,Institution(s): Bank of England,Country: United Kingdom of Great Britain and Northern Ireland,"In November 2021, the Bank of England published details of how it will green its Corporate Bond Purchase Scheme."
2020,Hong Kong Exchanges and Clearing Limited’s Sustainable and Green Exchange ‘STAGE’,https://www.greenfinanceplatform.org/policies-and-regulations/hong-kong-exchanges-and-clearing-limited%E2%80%99s-sustainable-and-green-exchange-,https://www.greenfinanceplatform.org/sites/default/files/styles/flag_96_56_/public/country/flags/china_0.png?itok=5mTa_Ix2,Institution(s): Hong Kong Exchanges and Clearing Limited (HKEX),Country: China,"In June 2020, Hong Kong Exchanges and Clearing Limited (HKEX) announced plans to launch the HKEX Sustainable and Green Exchange, ‘STAGE’."
2021,Saudi Exchange's ESG Disclosure Guidelines,https://www.greenfinanceplatform.org/policies-and-regulations/saudi-exchanges-esg-disclosure-guidelines,https://www.greenfinanceplatform.org/sites/default/files/styles/flag_96_56_/public/country/flags/saudi-arabia.png?itok=YQV9L0pl,Institution(s): Saudi Exchange,Country: Saudi Arabia,"In November 2021, the Saudi Exchange launched ESG Disclosure Guidelines for the listed companies."
2020,The Monetary Authority of Singapore Consults on Environmental Risk Management Guidelines for Financial Institutions,https://www.greenfinanceplatform.org/policies-and-regulations/monetary-authority-singapore-consults-environmental-risk-management,https://www.greenfinanceplatform.org/sites/default/files/styles/flag_96_56_/public/country/flags/singapore_0.png?itok=YHx8c5Nt,Institution(s): Monetary Authority of Singapore (MAS),Country: Singapore,"The Monetary Authority of Singapore (MAS) issued a set of three consultation papers on its proposed Guidelines on Environmental Risk Management (Guidelines) for banks, insurers and asset managers."
2021,Uzbekistan issues SDG Bond,https://www.greenfinanceplatform.org/policies-and-regulations/uzbekistan-issues-sdg-bond,https://www.greenfinanceplatform.org/sites/default/files/styles/flag_96_56_/public/country/flags/uzbekistan_0.png?itok=qMK1UCCC,Institution(s): Government of Uzbekistan,Country: Uzbekistan,"In August 2021, the Government of Uzbekistan issued a Sovereign Sustainable Development Goals (SDGs) bond in London Stock Exchange."
2021,Brazilian Securities Commission(CVM)'s Resolution No. 59,https://www.greenfinanceplatform.org/policies-and-regulations/brazilian-securities-commissioncvms-resolution-no-59,https://www.greenfinanceplatform.org/sites/default/files/styles/flag_96_56_/public/country/flags/brazil_0.png?itok=aFUtStI-,Institution(s): Brazilian Securities and Exchange Commission (CVM),Country: Brazil,"In December 2021, the Brazilian Securities Commission (CVM) introduced ESG information disclosure criteria on its Resolution No. 59 (RCVM 59) which is amendment of CVM Rule No. 480."
2020,Korea Exchange dedicated SRI Bonds Segment,https://www.greenfinanceplatform.org/policies-and-regulations/korea-exchange-dedicated-sri-bonds-segment,https://www.greenfinanceplatform.org/sites/default/files/styles/flag_96_56_/public/country/flags/korea-south.png?itok=uv2aKKHX,Institution(s): Korea Exchange (KRX),Country: Republic of Korea,The Korea Exchange launched a dedicated SRI bonds segment to provide updated information and statistics on the current SRI bonds issued within South Korea.
2020,Assessment of Biodiversity Risks for the Dutch Financial Sector,https://www.greenfinanceplatform.org/policies-and-regulations/assessment-biodiversity-risks-dutch-financial-sector,https://www.greenfinanceplatform.org/sites/default/files/styles/flag_96_56_/public/country/flags/netherlands_0_9.jpg?itok=X2bxfMbg,Institution(s): De Nederlandsche Bank (DNB),Country: Netherlands,"In June 2020, the central bank of the Netherlands—De Nederlandsche Bank (DNB)—published an assessment of biodiversity risks that are relevant to the Dutch financial sector."
2021,"Further strengthening the Kazakhstan’s programming capacity, institutional support for the enhancement of GCF direct access and development of green finance system",https://www.greenfinanceplatform.org/policies-and-regulations/further-strengthening-kazakhstans-programming-capacity-institutional,https://www.greenfinanceplatform.org/sites/default/files/styles/flag_96_56_/public/country/flags/kazakhstan_0.png?itok=3DPPYuXE,"Institution(s): Ministry of Ecology, Geology and Natural Resources of the Republic of Kazakhstan",Country: Kazakhstan,"In November 2021, the Ministry of Ecology, Geology and Natural Resources of the Republic of Kazakhstan submitted the revision of readiness proposal to the Green Climate Fund (GCF) in the development of green finance system."
2021,"FCA's Policy Statement 21/24: Enhancing climate-related disclosures by asset managers, life insurers and regulated pension providers",https://www.greenfinanceplatform.org/policies-and-regulations/fcas-policy-statement-2124-enhancing-climate-related-disclosures-asset,https://www.greenfinanceplatform.org/sites/default/files/styles/flag_96_56_/public/country/flags/uk.png?itok=sEHdJaOS,Institution(s): Financial Conduct Authority (FCA),Country: United Kingdom of Great Britain and Northern Ireland,"In December 2021, the Financial Conduct Authority (FCA) announced introduction of ESG Sourcebook in its Policy Statement (PS21/24), containing rules and guidance on climate-related disclosures."
2021,Financial Conduct Authority's ESG Strategy,https://www.greenfinanceplatform.org/policies-and-regulations/financial-conduct-authoritys-esg-strategy,https://www.greenfinanceplatform.org/sites/default/files/styles/flag_96_56_/public/country/flags/uk.png?itok=sEHdJaOS,Institution(s): Financial Conduct Authority (FCA),Country: United Kingdom of Great Britain and Northern Ireland,"In November 2021, the Financial Conduct Authority (FCA) introduced a ESG strategy for the financial sector, laying out key actions and principles on how to achieve the target ESG-related outcomes outlined in its Business Plan 2021/22"
2020,Green New Deal Budget Proposal 2020,https://www.greenfinanceplatform.org/policies-and-regulations/green-new-deal-budget-proposal-2020,https://www.greenfinanceplatform.org/sites/default/files/styles/flag_96_56_/public/country/flags/korea-south.png?itok=uv2aKKHX,Institution(s): Government of Korea,Country: Republic of Korea,"The South Korean government released its ‘green stimulus’ plan on June 3rd, 2020. The plan includes 1.4 trillion won (estimated: 1.5 USD).

It consists of 3 pillars in commencing the plan and its aims:

1) Eco-friendly management of cities and infrastructure (0.37 Trillion Won);"
2020,The UK Stewardship Code,https://www.greenfinanceplatform.org/policies-and-regulations/uk-stewardship-code,https://www.greenfinanceplatform.org/sites/default/files/styles/flag_96_56_/public/country/flags/uk.png?itok=sEHdJaOS,Institution(s): Financial Reporting Council,Country: United Kingdom of Great Britain and Northern Ireland,The United Kingdom’s Stewardship Code identifies the principles that underlie an effective board and sets out the principles of effective stewardship by investors.
2020,The Bank of England’s climate-related disclosure 2020,https://www.greenfinanceplatform.org/policies-and-regulations/bank-england%E2%80%99s-climate-related-disclosure-2020,https://www.greenfinanceplatform.org/sites/default/files/styles/flag_96_56_/public/country/flags/uk.png?itok=sEHdJaOS,Institution(s): Bank of England,Country: United Kingdom of Great Britain and Northern Ireland,"The Bank of England published its own climate-related disclosure for the first time in June 2020, which sets out the Bank’s approach to managing the risks from climate change across its entire operations."
2021,China's Administrative Measures for the Legal Disclosure of Enterprise Environmental Information,https://www.greenfinanceplatform.org/policies-and-regulations/chinas-administrative-measures-legal-disclosure-enterprise-environmental,https://www.greenfinanceplatform.org/sites/default/files/styles/flag_96_56_/public/country/flags/china_0.png?itok=5mTa_Ix2,Institution(s): Ministry of Ecology and Environment (MEE),Country: China,"In December 2021, the Ministry of Ecology and Environment (MEE) of China issued measures for the management of enterprise environmental information disclosure."
2021,European Central Bank's Report on the supervisory review of banks’ approaches to manage climate and environmental risks,https://www.greenfinanceplatform.org/policies-and-regulations/european-central-banks-report-supervisory-review-banks-approaches-manage,,Institution(s): European Central Bank (ECB),,"In November 2021, the European Central Bank (ECB) assessed the state of climate-related and environmental risk management in the banking sector."
2020,Discussion paper on ‘Climate Change and Principle-based Taxonomy’,https://www.greenfinanceplatform.org/policies-and-regulations/discussion-paper-%E2%80%98climate-change-and-principle-based-taxonomy%E2%80%99,https://www.greenfinanceplatform.org/sites/default/files/styles/flag_96_56_/public/country/flags/malaysia_0.png?itok=_uXIf6LU,Institution(s): Bank Negara Malaysia (BNM),Country: Malaysia,The discussion paper aims to provide an overview of climate change and its impact to the financial system. It serves as a guidance to facilitate financial institutions in identifying and classifying economic activities that could contribute to climate change objectives.
2020,Japan's Stewardship Code—Principles for Responsible Institutional Investors,https://www.greenfinanceplatform.org/policies-and-regulations/japans-stewardship-code%E2%80%94principles-responsible-institutional-investors,https://www.greenfinanceplatform.org/sites/default/files/styles/flag_96_56_/public/country/flags/japan_0.png?itok=m9IqJMel,Institution(s): Japan Financial Services Authority,Country: Japan,Japan's Stewardship Code—Principles for Responsible Institutional Investors—aims to encourage long-term sustainable returns based on seven principles to guide investors on their stewardship responsibilities.
2020,The Bank of Canada Conducted Climate-related Scenario Analysis,https://www.greenfinanceplatform.org/policies-and-regulations/bank-canada-conducted-climate-related-scenario-analysis,https://www.greenfinanceplatform.org/sites/default/files/styles/flag_96_56_/public/country/flags/canada_0.png?itok=kkIfg6qU,Institution(s): Bank of Canada,Country: Canada,"In May 2020, the Bank of Canada adapted climate-economy models that have been applied in other contexts for use in climate-related scenario analysis."
2021,Pilot Climate Risk Stress Test on the Hong Kong banking sector,https://www.greenfinanceplatform.org/policies-and-regulations/pilot-climate-risk-stress-test-hong-kong-banking-sector,https://www.greenfinanceplatform.org/sites/default/files/styles/flag_96_56_/public/country/flags/china_0.png?itok=5mTa_Ix2,Institution(s): Hong Kong Monetary Authority (HKMA),Country: China,"In December 2021, the Hong Kong Monetary Authority (HKMA) launched a pilot climate risk stress test (CRST) assessment of the banking sector."
2021,Principles for Adopting Sustainable Investing in the Investment and Risk Management Processes of Hong Kong's MPF Funds,https://www.greenfinanceplatform.org/policies-and-regulations/principles-adopting-sustainable-investing-investment-and-risk-management,https://www.greenfinanceplatform.org/sites/default/files/styles/flag_96_56_/public/country/flags/china_0.png?itok=5mTa_Ix2,Institution(s): Mandatory Provident Fund Schemes Authority (MPFA),Country: China,"In November 2021, Hong Kong Mandatory Provident Fund Schemes Authority (MPFA) developed Principles for Adopting Sustainable Investing in the Investment and Risk Management Processes of Mandatory Provident Funds."
2020,Statement on Proposed Amendments to Modernize and Enhance Financial Disclosures,https://www.greenfinanceplatform.org/policies-and-regulations/statement-proposed-amendments-modernize-and-enhance-financial-disclosures,https://www.greenfinanceplatform.org/sites/default/files/styles/flag_96_56_/public/country/flags/us.png?itok=B_Tf7hVP,Institution(s): Securities and Exchange Commission (SEC),Country: United States of America,"SEC Chairman Jay Clayton issued a statement reaffirming the existing principles-based, materiality focused approach the Commission adopted in its"
2020,Japan's Green Bond Guidelines,https://www.greenfinanceplatform.org/policies-and-regulations/japans-green-bond-guidelines,https://www.greenfinanceplatform.org/sites/default/files/styles/flag_96_56_/public/country/flags/japan_0.png?itok=m9IqJMel,Institution(s): Ministry of the Environment (MOEJ),Country: Japan,"In 2020, Japan's Ministry of the Environment (MoE) published updated Green Bond Guidelines. The scope has been expanded to cover green loan and sustainability linked loans."
2020,Banco de México calls on financial sector to plan for environmental risks,https://www.greenfinanceplatform.org/policies-and-regulations/banco-de-m%C3%A9xico-calls-financial-sector-plan-environmental-risks,https://www.greenfinanceplatform.org/sites/default/files/styles/flag_96_56_/public/country/flags/mexico_0.png?itok=vzj2K6wp,Institution(s): Banco de Mexico,Country: Mexico,"Banco de México calls upon Mexican financial institutions to make a collective effort to incorporate environmental issues into their risk assessment and corporate governance strategies, as well as to take advantage of the opportunities that would result from the transition to a low-carbon economy."
2021,Johannesburg Stock Exchange's Guidances on Sustainability and Climate Disclosure,https://www.greenfinanceplatform.org/policies-and-regulations/johannesburg-stock-exchanges-guidances-sustainability-and-climate,https://www.greenfinanceplatform.org/sites/default/files/styles/flag_96_56_/public/country/flags/south-africa_0.png?itok=_HHbn--4,Institution(s): Johannesburg Stock Exchange,Country: South Africa,"In June 2022, the Johannesburg Stock Exchange (JSE) published Sustainability Disclosure Guidance and Climate Disclosure Guidance."
2021,"Muscat Stock Exchange's division on ESG, Diversity and Inclusion",https://www.greenfinanceplatform.org/policies-and-regulations/muscat-stock-exchanges-division-esg-diversity-and-inclusion,https://www.greenfinanceplatform.org/sites/default/files/styles/flag_96_56_/public/country/flags/oman_0.png?itok=p1JSL6uo,Institution(s): Muscat Stock Exchange (MSE),Country: Oman,"In November 2021, the Muscat Stock Exchange (MSE) established division entitled ""ESG, Diversity and Inclusion""."
2020,Hong Kong Stock Exchange’s Guide for Board and Directors ‘Leadership Role and Accountability in ESG’,https://www.greenfinanceplatform.org/policies-and-regulations/hong-kong-stock-exchange%E2%80%99s-guide-board-and-directors-%E2%80%98leadership-role-and,https://www.greenfinanceplatform.org/sites/default/files/styles/flag_96_56_/public/country/flags/china_0.png?itok=5mTa_Ix2,Institution(s): Hong Kong Exchanges and Clearing Limited (HKEX),Country: China,"On 17 May 2019, The Stock Exchange of Hong Kong Limited published a “Consultation Paper on Review of the Environmental, Social"
2020,Technical Expert Group on Sustainable Finance Setup to Help Implement Measures in the European Commission's Action Plan on Financing Sustainable Growth,https://www.greenfinanceplatform.org/policies-and-regulations/technical-expert-group-sustainable-finance-setup-help-implement-measures,https://www.greenfinanceplatform.org/sites/default/files/styles/flag_96_56_/public/country/flags/EU.png?itok=7FBcPJet,Institution(s): European Commission,Country: EU,The European Commission (EC) setup a Technical Expert Group on Sustainable Finance (TEG) in June 2018 to support the implementation of measures identified in its 2018 Action Plan on Financing Sustainable Growth.
2020,United Arab Emirates Guiding Principles on Sustainable Finance,https://www.greenfinanceplatform.org/policies-and-regulations/united-arab-emirates-guiding-principles-sustainable-finance,https://www.greenfinanceplatform.org/sites/default/files/styles/flag_96_56_/public/country/flags/uae.png?itok=6HFJs6Eq,"Institution(s): Dubai FSA, CBUAE, Insurance Authority, Securities and Commodities Authority, Financial Services Regulatory Authority of the Abu Dhabi Global Market, Ministry of Climate Change and Environment, Dubai Islamic Economy Development Centre, Dubai Financial Market, Nasdaq Dubai, and Abu Dhabi Securities Exchange",Country: United Arab Emirates,"The Guiding Principles on Sustainable Finance are aimed at the integration of Environmental, Social, and Corporate Governance (ESG) factors into governance, strategy, and risk management of UAE financial firms, along with the promotion of appropriate ESG-related reporting and disclosures."
2021,HKEX's Net-Zero Guide for Business,https://www.greenfinanceplatform.org/policies-and-regulations/hkexs-net-zero-guide-business,https://www.greenfinanceplatform.org/sites/default/files/styles/flag_96_56_/public/country/flags/china_0.png?itok=5mTa_Ix2,Institution(s): Hong Kong Exchanges and Clearing Limited (HKEX),Country: China,"In December 2021, Hong Kong Exchanges and Clearing Limited (HKEX) published a Practical Net-Zero Guide for Business."
2020,Egypt’s Ministry of Finance to issue Sovereign Bonds,https://www.greenfinanceplatform.org/policies-and-regulations/egypt%E2%80%99s-ministry-finance-issue-sovereign-bonds,https://www.greenfinanceplatform.org/sites/default/files/styles/flag_96_56_/public/country/flags/egypt_0.png?itok=lwzvUCrU,Institution(s): Financial Regulatory Authority (FRA),Country: Egypt,"In January 2020, the Ministry of Finance of the Arab Republic of Egypt announced plan to issue green bonds."
2021,Singapore Exchange's Mandatory Climate Reporting,https://www.greenfinanceplatform.org/policies-and-regulations/singapore-exchanges-mandatory-climate-reporting,https://www.greenfinanceplatform.org/sites/default/files/styles/flag_96_56_/public/country/flags/singapore_0.png?itok=YHx8c5Nt,Institution(s): Singapore Exchange (SGX),Country: Singapore,"In December 2021, the Singapore Exchange (SGX) mandates climate disclosure for all issuers on a ‘comply or explain’ basis."
2020,People's Bank of China Green Bond Endorsed Project Catalogue (2020 Edition),https://www.greenfinanceplatform.org/policies-and-regulations/peoples-bank-china-green-bond-endorsed-project-catalogue-2020-edition,https://www.greenfinanceplatform.org/sites/default/files/styles/flag_96_56_/public/country/flags/china_0.png?itok=5mTa_Ix2,"Institution(s): People’s Bank of China (PBoC), China’s central bank, the China Securities & Regulatory Commission (CSRC) and the National Development & Reform Commission (NDRC)",Country: China,"The People's Bank of China (""PBOC"") issued Guidelines defining criteria and category for green bond projects, which cover green financial bonds within the inter-bank market."
2020,Green Bond Accelerator Programme,https://www.greenfinanceplatform.org/policies-and-regulations/green-bond-accelerator-programme,https://www.greenfinanceplatform.org/sites/default/files/styles/flag_96_56_/public/country/flags/uae.png?itok=6HFJs6Eq,"Institution(s): Abu Dhabi Department of Energy (DoE), Abu Dhabi Global Market (ADGM) and Abu Dhabi Securities Exchange (ADX).",Country: United Arab Emirates,The Abu Dhabi Department of Energy (DoE) launched a Green Bond Accelerator initiative with Abu Dhabi Global Market (ADGM) and Abu Dhabi Securities Exchange (ADX).
2021,Indonesia's Sustainable Finance Roadmap Phase II (2021 - 2025),https://www.greenfinanceplatform.org/policies-and-regulations/indonesias-sustainable-finance-roadmap-phase-ii-2021-2025,https://www.greenfinanceplatform.org/sites/default/files/styles/flag_96_56_/public/country/flags/indonesia_0.png?itok=L38_jaSc,Institution(s): Financial Services Authority of Indonesia (OJK),Country: Indonesia,"In November 2021, Indonesia Financial Services Authority (OJK) prepared Sustainable Finance Roadmap Phase II for 2021-2025."
2021,Indonesia Stock Exchange's ESG Sector Leaders and ESG Quality 45 indices,https://www.greenfinanceplatform.org/policies-and-regulations/indonesia-stock-exchanges-esg-sector-leaders-and-esg-quality-45-indices,https://www.greenfinanceplatform.org/sites/default/files/styles/flag_96_56_/public/country/flags/indonesia_0.png?itok=L38_jaSc,Institution(s): Indonesia Stock Exchange (IDX),Country: Indonesia,"In December of 2021, the Indonesia Stock Exchange (IDX) introduced two indices focused on ESG in cooperation with the Indonesian Biodiversity Convservation Trust Fund (Kehati) Foundation."
2020,Green Bonds in Russia,https://www.greenfinanceplatform.org/policies-and-regulations/green-bonds-russia,https://www.greenfinanceplatform.org/sites/default/files/styles/flag_96_56_/public/country/flags/russia.png?itok=nc3EQ33j,"Institution(s): RSB KHMAO LLC, Russian Railways, and Moscow Exchange",Country: Russia,"In December 2018, RSB KHMAO LLC, a Siberian waste management company, financed a concession project pertaining to waste management through the issuance of a green bond."
2020,German Finance Agency launched first Green Federal Bond,https://www.greenfinanceplatform.org/policies-and-regulations/german-finance-agency-launched-first-green-federal-bond,https://www.greenfinanceplatform.org/sites/default/files/styles/flag_96_56_/public/country/flags/germany_0.png?itok=oLuTPe9k,Institution(s): German Federal Government,Country: Germany,The Federal Republic of Germany – Finance Agency launched a 10-year green bond on September 2020.
2020,Abu Dhabi Sustainable Finance Declaration,https://www.greenfinanceplatform.org/policies-and-regulations/abu-dhabi-sustainable-finance-declaration,https://www.greenfinanceplatform.org/sites/default/files/styles/flag_96_56_/public/country/flags/uae.png?itok=6HFJs6Eq,Institution(s): Abu Dhabi Global Market (ADGM),Country: United Arab Emirates,"The Abu Dhabi Sustainable Finance Declaration is a cooperation among government, regulators and key UAE and international institutions."
2021,Nairobi Securities Exchange (NSE)'s ESG Disclosures Guidance Manual,https://www.greenfinanceplatform.org/policies-and-regulations/nairobi-securities-exchange-nses-esg-disclosures-guidance-manual,https://www.greenfinanceplatform.org/sites/default/files/styles/flag_96_56_/public/country/flags/kenya_0.png?itok=pESOJdrE,Institution(s): Nairobi Securities Exchange (NSE),Country: Kenya,"In November 2021, the Nairobi Securities Exchange (NSE) launched Environmental, Social and Governance (ESG) Disclosures Guidance Manual."
2021,Resolution (No.1587) on Approval of the Criteria for Sustainable Development Projects and the Verification System Requirements,https://www.greenfinanceplatform.org/policies-and-regulations/resolution-no1587-approval-criteria-sustainable-development-projects-and,https://www.greenfinanceplatform.org/sites/default/files/styles/flag_96_56_/public/country/flags/russia.png?itok=nc3EQ33j,Institution(s): Russian Government,Country: Russia,"On 21 September 2021, the Russian Government approved the Resolution (No.1587) on ""Approval of the Criteria for Sustainable (including green) Development Projects and the Verification System Requirements for Sustainable Development Projects in the Russian Federation""."
2020,Sustainability Bond Framework,https://www.greenfinanceplatform.org/policies-and-regulations/sustainability-bond-framework,https://www.greenfinanceplatform.org/sites/default/files/styles/flag_96_56_/public/country/flags/luxembourg_0.png?itok=O5z3L-FB,Institution(s): Ministry of Finance,Country: Luxembourg,"Luxembourg launched a Sustainability Bond Framework which meets the ICMA Green, Social and Sustainability Bonds principles and comply with the recommendations of the European Taxonomy Regulation."
2020,The Reserve Bank of New Zealand’s Governor calls for mandatory disclosure of climate risk,https://www.greenfinanceplatform.org/policies-and-regulations/reserve-bank-new-zealand%E2%80%99s-governor-calls-mandatory-disclosure-climate-risk,https://www.greenfinanceplatform.org/sites/default/files/styles/flag_96_56_/public/country/flags/new-zealand.png?itok=BQZSuMh_,Institution(s): Reserve Bank of New Zealand (RBNZ),Country: New Zealand,"In May 2020, the Reserve Bank of New Zealand’s Governor, Adrian Orr, delivered a speech about the importance of climate-related financial disclosures."
2020,ACPR Recommendations for French Banking Institutions about Governance and Management of Climate-related Risks,https://www.greenfinanceplatform.org/policies-and-regulations/acpr-recommendations-french-banking-institutions-about-governance-and,https://www.greenfinanceplatform.org/sites/default/files/styles/flag_96_56_/public/country/flags/france_0.png?itok=2p1RJfXu,Institution(s): Autorité de contrôle prudentiel et de résolution (ACPR),Country: France,"Following a consultation process with the French banking industry, the French Prudential Supervision and Resolution Authority (ACPR) published its recommendations pertaining to the French banking sector’s governance and management of climate-related risks."
2021,Tunis Stock Exchange's ESG Reporting Guide,https://www.greenfinanceplatform.org/policies-and-regulations/tunis-stock-exchanges-esg-reporting-guide,https://www.greenfinanceplatform.org/sites/default/files/styles/flag_96_56_/public/country/flags/tunisia_0.png?itok=p95W3Y_K,Institution(s): Tunis Stock Exchange,Country: Tunisia,"In December 2021, the Tunis Stock Exchange published ESG Reporting Guide."
2021,Spanish Treasury's funding strategy on green bond issuance,https://www.greenfinanceplatform.org/policies-and-regulations/spanish-treasurys-funding-strategy-green-bond-issuance,https://www.greenfinanceplatform.org/sites/default/files/styles/flag_96_56_/public/country/flags/spain_0.png?itok=B3Fylj_H,Institution(s): Tesoro Público,Country: Spain,The Tesoro Público (Spanish Treasury) announced to reopen and continue green bond issue in the coming years.
2020,The European Central Bank published a draft guide on climate-related and environmental risks,https://www.greenfinanceplatform.org/policies-and-regulations/european-central-bank-published-draft-guide-climate-related-and,https://www.greenfinanceplatform.org/sites/default/files/styles/flag_96_56_/public/country/flags/EU.png?itok=7FBcPJet,Institution(s): European Central Bank,Country: EU,The European Central Bank (ECB) published a guide for consultation that explains how it expects banks to safely and prudently manage climate-related and environmental risks and disclose such risks transparently under the current prudential framework.
2020,Sweden’s Sovereign Green Bond Framework,https://www.greenfinanceplatform.org/policies-and-regulations/sweden%E2%80%99s-sovereign-green-bond-framework,https://www.greenfinanceplatform.org/sites/default/files/styles/flag_96_56_/public/country/flags/sweden_0.png?itok=TjU2UwgD,Institution(s): Government Offices of Sweden,Country: Sweden,The Swedish government adopted a framework for the issuance of sovereign green bonds. The Framework includes a transparent and clear outline of the various expenditures and appropriations.
2020,Johannesburg Stock Exchange to evolve Green Bond Segment to all-encompassing Sustainability Segment,https://www.greenfinanceplatform.org/policies-and-regulations/johannesburg-stock-exchange-evolve-green-bond-segment-all-encompassing,https://www.greenfinanceplatform.org/sites/default/files/styles/flag_96_56_/public/country/flags/south-africa_0.png?itok=_HHbn--4,Institution(s): Johannesburg Stock Exchange,Country: South Africa,The Johannesburg Stock Exchange expended the Green Bond Segment to a fully-fledged Sustainability Segment.
2021,Egypt Financial Regulatory Authority's amendment of regulation of Capital Market Law,https://www.greenfinanceplatform.org/policies-and-regulations/egypt-financial-regulatory-authoritys-amendment-regulation-capital-market,https://www.greenfinanceplatform.org/sites/default/files/styles/flag_96_56_/public/country/flags/egypt_0.png?itok=lwzvUCrU,Institution(s): Egyptian Financial Regulatory Authority,Country: Egypt,"In November 2021, Egypt's Financial Regulatory Authority (FRA) approved a draft amendment in the Capital Market Law No. 95 of 1992, in regards to regulating bonds, securitization bonds and sukuk."
2021,Guidance on Climate-Related Risk Management,https://www.greenfinanceplatform.org/policies-and-regulations/guidance-climate-related-risk-management,https://www.greenfinanceplatform.org/sites/default/files/styles/flag_96_56_/public/country/flags/kenya_0.png?itok=pESOJdrE,Institution(s): Central Bank of Kenya,Country: Kenya,"In October 2021, the Central Bank of Kenya published Guidance on Climate-related Risk Management under section 33(4) of the Banking Act."
2020,European Central Bank’s Corporate Sector Purchase Programme (CSPP) moves toward green assets,https://www.greenfinanceplatform.org/policies-and-regulations/european-central-bank%E2%80%99s-corporate-sector-purchase-programme-cspp-moves,https://www.greenfinanceplatform.org/sites/default/files/styles/flag_96_56_/public/country/flags/EU.png?itok=7FBcPJet,Institution(s): European Central Bank,Country: EU,"In July 2020, Christine Lagarde, president of the European Central Bank, announced that they will begin to use the bank’s asset purchase scheme to pursue green objectives"
2020,PAS 7341:2020 Responsible and sustainable investment management – Specification Responsible and sustainable investment management - Specification,https://www.greenfinanceplatform.org/policies-and-regulations/pas-73412020-responsible-and-sustainable-investment-management,https://www.greenfinanceplatform.org/sites/default/files/styles/flag_96_56_/public/country/flags/uk.png?itok=sEHdJaOS,"Institution(s): U.K. Department for Business, Energy & Industrial Strategy and British Standards Institution",Country: United Kingdom of Great Britain and Northern Ireland,"In October 2020, British Standards Institution, a national standards body, in collaboration with U.K. Department for Business, Energy & Industrial Strategy issued the first set of standards for responsible and sustainable investment management, building on the UK Government's green finance strategy."
2020,Launch of the Sustainability Dimension of the Central Bank of Brazil’s Agenda,https://www.greenfinanceplatform.org/policies-and-regulations/launch-sustainability-dimension-central-bank-brazil%E2%80%99s-agenda,https://www.greenfinanceplatform.org/sites/default/files/styles/flag_96_56_/public/country/flags/brazil_0.png?itok=aFUtStI-,Institution(s): Central Bank of Brazil,Country: Brazil,"Brazil's central bank launched a ""Sustainability"" agenda that will further embed green and climate issues into its policies and decisions on currency reserves management, bank stress tests and lending criteria."
2020,The Sustainable Finance Committee of the Federal Government,https://www.greenfinanceplatform.org/policies-and-regulations/sustainable-finance-committee-federal-government,https://www.greenfinanceplatform.org/sites/default/files/styles/flag_96_56_/public/country/flags/germany_0.png?itok=oLuTPe9k,Institution(s): Sustainable Finance Committee,Country: Germany,"In June 2019, the German Government created a Sustainable Finance Committee (SFB) to advise on the development and implementation of its Sustainable Finance Strategy."
2020,The EU Plan for the Economic Recovery,https://www.greenfinanceplatform.org/policies-and-regulations/eu-plan-economic-recovery,https://www.greenfinanceplatform.org/sites/default/files/styles/flag_96_56_/public/country/flags/EU.png?itok=7FBcPJet,Institution(s): European Commission,Country: EU,"On 21 July 2020, the EU leaders agreed on a recovery plan and a multiannual financial framework for 2021-2027."
2020,Canadian Net-Zero Emissions Accountability Act (Bill C-12),https://www.greenfinanceplatform.org/policies-and-regulations/canadian-net-zero-emissions-accountability-act-bill-c-12,https://www.greenfinanceplatform.org/sites/default/files/styles/flag_96_56_/public/country/flags/canada_0.png?itok=kkIfg6qU,Institution(s): Canadian Minister of Environment and Climate Change,Country: Canada,"On November 19, 2020, the Canadian Minister of Environment and Climate Change tabled Bill C-12, which established the framework for national greenhouse gas emission reduction targets to attain net-zero emissions by 2050."
2020,Mongolia Green Taxonomy,https://www.greenfinanceplatform.org/policies-and-regulations/mongolia-green-taxonomy,https://www.greenfinanceplatform.org/sites/default/files/styles/flag_96_56_/public/country/flags/mongolia_0.png?itok=3YBv44A9,Institution(s): Financial Stability Commission of Mongolia,Country: Mongolia,"The Taxonomy focuses on four environmental objectives: climate change mitigation and adaptation, pollution prevention, resource conservation and livehood improvement."
2020,Sustainability in Switzerland’s financial sector,https://www.greenfinanceplatform.org/policies-and-regulations/sustainability-switzerland%E2%80%99s-financial-sector,https://www.greenfinanceplatform.org/sites/default/files/styles/flag_96_56_/public/country/flags/syrian-arab-republic_0.png?itok=-PU8xFPb,Institution(s): Federal Office for the Environment (FOEN) and State Secretariat for International Finance (SIF),Country: Switzerland,"On June 2020, the Federal Council adopted a report and guidelines on sustainability in the financial sector which provides a complete overview of possible measures and evaluates them."
2020,Bank of Russia Recommendations for the Implementation of the Principles for Responsible Investment,https://www.greenfinanceplatform.org/policies-and-regulations/bank-russia-recommendations-implementation-principles-responsible,https://www.greenfinanceplatform.org/sites/default/files/styles/flag_96_56_/public/country/flags/russia.png?itok=nc3EQ33j,Institution(s): Central Bank of Russia,Country: Russia,"For the purpose of developing approaches to responsible investment in the Russian financial markets, the Bank of Russia circulated recommendations aim to help institutional investors build effective relations and improve the dialogue with their investee companies."
2020,Sustainable Finance Framework (Circular No. 1085) for banks,https://www.greenfinanceplatform.org/policies-and-regulations/sustainable-finance-framework-circular-no-1085,https://www.greenfinanceplatform.org/sites/default/files/styles/flag_96_56_/public/country/flags/philippines_0.png?itok=O07zVx8C,Institution(s): Central Bank of the Philippines (Bangko Sentral ng Pilipinas),Country: Philippines,"Under the recognition that climate change and other environmental and social risks may pose financial stability concerns, the Bangko Sentral ng Pilipinas (BSP), the central bank of the Philippines, issued the country's first Sustainable Financial Framework in April 2020."
2020,Recommendations for the Implementation of the Principles of Responsible Investment,https://www.greenfinanceplatform.org/policies-and-regulations/recommendations-implementation-principles-responsible-investment,https://www.greenfinanceplatform.org/sites/default/files/styles/flag_96_56_/public/country/flags/russia.png?itok=nc3EQ33j,Institution(s): Bank of Russia,Country: Russia,In July 2020 the Bank of Russia circulated Recommendations for the Implementation of the Principles of Responsible Investment to help institutional investors build effective relations and improve the dialogue with their investee companies.
2020,Good Practice Guide for Issuing Green Bonds,https://www.greenfinanceplatform.org/policies-and-regulations/good-practice-guide-issuing-green-bonds,https://www.greenfinanceplatform.org/sites/default/files/styles/flag_96_56_/public/country/flags/colombia_0.png?itok=18Venzwa,Institution(s): Superintendencia Financiera de Colombia,Country: Colombia,"On September 2020, the Superintendencia Financiera de Colombia (SFC, the Financial Superintendence of Colombia), with IFC and World Bank support, published a Good Practice Guide for Issuing Green Bonds on how to comply with the highest standards of transparency."
2020,Sustainable Finance Guidelines,https://www.greenfinanceplatform.org/policies-and-regulations/sustainable-finance-guidelines,https://www.greenfinanceplatform.org/sites/default/files/styles/flag_96_56_/public/country/flags/syrian-arab-republic_0.png?itok=-PU8xFPb,Institution(s): Swiss Confederation,Country: Switzerland,"On June 2020, the Federal Council adopted guidelines on sustainability in the financial sector. The aim is to make Switzerland a leading location for sustainable financial services."
2020,Practical Handbook for ESG Disclosure,https://www.greenfinanceplatform.org/policies-and-regulations/practical-handbook-esg-disclosure,https://www.greenfinanceplatform.org/sites/default/files/styles/flag_96_56_/public/country/flags/japan_0.png?itok=m9IqJMel,"Institution(s): Japan Exchange Group, Inc. and Tokyo Stock Exchange, Inc.",Country: Japan,"The aim of the Handbook is to be a helpful reference material for listed companies wanting to improve their mid- to long-term corporate value by understanding ESG and the spread of ESG investment, progressing their ESG activities in a way fitting to the company, and enacting dialogue with investors and other stakeholders."
2020,The Financial Market Commission’s Strategy for Addressing Climate Change in financial markets,https://www.greenfinanceplatform.org/policies-and-regulations/financial-market-commission%E2%80%99s-strategy-addressing-climate-change-financial,https://www.greenfinanceplatform.org/sites/default/files/styles/flag_96_56_/public/country/flags/chile_0.png?itok=5YdpA9FY,Institution(s): Financial Market Commission (CMF),Country: Chile,The Commission's Strategy for Addressing Climate Change in financial markets aims to boost the dissemination of information associated with climate change; facilitate the development of a green financial market; and integrate climate risks into prudential supervision.
2020,Managing Climate Risk in the U.S. Financial System,https://www.greenfinanceplatform.org/policies-and-regulations/managing-climate-risk-us-financial-system,https://www.greenfinanceplatform.org/sites/default/files/styles/flag_96_56_/public/country/flags/us.png?itok=B_Tf7hVP,Institution(s): U.S. Commodity Futures Trading Commission,Country: United States of America,"On September 2020, the Climate-Related Market Risk Subcommittee of the Market Risk Advisory Committee of the Commodity Futures Trading Commission released a comprehensive report addressing potential risks to the financial system arising from, or related to, climate change."
2020,ESG Reporting Guide,https://www.greenfinanceplatform.org/policies-and-regulations/esg-reporting-guide,https://www.greenfinanceplatform.org/sites/default/files/styles/flag_96_56_/public/country/flags/bahrain_0.png?itok=IxVu8q7H,Institution(s): Bahrain Bourse,Country: Bahrain,"In June 2020, Bahrain Bourse launched its voluntary environmental, social and governance (ESG) reporting guideline for listed companies and other stakeholders."
2020,Stewardship Principles for Institutional Investors,https://www.greenfinanceplatform.org/policies-and-regulations/stewardship-principles-institutional-investors,https://www.greenfinanceplatform.org/sites/default/files/styles/flag_96_56_/public/country/flags/china_0.png?itok=5mTa_Ix2,Institution(s): Taiwan Stock Exchange (TWSE),Country: China,The TWSE published “Stewardship Principles for Institutional Investors” with the goal of enhancing long-term value for both institutional investors and capital providers.
2020,TCFD Guidance 2.0,https://www.greenfinanceplatform.org/policies-and-regulations/tcfd-guidance-20,https://www.greenfinanceplatform.org/sites/default/files/styles/flag_96_56_/public/country/flags/japan_0.png?itok=m9IqJMel,Institution(s): TCFD Consortium,Country: Japan,This guidance has been developed to enhance disclosure by companies in line with the TCFD recommendations
2020,Swiss National Bank Monetary policy meeting December 2020,https://www.greenfinanceplatform.org/policies-and-regulations/swiss-national-bank-monetary-policy-meeting-december-2020,https://www.greenfinanceplatform.org/sites/default/files/styles/flag_96_56_/public/country/flags/syrian-arab-republic_0.png?itok=-PU8xFPb,Institution(s): Swiss National Bank (SNB),Country: Switzerland,The Swiss National Bank is now expanding the exclusion criterion pertaining to the environment by excluding all companies primarily active in the mining of coal from their portfolios.
2020,New Zealand Mandatory TCFD Reporting,https://www.greenfinanceplatform.org/policies-and-regulations/new-zealand-mandatory-tcfd-reporting,https://www.greenfinanceplatform.org/sites/default/files/styles/flag_96_56_/public/country/flags/new-zealand.png?itok=BQZSuMh_,Institution(s): New Zealand Government,Country: New Zealand,New Zealand is the first country in the world to introduce a mandatory climate-related financial disclosure regime.
2020,SBS consults on ESG incorporation by pension funds,https://www.greenfinanceplatform.org/policies-and-regulations/sbs-consults-esg-incorporation-pension-funds,https://www.greenfinanceplatform.org/sites/default/files/styles/flag_96_56_/public/country/flags/peru_0.png?itok=x-NZ4Xtd,"Institution(s): Superintendencia de Banca, Seguros y AFP",Country: Peru,"Superintendencia de Banca, Seguros y AFP (SBS Perú) is consulting on a pension fund regulatory update which would require pension funds to disclose how they incorporate ESG issues into investment decision making."
2020,S&P/BMV Total Mexico ESG Index,https://www.greenfinanceplatform.org/policies-and-regulations/spbmv-total-mexico-esg-index,https://www.greenfinanceplatform.org/sites/default/files/styles/flag_96_56_/public/country/flags/mexico_0.png?itok=vzj2K6wp,Institution(s): Mexican Stock Exchange (BMV),Country: Mexico,The S&P/BMV Total Mexico ESG Index is designed to measure the performance of stocks within the S&P/BMV Total Mexico Index that meet sustainability criteria.
2020,China's central bank Governor speech on Supporting low carbon development with green finance,https://www.greenfinanceplatform.org/policies-and-regulations/chinas-central-bank-governor-speech-supporting-low-carbon-development-green,https://www.greenfinanceplatform.org/sites/default/files/styles/flag_96_56_/public/country/flags/china_0.png?itok=5mTa_Ix2,Institution(s): People’s Bank of China (PBoC),Country: China,"People’s Bank of China (PBoC) Governor Yi Gang announced the following priorities to better support green recovery and green transition, in line with China’s goal to achieve carbon neutrality by 2060:"
2020,Ukraine plans to mobilize sustainable finance,https://www.greenfinanceplatform.org/policies-and-regulations/ukraine-plans-mobilize-sustainable-finance,https://www.greenfinanceplatform.org/sites/default/files/styles/flag_96_56_/public/country/flags/ukraine_0.png?itok=RGQcfCc0,Institution(s): National Securities and Stock Market Commission (NSSMC),Country: Ukraine,National Securities and Stock Market Commission (NSSMC) signed a cooperation agreement with IFC to boost climate finance in Ukraine.
2020,Roadmap for Sustainable Finance in Sri Lanka,https://www.greenfinanceplatform.org/policies-and-regulations/roadmap-sustainable-finance-sri-lanka,https://www.greenfinanceplatform.org/sites/default/files/styles/flag_96_56_/public/country/flags/srilanka_0.png?itok=88wzMpag,Institution(s): Central Bank of Sri Lanka,Country: Sri Lanka,"This Roadmap provides a broad direction to financial regulators and financial institutions to effectively manage environmental, social and governance (ESG) risks associated with projects they finance and promotes assistance to businesses that are greener, climate-friendly and socially inclusive."
2020,Russian Green Finance Guidelines,https://www.greenfinanceplatform.org/policies-and-regulations/russian-green-finance-guidelines,https://www.greenfinanceplatform.org/sites/default/files/styles/flag_96_56_/public/country/flags/russia.png?itok=nc3EQ33j,Institution(s): Vnesheconombank (VEB),Country: Russia,"The Green Finance Guidelines aim at stimulating investments in the Russian Federation and attracting private investment to green finance projects contributing towards the national development goals of the Russian Federation, the UN Sustainable Development Goals, and the Paris Agreement."
2020,UK Government’s Economic Recovery Plan,https://www.greenfinanceplatform.org/policies-and-regulations/uk-government%E2%80%99s-economic-recovery-plan,https://www.greenfinanceplatform.org/sites/default/files/styles/flag_96_56_/public/country/flags/uk.png?itok=sEHdJaOS,Institution(s): UK Government,Country: United Kingdom of Great Britain and Northern Ireland,"The UK’s economic recovery plan includes a £3bn green investment package which aims to support around 140,000 green jobs, upgrade buildings and reduce GHG emissions by 65m kg CO2."
2020,Cross-Agency Steering Group’s Strategic Plan to Strengthen Hong Kong’s Financial Ecosystem to Support a Greener and More Sustainable Future,https://www.greenfinanceplatform.org/policies-and-regulations/cross-agency-steering-group%E2%80%99s-strategic-plan-strengthen-hong-kong%E2%80%99s,https://www.greenfinanceplatform.org/sites/default/files/styles/flag_96_56_/public/country/flags/china_0.png?itok=5mTa_Ix2,"Institution(s): Hong Kong Monetary Authority (HKMA), Securities and Futures Commission (SFC) and Hong Kong Exchanges and Clearing Limited (HKEX)",Country: China,"On December 2020, the Green and Sustainable Finance Cross-Agency Steering Group announced its"
2020,Consultation on Corporate Responsibility and ESG Risk Disclosures,https://www.greenfinanceplatform.org/policies-and-regulations/consultation-corporate-responsibility-and-esg-risk-disclosures,https://www.greenfinanceplatform.org/sites/default/files/styles/flag_96_56_/public/country/flags/israel_0.png?itok=q9EphMF8,Institution(s): Israel Securities Authority,Country: Israel,The Israel Securities Authority is seeking comments on the need for ESG disclosures in Israel’s capital market.
2020,ESG Reporting and Disclosure Principles,https://www.greenfinanceplatform.org/policies-and-regulations/esg-reporting-and-disclosure-principles,https://www.greenfinanceplatform.org/sites/default/files/styles/flag_96_56_/public/country/flags/georgia_0.png?itok=9UILVedW,Institution(s): National Bank of Georgia (NBG),Country: Georgia,"The Principles aim to assist commercial banks and other financial institutions to disclose Environmental, Social and Governance (ESG) related information in a relevant, useful, consistent and comparable manner."
2020,The South African Economic Reconstruction and Recovery Plan,https://www.greenfinanceplatform.org/policies-and-regulations/south-african-economic-reconstruction-and-recovery-plan,https://www.greenfinanceplatform.org/sites/default/files/styles/flag_96_56_/public/country/flags/south-africa_0.png?itok=_HHbn--4,Institution(s): South African government,Country: South Africa,South Africa’s economic reconstruction and recovery effort will include a significant green component.
2020,Norway’s green transition package,https://www.greenfinanceplatform.org/policies-and-regulations/norway%E2%80%99s-green-transition-package,https://www.greenfinanceplatform.org/sites/default/files/styles/flag_96_56_/public/country/flags/norway_0.png?itok=B27e-tlq,Institution(s): Norway Government,Country: Norway,"In June 2020, Norway announced NOK 3.6 billion green transition package to invest in sustainable power and infrastructure to help the country’s economy post-COVID-19."
2020,Swiss Federal Council fleshes out proposals for sustainable Swiss financial centre,https://www.greenfinanceplatform.org/policies-and-regulations/swiss-federal-council-fleshes-out-proposals-sustainable-swiss-financial,https://www.greenfinanceplatform.org/sites/default/files/styles/flag_96_56_/public/country/flags/syrian-arab-republic_0.png?itok=-PU8xFPb,Institution(s): Swiss Federal Council,Country: Switzerland,"On December 2020, the Swiss Federal Council adopted a set of measures with the aim to consolidate Switzerland's position as a leading location for sustainable financial services."
2020,Consultation on mandatory climate risk governance and TCFD reporting requirements for pension funds,https://www.greenfinanceplatform.org/policies-and-regulations/consultation-mandatory-climate-risk-governance-and-tcfd-reporting,https://www.greenfinanceplatform.org/sites/default/files/styles/flag_96_56_/public/country/flags/uk.png?itok=sEHdJaOS,Institution(s): UK Department of Work and Pensions,Country: United Kingdom of Great Britain and Northern Ireland,This consultation seeks views on policy proposals to require trustees of larger occupational pension schemes and authorised schemes to address climate change risks and opportunities through effective governance and risk management measures.
2020,Kingdom of Thailand’s Sustainable Financing Framework,https://www.greenfinanceplatform.org/policies-and-regulations/kingdom-thailand%E2%80%99s-sustainable-financing-framework,https://www.greenfinanceplatform.org/sites/default/files/styles/flag_96_56_/public/country/flags/thailand_0.png?itok=BOkrt9T1,"Institution(s): Ministry of Finance, Public Debt Management Office",Country: Thailand,"Kingdom of Thailand has developed a Sustainable Financing Framework under which it intends to issue green, social and sustainability bonds and loans, and use the proceeds to finance and refinance, in whole or in part, existing and future government loans or expenditures in the form of direct investment expenditures, subsidies, fiscal measures and operational expenditures."
2020,Sustainable Corporate Governance,https://www.greenfinanceplatform.org/policies-and-regulations/sustainable-corporate-governance,https://www.greenfinanceplatform.org/sites/default/files/styles/flag_96_56_/public/country/flags/EU.png?itok=7FBcPJet,Institution(s): European Commission,Country: EU,The EU opens a consultation on a proposed directive which could introduce mandatory human rights and environmental due diligence for EU companies across the supply chain.
2020,U.S. Fed says climate poses financial stability risks,https://www.greenfinanceplatform.org/policies-and-regulations/us-fed-says-climate-poses-financial-stability-risks,https://www.greenfinanceplatform.org/sites/default/files/styles/flag_96_56_/public/country/flags/us.png?itok=B_Tf7hVP,Institution(s): Federal Reserve,Country: United States of America,"In its biennial financial stability report, the U.S. Federal Reserve called out climate change among risks enumerated."
2020,Study of reporting practices of 10 French institutions using the TCFD Framework,https://www.greenfinanceplatform.org/policies-and-regulations/study-reporting-practices-10-french-institutions-using-tcfd-framework,https://www.greenfinanceplatform.org/sites/default/files/styles/flag_96_56_/public/country/flags/france_0.png?itok=2p1RJfXu,Institution(s): Autorité des marchés financiers (AMF),Country: France,"This study provides an analysis of climate reporting practices based on the recommendations of the TCFD framework for ten French financial institutions: banks, insurance companies and asset managers."
2020,Kingdom of Thailand’s first Sustainability Bond Issuance,https://www.greenfinanceplatform.org/policies-and-regulations/kingdom-thailand%E2%80%99s-first-sustainability-bond-issuance,https://www.greenfinanceplatform.org/sites/default/files/styles/flag_96_56_/public/country/flags/thailand_0.png?itok=BOkrt9T1,"Institution(s): Ministry of Finance, Public Debt Management Office",Country: Thailand,"In September 2020, the MOF’s Public Debt Management Office issued a THB30 billion sustainability bond to finance green infrastructure and social impact projects"
2020,Global Climate Action Strategy,https://www.greenfinanceplatform.org/policies-and-regulations/global-climate-action-strategy,https://www.greenfinanceplatform.org/sites/default/files/styles/flag_96_56_/public/country/flags/denmark_0.png?itok=jVLcfD-g,Institution(s): Danish Government,Country: Denmark,The Danish Government’s long-term strategy on global climate action aimed at shifting financial flows from black to green.
2020,Consultation Paper on the format for Business Responsibility and Sustainability Reporting,https://www.greenfinanceplatform.org/policies-and-regulations/consultation-paper-format-business-responsibility-and-sustainability,https://www.greenfinanceplatform.org/sites/default/files/styles/flag_96_56_/public/country/flags/india.png?itok=JjRiaKRC,Institution(s): The Securities and Exchange Board of India (SEBI),Country: India,The proposed new disclosures are an update on the existing Business Responsibility Reports to incorporate the National Guidelines for Responsible Business Conduct as well as an attempt to improve the data quality and utility of these disclosures based on lessons learnt from several years of BRR filings by companies as well as stakeholder consultations.
2020,HM Treasury Financial Services Statement,https://www.greenfinanceplatform.org/policies-and-regulations/hm-treasury-financial-services-statement,https://www.greenfinanceplatform.org/sites/default/files/styles/flag_96_56_/public/country/flags/uk.png?itok=sEHdJaOS,Institution(s): HM Treasury,Country: United Kingdom of Great Britain and Northern Ireland,"On November 2020, the Chancellor outlined proposals to support sustainable financial flows in the UK."
2020,Japan’s Green Growth Strategy,https://www.greenfinanceplatform.org/policies-and-regulations/japan%E2%80%99s-green-growth-strategy,https://www.greenfinanceplatform.org/sites/default/files/styles/flag_96_56_/public/country/flags/japan_0.png?itok=m9IqJMel,"Institution(s): Ministry of Economy, Trade and Industry (METI)",Country: Japan,"In December 2020, the Ministry of Economy, Trade and Industry (METI) formulated a “Green Growth Strategy towards 2050 Carbon Neutrality”."
2020,NZ SuperFund Climate Change Report 2020,https://www.greenfinanceplatform.org/policies-and-regulations/nz-superfund-climate-change-report-2020,https://www.greenfinanceplatform.org/sites/default/files/styles/flag_96_56_/public/country/flags/new-zealand.png?itok=BQZSuMh_,Institution(s): New Zealand Superannuation Fund,Country: New Zealand,"The New Zealand Super Fund released a Climate Change Report into how it assesses and manages climate-related risk and opportunities in its portfolio.

The report is based on reporting recommendations from the TCFD. The Fund’s climate strategy is based on four parts:"
2020,National Guidelines for Responsible Business Conduct,https://www.greenfinanceplatform.org/policies-and-regulations/national-guidelines-responsible-business-conduct,https://www.greenfinanceplatform.org/sites/default/files/styles/flag_96_56_/public/country/flags/india.png?itok=JjRiaKRC,Institution(s): Ministry of Corporate Affairs – Government of India,Country: India,"In March 2019, the National Voluntary Guidelines on Social, Environmental and Economic Responsibilities of Business were updated to include the Sustainable Development Goals (SDGs), and the United Nations Guiding Principles on Business & Human Rights (UNGPs) and were released as the National Guidelines for Responsible Business Conduct (NGRBC)."
2020,SEBI’s Stewardship Code for Institutional Investors,https://www.greenfinanceplatform.org/policies-and-regulations/sebi%E2%80%99s-stewardship-code-institutional-investors,https://www.greenfinanceplatform.org/sites/default/files/styles/flag_96_56_/public/country/flags/india.png?itok=JjRiaKRC,Institution(s): The Securities and Exchange Board of India (SEBI),Country: India,"The Securities and Exchange Board of India, which regulates India's securities market as well as mutual funds and alternative investment funds, has issued a stewardship code through its circular no. CIR/CFD/CMD1/ 168 /2019 dated December 24, 2019, which imposes a number of obligations on mutual funds and alternative investment funds, in their role as investors in listed Indian companies."
2020,Nigeria Economic Sustainability Plan,https://www.greenfinanceplatform.org/policies-and-regulations/nigeria-economic-sustainability-plan,https://www.greenfinanceplatform.org/sites/default/files/styles/flag_96_56_/public/country/flags/nigeria_0.png?itok=ci2p0754,Institution(s): Budget Office of the Federal Republic of Nigeria,Country: Nigeria,Nigeria’s Economic Sustainability Plan includes a commitment from the federal government to deliver and maintain 5 million new solar connections under a ‘solar power strategy’.
2020,Mandatory climate-related financial disclosure for companies receiving LEEFF funding,https://www.greenfinanceplatform.org/policies-and-regulations/mandatory-climate-related-financial-disclosure-companies-receiving-leeff,https://www.greenfinanceplatform.org/sites/default/files/styles/flag_96_56_/public/country/flags/canada_0.png?itok=kkIfg6qU,Institution(s): Canada Development Investment Corporation,Country: Canada,"Companies that receive LEEFF funding are required to complete annual climate-related disclosure report, highlighting how corporate governance, strategies, policies and practices will help manage climate-related risks and opportunities; and contribute to achieving Canada’s commitments under the Paris Agreement and goal of net zero by 2050."
2020,FRC Future of Corporate Reporting Consultation,https://www.greenfinanceplatform.org/policies-and-regulations/frc-future-corporate-reporting-consultation,https://www.greenfinanceplatform.org/sites/default/files/styles/flag_96_56_/public/country/flags/uk.png?itok=sEHdJaOS,Institution(s): Financial Reporting Council (FRC),Country: United Kingdom of Great Britain and Northern Ireland,The Financial Reporting Council published a discussion paper that sets out a vision for new principles-based framework for corporate reporting as a whole and recognizes the role of corporate reporting as a means of communication between companies and stakeholders.
2020,Climate benchmarking in the Swiss financial market,https://www.greenfinanceplatform.org/policies-and-regulations/climate-benchmarking-swiss-financial-market,https://www.greenfinanceplatform.org/sites/default/files/styles/flag_96_56_/public/country/flags/syrian-arab-republic_0.png?itok=-PU8xFPb,Institution(s): Federal Office for the Environment (FOEN) and the State Secretariat for International Financial Affairs (SIF),Country: Switzerland,"In 2020, the Federal Office for the Environment FOEN and the State Secretariat for International Financial Affairs SIF conducted climate compatibility tests on 179 financial institutions, including banks and asset managers using the Paris Agreement Capital Transition Assessment (PACTA) methodology."
2019,Germany Responded to a Global Survey on Implementation of the Recommendations of the Task Force on Climate-Related Financial Disclosures (TCFD),https://www.greenfinanceplatform.org/policies-and-regulations/germany-responded-global-survey-implementation-recommendations-task-force,https://www.greenfinanceplatform.org/sites/default/files/styles/flag_96_56_/public/country/flags/germany_0.png?itok=oLuTPe9k,Institution(s): Bundesanstalt für Finanzdienstleistungsaufsicht (BaFin),Country: Germany,"Germany has responded to a global survey by the Sustainable Insurance Forum (SIF), which has uncovered significant differences among many insurers’ and reinsurers’ levels of awareness, uptake, and implementation of the Recommendations of the Task Force on Climate-Related Financial Disclosures (TCFD)."
2020,Sustainable Finance Policy,https://www.greenfinanceplatform.org/policies-and-regulations/sustainable-finance-policy,https://www.greenfinanceplatform.org/sites/default/files/styles/flag_96_56_/public/country/flags/bangladesh_0.png?itok=dpKe9nmo,Institution(s): Bangladesh Bank (BB),Country: Bangladesh,"In December 2020, Bangladesh Bank issued the Sustainable Finance Policy for banks and financial institutions with an Excel reporting template and the Sustainability Rating for Banks and Financial Institutions, which provide comprehensive sustainable finance taxonomy, green taxonomy, and a sustainability rating system."
2019,Supervisory Statement (SS3/19) on Enhancing Banks’ and Insurers’ Approaches to Managing the Financial Risks from Climate Change,https://www.greenfinanceplatform.org/policies-and-regulations/supervisory-statement-ss319-enhancing-banks%E2%80%99-and-insurers%E2%80%99-approaches,https://www.greenfinanceplatform.org/sites/default/files/styles/flag_96_56_/public/country/flags/uk.png?itok=sEHdJaOS,Institution(s): Bank of England Prudential Regulation Authority,Country: United Kingdom of Great Britain and Northern Ireland,"In 2019, the Bank of England's Prudential Regulation Authority (PRA) issued a Supervisory Statement (SS3/19) that sets expectations for firms regarding their consideration of climate risk across four areas—governance arrangements, risk management, stress testing and scenario analysis, and disclosure."
2020,Climate Innovation Finance Strategy 2020,https://www.greenfinanceplatform.org/policies-and-regulations/climate-innovation-finance-strategy-2020,https://www.greenfinanceplatform.org/sites/default/files/styles/flag_96_56_/public/country/flags/japan_0.png?itok=m9IqJMel,Institution(s): Study Group on Environmental Innovation Finance,Country: Japan,Climate Innovation Finance Strategy 2020 is an interim report to convey Japan’s approaches to climate innovation finance to the rest of the world.
2020,Internal Review of Impacts of Climate Change on Supervisory Guidance,https://www.greenfinanceplatform.org/policies-and-regulations/internal-review-impacts-climate-change-supervisory-guidance,https://www.greenfinanceplatform.org/sites/default/files/styles/flag_96_56_/public/country/flags/australia_0.png?itok=MUgeIm54,Institution(s): Australian Prudential Regulation Authority (APRA),Country: Australia,The Australian Prudential Regulation Authority (APRA) has determined that climate change risks should continue to be managed in line with the minimum requirements set by the 2018 Prudential Standard CPS 220 Risk Management (CPS 220) and the 2020 Prudential Standard SPS 220 Risk Management (SPS 220).
2020,Antigua and Barbuda' Climate Resilience and Development Fund,https://www.greenfinanceplatform.org/policies-and-regulations/antigua-and-barbuda-climate-resilience-and-development-fund,https://www.greenfinanceplatform.org/sites/default/files/styles/flag_96_56_/public/country/flags/Antigua%20and%20Barbuda.png?itok=mkEXxRRS,"Institution(s): Minister of Finance, Antigua and Barbuda",Country: Antigua and Barbuda,The Government of Antigua and Barbuda announced the establishment of Climate Resilience and Development Fund (CRDF) in its 2020 Budget Statement.
2019,"Reserve Bank of India Guidelines on Lending to Priority Sectors, Including Renewable Energy",https://www.greenfinanceplatform.org/policies-and-regulations/reserve-bank-india-guidelines-lending-priority-sectors-including-renewable,https://www.greenfinanceplatform.org/sites/default/files/styles/flag_96_56_/public/country/flags/india.png?itok=JjRiaKRC,Institution(s): Reserve Bank of India,Country: India,"In August 2019, the Reserve Bank of India (RBI) revised its 2015 guidelines, which categorized the renewable energy sector as a priority lending sector, by adding a provision that allows banks to increase their exposure to non-banking financial companies (NBFC) by permitting on-lending for the priority sectors."
2019,A Framework for Assessing Financial Impacts of Physical Climate Change,https://www.greenfinanceplatform.org/policies-and-regulations/framework-assessing-financial-impacts-physical-climate-change,https://www.greenfinanceplatform.org/sites/default/files/styles/flag_96_56_/public/country/flags/uk.png?itok=sEHdJaOS,Institution(s): Bank of England Prudential Regulation Authority,Country: United Kingdom of Great Britain and Northern Ireland,A 2019 report published by the Bank of England's Prudential Regulation Authority (PRA) sets out a practical framework that can be used to assess the financial impacts of physical climate change risk for general insurance firms.
2020,Mexico issued a sovereign SDG bond,https://www.greenfinanceplatform.org/policies-and-regulations/mexico-issued-sovereign-sdg-bond,https://www.greenfinanceplatform.org/sites/default/files/styles/flag_96_56_/public/country/flags/mexico_0.png?itok=vzj2K6wp,Institution(s): Federal Government of Mexico,Country: Mexico,"In October 2020, the Federal Government of Mexico issued a 750-million-euro SDG Sovereign Bond, under its SDG Sovereign Bond Framework."
2020,Tel-Aviv Stock Exchange sustainability-related indexes,https://www.greenfinanceplatform.org/policies-and-regulations/tel-aviv-stock-exchange-sustainability-related-indexes,https://www.greenfinanceplatform.org/sites/default/files/styles/flag_96_56_/public/country/flags/israel_0.png?itok=q9EphMF8,Institution(s): Tel-Aviv Stock Exchange (TASE),Country: Israel,Tel-Aviv Stock Exchange (TASE) has three sustainability-related indexes
2019,French Insurers Facing Climate Change Risk,https://www.greenfinanceplatform.org/policies-and-regulations/french-insurers-facing-climate-change-risk,https://www.greenfinanceplatform.org/sites/default/files/styles/flag_96_56_/public/country/flags/france_0.png?itok=2p1RJfXu,Institution(s): Autorité de contrôle prudentiel et de résolution (ACPR),Country: France,"An analyses on the climate change risks faced by French insurance market players was conducted by France's Prudential Supervision and Resolution Authority (Autorité de contrôle prudentiel et de résolution, or ACPR) in 2019."
2020,Green Loan Statistics,https://www.greenfinanceplatform.org/policies-and-regulations/green-loan-statistics-0,https://www.greenfinanceplatform.org/sites/default/files/styles/flag_96_56_/public/country/flags/mongolia_0.png?itok=3YBv44A9,Institution(s): Central Bank of Mongolia,Country: Mongolia,"In July 2020, the Central Bank of Mongolia announced its national Green Loan Statistics, calculating the amount and ratio of green loans in the portfolio based on the Mongolia Green Taxonomy."
2019,Investment Guidance for Trustees of Defined Contributions (DC),https://www.greenfinanceplatform.org/policies-and-regulations/investment-guidance-trustees-defined-contributions-dc,https://www.greenfinanceplatform.org/sites/default/files/styles/flag_96_56_/public/country/flags/uk.png?itok=sEHdJaOS,Institution(s): The Pensions Regulator (TPR),Country: United Kingdom of Great Britain and Northern Ireland,"From October 2019, trustees of defined contributions (DC) schemes will be required to make their statement of investment principles (SIP) publicly available, and to include a link to the SIP with scheme members' annual benefits statements."
2020,Sustainable Finance Initiative,https://www.greenfinanceplatform.org/policies-and-regulations/sustainable-finance-initiative,https://www.greenfinanceplatform.org/sites/default/files/styles/flag_96_56_/public/country/flags/ecuador_0.png?itok=PDlfOuNU,Institution(s): Banco Central del Ecuador,Country: Ecuador,"In August 2020, Ecuador launched the Iniciativa de Finanzas Sostenibles, led by the Banco Central del Ecuador."
2020,Guatemala issued a sovereign social bond,https://www.greenfinanceplatform.org/policies-and-regulations/guatemala-issued-sovereign-social-bond,https://www.greenfinanceplatform.org/sites/default/files/styles/flag_96_56_/public/country/flags/guatemala_0.png?itok=AhBOvhHy,Institution(s): Republic of Guatemala,Country: Guatemala,"In April 2020, Guatemala issued US$ 500 million in social bonds to finance eligible social investments directly and indirectly related to COVID-19 prevention, containment and mitigation efforts."
2019,Financial Stability Review - Greening the Financial System,https://www.greenfinanceplatform.org/policies-and-regulations/financial-stability-review-greening-financial-system,https://www.greenfinanceplatform.org/sites/default/files/styles/flag_96_56_/public/country/flags/france_0.png?itok=2p1RJfXu,Institution(s): Banque de France,Country: France,"The Financial Stability Review provides an overview of the challenges and related risks associated with climate change, assesses its potential financial and macroeconomic impacts, and highlights the opportunities associated with financing the transition to a low-carbon economy."
2019,Brazil Responded to a Global Survey on Implementation of the Recommendations of the Task Force on Climate-Related Financial Disclosures (TCFD),https://www.greenfinanceplatform.org/policies-and-regulations/brazil-responded-global-survey-implementation-recommendations-task-force,https://www.greenfinanceplatform.org/sites/default/files/styles/flag_96_56_/public/country/flags/brazil_0.png?itok=aFUtStI-,Institution(s): Superintendência de Seguros Privados (SUSEP),Country: Brazil,"Brazil has responded to a global survey by the Sustainable Insurance Forum (SIF), which has uncovered significant differences among many insurers’ and reinsurers’ levels of awareness, uptake, and implementation of the Recommendations of the Task Force on Climate-Related Financial Disclosures (TCFD)."
2019,"Amendment to the UK's Pensions Act Requires Disclosure on Social, Environmental, and Ethical Considerations",https://www.greenfinanceplatform.org/policies-and-regulations/amendment-uks-pensions-act-requires-disclosure-social-environmental-and,https://www.greenfinanceplatform.org/sites/default/files/styles/flag_96_56_/public/country/flags/uk.png?itok=sEHdJaOS,Institution(s): HM Government,Country: United Kingdom of Great Britain and Northern Ireland,"Under the Local Government Pension Scheme (Management and Investment of Funds) Regulations 1999, regulation 9A stipulates that pension funds are to disclose in the Statement of Investment Principles (SIP) the extent (if at all) to which social, environmental, and ethical considerations are taken into account in the selection, retention, and realisation of the investment."
2020,Overview of the climate impact of financial market players’ action,https://www.greenfinanceplatform.org/policies-and-regulations/overview-climate-impact-financial-market-players%E2%80%99-action,https://www.greenfinanceplatform.org/sites/default/files/styles/flag_96_56_/public/country/flags/syrian-arab-republic_0.png?itok=-PU8xFPb,Institution(s): Federal Office for the Environment (FOEN),Country: Switzerland,"In November 2020, the Federal Office for the Environment (FOEN) commissioned a report to discuss the impact channels and associated measures that are theoretically available to financial market players with respect to their impact on the climate."
2020,Green Protocol,https://www.greenfinanceplatform.org/policies-and-regulations/green-protocol,https://www.greenfinanceplatform.org/sites/default/files/styles/flag_96_56_/public/country/flags/peru_0.png?itok=x-NZ4Xtd,Institution(s): Ministry of the Environment and the Association of Banks of Peru,Country: Peru,"In December 2020, the Ministry of Environment and finance sector stakeholders adopted the Green Protocol, which aims to ensure that priority is given to investments in ecologically sustainable projects in the future."
2019,France's Law on Business Growth and Transformation (PACTE Law),https://www.greenfinanceplatform.org/policies-and-regulations/frances-law-business-growth-and-transformation-pacte-law,https://www.greenfinanceplatform.org/sites/default/files/styles/flag_96_56_/public/country/flags/france_0.png?itok=2p1RJfXu,Institution(s): Government of France,Country: France,"Under the Law on Business Growth and Transformation (the “PACTE Law”), the management of French companies must take into consideration social and environmental issues. Companies are also encouraged to incorporate social objectives into their corporate purpose."
2019,Guidance on Reporting of Climate-Related Risks (CSA Staff Notice 51-538),https://www.greenfinanceplatform.org/policies-and-regulations/guidance-reporting-climate-related-risks-csa-staff-notice-51-538,https://www.greenfinanceplatform.org/sites/default/files/styles/flag_96_56_/public/country/flags/canada_0.png?itok=kkIfg6qU,Institution(s): Canadian Securities Administrators,Country: Canada,"CSA Staff Notice 51-538 Reporting of Climate Change-related Risks provides issuers, particularly smaller issuers, with guidance as to how they might approach preparing disclosures of material climate change-related risks."
2019,General Insurance Stress Tests (GIST) Cover Natural Catastrophe Scenarios and Climate Change Risks,https://www.greenfinanceplatform.org/policies-and-regulations/general-insurance-stress-tests-gist-cover-natural-catastrophe-scenarios-and,https://www.greenfinanceplatform.org/sites/default/files/styles/flag_96_56_/public/country/flags/uk.png?itok=sEHdJaOS,Institution(s): Bank of England and Prudential Regulation Authority (PRA),Country: United Kingdom of Great Britain and Northern Ireland,"The United Kingdom's Prudential Regulation Authority (PRA) conducts General Insurance Stress Tests (GIST) every two years to assess the potential impact of severe events, natural and man-made catastrophes, at the market level for the UK general insurance (GI) sector and to identify which firms would be most impacted by these events. The first GIST was conducted in 2015, with subsequent tests done in 2017 and 2019."
2020,"Federal Decree No. 10,387/2020",https://www.greenfinanceplatform.org/policies-and-regulations/federal-decree-no-103872020,https://www.greenfinanceplatform.org/sites/default/files/styles/flag_96_56_/public/country/flags/brazil_0.png?itok=aFUtStI-,Institution(s): Federal Government,Country: Brazil,"On June 2020, the Federal Government published Decree No. 10,387, which includes among the priority investment projects infrastructure projects with social and environmental benefits. Projects involving renewables, urban and low carbon transportation, and water and sanitation may access tax benefits and fast tracking, i.e. a simplified and faster issuance process."
2020,Guide for the Preparation of ESG Reports for Issuers in Colombia,https://www.greenfinanceplatform.org/policies-and-regulations/guide-preparation-esg-reports-issuers-colombia,https://www.greenfinanceplatform.org/sites/default/files/styles/flag_96_56_/public/country/flags/colombia_0.png?itok=18Venzwa,Institution(s): Colombia Stock Exchange,Country: Colombia,"In June 2020, Colombia Stock Exchange issued the Guide for the Preparation of ESG Reports for Issuers in Colombia, which elaborate the contents and other details for the environmental, social, and corporate governance (ESG) reports for issuers in Colombia."
2019,Hungary Credit Institutions to Establish Environmental Risk Management Systems,https://www.greenfinanceplatform.org/policies-and-regulations/hungary-credit-institutions-establish-environmental-risk-management-systems,https://www.greenfinanceplatform.org/sites/default/files/styles/flag_96_56_/public/country/flags/hungary_0.png?itok=KctM-Md-,Institution(s): Central Bank of Hungary (MNB),Country: Hungary,"According to the current plans of the Central Bank of Hungary (MNB), the recommendation requiring all credit institutions to have an environmental risk management system would be issued in 2020."
2019,The Climate Risk and Resilience Working Group of the United States' National Association of Insurance Commissioners,https://www.greenfinanceplatform.org/policies-and-regulations/climate-risk-and-resilience-working-group-united-states-national,https://www.greenfinanceplatform.org/sites/default/files/styles/flag_96_56_/public/country/flags/us.png?itok=B_Tf7hVP,Institution(s): National Association of Insurance Commissioners (NAIC),Country: United States of America,The United States' National Association of Insurance Commissioners' (NAIC) Climate Risk and Resilience Working Group will engage with industry and stakeholders in the U.S. and abroad on climate-related risk and resiliency issues.
2019,The Bank of Canada Announced a Multi-Year Research Initiative on Climate-Related Risks in its 2019 Financial System Review,https://www.greenfinanceplatform.org/policies-and-regulations/bank-canada-announced-multi-year-research-initiative-climate-related-risks,https://www.greenfinanceplatform.org/sites/default/files/styles/flag_96_56_/public/country/flags/canada_0.png?itok=kkIfg6qU,Institution(s): Bank of Canada,Country: Canada,The Bank of Canada has announced that it plans to undertake a multi-year research initiative to better understand the risks that climate change poses to the economy and financial system.
2020,Expert Panel on Sustainable Finance,https://www.greenfinanceplatform.org/policies-and-regulations/expert-panel-sustainable-finance,https://www.greenfinanceplatform.org/sites/default/files/styles/flag_96_56_/public/country/flags/japan_0.png?itok=m9IqJMel,Institution(s): Financial Services Agency (FSA),Country: Japan,"The Japanese Financial Services Agency has established an ‘Expert Panel on Sustainable Finance’ to discuss the future of sustainable finance policy, including policy approaches to ensure that financial institutions and financial and capital markets channel foreign and domestic investment into Japanese companies that support the transition to a carbon-neutral economy."
2020,Standard for the Management of Environmental and Social Risk applicable to the Institutions of the Financial System (Circular No. 028/2020),https://www.greenfinanceplatform.org/policies-and-regulations/standard-management-environmental-and-social-risk-applicable-institutions,https://www.greenfinanceplatform.org/sites/default/files/styles/flag_96_56_/public/country/flags/honduras_0.png?itok=raoAVuvy,Institution(s): National Banking and Insurance Commission (CNBS),Country: Honduras,"In August 2020, National Banking and Insurance Commission issued the Standard for the Management of Environmental and Social Risk applicable to the Institutions of the Financial System, the first national sustainable finance policy issued in the country. The document sets the standards for financial institutions to manage their environmental and social risk."
2019,The Strategy for the Development of Ireland's International Financial Services Sector to 2025,https://www.greenfinanceplatform.org/policies-and-regulations/strategy-development-irelands-international-financial-services-sector-2025,https://www.greenfinanceplatform.org/sites/default/files/styles/flag_96_56_/public/country/flags/ireland_0.png?itok=wS0Kxb69,Institution(s): Ministry of Finance and Ministry for Financial Services and Insurance,Country: Ireland,The Strategy for the Development of Ireland's International Financial Services (IFS) Sector to 2025 highlights the government's commitment to developing Ireland's international financial services (IFS) sector.
2019,California's Sustainable Insurance Roadmap,https://www.greenfinanceplatform.org/policies-and-regulations/californias-sustainable-insurance-roadmap,https://www.greenfinanceplatform.org/sites/default/files/styles/flag_96_56_/public/country/flags/us.png?itok=B_Tf7hVP,Institution(s): California Department of Insurance and United Nations Environment Programme,Country: United States of America,"The California Sustainable Insurance Roadmap is envisioned to pave the way for innovative risk management, insurance, and investment solutions that reduce climate risks and protect natural ecosystems."
2019,Canada Responded to a Global Survey on Implementation of the Recommendations of the Task Force on Climate-Related Financial Disclosures (TCFD),https://www.greenfinanceplatform.org/policies-and-regulations/canada-responded-global-survey-implementation-recommendations-task-force,https://www.greenfinanceplatform.org/sites/default/files/styles/flag_96_56_/public/country/flags/canada_0.png?itok=kkIfg6qU,Institution(s): Office of the Superintendent of Financial Institutions,Country: Canada,"Canada has responded to a global survey by the Sustainable Insurance Forum (SIF), which has uncovered significant differences among many insurers’ and reinsurers’ levels of awareness, uptake, and implementation of the Recommendations of the Task Force on Climate-Related Financial Disclosures (TCFD)."
2020,Clean Energy Finance Corporation (CEFC) Investment Policies,https://www.greenfinanceplatform.org/policies-and-regulations/clean-energy-finance-corporation-cefc-investment-policies,https://www.greenfinanceplatform.org/sites/default/files/styles/flag_96_56_/public/country/flags/australia_0.png?itok=MUgeIm54,Institution(s): Clean Energy Finance Corporation (CEFC),Country: Australia,The Clean Energy Finance Corporation (CEFC) is a corporate Commonwealth (federal government) entity that seeks to facilitate increased flows of finance into the clean energy sector.
2020,Sustainability Guide for Companies,https://www.greenfinanceplatform.org/policies-and-regulations/sustainability-guide-companies,https://www.greenfinanceplatform.org/sites/default/files/styles/flag_96_56_/public/country/flags/turkey_0.png?itok=J94-jd2Q,Institution(s): Borsa Istanbul,Country: Türkiye,"In August 2020, Borsa Istanbul issued the Sustainability Guide for Companies, which sets out the framework that companies should pay attention to, in order to meet investor expectations on action and reporting regarding ESG."
2019,The Kenya Green Bond Programme,https://www.greenfinanceplatform.org/policies-and-regulations/kenya-green-bond-programme,https://www.greenfinanceplatform.org/sites/default/files/styles/flag_96_56_/public/country/flags/kenya_0.png?itok=pESOJdrE,"Institution(s): Kenya Bankers Association (KBA), Nairobi Securities Exchange (NSE), Climate Bonds Initiative, Financial Sector Deepening (FSD) Africa, FMO - Dutch Development Bank, Kenyan Government Stakeholders",Country: Kenya,"The Kenya Green Bond Programme was launched in 2017 to promote financial sector innovation by developing a domestic green bond market. Since the Green Bond Programme was established, there have been several key developments, including the recent issuance of Kenya's first green bond in October 2019."
2019,Brazilian Resolution 3.792/2009 Requires Pension Funds to State Whether They Consider Environmental and Social Issues in Investment Decisions,https://www.greenfinanceplatform.org/policies-and-regulations/brazilian-resolution-37922009-requires-pension-funds-state-whether-they,https://www.greenfinanceplatform.org/sites/default/files/styles/flag_96_56_/public/country/flags/brazil_0.png?itok=aFUtStI-,Institution(s): Brazilian Monetary Council (CMN),Country: Brazil,Resolution 3.792/2009 requires all Brazilian pension funds to state in their investment policy whether they consider environmental and social (E&S) issues in their investment decisions.
2019,Canada's Expert Panel on Sustainable Finance,https://www.greenfinanceplatform.org/policies-and-regulations/canadas-expert-panel-sustainable-finance,https://www.greenfinanceplatform.org/sites/default/files/styles/flag_96_56_/public/country/flags/canada_0.png?itok=kkIfg6qU,Institution(s): the Federal Government’s Expert Panel on Sustainable Finance,Country: Canada,Canada's Mobilizing Finance for Sustainable Growth report from the Expert Panel on Sustainable Finance sets out a consolidated plan to facilitate sustainable financing.
2020,Reserve Bank of Australia – Financial Stability Risks from Climate Change,https://www.greenfinanceplatform.org/policies-and-regulations/reserve-bank-australia-%E2%80%93-financial-stability-risks-climate-change,https://www.greenfinanceplatform.org/sites/default/files/styles/flag_96_56_/public/country/flags/australia_0.png?itok=MUgeIm54,Institution(s): Reserve Bank of Australia (RBA),Country: Australia,This analysis is part of the Reserve Bank of Australia (RBA)’s Financial Stability Review from October 2019. It focuses on the financial risks arising from climate change for Australian financial institutions.
2020,Unified Directive 2077-2,https://www.greenfinanceplatform.org/policies-and-regulations/unified-directive-2077-2,https://www.greenfinanceplatform.org/sites/default/files/styles/flag_96_56_/public/country/flags/nepal_0.png?itok=d9BctpbB,Institution(s): Nepal Rastra Bank (NRB),Country: Nepal,"In September 2020, the Nepal's central bank, issued a Unified Directive to require all banks and financial institutions (BFIs) to integrate social and environmental risk management (ESRM) into their overall credit risk management process and formulate ESRM policies in compliance of the Guideline on Environmental & Social Risk Management (ESRM) For Banks and Financial Institutions."
2019,Hong Kong Announced Green and Sustainable Banking measures as part of Three Sets of Measures on Green Finance Development,https://www.greenfinanceplatform.org/policies-and-regulations/hong-kong-announced-green-and-sustainable-banking-measures-part-three-sets,https://www.greenfinanceplatform.org/sites/default/files/styles/flag_96_56_/public/country/flags/china_0.png?itok=5mTa_Ix2,Institution(s): The Hong Kong Monetary Authority (HKMA),Country: China,"The Hong Kong Monetary Authority (HKMA) unveiled three sets of measures to support and promote Hong Kong's green finance development during the HKMA Green Finance Forum on 7 May 2019, including Green and Sustainable Banking measures divided into three phases"
2019,Egyptian Insurance Industry to Develop National Sustainable Insurance Roadmap by 2020,https://www.greenfinanceplatform.org/policies-and-regulations/egyptian-insurance-industry-develop-national-sustainable-insurance-roadmap,https://www.greenfinanceplatform.org/sites/default/files/styles/flag_96_56_/public/country/flags/egypt_0.png?itok=lwzvUCrU,"Institution(s): Egyptian Financial Regulatory Authority, Insurance entities, UN Environment",Country: Egypt,"In May 2019, the Egyptian insurance industry, in partnership with UN Environment, agreed to develop a national sustainable insurance strategy and action plan—or “roadmap”—by 2020."
2019,The United Kingdom Responded to a Global Survey on Implementation of the Recommendations of the Task Force on Climate-Related Financial Disclosures (TCFD),https://www.greenfinanceplatform.org/policies-and-regulations/united-kingdom-responded-global-survey-implementation-recommendations-task,https://www.greenfinanceplatform.org/sites/default/files/styles/flag_96_56_/public/country/flags/uk.png?itok=sEHdJaOS,Institution(s): Bank of England Prudential Regulation Authority (PRA),Country: United Kingdom of Great Britain and Northern Ireland,"The United Kingdom has responded to a global survey by the Sustainable Insurance Forum (SIF), which has uncovered significant differences among many insurers’ and reinsurers’ levels of awareness, uptake, and implementation of the Recommendations of the Task Force on Climate-Related Financial Disclosures (TCFD)."
2020,Climate Change Bill,https://www.greenfinanceplatform.org/policies-and-regulations/climate-change-bill,https://www.greenfinanceplatform.org/sites/default/files/styles/flag_96_56_/public/country/flags/fiji_0.png?itok=bLlUJOeE,Institution(s): Fiji Government,Country: Fiji,"In November 2020, the Fiji Government launched the 2nd round of public consultation of the Climate Change Bill, which includes a section on sustainable finance, outlining the government’s authority and responsibility to promote and oversee climate finance."
2020,Australian Sustainable Finance Roadmap,https://www.greenfinanceplatform.org/policies-and-regulations/australian-sustainable-finance-roadmap,https://www.greenfinanceplatform.org/sites/default/files/styles/flag_96_56_/public/country/flags/australia_0.png?itok=MUgeIm54,Institution(s): Australian Sustainable Finance Initiative,Country: Australia,The Roadmap was developed through an inclusive and collaborative process by the Australian Sustainable Finance Initiative.
2019,Requests for Information Relating to Sustainability and Natural Catastrophe,https://www.greenfinanceplatform.org/policies-and-regulations/requests-information-relating-sustainability-and-natural-catastrophe,https://www.greenfinanceplatform.org/sites/default/files/styles/flag_96_56_/public/country/flags/italy_0.png?itok=gR91h8gn,Institution(s): Istituto per la Vigilanza Sulle Assicurazioni (IVASS),Country: Italy,"In March 2019, Italy's Institute for the Supervision of Insurance (IVASS) conducted confidential requests for information at the national and European levels, including on natural catastrophe claims settlements."
2019,Finland Responded to a Global Survey on Implementation of the Recommendations of the Task Force on Climate-Related Financial Disclosures (TCFD),https://www.greenfinanceplatform.org/policies-and-regulations/finland-responded-global-survey-implementation-recommendations-task-force,https://www.greenfinanceplatform.org/sites/default/files/styles/flag_96_56_/public/country/flags/finland_0.png?itok=jZK05OWh,Institution(s): Finanssivalvonta (FIN-FSA),Country: Finland,"Finland has responded to a global survey by the Sustainable Insurance Forum (SIF), which has uncovered significant differences among many insurers’ and reinsurers’ levels of awareness, uptake, and implementation of the Recommendations of the Task Force on Climate-Related Financial Disclosures (TCFD)."
2019,The United Kingdom's Climate Financial Risk Forum,https://www.greenfinanceplatform.org/policies-and-regulations/united-kingdoms-climate-financial-risk-forum,https://www.greenfinanceplatform.org/sites/default/files/styles/flag_96_56_/public/country/flags/uk.png?itok=sEHdJaOS,Institution(s): Financial Conduct Authority (FCA) and Prudential Regulation Authority (PRA),Country: United Kingdom of Great Britain and Northern Ireland,The objective of the United Kingdom's Climate Financial Risk Forum (CFRF) is to build capacity and share best practices across financial regulators and industry to advance the sector’s responses to the financial risks from climate change.
2020,2050 Carbon Neutral Strategy of the Republic of Korea,https://www.greenfinanceplatform.org/policies-and-regulations/2050-carbon-neutral-strategy-republic-korea,https://www.greenfinanceplatform.org/sites/default/files/styles/flag_96_56_/public/country/flags/korea-south.png?itok=uv2aKKHX,Institution(s): Government of the Republic of Korea,Country: Republic of Korea,"This 2050 Carbon Neutral Strategy is the Government of the Republic of Korea’s net zero roadmap, submitted to the UNFCCC in December 2020. As part of the overall 2050 Carbon Neutral Strategy, a Green Finance strategy outlines four policy measures to promote green finance."
2019,Italy Responded to a Global Survey on Implementation of the Recommendations of the Task Force on Climate-Related Financial Disclosures (TCFD),https://www.greenfinanceplatform.org/policies-and-regulations/italy-responded-global-survey-implementation-recommendations-task-force,https://www.greenfinanceplatform.org/sites/default/files/styles/flag_96_56_/public/country/flags/italy_0.png?itok=gR91h8gn,Institution(s): Istituto per la Vigilanza Sulle Assicurazioni (IVASS),Country: Italy,"Italy has responded to a global survey by the Sustainable Insurance Forum (SIF), which has uncovered significant differences among many insurers’ and reinsurers’ levels of awareness, uptake, and implementation of the Recommendations of the Task Force on Climate-Related Financial Disclosures (TCFD)."
2019,ESMA Technical Advice on Sustainability Considerations in the Credit Rating Market and ESMA Final Guidelines on Disclosure Requirements Applicable to Credit Ratings,https://www.greenfinanceplatform.org/policies-and-regulations/esma-technical-advice-sustainability-considerations-credit-rating-market,https://www.greenfinanceplatform.org/sites/default/files/styles/flag_96_56_/public/country/flags/EU.png?itok=7FBcPJet,Institution(s): The European Securities and Markets Authority (ESMA),Country: EU,"ESMA, in its advice, has assessed the level of consideration of Environmental, Social and Governance (ESG) factors in both specific credit rating actions, and the credit rating market in general."
2019,The United Kingdom's Green Finance Strategy,https://www.greenfinanceplatform.org/policies-and-regulations/united-kingdoms-green-finance-strategy,https://www.greenfinanceplatform.org/sites/default/files/styles/flag_96_56_/public/country/flags/uk.png?itok=sEHdJaOS,Institution(s): Government of the United Kingdom,Country: United Kingdom of Great Britain and Northern Ireland,"The United Kingdom's Green Finance Strategy, which is published under the Green Finance Initiative, recognises the role of the financial sector in delivering global and national climate and environmental objectives. It aims to ensure that climate and environmental factors are fully integrated into mainstream financial decision-making across all sectors and asset classes. It also introduces new initiatives such as the development of a new global biodiversity framework and a commitment to work with international partners to improve nature-related financial disclosures."
2019,Proposed Amendment to Regulation No. 1092/2010 Would Direct the European Systemic Risk Board to Monitor and Assess Environmental and Social Risks,https://www.greenfinanceplatform.org/policies-and-regulations/proposed-amendment-regulation-no-10922010-would-direct-european-systemic,https://www.greenfinanceplatform.org/sites/default/files/styles/flag_96_56_/public/country/flags/EU.png?itok=7FBcPJet,Institution(s): European Parliament,Country: EU,"On 16 April 2019, the European Parliament proposed an amendment to Regulation No. 1092/2010 that would direct the European Systemic Risk Board (ESRB) to monitor and assess environmental and social risks."
2019,TCFD Consortium of Japan,https://www.greenfinanceplatform.org/policies-and-regulations/tcfd-consortium-japan,https://www.greenfinanceplatform.org/sites/default/files/styles/flag_96_56_/public/country/flags/japan_0.png?itok=m9IqJMel,"Institution(s): Japanese Financial Services Agency (JFSA), the Japanese Ministry of Economy, Trade and Industry (METI) and the Ministry of the Environment (MOE)",Country: Japan,The consortium is designed to facilitate corporate information disclosures on climate change and aimed at encouraging financial institutions to make investments based on climate risks.
2019,Hong Kong Green Bond,https://www.greenfinanceplatform.org/policies-and-regulations/hong-kong-green-bond,https://www.greenfinanceplatform.org/sites/default/files/styles/flag_96_56_/public/country/flags/china_0.png?itok=5mTa_Ix2,Institution(s): The Hong Kong Monetary Authority,Country: China,"Hong Kong sold a five-year U.S. dollar-denominated green bond with a coupon of 2.5%, attracting over $4 billion in orders from investors globally."
2019,European Union Guidelines on Reporting Climate-Related Information,https://www.greenfinanceplatform.org/policies-and-regulations/european-union-guidelines-reporting-climate-related-information,https://www.greenfinanceplatform.org/sites/default/files/styles/flag_96_56_/public/country/flags/EU.png?itok=7FBcPJet,Institution(s): European Commission,Country: EU,"In June 2019, the European Union (EU) published a supplement to the 2017 guidelines on non-financial reporting in order to provide companies with guidance on reporting climate-related information."
2019,French Banking Groups Facing Climate Change-Related Risks,https://www.greenfinanceplatform.org/policies-and-regulations/french-banking-groups-facing-climate-change-related-risks,https://www.greenfinanceplatform.org/sites/default/files/styles/flag_96_56_/public/country/flags/france_0.png?itok=2p1RJfXu,Institution(s): Autorité de contrôle prudentiel et de résolution (ACPR),Country: France,"Today there is a growing recognition of climate change-related risks by risk management functions, underlining the fact that these issues are now considered beyond the CSR function. This evolution is reflected in some institutions by an increasing quantification of risks and exposures and early sensitivity analyses of portfolios."
2019,Moscow Exchange to establish Sustainability Sector,https://www.greenfinanceplatform.org/policies-and-regulations/moscow-exchange-establish-sustainability-sector,https://www.greenfinanceplatform.org/sites/default/files/styles/flag_96_56_/public/country/flags/russia.png?itok=nc3EQ33j,Institution(s): Moscow Stock Exchange,Country: Russia,"The Moscow Exchange Listing Rules created a Sustainability Sector for financing projects in the fields of environmental and social sustainability. The sector consists of three independent segments: green bonds, social bonds and national projects."
2019,"Guidelines on Disclosure Requirements Applicable to Credit Ratings Include Environmental, Social, and Governance (ESG) Considerations",https://www.greenfinanceplatform.org/policies-and-regulations/guidelines-disclosure-requirements-applicable-credit-ratings-include,https://www.greenfinanceplatform.org/sites/default/files/styles/flag_96_56_/public/country/flags/EU.png?itok=7FBcPJet,Institution(s): The European Securities and Markets Authority (ESMA),Country: EU,"The European Securities and Markets Authority (ESMA) has developed guidelines on disclosure requirements for credit ratings in order to improve the overall quality and consistency of credit rating agencies’ (CRAs’) consideration of environmental, social and governance (ESG) factors in their ratings."
2019,Roadmap for Aligning the Moroccan Financial Sector with Sustainable Development,https://www.greenfinanceplatform.org/policies-and-regulations/roadmap-aligning-moroccan-financial-sector-sustainable-development,https://www.greenfinanceplatform.org/sites/default/files/styles/flag_96_56_/public/country/flags/morocco_0.png?itok=pcQgUOGj,Institution(s): Bank Al -Maghrib (BAM),Country: Morocco,"The Roadmap for Aligning the Moroccan Financial Sector with Sustainable Development outlines proposed measures for the banking sector, insurance sector, and capital markets to promote sustainable finance and take into account concerns related to environmental, social, and governance (ESG) issues, including climate change."
2019,Morocco's Sustainable Insurance Strategy,https://www.greenfinanceplatform.org/policies-and-regulations/moroccos-sustainable-insurance-strategy,https://www.greenfinanceplatform.org/sites/default/files/styles/flag_96_56_/public/country/flags/morocco_0.png?itok=pcQgUOGj,Institution(s): Autorite de Controle des Assurances et de la Prevoyance (ACAPS),Country: Morocco,"Morocco's Supervisory Authority of Insurance and Social Welfare (Autorité de Contrôle des Assurances et de la Prévoyance Sociale, or ACAPS) is now developing a strategy for the implementation of the National Roadmap into the insurance sector, including promoting sustainable insurance (i.e. membership of UN PSI), development of incentive schemes, and other activities."
2019,Hong Kong Announced Responsible Investment measures as part of Three Sets of Measures on Green Finance Development,https://www.greenfinanceplatform.org/policies-and-regulations/hong-kong-announced-responsible-investment-measures-part-three-sets,https://www.greenfinanceplatform.org/sites/default/files/styles/flag_96_56_/public/country/flags/china_0.png?itok=5mTa_Ix2,Institution(s): The Hong Kong Monetary Authority (HKMA),Country: China,"The Hong Kong Monetary Authority (HKMA) unveiled three sets of measures to support and promote Hong Kong's green finance development during the HKMA Green Finance Forum on 7 May 2019, including a principle that priority will be given to Green and ESG investments if the long term return is comparable to other investments on a risk-adjusted basis."
2019,European Commission Draft Rules Aim to Ensure That Investment Firms and Insurance Distributors Consider Sustainability When Advising Clients,https://www.greenfinanceplatform.org/policies-and-regulations/european-commission-draft-rules-aim-ensure-investment-firms-and-insurance,https://www.greenfinanceplatform.org/sites/default/files/styles/flag_96_56_/public/country/flags/EU.png?itok=7FBcPJet,Institution(s): European Commission,Country: EU,"On 4 January 2019, the European Commission published draft rules on how investment firms and insurance distributors should take sustainability issues into account when providing advice to their clients."
2019,Regulation (EU) 2019/2088 of the European Parliament and of the Council of 27 November 2019 on sustainability‐related disclosures in the financial services sector (the Disclosure Regulation - SFDR),https://www.greenfinanceplatform.org/policies-and-regulations/regulation-eu-20192088-european-parliament-and-council-27-november-2019,https://www.greenfinanceplatform.org/sites/default/files/styles/flag_96_56_/public/country/flags/EU.png?itok=7FBcPJet,Institution(s): European Commission,Country: EU,"As part of the European’s Commission’s Action Plan ‘Financing Sustainable Growth’, the Regulation (EU) 2019/2088 of the European Parliament and of the Council of on sustainability-related disclosures in the financial services sector was published on 9 December 2019 in the Official Journal of the European Union (the Disclosure Regulation). The main aim of the Disclosure Regulation is to provide more transparency to end-investors on whether and how the buyside and financial advisers take into account ESG aspects."
2019,Regulation (EU) 2019/1238 on a Pan-European Personal Pension Product (PEPP),https://www.greenfinanceplatform.org/policies-and-regulations/regulation-eu-20191238-pan-european-personal-pension-product-pepp,https://www.greenfinanceplatform.org/sites/default/files/styles/flag_96_56_/public/country/flags/EU.png?itok=7FBcPJet,Institution(s): European Commission,Country: EU,"Regulation (EU) 2019/1238 on a Pan-European Personal Pension Product (PEPP) enables the creation of a personal pension product that will take into account environmental, social, and governance (ESG) factors."
2019,"Regulation (EU) 2019/2089 of the European Parliament and of the Council of 27 November 2019 amending Regulation (EU) 2016/1011 as regards EU Climate Transition Benchmarks, EU Paris-aligned Benchmarks and sustainability-related disclosures for benchmarks",https://www.greenfinanceplatform.org/policies-and-regulations/regulation-eu-20192089-european-parliament-and-council-27-november-2019,https://www.greenfinanceplatform.org/sites/default/files/styles/flag_96_56_/public/country/flags/EU.png?itok=7FBcPJet,Institution(s): European Commission,Country: EU,"As part of the European’s Commission’s Action Plan ‘Financing Sustainable Growth’, the Regulation (EU) 2019/2089 (the Low Carbon Benchmark Regulation) requires all benchmark providers administrating benchmarks to disclose whether and how they take ESG factors into account."
2019,Hong Kong established the Centre for Green Finance (GCF) under the HKMA Infrastructure Financing Facilitation Office (IFFO),https://www.greenfinanceplatform.org/policies-and-regulations/hong-kong-established-centre-green-finance-gcf-under-hkma-infrastructure,https://www.greenfinanceplatform.org/sites/default/files/styles/flag_96_56_/public/country/flags/china_0.png?itok=5mTa_Ix2,Institution(s): The Hong Kong Monetary Authority (HKMA),Country: China,"The Hong Kong Monetary Authority (HKMA) unveiled three sets of measures to support and promote Hong Kong's green finance development during the HKMA Green Finance Forum on 7 May 2019, including the Centre for Green Finance (CGF), established under the HKMA Infrastructure Financing Facilitation Office (IFFO)"
2019,The Dutch Authority for the Financial Markets' 2019 Agenda - Supervision in Transition,https://www.greenfinanceplatform.org/policies-and-regulations/dutch-authority-financial-markets-2019-agenda-supervision-transition,https://www.greenfinanceplatform.org/sites/default/files/styles/flag_96_56_/public/country/flags/netherlands_0_9.jpg?itok=X2bxfMbg,"Institution(s): The Netherlands Authority for the Financial Markets (Autoriteit Financiële Markten), AFM)",Country: Netherlands,"The Dutch Authority for the Financial Markets (AFM) has published its 2019 Agenda, which takes into account the transition to a sustainable society and economy as well as AFM's monitoring of compliance with information disclosure obligations, including non-financial information, by companies."
2019,Technical Advice to the European Commission on Integrating Sustainability Risks and Factors into the Markets in Financial Instruments Directive II (MiFID II),https://www.greenfinanceplatform.org/policies-and-regulations/technical-advice-european-commission-integrating-sustainability-risks-and,https://www.greenfinanceplatform.org/sites/default/files/styles/flag_96_56_/public/country/flags/EU.png?itok=7FBcPJet,Institution(s): The European Securities and Markets Authority (ESMA),Country: EU,The European Securities and Markets Authority (ESMA) has prepared technical advice for the European Commission (EC) on integrating sustainability risks and factors into the Markets in Financial Instruments Directive II (MiFID II).
2019,European Parliament legislative resolution of 18 April 2019 on the proposal for a regulation of the European Parliament and of the Council on disclosures relating to sustainable investments and sustainability risks and amending Directive (EU) 2016/2341,https://www.greenfinanceplatform.org/policies-and-regulations/european-parliament-legislative-resolution-18-april-2019-proposal,https://www.greenfinanceplatform.org/sites/default/files/styles/flag_96_56_/public/country/flags/EU.png?itok=7FBcPJet,Institution(s): European Parliament,Country: EU,"The European Union (EU) Regulation on Sustainability-Related Disclosures in the Financial Services Sector provides harmonised rules on transparency and disclosure in relation to financial market participants' integration of sustainability risks and the consideration of adverse sustainability impacts in their processes, as well as the provision of sustainability-related information on financial products."
2019,EBA 2020 mandates to consider ESG factors,https://www.greenfinanceplatform.org/policies-and-regulations/eba-2020-mandates-consider-esg-factors,https://www.greenfinanceplatform.org/sites/default/files/styles/flag_96_56_/public/country/flags/EU.png?itok=7FBcPJet,Institution(s): European Banking Authority (EBA),Country: EU,"On October 2019, the European Banking Authority published its detailed annual work programme for 2020 which states its contribution to the sound development of financial innovation and sustainability."
2019,Abu Dhabi Securities Exchange creates ESG disclosure guidance for listed company,https://www.greenfinanceplatform.org/policies-and-regulations/abu-dhabi-securities-exchange-creates-esg-disclosure-guidance-listed,https://www.greenfinanceplatform.org/sites/default/files/styles/flag_96_56_/public/country/flags/uae.png?itok=6HFJs6Eq,Institution(s): Abu Dhabi Securities Exchange (ADX),Country: United Arab Emirates,"Abu Dhabi Securities Exchange (ADX) issued an Environmental, Social and Governance (ESG) disclosure guidelines for listed companies."
2019,Russia’s Environmental Permitting Regime is Revised in Government Decree No. 143,https://www.greenfinanceplatform.org/policies-and-regulations/russia%E2%80%99s-environmental-permitting-regime-revised-government-decree-no-143,https://www.greenfinanceplatform.org/sites/default/files/styles/flag_96_56_/public/country/flags/russia.png?itok=nc3EQ33j,Institution(s): The Ministry of Natural Resources and the Environment of the Russian Federation,Country: Russia,Russia's environmental permitting regime was revised in January 2019 with the adoption of Decree No. 143.
2019,Technical Advice on the Integration of Sustainability Risks in Insurance Undertakings and Products in the European Union,https://www.greenfinanceplatform.org/policies-and-regulations/technical-advice-integration-sustainability-risks-insurance-undertakings,https://www.greenfinanceplatform.org/sites/default/files/styles/flag_96_56_/public/country/flags/EU.png?itok=7FBcPJet,Institution(s): The European Insurance and Occupational Pensions Authority (EIOPA),Country: EU,"The European Insurance and Occupational Pensions Authority (EIOPA) has provided technical advice on the integration of sustainability risks in European Union (EU) insurance undertakings and products, including underwriting practices and investment decisions."
2019,The Netherlands Responded to a Global Survey on Implementation of the Recommendations of the Task Force on Climate-Related Financial Disclosures (TCFD),https://www.greenfinanceplatform.org/policies-and-regulations/netherlands-responded-global-survey-implementation-recommendations-task,https://www.greenfinanceplatform.org/sites/default/files/styles/flag_96_56_/public/country/flags/netherlands_0_9.jpg?itok=X2bxfMbg,Institution(s): De Nederlandsche Bank (DNB),Country: Netherlands,"The Netherlands has responded to a global survey by the Sustainable Insurance Forum (SIF), which has uncovered significant differences among many insurers’ and reinsurers’ levels of awareness, uptake, and implementation of the Recommendations of the Task Force on Climate-Related Financial Disclosures (TCFD)."
2019,BaFin Perspectives Special Study on Sustainability Issues,https://www.greenfinanceplatform.org/policies-and-regulations/bafin-perspectives-special-study-sustainability-issues,https://www.greenfinanceplatform.org/sites/default/files/styles/flag_96_56_/public/country/flags/germany_0.png?itok=oLuTPe9k,Institution(s): Bundesanstalt für Finanzdienstleistungsaufsicht (BaFin),Country: Germany,BaFinPerspectives examines strategic supervisory and regulatory issues from different angles.
2019,The Central Bank of Hungary’s Green Program,https://www.greenfinanceplatform.org/policies-and-regulations/central-bank-hungary%E2%80%99s-green-program,https://www.greenfinanceplatform.org/sites/default/files/styles/flag_96_56_/public/country/flags/hungary_0.png?itok=KctM-Md-,Institution(s): Central Bank of Hungary (MNB),Country: Hungary,"The Central Bank of Hungary (""MNB"") launched its Green Program 2019 to mitigate the risks associated with climate change and other environmental problems, to expand green financial services in Hungary, to widen the related knowledge base in Hungary and abroad, and to reduce financial market participants’ and its own ecological footprint."
2019,New Investment Guidelines for Sweden’s Pension Fund Include Higher Ambition Level on Sustainability,https://www.greenfinanceplatform.org/policies-and-regulations/new-investment-guidelines-sweden%E2%80%99s-pension-fund-include-higher-ambition,https://www.greenfinanceplatform.org/sites/default/files/styles/flag_96_56_/public/country/flags/sweden_0.png?itok=TjU2UwgD,Institution(s): Third Swedish National Pension Fund (AP3),Country: Sweden,"In January 2019, Sweden’s Pension Fund adopted new Investment Guidelines that imply a higher ambition level regarding sustainability."
2019,Opinion on Sustainability within Solvency II – Integrating Climate Risks in Investment and Underwriting Practices of (Re)insurers,https://www.greenfinanceplatform.org/policies-and-regulations/opinion-sustainability-within-solvency-ii-%E2%80%93-integrating-climate-risks,https://www.greenfinanceplatform.org/sites/default/files/styles/flag_96_56_/public/country/flags/EU.png?itok=7FBcPJet,Institution(s): The European Insurance and Occupational Pensions Authority (EIOPA),Country: EU,"The European Insurance and Occupational Pensions Authority (EIOPA) prepared an opinion on sustainability within Solvency II, which aims to integrate sustainability and climate risks in the investment and underwriting practices of (re)insurers."
2019,The Netherland Issued a Sovereign Green Bond,https://www.greenfinanceplatform.org/policies-and-regulations/netherland-issued-sovereign-green-bond,https://www.greenfinanceplatform.org/sites/default/files/styles/flag_96_56_/public/country/flags/netherlands_0_9.jpg?itok=X2bxfMbg,Institution(s): The Dutch State Treasury Agency (DSTA),Country: Netherlands,"In May 2019, the Dutch State Treasury Agency (DSTA) issued a 20-year green bond. The Netherlands was the first country with a triple-A rating to issue a green bond."
2019,BaFin Guidance Notice on Dealing with Sustainability Risks,https://www.greenfinanceplatform.org/policies-and-regulations/bafin-guidance-notice-dealing-sustainability-risks,https://www.greenfinanceplatform.org/sites/default/files/styles/flag_96_56_/public/country/flags/germany_0.png?itok=oLuTPe9k,Institution(s): Bundesanstalt für Finanzdienstleistungsaufsicht (BaFin),Country: Germany,The objective of this Guidance Notice is to provide entities supervised by BaFin with guidance on dealing with the increasingly important issue of sustainability risks.
2019,Athens Stock Exchange publishes ESG Reporting Guide,https://www.greenfinanceplatform.org/policies-and-regulations/athens-stock-exchange-publishes-esg-reporting-guide,https://www.greenfinanceplatform.org/sites/default/files/styles/flag_96_56_/public/country/flags/greece_0.png?itok=IWdrGMi1,Institution(s): Athens Stock Exchange (ATHEX),Country: Greece,"ATHEX ESG Reporting Guide is a voluntary reporting guide is intended to function as a tool with which companies can identify the ESG issues they should consider disclosing and managing, on the basis of their impact on long-term performance. It also offers practical guidelines on the metrics companies should use to disclose this information and communicate it to relevant stakeholders."
2019,Singapore Responded to a Global Survey on Implementation of the Recommendations of the Task Force on Climate-Related Financial Disclosures (TCFD),https://www.greenfinanceplatform.org/policies-and-regulations/singapore-responded-global-survey-implementation-recommendations-task-force,https://www.greenfinanceplatform.org/sites/default/files/styles/flag_96_56_/public/country/flags/singapore_0.png?itok=YHx8c5Nt,Institution(s): Monetary Authority of Singapore (MAS),Country: Singapore,"Singapore has responded to a global survey by the Sustainable Insurance Forum (SIF), which has uncovered significant differences among many insurers’ and reinsurers’ levels of awareness, uptake, and implementation of the Recommendations of the Task Force on Climate-Related Financial Disclosures (TCFD)."
2019,Widening of the Protection Gap for Natural Catastrophe Risks in the European Union Discussed at Workshop on Sustainable Finance,https://www.greenfinanceplatform.org/policies-and-regulations/widening-protection-gap-natural-catastrophe-risks-european-union-discussed,https://www.greenfinanceplatform.org/sites/default/files/styles/flag_96_56_/public/country/flags/EU.png?itok=7FBcPJet,Institution(s): The European Insurance and Occupational Pensions Authority (EIOPA),Country: EU,"On 11 June 2019, the European Insurance and Occupational Pensions Authority (EIOPA) organized a discussion with stakeholders on sustainable finance. Among the key areas of discussion was on the widening of the (insurance) protection gap for natural catastrophe risks."
2019,Phase 2 of the Reserve Bank Act Review Considers How Climate Risks Could Affect Financial Stability,https://www.greenfinanceplatform.org/policies-and-regulations/phase-2-reserve-bank-act-review-considers-how-climate-risks-could-affect,https://www.greenfinanceplatform.org/sites/default/files/styles/flag_96_56_/public/country/flags/new-zealand.png?itok=BQZSuMh_,Institution(s): Reserve Bank of New Zealand,Country: New Zealand,"In June 2019, New Zealand published Phase 2 of a review of the Reserve Bank of New Zealand Act of 1989. The goal of the review is to modernise New Zealand’s monetary and financial stability policy frameworks and the Reserve Bank’s governance and accountability settings, including the role of the Reserve Bank in assessing and responding to climate risks."
2019,Regulatory Framework to Grow Green Finance,https://www.greenfinanceplatform.org/policies-and-regulations/regulatory-framework-grow-green-finance,https://www.greenfinanceplatform.org/sites/default/files/styles/flag_96_56_/public/country/flags/kazakhstan_0.png?itok=3DPPYuXE,Institution(s): The Astana International Finance Centre (AIFC),Country: Kazakhstan,The Astana International Finance Centre (AIFC) is developing a framework to facilitate the growing green finance sector in Kazakhstan.
2019,Ghana Sustainable Banking Principles,https://www.greenfinanceplatform.org/policies-and-regulations/ghana-sustainable-banking-principles,https://www.greenfinanceplatform.org/sites/default/files/styles/flag_96_56_/public/country/flags/ghana_0.png?itok=Wm50obNH,Institution(s): Bank of Ghana,Country: Ghana,"The Bank of Ghana, in partnership with the International Finance Corporation (IFC), initiated the creation of a national platform in April 2015 and inaugurated a sustainable Banking Committee on 20th of November 2015 to start the development of sustainable banking principles."
2019,Kingdom of Thailand’s Guidelines for Responsible Lending,https://www.greenfinanceplatform.org/policies-and-regulations/thailand%E2%80%99s-guidelines-responsible-lending,https://www.greenfinanceplatform.org/sites/default/files/styles/flag_96_56_/public/country/flags/thailand_0.png?itok=BOkrt9T1,Institution(s): The Bank of Thailand,Country: Thailand,"In collaboration with 15 commercial banks, the Bank of Thailand will establish guidelines for responsible lending as part of its sustainable business operation."
2019,"Specifications for 2019 Stress Test of Institutions for Occupational Retirement Provision (IORPs) Include Environmental, Social, and Governance Risks",https://www.greenfinanceplatform.org/policies-and-regulations/specifications-2019-stress-test-institutions-occupational-retirement,https://www.greenfinanceplatform.org/sites/default/files/styles/flag_96_56_/public/country/flags/EU.png?itok=7FBcPJet,Institution(s): The European Insurance and Occupational Pensions Authority (EIOPA),Country: EU,"The European Insurance and Occupational Pensions Authority (EIOPA) published a document that describes the specifications for the 2019 stress test for institutions for occupational retirement provision (IORPs) that includes, for the first time, an assessment of IORPs' exposure to environmental, social, and governance (ESG) risks, including climate change."
2019,New Zealand Responded to a Global Survey on Implementation of the Recommendations of the Task Force on Climate-Related Financial Disclosures (TCFD),https://www.greenfinanceplatform.org/policies-and-regulations/new-zealand-responded-global-survey-implementation-recommendations-task,https://www.greenfinanceplatform.org/sites/default/files/styles/flag_96_56_/public/country/flags/new-zealand.png?itok=BQZSuMh_,Institution(s): Reserve Bank of New Zealand (RBNZ),Country: New Zealand,"New Zealand has responded to a global survey by the Sustainable Insurance Forum (SIF), which has uncovered significant differences among many insurers’ and reinsurers’ levels of awareness, uptake, and implementation of the Recommendations of the Task Force on Climate-Related Financial Disclosures (TCFD)."
2019,Singapore's Green Investments Programme,https://www.greenfinanceplatform.org/policies-and-regulations/singapores-green-investments-programme,https://www.greenfinanceplatform.org/sites/default/files/styles/flag_96_56_/public/country/flags/singapore_0.png?itok=YHx8c5Nt,Institution(s): Monetary Authority of Singapore,Country: Singapore,The Monetary Authority of Singapore (MAS) announced that it has set up a US$2 billion green investments programme (GIP) to invest in public market investment strategies that have a strong green focus.
2019,The UAE Responded to a Global Survey on Implementation of the Recommendations of the Task Force on Climate-Related Financial Disclosures (TCFD),https://www.greenfinanceplatform.org/policies-and-regulations/uae-responded-global-survey-implementation-recommendations-task-force,https://www.greenfinanceplatform.org/sites/default/files/styles/flag_96_56_/public/country/flags/uae.png?itok=6HFJs6Eq,Institution(s): Insurance Authority,Country: United Arab Emirates,"The UAE has responded to a global survey by the Sustainable Insurance Forum (SIF), which has uncovered significant differences among many insurers’ and reinsurers’ levels of awareness, uptake, and implementation of the Recommendations of the Task Force on Climate-Related Financial Disclosures (TCFD)."
2019,"Guidelines for the issuance of Social, Green and Sustainable Securities",https://www.greenfinanceplatform.org/policies-and-regulations/guidelines-issuance-social-green-and-sustainable-securities,https://www.greenfinanceplatform.org/sites/default/files/styles/flag_96_56_/public/country/flags/panama_0.png?itok=mDmTtaO9,Institution(s): Panama Stock Exchange (Bolsa de Valores de Panama),Country: Panama,The purpose of the Guidelines is to provide the market with best practices and parameters for the issuance of SGS securities aimed to spread international standards and guidelines to assess eligible assets.
2019,Japan Responded to a Global Survey on Implementation of the Recommendations of the Task Force on Climate-Related Financial Disclosures (TCFD),https://www.greenfinanceplatform.org/policies-and-regulations/japan-responded-global-survey-implementation-recommendations-task-force,https://www.greenfinanceplatform.org/sites/default/files/styles/flag_96_56_/public/country/flags/japan_0.png?itok=m9IqJMel,Institution(s): Financial Services Agency (FSA),Country: Japan,"Japan has responded to a global survey by the Sustainable Insurance Forum (SIF), which has uncovered significant differences among many insurers’ and reinsurers’ levels of awareness, uptake, and implementation of the Recommendations of the Task Force on Climate-Related Financial Disclosures (TCFD)."
2019,EU Sub-group on ESG Disclosures for Insurance-Based Investment Products,https://www.greenfinanceplatform.org/policies-and-regulations/eu-sub-group-esg-disclosures-insurance-based-investment-products,https://www.greenfinanceplatform.org/sites/default/files/styles/flag_96_56_/public/country/flags/EU.png?itok=7FBcPJet,Institution(s): The European Insurance and Occupational Pensions Authority (EIOPA),Country: EU,"The Joint Committee of European Supervisory Authorities has established a sub-group on ESG disclosures, which aims to develop technical standards on the disclosure of sustainability risks and investments in insurance-based investment products (IBIPs)."
2019,Singapore's Green Finance Action Plan,https://www.greenfinanceplatform.org/policies-and-regulations/singapores-green-finance-action-plan,https://www.greenfinanceplatform.org/sites/default/files/styles/flag_96_56_/public/country/flags/singapore_0.png?itok=YHx8c5Nt,Institution(s): Monetary Authority of Singapore,Country: Singapore,"In 2019, the Monetary Authority of Singapore (MAS) announced the development of a new and comprehensive long-term strategy to make sustainable finance a defining feature of Singapore's role as an international financial centre. Built on three core pillars—building resilience, developing markets, and leveraging technology—the Green Finance Action Plan will be articulated through actions in six areas."
2019,South Africa Responded to a Global Survey on Implementation of the Recommendations of the Task Force on Climate-Related Financial Disclosures (TCFD),https://www.greenfinanceplatform.org/policies-and-regulations/south-africa-responded-global-survey-implementation-recommendations-task,https://www.greenfinanceplatform.org/sites/default/files/styles/flag_96_56_/public/country/flags/south-africa_0.png?itok=_HHbn--4,Institution(s): South African Reserve Bank,Country: South Africa,"South Africa has responded to a global survey by the Sustainable Insurance Forum (SIF), which has uncovered significant differences among many insurers’ and reinsurers’ levels of awareness, uptake, and implementation of the Recommendations of the Task Force on Climate-Related Financial Disclosures (TCFD)."
2019,Sustainability Reporting Guidelines for Publicly-Listed Companies,https://www.greenfinanceplatform.org/policies-and-regulations/sustainability-reporting-guidelines-publicly-listed-companies,https://www.greenfinanceplatform.org/sites/default/files/styles/flag_96_56_/public/country/flags/philippines_0.png?itok=O07zVx8C,Institution(s): Philippines Securities and Exchange Commission (SEC),Country: Philippines,"The Guidelines is intended to help PLCs assess and manage non-financial performance across Economic, Environmental and Social aspects of their organization"
2019,The European Investment Bank's Draft Energy Lending Policy,https://www.greenfinanceplatform.org/policies-and-regulations/european-investment-banks-draft-energy-lending-policy,https://www.greenfinanceplatform.org/sites/default/files/styles/flag_96_56_/public/country/flags/EU.png?itok=7FBcPJet,Institution(s): European Investment Bank (EIB),Country: EU,"The European Investment Bank’s (EIB's) Draft Energy Lending Policy (ELP) focuses on activities in areas that it can provide a high degree of additional value: (i) filling investment gaps, (ii) focusing on long-term infrastructure needs, including innovation and scaling up low-carbon technologies, and (iii) supporting new market-based investments."
2019,Roadmap for Sustainable Finance In Georgia,https://www.greenfinanceplatform.org/policies-and-regulations/roadmap-sustainable-finance-georgia,https://www.greenfinanceplatform.org/sites/default/files/styles/flag_96_56_/public/country/flags/georgia_0.png?itok=9UILVedW,Institution(s): National Bank of Georgia (NBG),Country: Georgia,"In April 2019, the National Bank of Georgia (NBG) launched the Roadmap for Sustainable Finance. The Roadmap summarizes all possible changes that the NBG intends to implement regarding the sustainable finance development in the near future with the corresponding timeframe."
2018,Indonesia's Green Bond and Green Sukuk Framework Helped Catalyse USD 2 Billion in Green Projects,https://www.greenfinanceplatform.org/policies-and-regulations/indonesias-green-bond-and-green-sukuk-framework-helped-catalyse-usd-2,https://www.greenfinanceplatform.org/sites/default/files/styles/flag_96_56_/public/country/flags/indonesia_0.png?itok=L38_jaSc,Institution(s): Ministry of Finance,Country: Indonesia,"In 2018, Indonesia developed a Green Bond and Green Sukuk Framework under which it will finance or refinance Eligible Green Projects that contribute to the country's objectives of reducing greenhouse gas (GHG) emissions, adapting to climate change, and preserving biodiversity."
2018,Review of Issuers' Disclosure of Climate-Related Risks and Financial Impacts (CSA Staff Notice 51-354),https://www.greenfinanceplatform.org/policies-and-regulations/review-issuers-disclosure-climate-related-risks-and-financial-impacts-csa,https://www.greenfinanceplatform.org/sites/default/files/styles/flag_96_56_/public/country/flags/canada_0.png?itok=kkIfg6qU,Institution(s): Canadian Securities Administrators,Country: Canada,"The Canadian Securities Administrators (CSA) published CSA Staff Notice 51-354 in 2018 to report on the findings of a project to review the disclosure of risks and financial impacts to issuers associated with climate change, and the governance processes related to them."
2019,Eswatini's National Development Plan 2019/20 - 2021/22,https://www.greenfinanceplatform.org/policies-and-regulations/eswatinis-national-development-plan-201920-202122,https://www.greenfinanceplatform.org/sites/default/files/styles/flag_96_56_/public/country/flags/swaziland_0.png?itok=Pmg2AA8j,Institution(s): Ministry of Economic Planning and Development of Eswatini,Country: Swaziland,"In 2019, the Ministry of Economic Planning & Development of the Kingdom of Eswatini published the National Development Plan (NDP) 2019/20 - 2021/22."
2019,Australia Updates Guidance on Climate-Related Disclosure,https://www.greenfinanceplatform.org/policies-and-regulations/australia-updates-guidance-climate-related-disclosure,https://www.greenfinanceplatform.org/sites/default/files/styles/flag_96_56_/public/country/flags/australia_0.png?itok=MUgeIm54,Institution(s): Australian Securities & Investments Commission (ASIC),Country: Australia,"In 2019, the Australian Securities and Investments Commission (ASIC) published updates to clarify the application of its existing regulatory guidance on the disclosure of climate change related risks and opportunities."
2019,Sustainable Finance Principles,https://www.greenfinanceplatform.org/policies-and-regulations/sustainable-finance-principles,https://www.greenfinanceplatform.org/sites/default/files/styles/flag_96_56_/public/country/flags/cambodia_flag.png?itok=nMxI8VbQ,Institution(s): The Association of Banks in Cambodia (ABC),Country: Cambodia,"In February 2019, ABC issued the Cambodia Sustainable Finance Principles and its Implementation Guidelines, a voluntary framework to help banks integrate sustainability considerations into lending operations."
2018,Indonesia Issued US$1.25 Billion Green Sukuk,https://www.greenfinanceplatform.org/policies-and-regulations/indonesia-issued-us125-billion-green-sukuk,https://www.greenfinanceplatform.org/sites/default/files/styles/flag_96_56_/public/country/flags/indonesia_0.png?itok=L38_jaSc,Institution(s): Ministry of Finance,Country: Indonesia,"In March 2018, the Government of Indonesia issued its first sovereign Green Sukuk in US dollars. The five-year issuance raised US$1.25 billion and reached a broad range of investors, including conventional, Islamic, and green investors."
2018,"Environmental, Social, and Governance (ESG) Disclosure Requirements Included in Amendment to the United Kingdom's Occupational Pension Schemes Regulation",https://www.greenfinanceplatform.org/policies-and-regulations/environmental-social-and-governance-esg-disclosure-requirements-included,https://www.greenfinanceplatform.org/sites/default/files/styles/flag_96_56_/public/country/flags/uk.png?itok=sEHdJaOS,Institution(s): UK Pensions Regulator,Country: United Kingdom of Great Britain and Northern Ireland,"In 2018 and 2019, the United Kingdom introduced regulations with a suite of disclosure requirements to defined benefit and defined contribution pension schemes, aiming to further integrate Environmental, Social, and Governance (ESG) factors and disclosure into standard pension reporting requirements."
2019,National Bank of Rwanda's Regulation on Publication of Financial Statements and Other Disclosures,https://www.greenfinanceplatform.org/policies-and-regulations/national-bank-rwandas-regulation-publication-financial-statements-and,https://www.greenfinanceplatform.org/sites/default/files/styles/flag_96_56_/public/country/flags/rwanda_0.png?itok=CgvwM4lF,Institution(s): National Bank of Rwanda (NBR),Country: Rwanda,"The National Bank of Rwanda (NBR) requires banks to prepare integrated report integrating social, environmental and economic aspects."
2019,Korea is Developing Green Bond Guidelines,https://www.greenfinanceplatform.org/policies-and-regulations/korea-developing-green-bond-guidelines,https://www.greenfinanceplatform.org/sites/default/files/styles/flag_96_56_/public/country/flags/korea-south.png?itok=uv2aKKHX,Institution(s): Ministry of Finance and Strategy,Country: Republic of Korea,Korea's Ministry of Finance and Strategy is developing Green Bond Guidelines.
2019,The Reserve Bank of Australia's Deputy Governor Calls for Incorporating Climate Models in Economic Modelling,https://www.greenfinanceplatform.org/policies-and-regulations/reserve-bank-australias-deputy-governor-calls-incorporating-climate-models,https://www.greenfinanceplatform.org/sites/default/files/styles/flag_96_56_/public/country/flags/australia_0.png?itok=MUgeIm54,Institution(s): Reserve Bank of Australia,Country: Australia,"In 2019, the Reserve Bank of Australia's Deputy Governor delivered a speech about how climate change affects the objectives of monetary policy and financial stability."
2018,Green Bond Grant Scheme,https://www.greenfinanceplatform.org/policies-and-regulations/green-bond-grant-scheme,https://www.greenfinanceplatform.org/sites/default/files/styles/flag_96_56_/public/country/flags/china_0.png?itok=5mTa_Ix2,Institution(s): Hong Kong Government,Country: China,"Hong Kong's Green Bond Grant Scheme (GBGS), announced on 15 June 2018, will subsidise eligible green bond issuers in obtaining certification under the Green Finance Certification Scheme (GFCS)."
2018,Review of the Impact of Climate Change on the UK Banking Sector,https://www.greenfinanceplatform.org/policies-and-regulations/review-impact-climate-change-uk-banking-sector,https://www.greenfinanceplatform.org/sites/default/files/styles/flag_96_56_/public/country/flags/uk.png?itok=sEHdJaOS,Institution(s): Bank of England,Country: United Kingdom of Great Britain and Northern Ireland,"A survey of 90 percent of the UK banking sector, representing more than £11 trillion in assets, found that the majority of banks are beginning to treat the risks from climate change like other financial risks, rather than viewing them simply as a corporate social responsibility issue."
2018,"Nasdaq Copenhagen's Environmental, Social, and Governance (ESG) Data Portal",https://www.greenfinanceplatform.org/policies-and-regulations/nasdaq-copenhagens-environmental-social-and-governance-esg-data-portal,https://www.greenfinanceplatform.org/sites/default/files/styles/flag_96_56_/public/country/flags/denmark_0.png?itok=jVLcfD-g,Institution(s): Nasdaq Copenhagen,Country: Denmark,"Nasdaq Copenhagen's Environmental, Social, and Governance (ESG) Data Portal was created in 2018 to provide a central database, compilation, and repository for listing companies and investors alike to access ESG and performance metrics."
2019,Sustainable Finance Protocol,https://www.greenfinanceplatform.org/policies-and-regulations/sustainable-finance-protocol,https://www.greenfinanceplatform.org/sites/default/files/styles/flag_96_56_/public/country/flags/argentina_1.png?itok=ZXU_FF68,"Institution(s): Banco de la Nación Argentina, Banco Galicia, Banco Ciudad, Banco BICE, Banco Supervielle, Banco CMF, Santander, Banco Provincia de Buenos Aires, BBVA, Banco Macro, HSBC Bank, Banco Patagonia, Banco Itau, Banco Comafi, Banco Industrial, Banco Mariva, Banco de Tierra del Fuego and Banco BST.",Country: Argentina,"A group of 18 banks have signed a Sustainable Finance Protocol in Argentina, with the aim of facilitating and encouraging financial institutions in the country to implement best practices and international policies that promote the integration of economic, social, and environmental factors."
2019,Financial Stability Report - Article on Climate-Related Risks and Sustainable Finance,https://www.greenfinanceplatform.org/policies-and-regulations/financial-stability-report-article-climate-related-risks-and-sustainable,https://www.greenfinanceplatform.org/sites/default/files/styles/flag_96_56_/public/country/flags/belgium_0.png?itok=kcQf5DHg,Institution(s): National Bank of Belgium (NBB),Country: Belgium,"This article on Climate-Related Risks and Sustainable Finance details the findings of a survey conducted by the National Bank of Belgium (NBB), which shows that the awareness of financial institutions regarding climate-related risks is still at the early stages and that there is a lack of available data within institutions to adequately assess the exposure of Belgian institutions to climate-related risks."
2018,Changes to Iceland's Act on Natural Catastrophe Insurance (Act 55/1992) in 2018 Include Increased Minimum Deductibles and Requirement to Repair,https://www.greenfinanceplatform.org/policies-and-regulations/changes-icelands-act-natural-catastrophe-insurance-act-551992-2018-include,https://www.greenfinanceplatform.org/sites/default/files/styles/flag_96_56_/public/country/flags/iceland_0.png?itok=LACe5uAI,Institution(s): Natural Catastrophe Insurance of Iceland (NTI),Country: Iceland,"The purpose of Iceland's Natural Catastrophe Insurance (Act 55/1992) is to insure against direct losses incurred on account of volcanic eruptions, earthquakes, rock slides, avalanches, and floods. Changes to the Act in 2018 include, among other things, an increase in minimum deductibles and a requirement that the policy-holder use the compensation to repair/reconstruct the damaged item."
2018,The United Kingdom's Green Finance Task Force Issued Recommendations on Accelerating Green Finance,https://www.greenfinanceplatform.org/policies-and-regulations/united-kingdoms-green-finance-task-force-issued-recommendations,https://www.greenfinanceplatform.org/sites/default/files/styles/flag_96_56_/public/country/flags/uk.png?itok=sEHdJaOS,Institution(s): Green Finance Taskforce,Country: United Kingdom of Great Britain and Northern Ireland,The United Kingdom's Green Finance Task Force published a report in 2018 that provides a series of recommendations on how the government and the private sector can work together to make green finance an integral part of the country's financial services.
2018,Rio Declaration on Climate Risk Transparency by the Brazilian Insurance Industry,https://www.greenfinanceplatform.org/policies-and-regulations/rio-declaration-climate-risk-transparency-brazilian-insurance-industry,https://www.greenfinanceplatform.org/sites/default/files/styles/flag_96_56_/public/country/flags/brazil_0.png?itok=aFUtStI-,Institution(s): Brazilian Insurance Confederation and Brazilian Superintendence of Private Insurance,Country: Brazil,"Brazilian Insurance Confederation and Brazilian Superintendence of Private Insurance signed in May 2018 a declaration stating that: ""We believe that climate risk transparency is essential to better managing the impact of climate related risks on the insurance industry, and to promoting sustainable insurance markets."""
2019,Focus Group Established to Discuss and Support the Implementation of Austria’s Green Finance Agenda,https://www.greenfinanceplatform.org/policies-and-regulations/focus-group-established-discuss-and-support-implementation-austria%E2%80%99s-green,https://www.greenfinanceplatform.org/sites/default/files/styles/flag_96_56_/public/country/flags/austria_0.png?itok=xoo15rMf,Institution(s): Austrian Federal Ministry of Finance and the Austrian Federal Ministry for Sustainability and Tourism,Country: Austria,"Austria’s Green Finance Agenda was launched in February 2019, with a kick-off event and the establishment of a green finance focus group made of up the country’s key financial sector players."
2019,Belgium Responded to a Global Survey on Implementation of the Recommendations of the Task Force on Climate-Related Financial Disclosures (TCFD),https://www.greenfinanceplatform.org/policies-and-regulations/belgium-responded-global-survey-implementation-recommendations-task-force,https://www.greenfinanceplatform.org/sites/default/files/styles/flag_96_56_/public/country/flags/belgium_0.png?itok=kcQf5DHg,Institution(s): National Bank of Belgium (NBB),Country: Belgium,"Belgium has responded to a global survey by the Sustainable Insurance Forum (SIF), which has uncovered significant differences among many insurers’ and reinsurers’ levels of awareness, uptake, and implementation of the Recommendations of the Task Force on Climate-Related Financial Disclosures (TCFD)."
2018,Luxembourg Establishes the World's First Legal Framework for Green Covered Bonds,https://www.greenfinanceplatform.org/policies-and-regulations/luxembourg-establishes-worlds-first-legal-framework-green-covered-bonds,https://www.greenfinanceplatform.org/sites/default/files/styles/flag_96_56_/public/country/flags/luxembourg_0.png?itok=O5z3L-FB,Institution(s): Ministry of Finance,Country: Luxembourg,"On 22 June 2018, Luxembourg established the world's first legal framework for green covered bonds (Law of 22 June 2018, amending the Law of 5 April 1993) to finance the generation of renewable energies."
2018,Danish Guidelines on Responsible Investment,https://www.greenfinanceplatform.org/policies-and-regulations/danish-guidelines-responsible-investment,https://www.greenfinanceplatform.org/sites/default/files/styles/flag_96_56_/public/country/flags/denmark_0.png?itok=jVLcfD-g,Institution(s): Danish Business Authority,Country: Denmark,The Danish Guidelines on Responsible Investment aim to help clarify the expectations as to how Danish institutional investors should act in the context of responsible investment.
2018,"Brazil's Investment Rules of Occupational Pension Funds Requires Asset Managers to Consider Environmental, Social, and Governance (ESG) Risks",https://www.greenfinanceplatform.org/policies-and-regulations/brazils-investment-rules-occupational-pension-funds-requires-asset-managers,https://www.greenfinanceplatform.org/sites/default/files/styles/flag_96_56_/public/country/flags/brazil_0.png?itok=aFUtStI-,Institution(s): Brazilian Monetary Council (CMN),Country: Brazil,"Brazil's Investment Rules of Occupational Pension Funds (Resolution CMN 4.661/2018) requires pension funds’ asset managers to consider environmental, social, and governance (ESG) risks as part of their investment decision making process."
2019,Australian Government Regulatory Bodies Say Climate Change Must Be Considered a Major Financial Risk and Call for More Disclosure,https://www.greenfinanceplatform.org/policies-and-regulations/australian-government-regulatory-bodies-say-climate-change-must-be,https://www.greenfinanceplatform.org/sites/default/files/styles/flag_96_56_/public/country/flags/australia_0.png?itok=MUgeIm54,Institution(s): Australian Securities and Investments Commission (ASIC) and the Australian Prudential Regulatory Authority (APRA) ,Country: Australia,"In 2019, senior officials from the Australian Securities and Investments Commission (ASIC) and the Australian Prudential Regulatory Authority (APRA) said that the effects of climate change no longer presented merely ethical issues for Australian businesses but must be considered a major financial risk."
2019,Chile has Issued the First Sovereign Green Bond in the Americas,https://www.greenfinanceplatform.org/policies-and-regulations/chile-has-issued-first-sovereign-green-bond-americas,https://www.greenfinanceplatform.org/sites/default/files/styles/flag_96_56_/public/country/flags/chile_0.png?itok=5YdpA9FY,Institution(s): Ministry of Finance,Country: Chile,"In June 2019, Chile issued a USD 1.42 billion sovereign green bond, the first ever issued in the Americas."
2018,Luxembourg's Climate Finance Accelerator,https://www.greenfinanceplatform.org/policies-and-regulations/luxembourgs-climate-finance-accelerator,https://www.greenfinanceplatform.org/sites/default/files/styles/flag_96_56_/public/country/flags/luxembourg_0.png?itok=O5z3L-FB,Institution(s): Ministries of Finance and Sustainable Development and Infrastructure,Country: Luxembourg,Luxembourg's Climate Finance Accelerator is a joint initiative by the government and private actors that aims to enhance the climate finance ecosystem by creating an attractive and supporting environment for climate finance fund managers in Luxembourg.
2018,Finland's Responsible Investments Standards,https://www.greenfinanceplatform.org/policies-and-regulations/finlands-responsible-investments-standards,https://www.greenfinanceplatform.org/sites/default/files/styles/flag_96_56_/public/country/flags/finland_0.png?itok=jZK05OWh,Institution(s): Bank of Finland,Country: Finland,"In 2018, the Bank of Finland introduced responsible investment standards to the management of its investment portfolio."
2018,"Voluntary Disclosure of Environmental, Social, and Governance (ESG) Information in Brazil – Updates on ""Report or Explain for Sustainability or Integrated Reports""",https://www.greenfinanceplatform.org/policies-and-regulations/voluntary-disclosure-environmental-social-and-governance-esg-information,https://www.greenfinanceplatform.org/sites/default/files/styles/flag_96_56_/public/country/flags/brazil_0.png?itok=aFUtStI-,Institution(s): Brazilian Securities and Exchange Commission (CVM),Country: Brazil,The Brazilian Stock Exchange (B3) has announced two updates since its “report or explain” approach was launched in 2012 to encourage listed companies to voluntarily disclose whether or not
2019,Warsaw Stock Exchange ESG Index,https://www.greenfinanceplatform.org/policies-and-regulations/warsaw-stock-exchange-esg-index,https://www.greenfinanceplatform.org/sites/default/files/styles/flag_96_56_/public/country/flags/poland_0.png?itok=GdmXWvee,Institution(s): Warsaw Stock Exchange,Country: Poland,"In August 2019, Warsaw Stock Exchange launched an equity index that includes 60 of the largest and most-liquid securities that are assigned ESG scores using insights from Sustainalytics."
2019,Australian Sustainable Finance Initiative,https://www.greenfinanceplatform.org/policies-and-regulations/australian-sustainable-finance-initiative,https://www.greenfinanceplatform.org/sites/default/files/styles/flag_96_56_/public/country/flags/australia_0.png?itok=MUgeIm54,Institution(s): Australian Sustainable Finance Initiative,Country: Australia,"The Australian Sustainable Finance Initiative (ASFI), which was launched in March 2019, brings together leaders spanning Australia’s major banks, superannuation funds, insurance companies, financial sector peak bodies, and academia to develop a Sustainable Finance Roadmap, in consultation with diverse sectors and stakeholders."
2018,Malaysia's Value-Based Intermediation (VBI) Financing and Investment Impact Assessment Framework,https://www.greenfinanceplatform.org/policies-and-regulations/malaysias-value-based-intermediation-vbi-financing-and-investment-impact,https://www.greenfinanceplatform.org/sites/default/files/styles/flag_96_56_/public/country/flags/malaysia_0.png?itok=_uXIf6LU,Institution(s): Bank Negara Malaysia (BNM),Country: Malaysia,Malaysia's Value-Based Intermediation (VBI) Financing and Investment Impact Assessment Framework provides guidance to facilitate the implementation of an impact-based risk management system for assessing the Islamic Banking Institutions' (IBIs) financing and investment activities in line with their respective VBI commitment.
2018,Green and Sustainable Finance Cluster Germany,https://www.greenfinanceplatform.org/policies-and-regulations/green-and-sustainable-finance-cluster-germany,https://www.greenfinanceplatform.org/sites/default/files/styles/flag_96_56_/public/country/flags/germany_0.png?itok=oLuTPe9k,Institution(s): Hessian Ministry of Economics and Deutsche Börse,Country: Germany,The goal of the Green and Sustainable Finance Cluster Germany is to establish forward thinking and efficient financial market structures based on the implementation of sustainable financing strategies.
2018,Guidelines for Corporate Governance of Listed Companies in China,https://www.greenfinanceplatform.org/policies-and-regulations/guidelines-corporate-governance-listed-companies-china,https://www.greenfinanceplatform.org/sites/default/files/styles/flag_96_56_/public/country/flags/china_0.png?itok=5mTa_Ix2,Institution(s): China Securities Regulatory Commission,Country: China,"In 2018, the China Securities Regulatory Commission (CSRC) published a revision of its Guidelines for Corporate Governance of Listed Companies, which establishes the framework for environmental, social, and governance (ESG) information disclosure."
2019,Survey Finds Increasing Awareness of and Action on Climate-Related Financial Risks by Australian Regulated Entities,https://www.greenfinanceplatform.org/policies-and-regulations/survey-finds-increasing-awareness-and-action-climate-related-financial,https://www.greenfinanceplatform.org/sites/default/files/styles/flag_96_56_/public/country/flags/australia_0.png?itok=MUgeIm54,Institution(s): Australian Prudential Regulation Authority,Country: Australia,A climate change survey conducted by the Australian Prudential Regulation Authority (APRA) finds increasing awareness of and action on climate-related financial risks by regulated entities.
2019,Sustainability Disclosure Guide for Boursa Kuwait Listed Issuers,https://www.greenfinanceplatform.org/policies-and-regulations/sustainability-disclosure-guide-boursa-kuwait-listed-issuers,https://www.greenfinanceplatform.org/sites/default/files/styles/flag_96_56_/public/country/flags/kuwait_0.png?itok=IroBNTyL,Institution(s): Boursa Kuwait,Country: Kuwait,"In December 2019, Boursa Kuwait developed a sustainability disclosure guidance with the aim to support Kuwait listed issuers to report on Environmental, Social, and Governance (ESG) issues."
2018,Responsible Investment Charter of the Banque de France,https://www.greenfinanceplatform.org/policies-and-regulations/responsible-investment-charter-banque-de-france,https://www.greenfinanceplatform.org/sites/default/files/styles/flag_96_56_/public/country/flags/france_0.png?itok=2p1RJfXu,Institution(s): Banque de France,Country: France,"The Banque de France’s Responsible Investment Charter reflects the Bank’s aim to be exemplary in the inclusion of CSR in all its forms—economic, social, and environmental—across the management of assets for which it has the full and sole responsibility."
2018,Morocco's Sustainable Finance Module,https://www.greenfinanceplatform.org/policies-and-regulations/moroccos-sustainable-finance-module,https://www.greenfinanceplatform.org/sites/default/files/styles/flag_96_56_/public/country/flags/morocco_0.png?itok=pcQgUOGj,Institution(s): The Moroccan Capital Market Authority,Country: Morocco,"A new sustainable finance module was launched in 2018 as part of the Moroccan Capital Market Authority's (L’Autorité Marocaine Du Marché Des Capitaux, or AMMC) professional licensing framework."
2018,China's Compulsory Environmental Pollution Liability Insurance,https://www.greenfinanceplatform.org/policies-and-regulations/chinas-compulsory-environmental-pollution-liability-insurance,https://www.greenfinanceplatform.org/sites/default/files/styles/flag_96_56_/public/country/flags/china_0.png?itok=5mTa_Ix2,Institution(s): China Insurance Regulatory Commission,Country: China,"In 2018, the China Insurance Regulatory Commission (CIRC), together with the Chinese Ministry of Environmental Protection (MEP), passed the Compulsory Environmental Pollution Liability Insurance (CEPLI) Regulation."
2019,Memorandums on Climate Change and the Duties of Company Directors in Australia,https://www.greenfinanceplatform.org/policies-and-regulations/memorandums-climate-change-and-duties-company-directors-australia,https://www.greenfinanceplatform.org/sites/default/files/styles/flag_96_56_/public/country/flags/australia_0.png?itok=MUgeIm54,Institution(s): The Centre for Policy Development and Future Business Council,Country: Australia,Australia's Centre for Policy Development has issued two memorandums on climate change and the duties of company directors—one in 2016 and another in 2019.
2019,"Illinois Sustainable Investing Act (2019), HB 2460",https://www.greenfinanceplatform.org/policies-and-regulations/illinois-sustainable-investing-act-2019-hb-2460,https://www.greenfinanceplatform.org/sites/default/files/styles/flag_96_56_/public/country/flags/us.png?itok=B_Tf7hVP,Institution(s): State of Illinois,Country: United States of America,"The Illinois Sustainable Investing Act (2019), HB 2460, requires “all state and local government entities that hold and manage public funds to integrate material, relevant, and useful sustainability factors into their policies, processes, and decision-making”."
2018,Japan Corporate Governance Code,https://www.greenfinanceplatform.org/policies-and-regulations/japan-corporate-governance-code,https://www.greenfinanceplatform.org/sites/default/files/styles/flag_96_56_/public/country/flags/japan_0.png?itok=m9IqJMel,Institution(s): Financial Services Agency,Country: Japan,Japan's Corporate Governance Code establishes fundamental principles for corporate governance at listed companies in Japan with a view to attaining sustainable corporate growth and increased corporate value over the mid- to long-term.
2018,China's Green Investment Guidelines,https://www.greenfinanceplatform.org/policies-and-regulations/chinas-green-investment-guidelines,https://www.greenfinanceplatform.org/sites/default/files/styles/flag_96_56_/public/country/flags/china_0.png?itok=5mTa_Ix2,Institution(s): The Asset Management Association of China and the China Securities Regulatory Commission,Country: China,"In 2018, the Asset Management Association of China issued Green Investment Guidelines to establish basic principles and standards for green investment methodologies, strategies, regulations, benchmarks, and evaluations."
2018,Banque de France's 2018 Responsible Investment Report Shows Strong Non-Financial Performance,https://www.greenfinanceplatform.org/policies-and-regulations/banque-de-frances-2018-responsible-investment-report-shows-strong-non,https://www.greenfinanceplatform.org/sites/default/files/styles/flag_96_56_/public/country/flags/france_0.png?itok=2p1RJfXu,Institution(s): Banque de France,Country: France,"In 2018, the Banque de France conducted the first analysis of the extra-financial performance of its portfolios."
2019,Bangladesh's Green Transformation Fund (GTF),https://www.greenfinanceplatform.org/policies-and-regulations/bangladeshs-green-transformation-fund-gtf,https://www.greenfinanceplatform.org/sites/default/files/styles/flag_96_56_/public/country/flags/bangladesh_0.png?itok=dpKe9nmo,Institution(s): Bangladesh Bank (BB),Country: Bangladesh,"Bangladesh Bank’s Green Transformation Fund (GTF)—a USD 200 million refinancing scheme for environmentally-friendly initiatives launched in 2016—expanded its scope in June 2019 from just three sectors (textiles, leather, jute) to include all manufacturing and export-oriented entities, irrespective of sector."
2019,Myanmar Climate Change Strategy,https://www.greenfinanceplatform.org/policies-and-regulations/myanmar-climate-change-strategy,https://www.greenfinanceplatform.org/sites/default/files/styles/flag_96_56_/public/country/flags/myanmar_0.png?itok=rlNPurB6,Institution(s): Ministry of Natural Resources and Environmental Conservation (MONREC),Country: Myanmar,"Myanmar’s Climate Change Strategy (2018-2030) was published by the Government of the Republic of the Union of Myanmar in 2019. This strategy was formulated to provide long-term direction and guidance for government, civil society, and the private sector to undertake and promote climate change actions in adaptation and mitigation in Myanmar and to create opportunities for sustainable and low-carbon development.."
2018,Japan's Environmental Reporting Guidelines,https://www.greenfinanceplatform.org/policies-and-regulations/japans-environmental-reporting-guidelines,https://www.greenfinanceplatform.org/sites/default/files/styles/flag_96_56_/public/country/flags/japan_0.png?itok=m9IqJMel,"Institution(s): Government of Japan, Ministry of the Environment, Japan (MOEJ)",Country: Japan,"Japan's 2018 Environmental Reporting Guidelines constitute a framework for international regulations, practical trends, and integrated environmental reporting. It requires reporting of both conventional environmental management information and forward-looking, non-financial data."
2018,China’s Green Bond Verification Guidelines,https://www.greenfinanceplatform.org/policies-and-regulations/china%E2%80%99s-green-bond-verification-guidelines,https://www.greenfinanceplatform.org/sites/default/files/styles/flag_96_56_/public/country/flags/china_0.png?itok=5mTa_Ix2,Institution(s): The People’s Bank of China (PBoC) and China Securities Regulatory Commission (CSRC),Country: China,"China's Green Bond Assessment and Verification Guidelines introduce regulatory requirements for verifiers, including the required qualifications and credentials, verification methods, and reporting requirements."
2018,Irish Sovereign Green Bond Framework,https://www.greenfinanceplatform.org/policies-and-regulations/irish-sovereign-green-bond-framework,https://www.greenfinanceplatform.org/sites/default/files/styles/flag_96_56_/public/country/flags/ireland_0.png?itok=wS0Kxb69,Institution(s): National Treasury Management Agency,Country: Ireland,"The Irish Sovereign Green Bond Framework will enable Ireland to fund eligible Green Projects through the issuance of Irish Sovereign Green Bonds (ISGBs) in order to contribute to the country's commitment to transition to a low-carbon, climate resilient, and environmentally sustainable economy."
2019,Zimbabwe’s National Climate Change Response Strategy,https://www.greenfinanceplatform.org/policies-and-regulations/zimbabwes-national-climate-change-response-strategy,https://www.greenfinanceplatform.org/sites/default/files/styles/flag_96_56_/public/country/flags/zimbabwe_0.png?itok=ggqevOKG,"Institution(s): Ministry of Environment, Ministry of Environment, Water and Climate of Zimbabwe",Country: Zimbabwe,"In November 2019, the Government of Zimbabwe and Ministry of Environment, Water and Climate passed the National Climate Change Response Strategy."
2018,Green Finance Network Japan,https://www.greenfinanceplatform.org/policies-and-regulations/green-finance-network-japan,https://www.greenfinanceplatform.org/sites/default/files/styles/flag_96_56_/public/country/flags/japan_0.png?itok=m9IqJMel,Institution(s): Green Finance Network Japan,Country: Japan,The Green Finance Network Japan (GFNJ) aims to facilitate multi-level stakeholder engagement and information sharing on green finance and to examine options for the reform of its financial system.
2018,Central Bank of Gambia’s objective of supporting sustainable economic growth,https://www.greenfinanceplatform.org/policies-and-regulations/central-bank-gambia%E2%80%99s-objective-supporting-sustainable-economic-growth,https://www.greenfinanceplatform.org/sites/default/files/styles/flag_96_56_/public/country/flags/gambia-the.png?itok=h0GoDMqK,Institution(s): Central Bank of Gambia,Country: Gambia,The mandate of the Central Bank of Gambia includes an explicit objective for the promotion of sustainable economic development.
2018,Green Insurance to Support Afforestation,https://www.greenfinanceplatform.org/policies-and-regulations/green-insurance-support-afforestation,https://www.greenfinanceplatform.org/sites/default/files/styles/flag_96_56_/public/country/flags/argentina_1.png?itok=ZXU_FF68,Institution(s): Superintendencia de Seguros de La Nación (SSN),Country: Argentina,"Argentina's Superintendencia de Seguros de La Nación (SSN)—a decentralised body within the Ministry of Economy that advises the Executive on maters related to insurance market policy and oversees insurance and reinsurance entities—has implemented the Green Insurance Project, which allocates 1% of the premiums of automotive policies to support afforestation efforts."
2018,Egypt’s Financial Regulatory Authority Green Bond Guidelines,https://www.greenfinanceplatform.org/policies-and-regulations/egypt%E2%80%99s-financial-regulatory-authority-green-bond-guidelines,https://www.greenfinanceplatform.org/sites/default/files/styles/flag_96_56_/public/country/flags/egypt_0.png?itok=lwzvUCrU,Institution(s): Financial Regulatory Authority (FRA),Country: Egypt,"Egypt’s Financial Regulatory Authority (FRA) approved the legal framework for issuing green bonds in July 2018, with the aim of providing financial tools to fund eco-friendly projects in the fields of new and renewable energy, construction, and transport."
2018,Italy Introduces Regulation that Highlights the Importance of Environmental and Social Factors in Insurance Undertakings (No. 38/2018),https://www.greenfinanceplatform.org/policies-and-regulations/italy-introduces-regulation-highlights-importance-environmental-and-social,https://www.greenfinanceplatform.org/sites/default/files/styles/flag_96_56_/public/country/flags/italy_0.png?itok=gR91h8gn,Institution(s): Istituto per la Vigilanza Sulle Assicurazioni (IVASS),Country: Italy,"In 2018, Italy's Institute for the Supervision of Insurance (IVASS) introduced provisions in Regulation No. 38/2018 that underline the importance of social and environmental factors in the activities of insurance undertakings."
2018,"Draft Amendment to Delegated Regulation 2017/2359 Aims to Integrate Environmental, Social, and Governance (ESG) Considerations into Advice on Insurance-Based Investment Products",https://www.greenfinanceplatform.org/policies-and-regulations/draft-amendment-delegated-regulation-20172359-aims-integrate-environmental,https://www.greenfinanceplatform.org/sites/default/files/styles/flag_96_56_/public/country/flags/EU.png?itok=7FBcPJet,Institution(s): European Commission,Country: EU,"In 2018, the European Commission drafted an amendment to Delegated Regulation (EU) 2017/2359 to integrate Environmental, Social and Governance (ESG) considerations and preferences into the investment advice for insurance-based investment products."
2018,Indonesia Sustainable Finance Initiative,https://www.greenfinanceplatform.org/policies-and-regulations/indonesia-sustainable-finance-initiative,https://www.greenfinanceplatform.org/sites/default/files/styles/flag_96_56_/public/country/flags/indonesia_0.png?itok=L38_jaSc,"Institution(s): Bank Artha Graha Indonesia, BRI Syariah, Bank Central Asia, Bank Mandiri, Bank Muamalat, Bank Negara Indonesia, Bank Pembangunan Daerah Jawa Barat dan Banten, and Bank Rakyat Indonesia (supported by OJK)",Country: Indonesia,The Indonesia Sustainable Finance Initiative (ISFI) aims to promote and implement inclusive sustainable finance practices.
2017,Guiding Opinions of the China Securities Regulatory Commission on Supporting the Development of Green Bonds,https://www.greenfinanceplatform.org/policies-and-regulations/guiding-opinions-china-securities-regulatory-commission-supporting,https://www.greenfinanceplatform.org/sites/default/files/styles/flag_96_56_/public/country/flags/china_0.png?itok=5mTa_Ix2,Institution(s): China Securities Regulatory Commission,Country: China,"In 2017, China issued an Announcement (No. 6) to encourage relevant government departments and local governments to introduce preferential policy measures to support the development of green bonds."
2018,Technical Advice on Amendments to European Directives (2009/65/EC and 2011/61/EU) to Integrate Sustainability Risks,https://www.greenfinanceplatform.org/policies-and-regulations/technical-advice-amendments-european-directives-200965ec-and-201161eu,https://www.greenfinanceplatform.org/sites/default/files/styles/flag_96_56_/public/country/flags/EU.png?itok=7FBcPJet,Institution(s): Financial Services and Markets Authority (FSMA),Country: EU,This Consultation Paper aims to fulfill the European Commission’s request for technical advice on potential amendments to delegated acts under European Directive 2009/65/EC (UCITS Directive) and Directive 2011/61/EU (AIFMD) with regard to the integration of sustainability risks and factors in the internal processes and procedures of UCITS management companies and alternative investment fund managers.
2018,Guideline on Environmental & Social Risk Management (ESRM) For Banks and Financial Institutions,https://www.greenfinanceplatform.org/policies-and-regulations/guideline-environmental-social-risk-management-esrm-banks-and-financial,https://www.greenfinanceplatform.org/sites/default/files/styles/flag_96_56_/public/country/flags/nepal_0.png?itok=d9BctpbB,Institution(s): Nepal Rastra Bank (NRB),Country: Nepal,"The ESRM guidelines set down standards for the identification, assessment, and management of E&S risks."
2018,"Draft Amendment to Delegated Regulation 2017/565 Aims to Integrate Environmental, Social, and Governance (ESG) Considerations into Investment Advice and Portfolio Management",https://www.greenfinanceplatform.org/policies-and-regulations/draft-amendment-delegated-regulation-2017565-aims-integrate-environmental,https://www.greenfinanceplatform.org/sites/default/files/styles/flag_96_56_/public/country/flags/EU.png?itok=7FBcPJet,Institution(s): European Commission,Country: EU,"In 2018, the European Commission drafted an amendment to the Delegated Regulation 2017/565 to integrate environmental, social, and governance (ESG) considerations and preferences into the investment advice and portfolio management provided by investment firms."
2018,Joint Statement in Support of a Sustainable Financial System for Australia and New Zealand,https://www.greenfinanceplatform.org/policies-and-regulations/joint-statement-support-sustainable-financial-system-australia-and-new,https://www.greenfinanceplatform.org/sites/default/files/styles/flag_96_56_/public/country/flags/australia_0.png?itok=MUgeIm54,"Institution(s): Investor Group on Climate Change, Principles for Responsible Investment, UNEP FI, Responsible Investment Association Australia",Country: Australia,"The joint Statement in Support of a Sustainable Financial System for Australia and New Zealand is a set of recommendations across policy, regulation and finance practices that helps the finance sector contribute systematically to a more resilient sustainable economy."
2017,China Promotes Green Finance in Five Pilot Zones,https://www.greenfinanceplatform.org/policies-and-regulations/china-promotes-green-finance-five-pilot-zones,https://www.greenfinanceplatform.org/sites/default/files/styles/flag_96_56_/public/country/flags/china_0.png?itok=5mTa_Ix2,Institution(s): Multiple Chinese Government Agencies,Country: China,"In 2017, China announced plans to set up pilot zones for green finance in Guangdong, Guizhou, Jiangxi, and Zhejiang provinces as well as the Xinjiang Uygur autonomous region."
2018,Seychelles’ Sovereign Blue Bond,https://www.greenfinanceplatform.org/policies-and-regulations/seychelles%E2%80%99-sovereign-blue-bond,https://www.greenfinanceplatform.org/sites/default/files/styles/flag_96_56_/public/country/flags/seychelles_0.png?itok=A1MXKW4H,Institution(s): Republic of the Seychelles,Country: Seychelles,"In October 2018, Republic of Seychelles issued a Blue Bond for an amount of USD15 million with a maturity of 10 years and interest payments (“coupons”) of 6.5%."
2018,Amendment to Regulation 2016/1011 Introduces a Framework for European Union (EU) Climate Transition and Paris-Aligned Benchmarks,https://www.greenfinanceplatform.org/policies-and-regulations/amendment-regulation-20161011-introduces-framework-european-union-eu,https://www.greenfinanceplatform.org/sites/default/files/styles/flag_96_56_/public/country/flags/EU.png?itok=7FBcPJet,Institution(s): European Parliament,Country: EU,The European Union’s (EU) amendment to Regulation 2016/1011 (on indices used as benchmarks in financial instruments and financial contracts) introduces a regulatory framework that lays down minimum requirements for the EU Climate Transition Benchmark and EU Paris-aligned Benchmark.
2018,Council of Financial Regulators (CFR) Working Group on Financial Implications of Climate Change,https://www.greenfinanceplatform.org/policies-and-regulations/council-financial-regulators-cfr-working-group-financial-implications,https://www.greenfinanceplatform.org/sites/default/files/styles/flag_96_56_/public/country/flags/australia_0.png?itok=MUgeIm54,"Institution(s): Council of Financial Regulators (CFR) - comprising RBA, APRA, ASIC and the Australian Treasury",Country: Australia,"The group provides a forum for APRA, the Australian Securities and Investment Commission (ASIC), the Reserve Bank of Australia (RBA) and the Australian Treasury to consider and coordinate actions to address the implications of the changing climate for the Australian financial system. The working group reports to the CFR, as needed, on international developments, emerging regulatory gaps and risks to the financial system in relation to climate change."
2018,Clarifying and Strengthening Trustees' Investment Duties,https://www.greenfinanceplatform.org/policies-and-regulations/clarifying-and-strengthening-trustees-investment-duties,https://www.greenfinanceplatform.org/sites/default/files/styles/flag_96_56_/public/country/flags/uk.png?itok=sEHdJaOS,Institution(s): Department for Work & Pensions,Country: United Kingdom of Great Britain and Northern Ireland,"The Department for Work & Pensions proposed to require trustees to, by October 2019, where they are required to produce a Statement of Investment Principles, update or prepare it to set out: how they take account of financially material considerations, including ("
2018,"Guidelines on green, social and sustainable bonds",https://www.greenfinanceplatform.org/policies-and-regulations/guidelines-green-social-and-sustainable-bonds,https://www.greenfinanceplatform.org/sites/default/files/styles/flag_96_56_/public/country/flags/morocco_0.png?itok=pcQgUOGj,Institution(s): Moroccan Capital Market Authority (AMMC),Country: Morocco,"The Moroccan Capital Market Authority (AMMC), with the support of the International Finance Corporation (IFC), issued their Green, Social and Sustainability Bond Guidelines."
2017,China Securities Regulatory Commission Green Bond Assessment Guidelines for Listed Companies,https://www.greenfinanceplatform.org/policies-and-regulations/china-securities-regulatory-commission-green-bond-assessment-guidelines,https://www.greenfinanceplatform.org/sites/default/files/styles/flag_96_56_/public/country/flags/china_0.png?itok=5mTa_Ix2,Institution(s): People's Bank of China and the China Securities Regulatory Commissions (CSRC),Country: China,"The China Securities Regulatory Commission has issued Green Bond Assessment Guidelines, which set out official requirements for what projects qualify as green, the management of proceeds, and reporting."
2018,The European Commission's Action Plan on Financing Sustainable Growth,https://www.greenfinanceplatform.org/policies-and-regulations/european-commissions-action-plan-financing-sustainable-growth,https://www.greenfinanceplatform.org/sites/default/files/styles/flag_96_56_/public/country/flags/EU.png?itok=7FBcPJet,Institution(s): European Commission,Country: EU,"Implementation of the European Commission's (EC's) Action Plan on Sustainable Finance, which was adopted in March 2018, is underway, with support from an approved package of four legislative measures in May 2018 and adoption of a regulation on low-carbon benchmarks in March 2019."
2018,Belgium has Issued an EUR 4.5 Billion Green Bond,https://www.greenfinanceplatform.org/policies-and-regulations/belgium-has-issued-eur-45-billion-green-bond,https://www.greenfinanceplatform.org/sites/default/files/styles/flag_96_56_/public/country/flags/belgium_0.png?itok=kcQf5DHg,Institution(s): Ministry of Finance,Country: Belgium,"In February 2018, Belgium issued an EUR 4.5 billion green bond, which is expected to grow to EUR 10 billion within four years."
2018,Policy brief “Green finance: the agenda for Russia”,https://www.greenfinanceplatform.org/policies-and-regulations/policy-brief-%E2%80%9Cgreen-finance-agenda-russia%E2%80%9D,https://www.greenfinanceplatform.org/sites/default/files/styles/flag_96_56_/public/country/flags/russia.png?itok=nc3EQ33j,Institution(s): The Ministry of Finance of the Russian federation and the Central Bank of Russia,Country: Russia,The Ministry of Finance of the Russian federation in November 2018 has published a policy brief on the green finance agenda for Russia prepared by the Working group on sustainable finance working in the framework of the Expert committee on the long-term investment market of the Central Bank of Russia.
2018,Bursa Malaysia Sustainability Reporting Guide,https://www.greenfinanceplatform.org/policies-and-regulations/bursa-malaysia-sustainability-reporting-guide,https://www.greenfinanceplatform.org/sites/default/files/styles/flag_96_56_/public/country/flags/malaysia_0.png?itok=_uXIf6LU,Institution(s): Bursa Malaysia,Country: Malaysia,"The Sustainability Reporting Guide seeks to provide guidance on how to embed sustainability and help identify, evaluate and manage material EES risks and opportunities."
2018,Guide for Environmental and Social risk management,https://www.greenfinanceplatform.org/policies-and-regulations/guide-environmental-and-social-risk-management,https://www.greenfinanceplatform.org/sites/default/files/styles/flag_96_56_/public/country/flags/paraguay_0.png?itok=N2d_OtyI,Institution(s): Central Bank of Paraguay,Country: Paraguay,"On 22 November 2018, Paraguay’s Central Bank approved Resolution No. 8/2018 “Guide for the Management of Environmental Social Risks for Entities Regulated and Supervised by the Central Bank of Paraguay”, to be integrated within the credit risk analysis of financial institutions."
2018,Survey Finds Swedish Banks Have Made Progress on Sustainable Lending but Further Improvements are Needed,https://www.greenfinanceplatform.org/policies-and-regulations/survey-finds-swedish-banks-have-made-progress-sustainable-lending-further,https://www.greenfinanceplatform.org/sites/default/files/styles/flag_96_56_/public/country/flags/sweden_0.png?itok=TjU2UwgD,Institution(s): The Swedish Financial Supervisory Authority (Finansinspektionen),Country: Sweden,"Finansinspektionen (FI), Sweden's financial supervisory authority, has conducted a survey of nine banks, which together account for the majority of total corporate lending in Sweden. This 2018 survey is a follow-up to the one that FI carried out in 2015 to note if any changes had been made in how the banks consider sustainability-related risks."
2017,Ontario Green Bank Regulation (Reg. 46/17: Ontario Climate Change Solutions Deployment Corporation),https://www.greenfinanceplatform.org/policies-and-regulations/ontario-green-bank-regulation-reg-4617-ontario-climate-change-solutions,https://www.greenfinanceplatform.org/sites/default/files/styles/flag_96_56_/public/country/flags/canada_0.png?itok=kkIfg6qU,Institution(s): Government of Ontario,Country: Canada,"In 2017, the Ontario Ministry of the Environment and Climate Change (MOECC) filed the regulation that governs the Ontario Climate Change Solutions Deployment Corporation (OCCSDC), commonly referred to as the ""Green Bank."""
2018,The Government of the Republic of Lithuania issued a Sovereign Green Bond,https://www.greenfinanceplatform.org/policies-and-regulations/government-republic-lithuania-issued-sovereign-green-bond,https://www.greenfinanceplatform.org/sites/default/files/styles/flag_96_56_/public/country/flags/lithuania_0.png?itok=K8kRVVXs,Institution(s): Government of the Republic of Lithuania,Country: Lithuania,The Government of the Republic of Lithuania is the first public authority in the Baltic states to issue green bonds.
2018,California Senate Bill No. 964: climate-related financial risk,https://www.greenfinanceplatform.org/policies-and-regulations/california-senate-bill-no-964-climate-related-financial-risk,https://www.greenfinanceplatform.org/sites/default/files/styles/flag_96_56_/public/country/flags/us.png?itok=B_Tf7hVP,Institution(s): State of California,Country: United States of America,California’s 2018 SB 964 requires the country’s two biggest pension funds to publicly disclose and analyze their climate-related investment risks.
2018,The City of Reykjavík Green Bond Framework,https://www.greenfinanceplatform.org/policies-and-regulations/city-reykjav%C3%ADk-green-bond-framework,https://www.greenfinanceplatform.org/sites/default/files/styles/flag_96_56_/public/country/flags/iceland_0.png?itok=LACe5uAI,Institution(s): City of Reykjavík,Country: Iceland,"The City of Reykjavík established a Green Bond Framework, under which eligible projects assist the City of Reykjavik in the transition to a low carbon economy. Projects included in the framework include:"
2018,"Mexico's Climate Change Law, and Amendments on a National Emissions Registry and Emissions Trading System",https://www.greenfinanceplatform.org/policies-and-regulations/mexicos-climate-change-law-and-amendments-national-emissions-registry-and,https://www.greenfinanceplatform.org/sites/default/files/styles/flag_96_56_/public/country/flags/mexico_0.png?itok=vzj2K6wp,Institution(s): The Mexican Government,Country: Mexico,"Mexico’s Climate Change Law, which includes ambitious emissions reductions targets, was passed in 2012 and amended in 2014 to establish a National Emissions Registry and in 2018 to initiate a national emissions trading system."
2017,The California Climate Risk Carbon Initiative's Disclosure Requirement on Investments in Fossil Fuels,https://www.greenfinanceplatform.org/policies-and-regulations/california-climate-risk-carbon-initiatives-disclosure-requirement,https://www.greenfinanceplatform.org/sites/default/files/styles/flag_96_56_/public/country/flags/us.png?itok=B_Tf7hVP,Institution(s): California Department of Insurance,Country: United States of America,"The California Climate Risk Carbon Initiative's Disclosure Requirement requires all insurance companies with US$100 million in annual premiums doing business in California to disclose publicly their investments in coal, oil, gas, and utilities that rely on these fossil fuels."
2018,The National Stock Exchange of Costa Rica Launched Initiatives to Develop the Green Bond Market,https://www.greenfinanceplatform.org/policies-and-regulations/national-stock-exchange-costa-rica-launched-initiatives-develop-green-bond,https://www.greenfinanceplatform.org/sites/default/files/styles/flag_96_56_/public/country/flags/costa-rica.png?itok=mfjgXfVF,Institution(s): Bolsa Nacional de Valores (BNV),Country: Costa Rica,BNV has developed a number of initiatives to develop the green bond market
2018,Amman Stock Exchange Guidance on Sustainability Reporting,https://www.greenfinanceplatform.org/policies-and-regulations/amman-stock-exchange-guidance-sustainability-reporting,https://www.greenfinanceplatform.org/sites/default/files/styles/flag_96_56_/public/country/flags/jordan_0.png?itok=He3CQa0F,Institution(s): Amman Stock Exchange (ASE),Country: Jordan,"In August 2018, Amman Stock Exchange issued guiding steps for the listed public shareholding companies on sustainability reporting."
2018,Sustainability Disclosure Guidelines,https://www.greenfinanceplatform.org/policies-and-regulations/sustainability-disclosure-guidelines,https://www.greenfinanceplatform.org/sites/default/files/styles/flag_96_56_/public/country/flags/nigeria_0.png?itok=ci2p0754,Institution(s): The Nigerian Stock Exchange,Country: Nigeria,"The Sustainability Disclosure Guidelines provide a step by step approach on integrating sustainability in organisations, and detail indicators that should be considered when providing annual disclosure to The Exchange."
2017,Fiji has Issued a USD 50 Million Green Bond,https://www.greenfinanceplatform.org/policies-and-regulations/fiji-has-issued-usd-50-million-green-bond,https://www.greenfinanceplatform.org/sites/default/files/styles/flag_96_56_/public/country/flags/fiji_0.png?itok=bLlUJOeE,Institution(s): Ministry of Economy and Reserve Bank of Fiji,Country: Fiji,"In October 2017, Fiji issued a USD 50 million green bond."
2018,Mexico's Green Bonds Principles,https://www.greenfinanceplatform.org/policies-and-regulations/mexicos-green-bonds-principles,https://www.greenfinanceplatform.org/sites/default/files/styles/flag_96_56_/public/country/flags/mexico_0.png?itok=vzj2K6wp,Institution(s): Consejo Consultivo de Finanzas Climáticas (Climate Finance Advisory Group),Country: Mexico,Mexico's Green Bonds Principles aim to establish common guidelines that can help green bond issuers in the Mexican market with the green bond issuance process as well as provide certainty to investors regarding the environmental benefits of the projects financed through the proceeds raised.
2018,Voluntary Guide for Creating Sustainability Reports,https://www.greenfinanceplatform.org/policies-and-regulations/voluntary-guide-creating-sustainability-reports,https://www.greenfinanceplatform.org/sites/default/files/styles/flag_96_56_/public/country/flags/costa-rica.png?itok=mfjgXfVF,Institution(s): Bolsa Nacional de Valores (BNV),Country: Costa Rica,The National Stock Exchange of Costa Rica has created a Sustainable Voluntary Guidance to help issuers in preparing and disclosing information about the ESG criteria.
2018,Guidance for listed companies on reporting ESG information to investors,https://www.greenfinanceplatform.org/policies-and-regulations/guidance-listed-companies-reporting-esg-information-investors,https://www.greenfinanceplatform.org/sites/default/files/styles/flag_96_56_/public/country/flags/botswana_0.png?itok=IdH8u7YB,Institution(s): Botswana Stock Exchange (BSE),Country: Botswana,"In 2018, Botswana Stock Exchange issued a guidance for BSE listed companies. The guidance is a voluntary tool and proposes five guiding principles for ESG reporting."
2018,Recommendation from the High Level Meeting on ESG Finance: Toward becoming a big power in ESG finance,https://www.greenfinanceplatform.org/policies-and-regulations/recommendation-high-level-meeting-esg-finance-toward-becoming-big-power-esg,https://www.greenfinanceplatform.org/sites/default/files/styles/flag_96_56_/public/country/flags/japan_0.png?itok=m9IqJMel,Institution(s): High Level Meeting on ESG Finance,Country: Japan,"In January 2018, the High Level Meeting on ESG Finance was set up for major players in the financial markets to gather under the initiative of the Minister of the Environment. In July 2018, the members of the High Level Meeting on ESG Finance released their recommendation called “Toward becoming a big power in ESG finance” aimed at bolstering ESG investment and enhancing climate-related disclosures."
2018,Investment Guidelines for Mexico's Retirement Funds Administrators,https://www.greenfinanceplatform.org/policies-and-regulations/investment-guidelines-mexicos-retirement-funds-administrators,https://www.greenfinanceplatform.org/sites/default/files/styles/flag_96_56_/public/country/flags/mexico_0.png?itok=vzj2K6wp,Institution(s): CONSAR,Country: Mexico,"Mexico has revised recommendations that form the regulatory backbone of the Afores (Mexico’s Retirement Funds Administrators) system, which include environmental, social, and governance (ESG) factors in the Afores' investment analysis procedures."
2018,Vienna Stock Exchange’s Green and Social Bonds Platform,https://www.greenfinanceplatform.org/policies-and-regulations/vienna-stock-exchange%E2%80%99s-green-and-social-bonds-platform,https://www.greenfinanceplatform.org/sites/default/files/styles/flag_96_56_/public/country/flags/austria_0.png?itok=xoo15rMf,Institution(s): Vienna Stock Exchange (Wiener Börse),Country: Austria,The Vienna Stock Exchange launched a platform for ‘green’ securities for Austrian and international issuers.
2017,Solactive oekom ESG Fossil Free Eurozone 50 Index,https://www.greenfinanceplatform.org/policies-and-regulations/solactive-oekom-esg-fossil-free-eurozone-50-index,https://www.greenfinanceplatform.org/sites/default/files/styles/flag_96_56_/public/country/flags/germany_0.png?itok=oLuTPe9k,"Institution(s): The Federal State of Berlin, Oekom Research and Solactive",Country: Germany,"Solactive oekom ESG Fossil Free Eurozone 50 Index, which is customized to the State of Berlin’s divesting policies on reserve funds, aims to achieve the goals of the UN Global Compact as well as allocate funds to environmental, social, and governance (ESG) investment objectives, while ensuring the ease of tradability of the index constituents."
2018,Maldives Green Fund,https://www.greenfinanceplatform.org/policies-and-regulations/maldives-green-fund,https://www.greenfinanceplatform.org/sites/default/files/styles/flag_96_56_/public/country/flags/maldives_0.png?itok=FyMthjsU,Institution(s): Republic of Maldives,Country: Maldives,"In December 2018, the Republic of Maldives established a green fund to manage revenue sourced form green taxes."
2018,Australian Asset Owner Stewardship Code,https://www.greenfinanceplatform.org/policies-and-regulations/australian-asset-owner-stewardship-code,https://www.greenfinanceplatform.org/sites/default/files/styles/flag_96_56_/public/country/flags/australia_0.png?itok=MUgeIm54,Institution(s): Australian Council of Superannuation Investors (ACSI),Country: Australia,The Australian Asset Owner Stewardship Code (Code) aims to increase the transparency and accountability of stewardship activities in Australia.
2018,Climate Finance Facility,https://www.greenfinanceplatform.org/policies-and-regulations/climate-finance-facility,https://www.greenfinanceplatform.org/sites/default/files/styles/flag_96_56_/public/country/flags/south-africa_0.png?itok=_HHbn--4,Institution(s): Development Bank of Africa,Country: South Africa,"The Development Bank of Southern Africa (DBSA) is an infrastructure development finance institution (DFI) that supports financing of infrastructure in the energy, water, transport and ICT sectors in sub-Saharan Africa."
2018,National Policy on Climate Finance,https://www.greenfinanceplatform.org/policies-and-regulations/national-policy-climate-finance,https://www.greenfinanceplatform.org/sites/default/files/styles/flag_96_56_/public/country/flags/kenya_0.png?itok=pESOJdrE,Institution(s): National Treasury of the Republic of Kenya,Country: Kenya,The National Policy on Climate Finance provides legal National Policy and institutional frameworks for guiding and promoting climate finance flows in Kenya and reporting climate finance through budget tracking.
2017,Germany's State of North-Rhine Westphalia has Issued Three Sustainability Bonds,https://www.greenfinanceplatform.org/policies-and-regulations/germanys-state-north-rhine-westphalia-has-issued-three-sustainability-bonds,https://www.greenfinanceplatform.org/sites/default/files/styles/flag_96_56_/public/country/flags/germany_0.png?itok=oLuTPe9k,Institution(s): The State of North-Rhine Westphalia,Country: Germany,Germany's State of North-Rhine Westphalia has issued three sustainability bonds.
2018,Corporate Governance Guide for Banks,https://www.greenfinanceplatform.org/policies-and-regulations/corporate-governance-guide-banks,https://www.greenfinanceplatform.org/sites/default/files/styles/flag_96_56_/public/country/flags/iraq_0.png?itok=grmUYu0K,Institution(s): Central Bank of Irak,Country: Iraq,The Corporate Governance Guide’s purpose is the promotion and implementation of best practices in governance and sustainability within the banking sector.
2018,"General Resolution No. 764/2018 - Annex I ""Argentina Guidelines for the Offering of Green Social and Sustainable Bonds"" and Resolution 788/2019",https://www.greenfinanceplatform.org/policies-and-regulations/general-resolution-no-7642018-annex-i-argentina-guidelines-offering-green,https://www.greenfinanceplatform.org/sites/default/files/styles/flag_96_56_/public/country/flags/argentina_1.png?itok=ZXU_FF68,Institution(s): Comisión Nacional de Valores (the Argentine Securities and Exchange Commission),Country: Argentina,"Argentina's Guidelines on Green, Social, and Sustainable Bonds introduce the conceptual framework for the financing of projects that generate environmental and social impact."
2017,Germany's Renewable Energy Act (Erneuerbare-Energien-Gesetz),https://www.greenfinanceplatform.org/policies-and-regulations/germanys-renewable-energy-act-erneuerbare-energien-gesetz,https://www.greenfinanceplatform.org/sites/default/files/styles/flag_96_56_/public/country/flags/germany_0.png?itok=oLuTPe9k,Institution(s): German Bundestag,Country: Germany,The purpose of the German Renewable Energy Act is to enable the energy supply to develop in a sustainable manner and to support climate change mitigation and environmental protection.
2017,Disclosure Requirements for Issuance and Listing of Green Debt Securities (CIR/IMD/DF/51/2017),https://www.greenfinanceplatform.org/policies-and-regulations/disclosure-requirements-issuance-and-listing-green-debt-securities,https://www.greenfinanceplatform.org/sites/default/files/styles/flag_96_56_/public/country/flags/india.png?itok=JjRiaKRC,Institution(s): The Securities and Exchange Board of India,Country: India,"India issued a Circular on Disclosure Requirements for Issuance and Listing of Green Debt Securities (CIR/IMD/DF/51/2017) in May 2017. It includes a list of project and asset categories that fall under ""green"" debt securities, and requires issuers of green debt securities to make certain disclosures."
2017,Indonesia's Clean Energy Handbook for Financial Service Institutions,https://www.greenfinanceplatform.org/policies-and-regulations/indonesias-clean-energy-handbook-financial-service-institutions,https://www.greenfinanceplatform.org/sites/default/files/styles/flag_96_56_/public/country/flags/indonesia_0.png?itok=L38_jaSc,Institution(s): Financial Services Authority of Indonesia (OJK),Country: Indonesia,"Indonesia's Clean Energy Handbook for Financial Service Institutions includes lending manuals for five types of renewable energy investments—mini hydro, biogas, biomass, photovoltaic, and wind."
2017,Pilot tests to analyse the climate alignment of financial portfolios,https://www.greenfinanceplatform.org/policies-and-regulations/pilot-tests-analyse-climate-alignment-financial-portfolios,https://www.greenfinanceplatform.org/sites/default/files/styles/flag_96_56_/public/country/flags/syrian-arab-republic_0.png?itok=-PU8xFPb,Institution(s): The Federal Office for the Environment (FOEN) and the State Secretariat for International Financial Matters (SIF),Country: Switzerland,Switzerland's Federal Office for the Environment (FOEN) and the State Secretariat for International Financial Matters (SIF) initiated pilot tests to analyse the climate alignment of financial portfolios in 2017.
2017,Chile's National Action Plan on Business and Human Rights,https://www.greenfinanceplatform.org/policies-and-regulations/chiles-national-action-plan-business-and-human-rights,https://www.greenfinanceplatform.org/sites/default/files/styles/flag_96_56_/public/country/flags/chile_0.png?itok=5YdpA9FY,Institution(s): Ministerio de Relaciones Exteriores,Country: Chile,Chile's National Action Plan on Business and Human Rights identifies gaps within the national corporate social responsibility (CSR) strategy as well as the means to fill these gaps.
2017,Green Bond Framework,https://www.greenfinanceplatform.org/policies-and-regulations/green-bond-framework,https://www.greenfinanceplatform.org/sites/default/files/styles/flag_96_56_/public/country/flags/nigeria_0.png?itok=ci2p0754,Institution(s): The Federal Ministry of Environment of the Republic of Nigeria in partnership with the Federal Ministry of Finance,Country: Nigeria,"The Green Bond Framework provides details on eligible project categories, the project evaluation and selection process, how proceeds will be managed, and how the government intends to report on projects on an ongoing basis."
2017,French Strategy for Green Finance,https://www.greenfinanceplatform.org/policies-and-regulations/french-strategy-green-finance,https://www.greenfinanceplatform.org/sites/default/files/styles/flag_96_56_/public/country/flags/france_0.png?itok=2p1RJfXu,Institution(s): Government of France,Country: France,France's Ministry of the Ecological and Solidarity Transition and Ministry of Economy and Finance commissioned a French Strategy for Green Finance.
2017,Legislative Decree No. 32/2007 and Article 2428 of the Italian Civil Code Require Reporting on Non-Financial Indicators,https://www.greenfinanceplatform.org/policies-and-regulations/legislative-decree-no-322007-and-article-2428-italian-civil-code-require,https://www.greenfinanceplatform.org/sites/default/files/styles/flag_96_56_/public/country/flags/italy_0.png?itok=gR91h8gn,Institution(s): Italian Government,Country: Italy,"Legislative Decree No. 32/2007 and Article 2428 of the Italian Civil Code states that director's reports should include financial and non-financial key performance indicators relevant to the specific business of the company, including information relating to environmental and employee matters."
2017,Mexico’s Catastrophe Bonds Provide Financial Protection Against Losses From Covered Natural Disasters,https://www.greenfinanceplatform.org/policies-and-regulations/mexico%E2%80%99s-catastrophe-bonds-provide-financial-protection-against-losses,https://www.greenfinanceplatform.org/sites/default/files/styles/flag_96_56_/public/country/flags/mexico_0.png?itok=vzj2K6wp,Institution(s): Fund for Natural Disasters (FONDEN),Country: Mexico,"Mexico issued the world’s first sovereign catastrophe bond in 2006, followed by additional catastrophe bonds issued in 2009, 2012 and 2017, in order to provide Mexico with financial protection against losses from covered natural disasters such as earthquakes and tropical cyclones."
2017,Vanuatu Climate Finance Roadmap,https://www.greenfinanceplatform.org/policies-and-regulations/vanuatu-climate-finance-roadmap,https://www.greenfinanceplatform.org/sites/default/files/styles/flag_96_56_/public/country/flags/vanuatu_0.png?itok=S79TtIvQ,Institution(s): National Advisory Board on Climate Change & Disaster Risk Reduction,Country: Vanuatu,The purpose of the roadmap is to better guide the Government in mobilising climate finance to address national priorities.
2017,Green Banking Guidelines,https://www.greenfinanceplatform.org/policies-and-regulations/green-banking-guidelines,https://www.greenfinanceplatform.org/sites/default/files/styles/flag_96_56_/public/country/flags/pakistan_0.png?itok=MTqpta37,Institution(s): State Bank of Pakistan,Country: Pakistan,"The Green Banking Guidelines cover Environmental and Social Risk in lending, financing green projects and reducing the banks’ carbon footprint."
2017,France Requires Companies to include Environmental and Social Issues in Non-Financial Declarations (Order No. 2017-1180 and Decree No. 2017-1265),https://www.greenfinanceplatform.org/policies-and-regulations/france-requires-companies-include-environmental-and-social-issues-non,https://www.greenfinanceplatform.org/sites/default/files/styles/flag_96_56_/public/country/flags/france_0.png?itok=2p1RJfXu,Institution(s): Government of France,Country: France,"In France, companies with more than 500 employees with a balance sheet total exceeding 20 million euros or with a turnover of more than 40 million need to provide a ""declaration of extra-financial performance of companies."" This declaration must include specific environmental and social information, including on climate change, according to Order No. 2017-1180 and Decree No. 2017-1265."
2017,Morocco's Framework Partnership Agreement Aims to Promote Investments in the Environment and Sustainable Development,https://www.greenfinanceplatform.org/policies-and-regulations/moroccos-framework-partnership-agreement-aims-promote-investments,https://www.greenfinanceplatform.org/sites/default/files/styles/flag_96_56_/public/country/flags/morocco_0.png?itok=pcQgUOGj,Institution(s): Autorite de Controle des Assurances et de la Prevoyance (ACAPS),Country: Morocco,"In 2017, a Framework Partnership Agreement was signed between Morocco's Ministry of Energy, Mines and Sustainable Development, the Supervisory Authority of Insurance and Social Welfare, and the Moroccan Federation of Insurance and Reinsurance Companies in order to promote investments in the environment and sustainable development and to meet targets for sustainable investments by Moroccan insurance companies set out in the National Roadmap."
2017,South Africa Sustainable Finance Initiative,https://www.greenfinanceplatform.org/policies-and-regulations/south-africa-sustainable-finance-initiative,https://www.greenfinanceplatform.org/sites/default/files/styles/flag_96_56_/public/country/flags/south-africa_0.png?itok=_HHbn--4,Institution(s): National Treasury and market institutions,Country: South Africa,"South Africa's Sustainable Finance Initiative aims to: (i) define sustainable finance for a South African context; (ii) incorporate perspectives from all parts of the financial sector; (iii) describe the global and national drivers for sustainable finance, as well as existing industry initiatives; (iv) map supply and demand for, as well as barriers to, sustainable finance; and (v) provide recommendations on a national strategic approach and the role of regulatory agencies and industry stakeholders."
2017,First Green Bond issuance on the Moroccan Market,https://www.greenfinanceplatform.org/policies-and-regulations/first-green-bond-issuance-moroccan-market,https://www.greenfinanceplatform.org/sites/default/files/styles/flag_96_56_/public/country/flags/morocco_0.png?itok=pcQgUOGj,Institution(s): Moroccan Agency for Sustainable Energy (MASEN),Country: Morocco,"Moroccan Agency of Sustainable Energy S.A. (MASEN), a state owned public limited company, issued Morocco’s first green bond in November 2016 amounted at 1.15 billion Dirham (USD 117mn)."
2017,Cambodia's National Environment Strategy and Action Plan (NESAP) 2016-2023,https://www.greenfinanceplatform.org/policies-and-regulations/cambodias-national-environment-strategy-and-action-plan-nesap-2016-2023,https://www.greenfinanceplatform.org/sites/default/files/styles/flag_96_56_/public/country/flags/cambodia_flag.png?itok=nMxI8VbQ,Institution(s): National Council for Sustainable Development (NCSD) of Cambodia,Country: Cambodia,"In December 2017, the Ministry of Environment and the National Council for Sustainable Development (NCSD) of the Kingdom of Cambodia released National Environment Strategy and Action Plan (NESAP) 2016-2023."
2017,France has Issued an EUR 7.5 Billion Green Bond,https://www.greenfinanceplatform.org/policies-and-regulations/france-has-issued-eur-75-billion-green-bond,https://www.greenfinanceplatform.org/sites/default/files/styles/flag_96_56_/public/country/flags/france_0.png?itok=2p1RJfXu,Institution(s): Directorate General of the Treasury,Country: France,"In January 2017, the French Government issued an EUR 7.5 billion green bond. Proceeds will be allocated to projects that target climate change mitigation, biodiversity protection, climate change adaptation, and pollution control."
2017,Assessment of Climate-Related Risks for the Dutch Financial Sector,https://www.greenfinanceplatform.org/policies-and-regulations/assessment-climate-related-risks-dutch-financial-sector,https://www.greenfinanceplatform.org/sites/default/files/styles/flag_96_56_/public/country/flags/netherlands_0_9.jpg?itok=X2bxfMbg,Institution(s): De Nederlandsche Bank (DNB),Country: Netherlands,"In 2017, the central bank of the Netherlands—De Nederlandsche Bank (DNB)—published an assessment of climate-related risks that are relevant to the Dutch financial sector, along with the consequences of these risks for supervisory authorities, financial institutions, and policymakers."
2017,Issuance of Green Sukuk in Malaysia,https://www.greenfinanceplatform.org/policies-and-regulations/issuance-green-sukuk-malaysia,https://www.greenfinanceplatform.org/sites/default/files/styles/flag_96_56_/public/country/flags/malaysia_0.png?itok=_uXIf6LU,Institution(s): Securities Commission Malaysia,Country: Malaysia,Malaysia has pioneered the issuance of Green SRI Sukuk since the introduction of the SRI sukuk framework.
2017,Framework of the Guyana Green State Development Strategy and Financing Mechanisms,https://www.greenfinanceplatform.org/policies-and-regulations/framework-guyana-green-state-development-strategy-and-financing-mechanisms,https://www.greenfinanceplatform.org/sites/default/files/styles/flag_96_56_/public/country/flags/guyana_0.png?itok=BCBdh80H,Institution(s): Government of Guyana,Country: Guyana,"In March 2017, the Ministry of the Presidency of Guyana issued the Green State Development Strategy (GSDS) with the timeframe of next 15 year."
2017,Investment Governance Code for Institutional Investors,https://www.greenfinanceplatform.org/policies-and-regulations/investment-governance-code-institutional-investors,https://www.greenfinanceplatform.org/sites/default/files/styles/flag_96_56_/public/country/flags/thailand_0.png?itok=BOkrt9T1,Institution(s): Securities and Exchange Commission,Country: Thailand,The SEC has launched the Investment Governance Code (I Code) as a guideline for responsible and sustainable investment management of institutional investors.
2017,Île-de-France has Issued EUR 2.7 Billion Through Green and Sustainability Bonds Between 2012 and 2017,https://www.greenfinanceplatform.org/policies-and-regulations/%C3%AEle-de-france-has-issued-eur-27-billion-through-green-and-sustainability,https://www.greenfinanceplatform.org/sites/default/files/styles/flag_96_56_/public/country/flags/france_0.png?itok=2p1RJfXu,Institution(s): Region Ile de France,Country: France,The Ile-de-France Region—a frequent and regular issuer in the green bond market—has issued EUR 2.7 billion through green and sustainability bonds between 2012 and 2017.
2017,Nigeria has Issued a USD 29.7 Million Green Bond,https://www.greenfinanceplatform.org/policies-and-regulations/nigeria-has-issued-usd-297-million-green-bond,https://www.greenfinanceplatform.org/sites/default/files/styles/flag_96_56_/public/country/flags/nigeria_0.png?itok=ci2p0754,Institution(s): Ministry of Finance and Ministry of Environment,Country: Nigeria,"In December 2017, Nigeria issued a USD 29.7 million green bond, which commits to the deployment of federal funds for new projects that help Nigeria to meet its climate commitments and start diversifying its economy from oil-based revenues."
2016,A Guide on Sustainability Reporting in Chile,https://www.greenfinanceplatform.org/policies-and-regulations/guide-sustainability-reporting-chile,https://www.greenfinanceplatform.org/sites/default/files/styles/flag_96_56_/public/country/flags/chile_0.png?itok=5YdpA9FY,Institution(s): Bolsa de Comercio de Santiago,Country: Chile,"This Guide on Sustainability Reporting in Chile aims to help issuers prepare and publish information related to environmental, social, and governance (ESG) matters."
2017,Stewardship Code for Institutional Investors,https://www.greenfinanceplatform.org/policies-and-regulations/stewardship-code-institutional-investors,https://www.greenfinanceplatform.org/sites/default/files/styles/flag_96_56_/public/country/flags/kenya_0.png?itok=pESOJdrE,Institution(s): Capital Markets Authority,Country: Kenya,The purpose of the Stewardship Code is to encourage the institutional investment community to take action to serve as responsible stewards for their beneficiaries and to help to promote good corporate governance and the sustainable success of listed companies (issuers) in the capital markets.
2017,Italy's National Energy Strategy 2017,https://www.greenfinanceplatform.org/policies-and-regulations/italys-national-energy-strategy-2017,https://www.greenfinanceplatform.org/sites/default/files/styles/flag_96_56_/public/country/flags/italy_0.png?itok=gR91h8gn,Institution(s): Italian Government,Country: Italy,"Italy's National Energy Strategy (SEN) is a ten–year plan that aims to anticipate and manage the long-term change of the national energy system. The Strategy lays the foundation for the construction of an advanced and innovative energy model, with the objectives of making the national energy system more competitive, more sustainable, and more secure."
2017,Evaluating Climate Change Risks in the Banking Sector,https://www.greenfinanceplatform.org/policies-and-regulations/evaluating-climate-change-risks-banking-sector,https://www.greenfinanceplatform.org/sites/default/files/styles/flag_96_56_/public/country/flags/france_0.png?itok=2p1RJfXu,Institution(s): Directorate General of the Treasury (with support from the Banque de France and the Prudential Supervisory and Resolution Authority),Country: France,"In 2017, France's Directorate General of the Treasury published a report on climate-related risks in the banking sector."
2017,"Japan's Guidebook on Environmental, Social, and Governance (ESG) Investment",https://www.greenfinanceplatform.org/policies-and-regulations/japans-guidebook-environmental-social-and-governance-esg-investment,https://www.greenfinanceplatform.org/sites/default/files/styles/flag_96_56_/public/country/flags/japan_0.png?itok=m9IqJMel,"Institution(s): Government of Japan, Ministry of the Environment, Japan (MOEJ)",Country: Japan,"Japan's Guidebook on Environmental, Social, and Governance (ESG) Investment aims to provide a basic understanding of ESG investing and trends."
2016,The Brazil Innovation Lab for Climate Finance,https://www.greenfinanceplatform.org/policies-and-regulations/brazil-innovation-lab-climate-finance,https://www.greenfinanceplatform.org/sites/default/files/styles/flag_96_56_/public/country/flags/brazil_0.png?itok=aFUtStI-,"Institution(s): Brazilian Securities and Exchange Commission (CVM) and the Brazilian Development Association, Inter-American Development Bank",Country: Brazil,"The Global Innovation Lab for Climate Finance (the Lab) is a local network of public and private investors and leaders that identify, develop, and launch transformative investment solutions that can drive funds for Brazil’s national climate priorities."
2017,Latvian state-owned development finance institution issued a green bond,https://www.greenfinanceplatform.org/policies-and-regulations/latvian-state-owned-development-finance-institution-issued-green-bond,https://www.greenfinanceplatform.org/sites/default/files/styles/flag_96_56_/public/country/flags/latvia_0.png?itok=-rl-BSQN,Institution(s): Altum,Country: Latvia,"In October 207, state owned development finance institution Altum issued a green bond in the total value of EUR 20 million with a maturity date of 17 October 2024."
2017,Listing Rules for the Kazakhstan Stock Exchange Require Disclosure of Environmental and Social Information,https://www.greenfinanceplatform.org/policies-and-regulations/listing-rules-kazakhstan-stock-exchange-require-disclosure-environmental,https://www.greenfinanceplatform.org/sites/default/files/styles/flag_96_56_/public/country/flags/kazakhstan_0.png?itok=3DPPYuXE,Institution(s): Kazakhstan Stock Exchange,Country: Kazakhstan,The Kazakhstan Stock Exchange's Listing Rules require companies to disclose information in their annual reports on their social and environmental liability and responsibility.
2017,Thailand's Corporate Governance Code Requires Sustainability Reporting,https://www.greenfinanceplatform.org/policies-and-regulations/thailands-corporate-governance-code-requires-sustainability-reporting,https://www.greenfinanceplatform.org/sites/default/files/styles/flag_96_56_/public/country/flags/thailand_0.png?itok=BOkrt9T1,Institution(s): Securities and Exchange Commission of Thailand,Country: Thailand,"In 2017, Thailand's Securities and Exchange Commission (SEC) issued a new Corporate Governance Code, which replaced the 2012 Principles of Good Corporate Governance for listed companies issued by the Stock Exchange of Thailand (SET)."
2017,The EU Circular Economy Finance Support Platform,https://www.greenfinanceplatform.org/policies-and-regulations/eu-circular-economy-finance-support-platform,https://www.greenfinanceplatform.org/sites/default/files/styles/flag_96_56_/public/country/flags/EU.png?itok=7FBcPJet,Institution(s): European Parliament,Country: EU,"The Circular Economy Finance Support Platform is a web tool that continuously showcases new examples of innovative ways in which industry, small- and medium-sized enterprises (SMEs), and other business add to the circular economy in Europe."
2016,China's Guidelines for Establishing the Green Financial System,https://www.greenfinanceplatform.org/policies-and-regulations/chinas-guidelines-establishing-green-financial-system,https://www.greenfinanceplatform.org/sites/default/files/styles/flag_96_56_/public/country/flags/china_0.png?itok=5mTa_Ix2,"Institution(s): People’s Bank of China (PBoC), Ministry of Finance, National Development and Reform Commission (NDRC), Ministry of Environmental Protection, China Banking Regulatory Commission (CBRC), China Securities Regulatory Commission (CSRC) and China Insurance Regulatory Commission (CIRC)",Country: China,"China's Guidelines for Establishing the Green Financial System aim to mobilise and incentivise more capital to invest in green sectors, while restricting investment in polluting sectors."
2017,Stocktake and Review of Sustainable Finance Opportunities for Argentina,https://www.greenfinanceplatform.org/policies-and-regulations/stocktake-and-review-sustainable-finance-opportunities-argentina,https://www.greenfinanceplatform.org/sites/default/files/styles/flag_96_56_/public/country/flags/argentina_1.png?itok=ZXU_FF68,Institution(s): Ministry of Finance,Country: Argentina,"This stocktaking report of sustainable finance opportunities in Argentina identifies system-wide needs, barriers to scaling up, and priority actions on how the country’s financial system can unlock investment and contribute to the SDGs and the Paris Agreement on climate change."
2017,Bali Center for Sustainable Finance to Support Sustainable Development Program,https://www.greenfinanceplatform.org/policies-and-regulations/bali-center-sustainable-finance-support-sustainable-development-program,https://www.greenfinanceplatform.org/sites/default/files/styles/flag_96_56_/public/country/flags/indonesia_0.png?itok=L38_jaSc,Institution(s): Financial Services Authority of Indonesia (OJK),Country: Indonesia,"The Bali Center for Sustainable Finance (BCSF) was set up to provide a study and learning center about sustainable finance for financial services professionals, policy makers, business executives, and the general public."
2017,Sustainability and Diversity Improvement Act 257/ME (Nachhaltigkeits- und Diversitätsverbesserungsgesetz),https://www.greenfinanceplatform.org/policies-and-regulations/sustainability-and-diversity-improvement-act-257me-nachhaltigkeits-und,https://www.greenfinanceplatform.org/sites/default/files/styles/flag_96_56_/public/country/flags/austria_0.png?itok=xoo15rMf,Institution(s): Austrian Federal Government,Country: Austria,"The Austrian Sustainability and Diversity Improvement Act (Nachhaltigkeits- und Diversitätsverbesserungsgesetz; NaDiVeG) implements EU Directive 2014/95/EU and amended the Austrian Commercial Code (the Unternehmensgesetzbuch, UGB) with sections 243b and 267a."
2016,Green Bond Guidelines Issued by China's National Development and Reform Commission (NDRC),https://www.greenfinanceplatform.org/policies-and-regulations/green-bond-guidelines-issued-chinas-national-development-and-reform,https://www.greenfinanceplatform.org/sites/default/files/styles/flag_96_56_/public/country/flags/china_0.png?itok=5mTa_Ix2,Institution(s): National Development and Reform Commission,Country: China,China's National Development and Reform Commission (NDRC) has issued Guidelines on the Issuance of Green Bonds.
2017,Internal Governance and Asset Stewardship Standard (No. 23),https://www.greenfinanceplatform.org/policies-and-regulations/internal-governance-and-asset-stewardship-standard-no-23,https://www.greenfinanceplatform.org/sites/default/files/styles/flag_96_56_/public/country/flags/australia_0.png?itok=MUgeIm54,Institution(s): Australian Financial Services Council (FSC),Country: Australia,The Australian Financial Services Council's (FSC) Standard No. 23—Principles of Internal Governance and Asset Stewardship—promotes the adoption of high standards that are consistent with other leading capital markets.
2017,The European Union’s Shareholder Rights Directive II Aims to Encourage Long-term Engagement Between Companies and Shareholders,https://www.greenfinanceplatform.org/policies-and-regulations/european-union%E2%80%99s-shareholder-rights-directive-ii-aims-encourage-long-term,https://www.greenfinanceplatform.org/sites/default/files/styles/flag_96_56_/public/country/flags/EU.png?itok=7FBcPJet,Institution(s): European Commission,Country: EU,"The Shareholder Rights Directive II (SRD II) aims to increase transparency in the investment chain and sets out a framework for better, more long-term engagement between companies and their shareholders in the European Union (EU)."
2017,Indonesia's Regulation on the Application of Sustainable Finance (No. 51/POJK.03/2017),https://www.greenfinanceplatform.org/policies-and-regulations/indonesias-regulation-application-sustainable-finance-no-51pojk032017,https://www.greenfinanceplatform.org/sites/default/files/styles/flag_96_56_/public/country/flags/indonesia_0.png?itok=L38_jaSc,Institution(s): Financial Services Authority of Indonesia (OJK),Country: Indonesia,"Indonesia's Regulation on the Application of Sustainable Finance (No. 51/POJK.03/2017) requires financial services agencies, issuers, and public companies to provide the funding sources needed for achieving sustainable development goals and ensuring adequate financing for efforts to address climate change."
2017,Croatian Accounting Act,https://www.greenfinanceplatform.org/policies-and-regulations/croatian-accounting-act,https://www.greenfinanceplatform.org/sites/default/files/styles/flag_96_56_/public/country/flags/croatia_0.png?itok=kpggT6wG,Institution(s): Government of Croatia,Country: Croatia,The Croatian Accounting Act implements EU Directive 2014/95/EU and requires large undertakings registering 500 and more employees to disclose non-financial information in any of the forms of non-financial disclosures.
2016,The Ontario Pension Benefits Act Requires Environmental Disclosures,https://www.greenfinanceplatform.org/policies-and-regulations/ontario-pension-benefits-act-requires-environmental-disclosures,https://www.greenfinanceplatform.org/sites/default/files/styles/flag_96_56_/public/country/flags/canada_0.png?itok=kkIfg6qU,Institution(s): Financial Services Commission of Ontario,Country: Canada,The Ontario Pension Benefits Act requires pension funds in Ontario to disclose whether environmental factors are incorporated into their statement of investment policies and procedures.
2017,Environmental and Social Risk Management (ESRM) Guidelines,https://www.greenfinanceplatform.org/policies-and-regulations/environmental-and-social-risk-management-esrm-guidelines,https://www.greenfinanceplatform.org/sites/default/files/styles/flag_96_56_/public/country/flags/bangladesh_0.png?itok=dpKe9nmo,Institution(s): Bangladesh Bank (BB),Country: Bangladesh,"Building on its Environmental Risk Management Guidelines introduced in 2011, Bangladesh Bank issued updated Environmental and Social Risk Management (ESRM) Guidelines for banks and financial institutions in Bangladesh in 2017."
2017,Collaborative Initiative for Green Finance in Singapore,https://www.greenfinanceplatform.org/policies-and-regulations/collaborative-initiative-green-finance-singapore,https://www.greenfinanceplatform.org/sites/default/files/styles/flag_96_56_/public/country/flags/singapore_0.png?itok=YHx8c5Nt,"Institution(s): Singapore Institute of International Affairs, Inquiry into the Design of a Sustainable Financial System (UN Environment Inquiry)",Country: Singapore,"The Singapore Institute of International Affairs started the “Collaborative Initiative for Green Finance in Singapore” in 2017 in partnership with the UN Environment Inquiry, with the support of the Monetary Authority of Singapore (MAS)."
2017,Indonesia's Regulation on the Issuance and the Terms of Green Bond (No. 60/POJK.04/2017) Sets Standards for Green Bond Issuance,https://www.greenfinanceplatform.org/policies-and-regulations/indonesias-regulation-issuance-and-terms-green-bond-no-60pojk042017-sets,https://www.greenfinanceplatform.org/sites/default/files/styles/flag_96_56_/public/country/flags/indonesia_0.png?itok=L38_jaSc,Institution(s): Financial Services Authority of Indonesia (OJK),Country: Indonesia,Indonesia's Regulation on the Issuance and the Terms of Green Bond (No. 60/POJK.04/2017) sets standards for green bond issuance.
2017,Companies Number 3 Law of 2017,https://www.greenfinanceplatform.org/policies-and-regulations/companies-number-3-law-2017,https://www.greenfinanceplatform.org/sites/default/files/styles/flag_96_56_/public/country/flags/cyprus_0.png?itok=Mf8GLBah,Institution(s): Government of Cyprus,Country: Cyprus,"The Companies Number 3 Law of 2017 implements EU Directive 2014/95/EU and requires public interest entities with an average number of employees exceeding 500 and which also have a total balance sheet of more than EUR 20 million or a net turnover of more than EUR 40 million, or both to disclose non-financial and diversity information."
2016,Canada's Pension Plan Governance Guidelines,https://www.greenfinanceplatform.org/policies-and-regulations/canadas-pension-plan-governance-guidelines,https://www.greenfinanceplatform.org/sites/default/files/styles/flag_96_56_/public/country/flags/canada_0.png?itok=kkIfg6qU,Institution(s): Canadian Association of Pension Supervisory Authorities,Country: Canada,"The Canadian Association of Pension Supervisory Authorities (CAPSA) has amended its guidance in February 2017, to list environmental, social, and governarnce (ESG) issues as typical risks to be evaluated by pension trustees."
2017,The Australian Prudential Regulation Authority (APRA) Calls on Financial Sector Entities to Include Climate Change in Internal Risk Management Processes,https://www.greenfinanceplatform.org/policies-and-regulations/australian-prudential-regulation-authority-apra-calls-financial-sector,https://www.greenfinanceplatform.org/sites/default/files/styles/flag_96_56_/public/country/flags/australia_0.png?itok=MUgeIm54,Institution(s): Australian Prudential Regulation Authority (APRA),Country: Australia,"At the 2017 Insurance Council of Australia Annual Forum, Geoff Summerhayes, Executive Board Member at the Australian Prudential Regulation Authority (APRA), said that climate change should no longer be seen as merely a ""future problem or a non-financial problem,"" and discussed both the physical risks and transition risks of climate change."
2017,Singapore's Sustainable Bond Grant Scheme,https://www.greenfinanceplatform.org/policies-and-regulations/singapores-sustainable-bond-grant-scheme,https://www.greenfinanceplatform.org/sites/default/files/styles/flag_96_56_/public/country/flags/singapore_0.png?itok=YHx8c5Nt,Institution(s): Monetary Authority of Singapore,Country: Singapore,"The Monetary Authority of Singapore (MAS) launched a Sustainable Bond Grant scheme in 2017 that encourages the issuance of green, social and sustainability bonds in Singapore by helping issuers to cover additional costs associated with external reviews."
2017,Act No. 563/1991 Coll. on accounting,https://www.greenfinanceplatform.org/policies-and-regulations/act-no-5631991-coll-accounting,https://www.greenfinanceplatform.org/sites/default/files/styles/flag_96_56_/public/country/flags/czech-republic.png?itok=rolrnLLR,Institution(s): Government of Czech Republic,Country: Czech Republic,"Act No. 563/1991 Coll. on accounting implements EU Directive 2014/95/EU and requires companies and parent companies of large groups that are public-interest entities and, at the same time, employ on average more than 500 employees in the course of an accounting period, to publish information in their annual reports regarding environmental, social and employee issues, respect for human rights and the fight against corruption and bribery."
2016,Working Paper on the Potential Impacts of Climate Change on Central Banks' Monetary and Financial Stability Objectives,https://www.greenfinanceplatform.org/policies-and-regulations/working-paper-potential-impacts-climate-change-central-banks-monetary-and,https://www.greenfinanceplatform.org/sites/default/files/styles/flag_96_56_/public/country/flags/uk.png?itok=sEHdJaOS,Institution(s): Bank of England,Country: United Kingdom of Great Britain and Northern Ireland,"""Let’s talk about the weather: The impact of climate change on central banks"" is a working paper published by the Bank of England that examines channels via which climate change and policies to mitigate it could affect a central bank’s ability to meet its monetary and financial stability objectives."
2016,The Netherland's Sustainable Finance Platform,https://www.greenfinanceplatform.org/policies-and-regulations/netherlands-sustainable-finance-platform,https://www.greenfinanceplatform.org/sites/default/files/styles/flag_96_56_/public/country/flags/netherlands_0_9.jpg?itok=X2bxfMbg,Institution(s): De Nederlandsche Bank (DNB),Country: Netherlands,"De Nederlandsche Bank (DNB) established the Sustainable Finance Platform in 2016 to promote and increase awareness of sustainable funding in the financial sector, with a particular focus on environmental, social, and governance (ESG) aspects."
2016,"Kazakhstan is Developing a Green Finance Regulatory Framework, Covering Green Bonds, Loans, Technologies, and Projects",https://www.greenfinanceplatform.org/policies-and-regulations/kazakhstan-developing-green-finance-regulatory-framework-covering-green,https://www.greenfinanceplatform.org/sites/default/files/styles/flag_96_56_/public/country/flags/kazakhstan_0.png?itok=3DPPYuXE,Institution(s): Astana International Financial Centre (AIFC) and the EBRD,Country: Kazakhstan,"In August 2019, the Astana International Financial Centre (AIFC) adopted the Concept of a Green Financial System for Kazakhstan, the AIFC implementation strategy, and a set the rules for issuing green bonds in the Astana International Exchange (AIX). In September 2019, AIFC announced that it is working to create a regulatory framework for green finance, which is anticipated to cover green finance instruments such as green bonds, loans, technologies, and projects."
2016,Disaster Risk Financing in the Third Northern Uganda Social Action Fund,https://www.greenfinanceplatform.org/policies-and-regulations/disaster-risk-financing-third-northern-uganda-social-action-fund,https://www.greenfinanceplatform.org/sites/default/files/styles/flag_96_56_/public/country/flags/uganda_0.png?itok=iEqZ6hyf,Institution(s): Government of Uganda,Country: Uganda,"The Third Northern Uganda Social Action Fund project, financed by the World Bank, includes a Disaster Risk Financing (DRF) sub-component that aims to develop a mechanism for scaling up assistance to poor and vulnerable households immediately following disaster events and a system to cover the costs of this expansion."
2016,Sustainable Banking Protocol,https://www.greenfinanceplatform.org/policies-and-regulations/sustainable-banking-protocol,https://www.greenfinanceplatform.org/sites/default/files/styles/flag_96_56_/public/country/flags/ecuador_0.png?itok=PDlfOuNU,Institution(s): Ecuadorian Association of Private Banks (ASOBANCA),Country: Ecuador,"In November 2016, Asociación de Bancos Privados del Ecuador (ASOBANCA), launched the ""Sustainable Banking Protocol"" with 10 signatory banks that represent more than 80% of the market share and with the participation and support of IFC/SBN."
2016,Green Finance Initiative,https://www.greenfinanceplatform.org/policies-and-regulations/green-finance-initiative,https://www.greenfinanceplatform.org/sites/default/files/styles/flag_96_56_/public/country/flags/uk.png?itok=sEHdJaOS,Institution(s): City of London Corporation,Country: United Kingdom of Great Britain and Northern Ireland,The Green Finance Initiative (GFI) was launched in 2016 by the City of London Corporation and the UK government to improve the financing options for sustainable infrastructure projects and make London a world leader in green finance.
2016,Guidelines for Observation and Exclusion from the Government Pension Fund Global (as Amended in 2016),https://www.greenfinanceplatform.org/policies-and-regulations/guidelines-observation-and-exclusion-government-pension-fund-global-amended,https://www.greenfinanceplatform.org/sites/default/files/styles/flag_96_56_/public/country/flags/norway_0.png?itok=B27e-tlq,Institution(s): Government of Norway,Country: Norway,"In December 2014, Norway adopted Guidelines for Observation and Exclusion from the Government Pension Fund Global, and subsequently amended them in December 2015 and February 2016."
2016,"Environmental, Social, and Governance (ESG) Reporting Guide—An Appendix to the Rules Governing the Listing of Securities on the Stock Exchange of Hong Kong",https://www.greenfinanceplatform.org/policies-and-regulations/environmental-social-and-governance-esg-reporting-guide%E2%80%94-appendix-rules,https://www.greenfinanceplatform.org/sites/default/files/styles/flag_96_56_/public/country/flags/china_0.png?itok=5mTa_Ix2,Institution(s): Hong Kong Exchanges,Country: China,"The Rules Governing the Listing of Securities on the Stock Exchange of Hong Kong includes an appendix with an Environmental, Social, and Governance (ESG) Reporting Guide."
2016,Circular on Lending Transactions of Credit Institutions and/or Foreign Bank Branches with Customers (Circular 39/2016/TT-NHNN),https://www.greenfinanceplatform.org/policies-and-regulations/circular-lending-transactions-credit-institutions-andor-foreign-bank,https://www.greenfinanceplatform.org/sites/default/files/styles/flag_96_56_/public/country/flags/vietnam_0.png?itok=iGoF4Grr,Institution(s): State Bank of Vietnam (SBV),Country: Viet Nam,"Vietnam's Circular 39 contains principles relevant to Environmental, Social, and Governance (ESG) factors, including one that requires lending transactions between a credit institution and a customer be performed in conformity with all regulations and legislation on environmental protection."
2016,Singapore Stewardship Principles for Responsible Investors,https://www.greenfinanceplatform.org/policies-and-regulations/singapore-stewardship-principles-responsible-investors,https://www.greenfinanceplatform.org/sites/default/files/styles/flag_96_56_/public/country/flags/singapore_0.png?itok=YHx8c5Nt,Institution(s): Stewardship Asia Centre,Country: Singapore,"The Singapore Stewardship Principles (SSP) for Responsible Investors are intended to enhance a positive investment environment by encouraging companies to pursue the spirit of good governance and stewardship, with the ultimate objective of helping companies secure their performance over the long term."
2016,Survey of Environmental Practices of Brazilian Insurance Companies,https://www.greenfinanceplatform.org/policies-and-regulations/survey-environmental-practices-brazilian-insurance-companies,https://www.greenfinanceplatform.org/sites/default/files/styles/flag_96_56_/public/country/flags/brazil_0.png?itok=aFUtStI-,Institution(s): Superintendência de Seguros Privados,Country: Brazil,"Brazil's Superintendence of Private Insurance (Superintendencia de Seguros Privados, or SUSEP) conducted a survey in 2016 to obtain data and information about market practice on sustainability issues, with a focus on climate change."
2016,High Level Expert Group on Sustainable Finance,https://www.greenfinanceplatform.org/policies-and-regulations/high-level-expert-group-sustainable-finance,https://www.greenfinanceplatform.org/sites/default/files/styles/flag_96_56_/public/country/flags/EU.png?itok=7FBcPJet,Institution(s): European Commission,Country: EU,The European Commission (EC) established a High-Level Expert Group (HLEG) on Sustainable Finance in December 2016.
2016,Italian National Dialogue on Sustainable Finance,https://www.greenfinanceplatform.org/policies-and-regulations/italian-national-dialogue-sustainable-finance,https://www.greenfinanceplatform.org/sites/default/files/styles/flag_96_56_/public/country/flags/italy_0.png?itok=gR91h8gn,Institution(s): Ministry of Environment & UNEP Inquiry,Country: Italy,Italy's National Dialogue on Sustainable Finance was established to identify options that would improve the integration of sustainability factors across the country's financial sector.
2016,King IV Code on Corporate Governance in South Africa,https://www.greenfinanceplatform.org/policies-and-regulations/king-iv-code-corporate-governance-south-africa,https://www.greenfinanceplatform.org/sites/default/files/styles/flag_96_56_/public/country/flags/south-africa_0.png?itok=_HHbn--4,Institution(s): Institute of Directors in Southern Africa (IoDSA),Country: South Africa,"The King IV Code on Corporate Governance for South Africa was updated in 2016 to align South Africa’s corporate governance regime with the OECD's principles of corporate governance, including on corporate environmental and social impacts from their activities."
2016,Korea Stewardship Code,https://www.greenfinanceplatform.org/policies-and-regulations/korea-stewardship-code,https://www.greenfinanceplatform.org/sites/default/files/styles/flag_96_56_/public/country/flags/korea-south.png?itok=uv2aKKHX,Institution(s): Korea Corporate Governance Service,Country: Republic of Korea,"The Korea Stewardship Code, the “Principles on the Stewardship Responsibilities of Institutional Investors”, sets forth seven detailed principles and guidelines that institutional investors holding the shares of publicly listed companies in Korea should follow to fulfill their fiduciary duties as"
2016,Egypt's Corporate Governance Code,https://www.greenfinanceplatform.org/policies-and-regulations/egypts-corporate-governance-code,https://www.greenfinanceplatform.org/sites/default/files/styles/flag_96_56_/public/country/flags/egypt_0.png?itok=lwzvUCrU,Institution(s): Egyptian Institute of Directors (EIoD),Country: Egypt,"Egypt's Corporate Governance Code serves as a guide for best practices in the fields of governance, transparency, and prudent management for all stakeholders of the companies adopting the Code."
2016,"Too Late, Too Sudden: The Impact of a Low-Carbon Transition on Systemic Risk",https://www.greenfinanceplatform.org/policies-and-regulations/too-late-too-sudden-impact-low-carbon-transition-systemic-risk,https://www.greenfinanceplatform.org/sites/default/files/styles/flag_96_56_/public/country/flags/EU.png?itok=7FBcPJet,Institution(s): European Systemic Risk Board (ESRB) Advisory Scientific Committee,Country: EU,This report highlights that making the transition to a low-carbon economy too late risks affecting the economy of the European Union.
2016,Green Finance Task Force - Green Finance Hub Report,https://www.greenfinanceplatform.org/policies-and-regulations/green-finance-task-force-green-finance-hub-report,https://www.greenfinanceplatform.org/sites/default/files/styles/flag_96_56_/public/country/flags/china_0.png?itok=5mTa_Ix2,Institution(s): Financial Services Development Council,Country: China,The Green Finance Hub Report sets out eight recommendations for Hong Kong to become a regional green finance hub.
2016,Bangladesh Sets Green Finance Minimum Target at 5% for Banks and Financial Institutions,https://www.greenfinanceplatform.org/policies-and-regulations/bangladesh-sets-green-finance-minimum-target-5-banks-and-financial,https://www.greenfinanceplatform.org/sites/default/files/styles/flag_96_56_/public/country/flags/bangladesh_0.png?itok=dpKe9nmo,Institution(s): Bangladesh Bank (BB),Country: Bangladesh,"To expedite the ongoing sustainability and climate change initiatives of banks and financial institutions (FIs), Bangladesh Bank set a minimum target of direct green finance at five percent of the total loan disbursement / investment from January 2016 onwards for all banks and FIs (GBCSRD Circular No.04/2014)."
2016,Code 13: Governance and administration of occupational trust-based schemes providing money purchase benefits,https://www.greenfinanceplatform.org/policies-and-regulations/code-13-governance-and-administration-occupational-trust-based-schemes,https://www.greenfinanceplatform.org/sites/default/files/styles/flag_96_56_/public/country/flags/uk.png?itok=sEHdJaOS,Institution(s): UK Pensions Regulator,Country: United Kingdom of Great Britain and Northern Ireland,"This Guidance sets out on how trustees should consider taking into account the ESG and ethical factors that may be financially significant to their investment risk assessment, both for short and longer term."
2016,"The Finnish Accounting Act, as Amended in 2016, Requires Large Public Interest Entities to Report on Non-Financial Issues",https://www.greenfinanceplatform.org/policies-and-regulations/finnish-accounting-act-amended-2016-requires-large-public-interest-entities,https://www.greenfinanceplatform.org/sites/default/files/styles/flag_96_56_/public/country/flags/finland_0.png?itok=jZK05OWh,Institution(s): Government of Finland,Country: Finland,"The Finnish Accounting Act (1336/1997), as amended in 2016 by Act 2016/1376, requires large public interest entities to include material non-financial issues in their annual/financial reports from financial year 2017 onwards. This includes information on environmental matters, social and employee-related matters, respect for human rights, anti-corruption, and bribery."
2016,Public Consultation on Long-Term and Sustainable Investments,https://www.greenfinanceplatform.org/policies-and-regulations/public-consultation-long-term-and-sustainable-investments,https://www.greenfinanceplatform.org/sites/default/files/styles/flag_96_56_/public/country/flags/EU.png?itok=7FBcPJet,Institution(s): European Commission,Country: EU,"The objective of the European Commission's public consultation on long-term and sustainable investments is to gather information on how institutional investors, asset managers, and other service providers factor environmental, social, and governance (ESG) information and performance of companies or assets into investment decisions."
2016,Principles of Responsible Ownership,https://www.greenfinanceplatform.org/policies-and-regulations/principles-responsible-ownership,https://www.greenfinanceplatform.org/sites/default/files/styles/flag_96_56_/public/country/flags/china_0.png?itok=5mTa_Ix2,Institution(s): The Securities and Futures Commission (SFC),Country: China,"Hong Kong's Securities and Futures Commission (SFC) has developed non-binding, voluntary Principles of Responsible Ownership to guide and assist investors in determining how best to meet their ownership responsibilities."
2016,Cambodian Sustainable Finance Initiative,https://www.greenfinanceplatform.org/policies-and-regulations/cambodian-sustainable-finance-initiative,https://www.greenfinanceplatform.org/sites/default/files/styles/flag_96_56_/public/country/flags/cambodia_flag.png?itok=nMxI8VbQ,"Institution(s): The Association of Banks in Cambodia (ABC), the National Bank of Cambodia and the Ministry of Environment",Country: Cambodia,"In September 2016, Cambodia launched the Sustainable Finance Initiative, which aims to establish best practices and educate its members on sustainable banking practices."
2016,2016 Appropriation Directions,https://www.greenfinanceplatform.org/policies-and-regulations/2016-appropriation-directions,https://www.greenfinanceplatform.org/sites/default/files/styles/flag_96_56_/public/country/flags/sweden_0.png?itok=TjU2UwgD,Institution(s): The Swedish Financial Supervisory Authority (Finansinspektionen),Country: Sweden,"In the 2016 appropriation directions, Sweden's FI has been commissioned to identify and investigate the possibilities of the authority to contribute to sustainable development. These appropriation directions set out the objectives of the agencies' activities and how much money they have available"
2016,Climate Change and Financial Markets Report,https://www.greenfinanceplatform.org/policies-and-regulations/climate-change-and-financial-markets-report,https://www.greenfinanceplatform.org/sites/default/files/styles/flag_96_56_/public/country/flags/germany_0.png?itok=oLuTPe9k,Institution(s): Federal Ministry of Finance,Country: Germany,Germany's Ministry of Finance published a report in 2016 on the potential impact of climate change on its financial market stability.
2016,Luxembourg - European Investment Bank (EIB) Climate Finance Platform,https://www.greenfinanceplatform.org/policies-and-regulations/luxembourg-european-investment-bank-eib-climate-finance-platform,https://www.greenfinanceplatform.org/sites/default/files/styles/flag_96_56_/public/country/flags/EU.png?itok=7FBcPJet,Institution(s): The Grand Duchy of Luxembourg and the European Investment Bank (EIB),Country: EU,The Luxembourg - European Investment Bank (EIB) Climate Finance Platform aims to fund high-impact climate action projects and help attract additional private finance to climate-related projects.
2016,"Victoria, Australia has Issued a USD 225 Million Green Bond",https://www.greenfinanceplatform.org/policies-and-regulations/victoria-australia-has-issued-usd-225-million-green-bond,https://www.greenfinanceplatform.org/sites/default/files/styles/flag_96_56_/public/country/flags/australia_0.png?itok=MUgeIm54,Institution(s): Treasury Corporation Victoria,Country: Australia,"In July 2016, Victoria, Australia, issued a USD 225 million green bond."
2016,Mongolia's Green Development Policy and Action Plan,https://www.greenfinanceplatform.org/policies-and-regulations/mongolias-green-development-policy-and-action-plan,https://www.greenfinanceplatform.org/sites/default/files/styles/flag_96_56_/public/country/flags/mongolia_0.png?itok=3YBv44A9,Institution(s): Ministry of Environment and Green Development,Country: Mongolia,"Mongolia's Green Development Policy and associated Action Plan, together, aim to introduce and implement principles of sustainable financing into the country's banking and financial systems."
2016,The Russian Export Center JSC follows the OECD Recommendation of the Council on Common Approaches for Officially Supported Export Credits and Environmental and Social Due Diligence,https://www.greenfinanceplatform.org/policies-and-regulations/russian-export-center-jsc-follows-oecd-recommendation-council-common,https://www.greenfinanceplatform.org/sites/default/files/styles/flag_96_56_/public/country/flags/russia.png?itok=nc3EQ33j,Institution(s): Russian Export Center JSC (REC),Country: Russia,"Following best practices and international experience of environmental and social risk management, the REC Group follows the OECD Recommendation of the Council on Common Approaches for Officially Supported Export Credits and Environmental and Social Due Diligence (Common Approaches)."
2016,Amendment to the German Commercial Code (Section 289b) Requires Companies to Include Non-Financial Information on Corporate Social Responsibility (CSR) in their Reporting,https://www.greenfinanceplatform.org/policies-and-regulations/amendment-german-commercial-code-section-289b-requires-companies-include,https://www.greenfinanceplatform.org/sites/default/files/styles/flag_96_56_/public/country/flags/germany_0.png?itok=oLuTPe9k,Institution(s): German Government,Country: Germany,"In 2016, an amendment to the German Commercial Code (Section 289b) was approved; it requires major capital market-oriented companies with an average of more than 500 employees to include non-financial information on corporate social responsibility (CSR) in their status reports."
2016,"European Union Directive (2016/2341) Requires Institutions for Occupational Retirement Provision (IORPs) to Take Environmental, Social, and Governance (ESG) Factors into Account",https://www.greenfinanceplatform.org/policies-and-regulations/european-union-directive-20162341-requires-institutions-occupational,https://www.greenfinanceplatform.org/sites/default/files/styles/flag_96_56_/public/country/flags/EU.png?itok=7FBcPJet,Institution(s): European Commission,Country: EU,"The European Union (EU) Directive 2016/2341 requires Institutions for Occupational Retirement Provision (IORPs) to take environmental, social, and governance (ESG) factors into account in their risk management systems."
2016,Guidance on ESG reporting,https://www.greenfinanceplatform.org/policies-and-regulations/guidance-esg-reporting,https://www.greenfinanceplatform.org/sites/default/files/styles/flag_96_56_/public/country/flags/qatar_0.png?itok=hqjEZ4yf,Institution(s): Qatar Stock Exchange,Country: Qatar,"In December 2016, Qatar Stock Exchange published its Guidance on ESG Reporting to assist listed companies wishing to incorporate ESG reporting into their existing reporting processes."
2016,Morocco has Established a Scheme to Cover the Consequences of Catastrophic Events (Law No. 110-14),https://www.greenfinanceplatform.org/policies-and-regulations/morocco-has-established-scheme-cover-consequences-catastrophic-events-law,https://www.greenfinanceplatform.org/sites/default/files/styles/flag_96_56_/public/country/flags/morocco_0.png?itok=pcQgUOGj,Institution(s): Governing Council of Morocco,Country: Morocco,"In August 2016, Morocco adopted a new disaster risk insurance law (No. 110-14), which amends the law relating to the insurance code (No. 17-99)."
2016,Corporate Governance Regulation,https://www.greenfinanceplatform.org/policies-and-regulations/corporate-governance-regulation,https://www.greenfinanceplatform.org/sites/default/files/styles/flag_96_56_/public/country/flags/costa-rica.png?itok=mfjgXfVF,Institution(s): National Supervisory Board of the Financial System (Conassif),Country: Costa Rica,The National Supervisory Board of the Financial System (Conassif) issued a set of regulations laying down the international standards and principles that should be incorporated into the corporate governance strategies of the entities it supervises.
2016,"Review of Russia's Financial Market Regulation, Including Provisions on Green Bonds",https://www.greenfinanceplatform.org/policies-and-regulations/review-russias-financial-market-regulation-including-provisions-green-bonds,https://www.greenfinanceplatform.org/sites/default/files/styles/flag_96_56_/public/country/flags/russia.png?itok=nc3EQ33j,Institution(s): Central Bank of Russia,Country: Russia,"Russia's Central Bank conducted a review of its financial market regulation, which includes analyses on green banking and green bonds."
2016,France's Socially Responsible Investment (SRI) Label,https://www.greenfinanceplatform.org/policies-and-regulations/frances-socially-responsible-investment-sri-label,https://www.greenfinanceplatform.org/sites/default/files/styles/flag_96_56_/public/country/flags/france_0.png?itok=2p1RJfXu,Institution(s): Finance Ministry,Country: France,France's Socially Responsible Investment (SRI) Label is a tool for choosing sustainable and responsible investments.
2015,Legal Guide to Do Business in Colombia,https://www.greenfinanceplatform.org/policies-and-regulations/legal-guide-do-business-colombia,https://www.greenfinanceplatform.org/sites/default/files/styles/flag_96_56_/public/country/flags/colombia_0.png?itok=18Venzwa,Institution(s): Government of Colombia,Country: Colombia,"This is a guide for investors interested in Colombia, which includes a recommendation for companies to include corporate social responsibility (CSR) policies in line with the Global Reporting Initiative's (GRI) framework for sustainability reporting."
2016,Morocco's National Catastrophe Risk Insurance Program,https://www.greenfinanceplatform.org/policies-and-regulations/moroccos-national-catastrophe-risk-insurance-program,https://www.greenfinanceplatform.org/sites/default/files/styles/flag_96_56_/public/country/flags/morocco_0.png?itok=pcQgUOGj,"Institution(s): World Bank, Development Partners and Moroccan Government",Country: Morocco,"Morocco's National Catastrophe Risk Insurance Program will cover risks ranging from floods, droughts, tsunamis, landslides, and earthquakes."
2016,Greek Law 4403/2016 on the Publication of Non-Financial Information,https://www.greenfinanceplatform.org/policies-and-regulations/greek-law-44032016-publication-non-financial-information,https://www.greenfinanceplatform.org/sites/default/files/styles/flag_96_56_/public/country/flags/greece_0.png?itok=IWdrGMi1,Institution(s): Government of Greece,Country: Greece,"Greek Law n. 4403/2016 incorporated into the Greek legal system the EU Directive 2013/34/EC and relates to the obligation, for large SA companies qualifying as public interest entities as per Annex A of the Law, to prepare Administrative Report and Non-Financial Statement"
2016,Assessment of Climate Change and Financial Stability,https://www.greenfinanceplatform.org/policies-and-regulations/assessment-climate-change-and-financial-stability,https://www.greenfinanceplatform.org/sites/default/files/styles/flag_96_56_/public/country/flags/sweden_0.png?itok=TjU2UwgD,Institution(s): The Swedish Financial Supervisory Authority (Finansinspektionen),Country: Sweden,"This report analyses how climate change may affect financial stability in the long run, and which measures may be needed to dampen its negative effects on the financial system."
2016,Energy Transition for Green Growth Law (No. 2015-992) Requires Climate-Related Financial Disclosures,https://www.greenfinanceplatform.org/policies-and-regulations/energy-transition-green-growth-law-no-2015-992-requires-climate-related,https://www.greenfinanceplatform.org/sites/default/files/styles/flag_96_56_/public/country/flags/france_0.png?itok=2p1RJfXu,Institution(s): Government of France,Country: France,"France's Energy Transition for Green Growth Law (No. 2015-992, relative à la transition énergétique pour la croissance verte) sets out climate-related financial disclosure requirements for listed companies, bank and credit providers, and institutional investors."
2015,Notice (No. 39) on the Issue of Green Financial Bonds in China’s Inter-Bank Bond Market,https://www.greenfinanceplatform.org/policies-and-regulations/notice-no-39-issue-green-financial-bonds-china%E2%80%99s-inter-bank-bond-market,https://www.greenfinanceplatform.org/sites/default/files/styles/flag_96_56_/public/country/flags/china_0.png?itok=5mTa_Ix2,Institution(s): People's Bank of China,Country: China,The People’s Bank of China published a Notice (No. 39) in December 2015 on the issue of green financial bonds in the inter-bank bond market.
2016,Dutch Corporate Governance Code Includes Provisions on Corporate Social Responsibility (CSR),https://www.greenfinanceplatform.org/policies-and-regulations/dutch-corporate-governance-code-includes-provisions-corporate-social,https://www.greenfinanceplatform.org/sites/default/files/styles/flag_96_56_/public/country/flags/netherlands_0_9.jpg?itok=X2bxfMbg,Institution(s): Monitoring Commissie Corporate Governance,Country: Netherlands,"The Dutch Corporate Governance Code contains principles and best practice provisions that regulate relations between the management board, supervisory board, and shareholders, including provisions on the treatment of corporate social responsibility (CSR) activities."
2016,EUR 750 Million Sovereign Green Bond Issued by Poland,https://www.greenfinanceplatform.org/policies-and-regulations/eur-750-million-sovereign-green-bond-issued-poland,https://www.greenfinanceplatform.org/sites/default/files/styles/flag_96_56_/public/country/flags/poland_0.png?itok=GdmXWvee,Institution(s): Ministry of Finance,Country: Poland,"In 2016, Poland issued a EUR 750 million sovereign green bond."
2016,Climate Change Fund under the Climate Change Act 2016,https://www.greenfinanceplatform.org/policies-and-regulations/climate-change-fund-under-climate-change-act-2016,https://www.greenfinanceplatform.org/sites/default/files/styles/flag_96_56_/public/country/flags/kenya_0.png?itok=pESOJdrE,Institution(s): Republic of Kenya,Country: Kenya,The Act provides a regulatory framework for an enhanced response to climate change and provides mechanisms for establishing effective institutional arrangements for climate action including climate financing.
2016,Southeast Europe and Central Asia (SEECA) Catastrophe Risk Insurance Facility,https://www.greenfinanceplatform.org/policies-and-regulations/southeast-europe-and-central-asia-seeca-catastrophe-risk-insurance-facility,https://www.greenfinanceplatform.org/sites/default/files/styles/flag_96_56_/public/country/flags/kazakhstan_0.png?itok=3DPPYuXE,"Institution(s): Government of Kazakhstan, World Bank, Industry Partners",Country: Kazakhstan,"The development objective of the Southeast Europe and Central Asia (SEECA) Catastrophe Risk Insurance Facility (CRIF) Project is to assist Kazakhstan in developing a modern catastrophe insurance market infrastructure that will support the launch of affordable, innovative catastrophe insurance products covering the risks of weather extremes."
2015,China's 13th Five Year Plan (2016-2020) Includes Recommendations from the Green Finance Task Force,https://www.greenfinanceplatform.org/policies-and-regulations/chinas-13th-five-year-plan-2016-2020-includes-recommendations-green-finance,https://www.greenfinanceplatform.org/sites/default/files/styles/flag_96_56_/public/country/flags/china_0.png?itok=5mTa_Ix2,Institution(s): Chinese Government,Country: China,"In 2015, China approved its 13th Five-Year Plan (2016-2020), which includes recommendations from the Green Finance Task Force (GFTF) that was established by the State Council in 2014."
2016,Time for Transition: An Exploratory Study of the Transition to a Carbon-Neutral Economy,https://www.greenfinanceplatform.org/policies-and-regulations/time-transition-exploratory-study-transition-carbon-neutral-economy,https://www.greenfinanceplatform.org/sites/default/files/styles/flag_96_56_/public/country/flags/netherlands_0_9.jpg?itok=X2bxfMbg,Institution(s): De Nederlandsche Bank (DNB),Country: Netherlands,The Netherland's central bank—De Nederlandsche Bank (DNB)—has published an exploratory study on the transition to a carbon-neutral economy.
2016,Green Bond Guidelines,https://www.greenfinanceplatform.org/policies-and-regulations/green-bond-guidelines,https://www.greenfinanceplatform.org/sites/default/files/styles/flag_96_56_/public/country/flags/nigeria_0.png?itok=ci2p0754,Institution(s): Federal Ministry of Environment (FMEnv),Country: Nigeria,The Federal Ministry of Environment issued Green Bond Guidelines to guide the process for issuance of green bonds targeted at the Nigeria market.
2015,"Australia's Environmental, Social, and Governance (ESG) Reporting Guide",https://www.greenfinanceplatform.org/policies-and-regulations/australias-environmental-social-and-governance-esg-reporting-guide,https://www.greenfinanceplatform.org/sites/default/files/styles/flag_96_56_/public/country/flags/australia_0.png?itok=MUgeIm54,"Institution(s): Australian Financial Services Council (FSC), Australian Council of Superannuation Investors (ACSI)",Country: Australia,"In 2015, the Australian Council of Superannuation Investors (ACSI) and Financial Services Council (FSC) published an Environmental, Social, and Governance (ESG) Reporting Guide, which aims to assist companies in disclosing their ESG risks in a consistent and comparable manner that is useful for investors."
2015,The Environmental Protection Law of the People's Republic of China,https://www.greenfinanceplatform.org/policies-and-regulations/environmental-protection-law-peoples-republic-china,https://www.greenfinanceplatform.org/sites/default/files/styles/flag_96_56_/public/country/flags/china_0.png?itok=5mTa_Ix2,Institution(s): Ministry of Ecology and Environment,Country: China,The Environmental Protection Law of the People's Republic of China summarizes the existing regulation on disclosure and requests companies to report data about pollution to increase transparency.
2015,Expert Group on Green Transition and Competitiveness,https://www.greenfinanceplatform.org/policies-and-regulations/expert-group-green-transition-and-competitiveness,https://www.greenfinanceplatform.org/sites/default/files/styles/flag_96_56_/public/country/flags/sweden_0.png?itok=TjU2UwgD,Institution(s): Government of Sweden,Country: Sweden,"Sweden's Expert Group on Green Transition and Competitiveness promotes investments in sustainable development and investigates ways of achieving the changes Sweden needs to become an ecologically sustainable society with a competitive business sector. The group will analyse issues including sustainable investment, economic incentives, systems solutions for resource efficiency, research and skills development, and impact on business."
2014,The California Lending for Energy and Environmental Needs (CLEEN) Center,https://www.greenfinanceplatform.org/policies-and-regulations/california-lending-energy-and-environmental-needs-cleen-center,https://www.greenfinanceplatform.org/sites/default/files/styles/flag_96_56_/public/country/flags/us.png?itok=B_Tf7hVP,Institution(s): State of California,Country: United States of America,"The California Lending for Energy and Environmental Needs (CLEEN) Center provides direct public financing to municipalities, universities, schools, and hospitals to help meet the State's goals for greenhouse gas (GHG) emissions reduction, water conservation, and environmental conservation."
2015,The Corporate Governance Code of Italian Listed Companies (Legislative 254/2016),https://www.greenfinanceplatform.org/policies-and-regulations/corporate-governance-code-italian-listed-companies-legislative-2542016,https://www.greenfinanceplatform.org/sites/default/files/styles/flag_96_56_/public/country/flags/italy_0.png?itok=gR91h8gn,Institution(s): Italian Corporate Governance Committee,Country: Italy,"The Italian Corporate Governance Code as amended requires large companies (listed companies, banks, and insurance companies) to make disclosures on non-financial matters such as environmental, social, and employee-related matters, anti-corruption and bribery issues, respect for human rights and diversity."
2015,FTSE4Good Bursa Malaysia Index,https://www.greenfinanceplatform.org/policies-and-regulations/ftse4good-bursa-malaysia-index,https://www.greenfinanceplatform.org/sites/default/files/styles/flag_96_56_/public/country/flags/malaysia_0.png?itok=_uXIf6LU,Institution(s): Bursa Malaysia,Country: Malaysia,"In December 2014, Bursa Malaysia and FTSE launched an Environmental, Social and Governance (ESG) index i.e. FTSE4Good Bursa Malaysia Index for the Malaysian market."
2015,The Impact of Climate Change on the UK Insurance Sector,https://www.greenfinanceplatform.org/policies-and-regulations/impact-climate-change-uk-insurance-sector,https://www.greenfinanceplatform.org/sites/default/files/styles/flag_96_56_/public/country/flags/uk.png?itok=sEHdJaOS,Institution(s): Prudential Regulation Authority (PRA),Country: United Kingdom of Great Britain and Northern Ireland,"In 2015, the United Kingdom's Prudential Regulation Authority (PRA) published a report to provide a framework for considering the risks and impacts arising from climate change on the insurance sector in the UK."
2015,Luxembourg's Climate Finance Task Force,https://www.greenfinanceplatform.org/policies-and-regulations/luxembourgs-climate-finance-task-force,https://www.greenfinanceplatform.org/sites/default/files/styles/flag_96_56_/public/country/flags/luxembourg_0.png?itok=O5z3L-FB,Institution(s): Ministry of Finance,Country: Luxembourg,Luxembourg's Climate Finance Task Force (CFTF) was established in 2015 to bring together the Luxembourg Government and industry experts in order to develop initiatives in the field of green and sustainable finance and to consolidate the position of Luxembourg as an international center for green finance.
2015,Spain Updates Good Governance Code of Listed Companies with Corporate Social Responsibility Recommendations,https://www.greenfinanceplatform.org/policies-and-regulations/spain-updates-good-governance-code-listed-companies-corporate-social,https://www.greenfinanceplatform.org/sites/default/files/styles/flag_96_56_/public/country/flags/spain_0.png?itok=B3Fylj_H,Institution(s): Securities and Exchange Commission (CNMV),Country: Spain,"Spain's Unified Good Governance Code of Listed Companies, approved in 2006, was updated in 2013 to adapt or eliminate recommendations affected by new legislation and in 2015 to incorporate recommendations that deal specifically with corporate social responsibility (CSR)."
2014,New Jersey Energy Resilience Bank,https://www.greenfinanceplatform.org/policies-and-regulations/new-jersey-energy-resilience-bank,https://www.greenfinanceplatform.org/sites/default/files/styles/flag_96_56_/public/country/flags/us.png?itok=B_Tf7hVP,Institution(s): New Jersey Economic Development Authority,Country: United States of America,The New Jersey Energy Resilience Bank was established as part of the state’s effort to minimize the potential impacts of future major power outages and increase energy resiliency.
2015,Vanuatu Infrastructure Strategic Investment Plan,https://www.greenfinanceplatform.org/policies-and-regulations/vanuatu-infrastructure-strategic-investment-plan,https://www.greenfinanceplatform.org/sites/default/files/styles/flag_96_56_/public/country/flags/vanuatu_0.png?itok=S79TtIvQ,Institution(s): Government of the Republic of Vanuatu,Country: Vanuatu,Vanuatu Infrastructure Strategic Investment Plan aims at implementing strategic infrastructure investments across seven economic and social sectors to support sustainable socio-economic development.
2015,"A Bulletin Issued by the United States Department of Labor Clarifies that Environmental, Social, and Governance (ESG) Factors Can Be Part of Investment Decision Making",https://www.greenfinanceplatform.org/policies-and-regulations/bulletin-issued-united-states-department-labor-clarifies-environmental,https://www.greenfinanceplatform.org/sites/default/files/styles/flag_96_56_/public/country/flags/us.png?itok=B_Tf7hVP,Institution(s): Department of Labor,Country: United States of America,"In 2015, the United States Department of Labor's Employee Benefits Security Administration issued an Interpretive Bulletin that clarified that environmental, social, and governance (ESG) factors can be part of primary analysis of prudent investment decision making."
2015,Sustainability Amendments to Malaysia's Main Market Listing Requirements,https://www.greenfinanceplatform.org/policies-and-regulations/sustainability-amendments-malaysias-main-market-listing-requirements,https://www.greenfinanceplatform.org/sites/default/files/styles/flag_96_56_/public/country/flags/malaysia_0.png?itok=_uXIf6LU,Institution(s): Bursa Malaysia,Country: Malaysia,"Under the 2015 Amendments to Malaysia's Main Market Listing Requirements relating to Sustainability, listed issuers are required to disclose a statement on the management of material economic, environmental, and social (“EES”) risks and opportunities (“Sustainability Statement”) in their annual reports."
2014,Warehouse for Energy Efficiency Loans (WHEEL),https://www.greenfinanceplatform.org/policies-and-regulations/warehouse-energy-efficiency-loans-wheel,https://www.greenfinanceplatform.org/sites/default/files/styles/flag_96_56_/public/country/flags/us.png?itok=B_Tf7hVP,Institution(s): National Association of State Energy Officials (NASEO),Country: United States of America,"The Warehouse for Energy Efficiency Loans (WHEEL) is a public-private partnership to create a national financing platform to bring low-cost, large-scale capital to government and utility sponsored residential energy efficiency loan programmes."
2015,Disaster Risk Finance and Insurance Strategy,https://www.greenfinanceplatform.org/policies-and-regulations/disaster-risk-finance-and-insurance-strategy,https://www.greenfinanceplatform.org/sites/default/files/styles/flag_96_56_/public/country/flags/philippines_0.png?itok=O07zVx8C,"Institution(s): Philippine Insurance Commission, Local Governments, World Bank, Insurance Stakeholders",Country: Philippines,"The Philippines’ Disaster Risk Finance and Insurance Strategy is a parametric insurance pooling facility for local government units, to be insured through the Government Service Insurance System (GSIS)."
2015,Vnesheconombank (VEB) Sustainability Roadmap,https://www.greenfinanceplatform.org/policies-and-regulations/vnesheconombank-veb-sustainability-roadmap,https://www.greenfinanceplatform.org/sites/default/files/styles/flag_96_56_/public/country/flags/russia.png?itok=nc3EQ33j,Institution(s): Vnesheconombank (VEB),Country: Russia,In 2015 VEB published its Sustainability roadmap for 2015-2020 which includes commitments on sustainable finance
2015,Revisions to Financial Condition Examiners Handbook,https://www.greenfinanceplatform.org/policies-and-regulations/revisions-financial-condition-examiners-handbook,https://www.greenfinanceplatform.org/sites/default/files/styles/flag_96_56_/public/country/flags/us.png?itok=B_Tf7hVP,Institution(s): National Association of Insurance Commissioners (NAIC),Country: United States of America,"The National Association of Insurance Commissioners (NAIC) requires that insurance companies disclose to regulators and investors the financial risks that they face from climate change, as well as actions that the companies are taking to respond to those risks."
2015,Design of a Sustainable Financial System: Swiss Team Input into Inquiry into the Design of a Sustainable Financial System (UN Environment Inquiry),https://www.greenfinanceplatform.org/policies-and-regulations/design-sustainable-financial-system-swiss-team-input-inquiry-design,https://www.greenfinanceplatform.org/sites/default/files/styles/flag_96_56_/public/country/flags/syrian-arab-republic_0.png?itok=-PU8xFPb,"Institution(s): Federal Ministry of the Environment, Swiss Confederation",Country: Switzerland,"The Swiss team for the Inquiry into the Design of a Sustainable Financial System (UN Environment Inquiry) gathers representatives of the financial sector, NGOs, and academia as well as government representatives to reflect on the Inquiry’s questions regarding a financial system aligned to sustainable development."
2014,California has Issued a USD 300 Million Green Bond,https://www.greenfinanceplatform.org/policies-and-regulations/california-has-issued-usd-300-million-green-bond,https://www.greenfinanceplatform.org/sites/default/files/styles/flag_96_56_/public/country/flags/us.png?itok=B_Tf7hVP,Institution(s): The California State Treasurer's Office,Country: United States of America,"In October 2014, California issued a USD 300 million green bond."
2014,The Brazilian Securities Commission (CVM) Instruction No. 480/2009 Requires Listed Companies to Include Environmental Information in their Annual Reports,https://www.greenfinanceplatform.org/policies-and-regulations/brazilian-securities-commission-cvm-instruction-no-4802009-requires-listed,https://www.greenfinanceplatform.org/sites/default/files/styles/flag_96_56_/public/country/flags/brazil_0.png?itok=aFUtStI-,Institution(s): Brazilian Securities Commission (CVM),Country: Brazil,"The Brazilian Securities Commission (CVM) Instruction No. 480/2009, which provides for the registration of issuers (foreign and domestic) of securities admitted to trading on regulated markets in Brazil, requires listed companies to include environmental information in their annual reports."
2015,Dutch Pensions Act Requires Funds to Report on Environmental and Social Issues (Article 135),https://www.greenfinanceplatform.org/policies-and-regulations/dutch-pensions-act-requires-funds-report-environmental-and-social-issues,https://www.greenfinanceplatform.org/sites/default/files/styles/flag_96_56_/public/country/flags/netherlands_0_9.jpg?itok=X2bxfMbg,Institution(s): Kingdom of the Netherlands,Country: Netherlands,"Since 2014, the Pensions Act (Section 135-4), has required pension funds to state in their annual reports how their investment policies take into account the environment and climate, human rights, and social relations."
2015,California Senate Bill 185 Prohibits State Pension Funds From Making New or Renewing Existing Investments in Thermal Coal Companies,https://www.greenfinanceplatform.org/policies-and-regulations/california-senate-bill-185-prohibits-state-pension-funds-making-new-or,https://www.greenfinanceplatform.org/sites/default/files/styles/flag_96_56_/public/country/flags/us.png?itok=B_Tf7hVP,Institution(s): California Senate,Country: United States of America,California Senate Bill 185 on Public Retirement Systems prohibits state pension funds (CalPERS and CalSTRS) from making new investments or renewing existing investments of public employee retirement funds in thermal coal companies.
2014,The Environmental Impact Index,https://www.greenfinanceplatform.org/policies-and-regulations/environmental-impact-index,https://www.greenfinanceplatform.org/sites/default/files/styles/flag_96_56_/public/country/flags/israel_0.png?itok=q9EphMF8,Institution(s): Israel Ministry of Environmental Protection,Country: Israel,The Environmental Impact Index analyses Israel's largest publicly traded companies based on their impact on the environment and compliance with requirements and standards.
2015,Directive on Promoting Green Credit Growth and Environmental and Social Risks Management in Credit Granting Activities,https://www.greenfinanceplatform.org/policies-and-regulations/directive-promoting-green-credit-growth-and-environmental-and-social-risks,https://www.greenfinanceplatform.org/sites/default/files/styles/flag_96_56_/public/country/flags/vietnam_0.png?itok=iGoF4Grr,Institution(s): State Bank of Vietnam (SBV),Country: Viet Nam,Vietnam’s Directive on Promoting Green Credit Growth and Environmental and Social Risks Management in Credit Granting Activities (the Directive) seeks to promote a green economy and encourages all credit institutions to incorporate environmental and social (E&S) risks into their transactions.
2015,Norges Bank's Principles for Responsible Investment Management,https://www.greenfinanceplatform.org/policies-and-regulations/norges-banks-principles-responsible-investment-management,https://www.greenfinanceplatform.org/sites/default/files/styles/flag_96_56_/public/country/flags/norway_0.png?itok=B27e-tlq,Institution(s): Government of Norway,Country: Norway,"In 2015, Norges Bank published Principles for Responsible Investment Management, which covers four key areas—standard setting, ownership, risk management, and observation and exclusion."
2014,Resolution 4.327/2014: Financial Institutions Socio-Environmental Responsibility,https://www.greenfinanceplatform.org/policies-and-regulations/resolution-43272014-financial-institutions-socio-environmental,https://www.greenfinanceplatform.org/sites/default/files/styles/flag_96_56_/public/country/flags/brazil_0.png?itok=aFUtStI-,Institution(s): Brazilian Monetary Council (CMN),Country: Brazil,Resolution 4.327/2014 lists guidelines to be observed upon establishing and deploying Socio-environmental Responsibility policies by financial Institutions.
2015,"Germany's Act on the Supervision of Insurance Undertakings Requires Pension Funds to Report on Ethical, Social, and Ecological Considerations",https://www.greenfinanceplatform.org/policies-and-regulations/germanys-act-supervision-insurance-undertakings-requires-pension-funds,https://www.greenfinanceplatform.org/sites/default/files/styles/flag_96_56_/public/country/flags/germany_0.png?itok=oLuTPe9k,Institution(s): Sustainable Insurance Forum and Bundesanstalt für Finanzdienstleistungsaufsicht (BaFin),Country: Germany,"Germany’s Act on the Supervision of Insurance Undertakings (Versicherungsaufsichtsgesetz, or VAG) requires pension funds to inform its beneficiaries in writing of whether, and, if so, how, it takes ethical, social and ecological interests into account in the way it invests the contributions paid"
2014,Mongolian Sustainable Finance Principles and Sector Guidelines,https://www.greenfinanceplatform.org/policies-and-regulations/mongolian-sustainable-finance-principles-and-sector-guidelines,https://www.greenfinanceplatform.org/sites/default/files/styles/flag_96_56_/public/country/flags/mongolia_0.png?itok=3YBv44A9,Institution(s): Mongonlian Banker's Association and Mongolian Central Bank,Country: Mongolia,Mongolia's Sustainable Finance Principles and related Sector Guidelines were adopted in 2014 to provide a voluntary framework to help local banks integrate environmental and social considerations into their lending decisions and product design.
2015,Guidelines for Information Disclosure on Securities Market (Circular 155/2015/TT-BTC),https://www.greenfinanceplatform.org/policies-and-regulations/guidelines-information-disclosure-securities-market-circular-1552015tt-btc,https://www.greenfinanceplatform.org/sites/default/files/styles/flag_96_56_/public/country/flags/vietnam_0.png?itok=iGoF4Grr,Institution(s): State Securities Commission (SSC) of Vietnam,Country: Viet Nam,Vietnam's Guidelines for Information Disclosure on Securities Market (Circular 155/2015/TT-BTC) requires listed companies to report on their impacts on the environment and society.
2014,Notice on Green Credit Key Performance Indicators (No. 186),https://www.greenfinanceplatform.org/policies-and-regulations/notice-green-credit-key-performance-indicators-no-186,https://www.greenfinanceplatform.org/sites/default/files/styles/flag_96_56_/public/country/flags/china_0.png?itok=5mTa_Ix2,Institution(s): China Banking Regulatory Commission,Country: China,This Notice stipulates that all banking institutions are required to facilitate and thoroughly carry out self-assessment of their green credit implementation following the requirements of the Green Credit Key Performance Indicators.
2015,Regulation on Socio-environmental Risk Management of Financial Firms in Peru (SBS N°01-2015),https://www.greenfinanceplatform.org/policies-and-regulations/regulation-socio-environmental-risk-management-financial-firms-peru-sbs-n,https://www.greenfinanceplatform.org/sites/default/files/styles/flag_96_56_/public/country/flags/peru_0.png?itok=x-NZ4Xtd,"Institution(s): Superintendency of Banking, Insurance and Private Pension Fund Administrators (SBS)",Country: Peru,"This paper describes the key design features of Peru's regulation on socio-environmental risk management of financial firms (SBS N°01-2015), which aims to promote sound practices for financial institutions exposed to such risks."
2015,France's Energy and Ecological Transition for Climate Label,https://www.greenfinanceplatform.org/policies-and-regulations/frances-energy-and-ecological-transition-climate-label,https://www.greenfinanceplatform.org/sites/default/files/styles/flag_96_56_/public/country/flags/france_0.png?itok=2p1RJfXu,Institution(s): Ministry for an Ecological and Solidarity Transition,Country: France,"France's Energy and Ecological Transition for the Climate (Transition énergétique et écologique pour le climat, or TEEC) label is the first public label for private investments in the green economy."
2014,Panama's Strategic Framework for the Financial Management of Disaster Risk,https://www.greenfinanceplatform.org/policies-and-regulations/panamas-strategic-framework-financial-management-disaster-risk,https://www.greenfinanceplatform.org/sites/default/files/styles/flag_96_56_/public/country/flags/panama_0.png?itok=mDmTtaO9,Institution(s): Government of Panama,Country: Panama,"Panama adopted a Strategic Framework for the Financial Management of Disaster Risk in 2014 (Executive Decree 578), which includes the following five pillars: (i) identification, quantification, and understanding of fiscal risk due to disasters; (ii) incorporation of disaster risk analysis in the planning of public investment; (iii) formulation of components for developing and implementing risk retention and transfer instruments; (iv) development of the domestic insurance market; and (v) strengthening of DICRE (the Directorate of Investments, Concessions, and Risks of the State—the government unit responsible for managing fiscal risk of disasters) so it can fulfill its role in de-signing and implementing financial protection strategies."
2015,The Budget Bill for 2016,https://www.greenfinanceplatform.org/policies-and-regulations/budget-bill-2016,https://www.greenfinanceplatform.org/sites/default/files/styles/flag_96_56_/public/country/flags/sweden_0.png?itok=TjU2UwgD,Institution(s): Government of Sweden,Country: Sweden,"The Budget Bill is the Government's proposal for central government budget revenue and expenditure for the fiscal year. In the Budget Bill for 2016, financial sector are mandated to contribute to sustainable development as part of ""generational goal,"" in order to enhance national green competitiveness."
2015,Environmental and Social Risk Management of Financial Institutions in Peru (Resolution 1928/2015),https://www.greenfinanceplatform.org/policies-and-regulations/environmental-and-social-risk-management-financial-institutions-peru,https://www.greenfinanceplatform.org/sites/default/files/styles/flag_96_56_/public/country/flags/peru_0.png?itok=x-NZ4Xtd,"Institution(s): Superintendency of Banking, Insurance and Private Pension Fund Administrators (SBS)",Country: Peru,"Resolution 1928/2015 requires financial institutions to manage environmental and social (E&S) risks for projects over USD 10 million, including evaluating E&S risks to projects and project primary suppliers as well as reporting to regulators and clients."
2014,Corporate Social Responsibility (CSR) Implementation Guide for Canadian Business,https://www.greenfinanceplatform.org/policies-and-regulations/corporate-social-responsibility-csr-implementation-guide-canadian-business,https://www.greenfinanceplatform.org/sites/default/files/styles/flag_96_56_/public/country/flags/canada_0.png?itok=kkIfg6qU,"Institution(s): Government of Canada, Innovation, Science and Economic Development Canda",Country: Canada,"The Corporate Social Responsibility (CSR) Implementation Guide for Canadian Business provides practical advice for how companies should approach CSR, including making its business case, developing a strategy, and monitoring outcomes."
2015,A 2015 Report has Proposed a Roadmap to Finance a Low-Carbon Economy in France,https://www.greenfinanceplatform.org/policies-and-regulations/2015-report-has-proposed-roadmap-finance-low-carbon-economy-france,https://www.greenfinanceplatform.org/sites/default/files/styles/flag_96_56_/public/country/flags/france_0.png?itok=2p1RJfXu,Institution(s): Government of France,Country: France,A 2015 report by the Canfin-Grandjean Commission has proposed paths of action to mobilize increased public and private funding in the fight against climate change.
2014,Sustainable and Responsible Investment Sukuk Framework,https://www.greenfinanceplatform.org/policies-and-regulations/sustainable-and-responsible-investment-sukuk-framework,https://www.greenfinanceplatform.org/sites/default/files/styles/flag_96_56_/public/country/flags/malaysia_0.png?itok=_uXIf6LU,Institution(s): Securities Commission Malaysia,Country: Malaysia,"Malaysia's Sustainable and Responsible Investment (SRI) Sukuk Framework provides a regulatory framework to facilitate more green, social, and sustainable financing."
2015,Amendment to the Accounting Act 237,https://www.greenfinanceplatform.org/policies-and-regulations/amendment-accounting-act-237,https://www.greenfinanceplatform.org/sites/default/files/styles/flag_96_56_/public/country/flags/bulgaria_0.png?itok=QznoEgjb,Institution(s): Government of Bulgaria,Country: Bulgaria,"The new Bulgarian Accountancy Act implements EU Directive 2014/95/EU and prescribes that large enterprises which are public interest enterprises and which, at 31 December of the reporting period, exceed the criterion of the average number of employees during the financial year of 500 people, shall include a non-financial declaration in their management report."
2015,Article 173-VI (for investors) and Article 173-IV (for companies) of France's Law on Energy Transition for Green Growth,https://www.greenfinanceplatform.org/policies-and-regulations/article-173-vi-investors-and-article-173-iv-companies-frances-law-energy,https://www.greenfinanceplatform.org/sites/default/files/styles/flag_96_56_/public/country/flags/france_0.png?itok=2p1RJfXu,Institution(s): Government of France,Country: France,"France's 2015 Energy Transition Law requires institutional investors and companies to provide information on the way that they take into account climate change as well as environmental and social factors into their strategies and decision making (Article 173-VI for investors, and Article 173-IV for companies)."
2014,Flood Re Makes the Flood Cover Part of Household Insurance Policies More Affordable,https://www.greenfinanceplatform.org/policies-and-regulations/flood-re-makes-flood-cover-part-household-insurance-policies-more,https://www.greenfinanceplatform.org/sites/default/files/styles/flag_96_56_/public/country/flags/uk.png?itok=sEHdJaOS,Institution(s): HM Government and Insurers - Prudential Regulation Authority (PRA) and Financial Conduct Authority (FCA),Country: United Kingdom of Great Britain and Northern Ireland,Flood Re is a reinsurance scheme in the United Kingdom that aims to make the flood cover part of household insurance policies more affordable.
2015,Peru Adopts Resolution that Includes Mandatory Sustainability Reporting (Resolución SMV Nº 033-2015-SMV/01),https://www.greenfinanceplatform.org/policies-and-regulations/peru-adopts-resolution-includes-mandatory-sustainability-reporting,https://www.greenfinanceplatform.org/sites/default/files/styles/flag_96_56_/public/country/flags/peru_0.png?itok=x-NZ4Xtd,Institution(s): Superintendencia del Mercado de Valores (SMV),Country: Peru,"Peru’s Capital Markets Superintendency (SMV) has adopted a Resolution (SMV Nº 033-2015-SMV/01) that includes mandatory sustainability reporting, with a “comply or explain” approach."
2014,"The Corporate Social Responsibility (CSR) Strategy, 2019-2025, of De Nederlandsche Bank (DNB)",https://www.greenfinanceplatform.org/policies-and-regulations/corporate-social-responsibility-csr-strategy-2019-2025-de-nederlandsche,https://www.greenfinanceplatform.org/sites/default/files/styles/flag_96_56_/public/country/flags/netherlands_0_9.jpg?itok=X2bxfMbg,Institution(s): De Nederlandsche Bank (DNB),Country: Netherlands,"The Netherland’s central bank—De Nederlandsche Bank (DNB)—has published a Corporate Social Responsibility (CSR) Strategy for 2019-2025, which centres on two themes:
Sustainable economic growth that has no harmful effects o"
2015,"National Pension Fund Investments to Include ESG Considerations (National Pension Service Act, Chapter VI Article 102 (4))",https://www.greenfinanceplatform.org/policies-and-regulations/national-pension-fund-investments-include-esg-considerations-national,https://www.greenfinanceplatform.org/sites/default/files/styles/flag_96_56_/public/country/flags/korea-south.png?itok=uv2aKKHX,Institution(s): Government of South Korea,Country: Republic of Korea,"When managing and operating Korea's National Pension Fund, environmental, social, and governance (ESG) factors applicable to the investment targets may be considered, as stipulated in Korea's National Pension Service Act (Chapter VI Article 102 (4))."
2015,Sustainable Finance Guiding Principles Adopted by Kenya's Banking Industry,https://www.greenfinanceplatform.org/policies-and-regulations/sustainable-finance-guiding-principles-adopted-kenyas-banking-industry,https://www.greenfinanceplatform.org/sites/default/files/styles/flag_96_56_/public/country/flags/kenya_0.png?itok=pESOJdrE,Institution(s): Kenyan Banking Association and Central Bank of Kenya,Country: Kenya,"Kenya's banking industry, through their umbrella body the Kenya Bankers Association (KBA), has adopted Sustainable Finance Guiding Principles to help balance business goals with the economy's development priorities and socio-environmental concerns."
2014,New York's Green Bank to Increase Investments in Clean Energy Markets,https://www.greenfinanceplatform.org/policies-and-regulations/new-yorks-green-bank-increase-investments-clean-energy-markets,https://www.greenfinanceplatform.org/sites/default/files/styles/flag_96_56_/public/country/flags/us.png?itok=B_Tf7hVP,Institution(s): State of New York,Country: United States of America,"New York's Green Bank is a state-sponsored, specialized financial entity working with the private sector to increase investments into New York’s clean energy markets, thereby creating a more efficient, reliable, and sustainable energy system."
2015,Natural Capital Financing Facility,https://www.greenfinanceplatform.org/policies-and-regulations/natural-capital-financing-facility,https://www.greenfinanceplatform.org/sites/default/files/styles/flag_96_56_/public/country/flags/EU.png?itok=7FBcPJet,Institution(s): European Commission and European Investment Bank,Country: EU,"The European Investment Bank (EIB) and the European Commission (EC) have partnered to create the Natural Capital Financing Facility (NCFF)—a financial instrument that supports projects delivering on biodiversity and climate adaptation through tailored loans and investments, backed by a European Union (EU) guarantee."
2014,Russia's Code of Corporate Governance (Article 69) Recommends Joint Stock Companies to Assess Financial and Non-Financial Risks,https://www.greenfinanceplatform.org/policies-and-regulations/russias-code-corporate-governance-article-69-recommends-joint-stock,https://www.greenfinanceplatform.org/sites/default/files/styles/flag_96_56_/public/country/flags/russia.png?itok=nc3EQ33j,Institution(s): Central Bank of Russia,Country: Russia,"Under article 69 of the Russian Code of Corporate Governance, the board of directors of joint stock companies are advised to assess financial and non-financial risks, including environmental, social, ethical, and operational risks, as well as establish tolerable levels of risk in these areas."
2015,The Argentine Securities Commission (regulated under Law N° 26.831) is Among the Few Market Regulators with Sustainability in its Mandate,https://www.greenfinanceplatform.org/policies-and-regulations/argentine-securities-commission-regulated-under-law-n%C2%B0-26831-among-few,https://www.greenfinanceplatform.org/sites/default/files/styles/flag_96_56_/public/country/flags/argentina_1.png?itok=ZXU_FF68,Institution(s): Comisión Nacional de Valores (the Argentine Securities and Exchange Commission),Country: Argentina,"The Argentine Securities Commission (Comisión Nacional de Valores, “CNV”)—the agency responsible for the promotion, supervision, and control of the country’s Capital Market, which is regulated under Law N° 26.831—is one of the few market regulators internationally with sustainability in its mandate."
2015,Resource Efficiency and Fiduciary Duties of Investors,https://www.greenfinanceplatform.org/policies-and-regulations/resource-efficiency-and-fiduciary-duties-investors,https://www.greenfinanceplatform.org/sites/default/files/styles/flag_96_56_/public/country/flags/EU.png?itok=7FBcPJet,Institution(s): European Commission,Country: EU,This report investigates the application of fiduciary duty in the European Union (EU) and the state of play on the inclusion of environmental and resource efficiency factors into the fiduciary duties of institutional investors.
2012,Singapore's Code of Corporate Governance 2012 Revision Includes Sustainability Issues,https://www.greenfinanceplatform.org/policies-and-regulations/singapores-code-corporate-governance-2012-revision-includes-sustainability,https://www.greenfinanceplatform.org/sites/default/files/styles/flag_96_56_/public/country/flags/singapore_0.png?itok=YHx8c5Nt,Institution(s): Monetary Authority of Singapore,Country: Singapore,"Singapore's Code of Corporate Governance, which was first issued in 2001 by the Corporate Governance Committee (“CGC”), was subsequently revised in 2005 and again in 2012; the latest version now states that ""the Board's role is to consider sustainability issues e.g. environmental and social factors, as part of its strategic formulation."""
2013,Japan Green Fund (Japan Green Finance Organisation),https://www.greenfinanceplatform.org/policies-and-regulations/japan-green-fund-japan-green-finance-organisation,https://www.greenfinanceplatform.org/sites/default/files/styles/flag_96_56_/public/country/flags/japan_0.png?itok=m9IqJMel,Institution(s): Ministry of the Environment (MOEJ),Country: Japan,"In July 2013, Japan’s Green Fund commenced operations, following the Minister of Environment's January 2013 announcement of the Finance Initiative to build a Low-Carbon Society, which highlighted the need to use private capital to tackle global warming."
2013,"Amendment to the Companies Act of 2006 Includes New Environmental, Social, and Governance (ESG) Disclosure Requirements",https://www.greenfinanceplatform.org/policies-and-regulations/amendment-companies-act-2006-includes-new-environmental-social-and,https://www.greenfinanceplatform.org/sites/default/files/styles/flag_96_56_/public/country/flags/uk.png?itok=sEHdJaOS,Institution(s): HM Government,Country: United Kingdom of Great Britain and Northern Ireland,"In 2013, the United Kingdom adopted an amendment to the Companies Act of 2006 that includes several provisions related to environmental, social, and governance (ESG) reporting and disclosure."
2012,"Danish Corporate Reporting on Human Rights and Climate (Financial Statements Act, Amendment 2012)",https://www.greenfinanceplatform.org/policies-and-regulations/danish-corporate-reporting-human-rights-and-climate-financial-statements,https://www.greenfinanceplatform.org/sites/default/files/styles/flag_96_56_/public/country/flags/denmark_0.png?itok=jVLcfD-g,Institution(s): Danish Business Authority,Country: Denmark,"The Danish Parliament has adopted an amendment to its Financial Statements Act that requires businesses to specifically report on their human rights and climate issues and impacts, regardless of whether or not they are included in their CSR policies."
2014,Additional Directive (2014: 158) Aims to Improve How Fund Managers Integrate Sustainability,https://www.greenfinanceplatform.org/policies-and-regulations/additional-directive-2014-158-aims-improve-how-fund-managers-integrate,https://www.greenfinanceplatform.org/sites/default/files/styles/flag_96_56_/public/country/flags/sweden_0.png?itok=TjU2UwgD,Institution(s): Government of Sweden,Country: Sweden,"The Swedish Government’s review of mutual fund managers, as stipulated under Directive 2014:139, has been expanded under Directive 2014:158 to propose measures to improve information and comparability on how fund managers integrate sustainability aspects such as environmental and climate issues, human rights, working conditions, and combating corruption."
2012,"CODIM Pronouncement no. 13 and 14, 2012",https://www.greenfinanceplatform.org/policies-and-regulations/codim-pronouncement-no-13-and-14-2012,https://www.greenfinanceplatform.org/sites/default/files/styles/flag_96_56_/public/country/flags/brazil_0.png?itok=aFUtStI-,Institution(s): Brazilian Steering Committee for Information Disclosure to the Market (CODIM),Country: Brazil,"Pronouncement 13 sets up annual report guidelines, in order to foster best practices in reporting, information disclosure, and corporate governance."
2013,Hawaii's Green Infrastructure Authority Makes Clean Energy Investments More Accessible and Affordable,https://www.greenfinanceplatform.org/policies-and-regulations/hawaiis-green-infrastructure-authority-makes-clean-energy-investments-more,https://www.greenfinanceplatform.org/sites/default/files/styles/flag_96_56_/public/country/flags/us.png?itok=B_Tf7hVP,Institution(s): State of Hawaii,Country: United States of America,"Hawaii's Green Infrastructure Authority (HGIA), which was established in 2013, makes clean energy investments more accessible and affordable for low- and moderate-income (LMI) single family residential homeowners and renters, multi-family rental projects, small businesses, and non-profit organizations."
2013,Pakistan's Corporate Social Responsibility Voluntary Guidelines,https://www.greenfinanceplatform.org/policies-and-regulations/pakistans-corporate-social-responsibility-voluntary-guidelines,https://www.greenfinanceplatform.org/sites/default/files/styles/flag_96_56_/public/country/flags/pakistan_0.png?itok=MTqpta37,Institution(s): Securities and Exchange Commission of Pakistan,Country: Pakistan,"Under Pakistan's Corporate Social Responsibility (CSR) Voluntary Guidelines, the boards of directors of registered entities are encouraged to take ownership of the formulation, adoption, and implementation of their company's CSR policy."
2012,Forest Code (law 12.651-2012),https://www.greenfinanceplatform.org/policies-and-regulations/forest-code-law-12651-2012,https://www.greenfinanceplatform.org/sites/default/files/styles/flag_96_56_/public/country/flags/brazil_0.png?itok=aFUtStI-,Institution(s): Brazilian Government,Country: Brazil,"Brazil’s Forest Code (Law 12.651 – 2012) establishes a regulatory framework for land use and environmental conservation on rural properties, with the purpose of protecting native vegetation."
2012,Green Posting System - Corporate Disclosure,https://www.greenfinanceplatform.org/policies-and-regulations/green-posting-system-corporate-disclosure,https://www.greenfinanceplatform.org/sites/default/files/styles/flag_96_56_/public/country/flags/korea-south.png?itok=uv2aKKHX,Institution(s): Financial Services Commission,Country: Republic of Korea,"Korea's Financial Services Commission's Green Posting System requires firms to post their greenhouse gas (GHG) emissions and energy usage, as well green technology certification."
2014,Transboundary Haze Pollution Act,https://www.greenfinanceplatform.org/policies-and-regulations/transboundary-haze-pollution-act,https://www.greenfinanceplatform.org/sites/default/files/styles/flag_96_56_/public/country/flags/singapore_0.png?itok=YHx8c5Nt,Institution(s): Government of Singapore,Country: Singapore,"Singapore's Transboundary Haze Pollution Act criminalizes activities that contribute to haze pollution and introduces corporate liability for international firms, including financial institutions, that start fires or allow concessions to burn."
2013,National Impact Initiative,https://www.greenfinanceplatform.org/policies-and-regulations/national-impact-initiative,https://www.greenfinanceplatform.org/sites/default/files/styles/flag_96_56_/public/country/flags/us.png?itok=B_Tf7hVP,Institution(s): US Federal Government,Country: United States of America,"On June 2013, the United States launched the National Impact Initiative (NII) to expand the use of impact investing as an element of the government's strategies for economic growth and global development."
2013,The European Investment Bank's (EIB's) Energy Lending Criteria Include an Emission Performance Standard,https://www.greenfinanceplatform.org/policies-and-regulations/european-investment-banks-eibs-energy-lending-criteria-include-emission,https://www.greenfinanceplatform.org/sites/default/files/styles/flag_96_56_/public/country/flags/EU.png?itok=7FBcPJet,Institution(s): European Investment Bank (EIB),Country: EU,The European Investment Bank's (EIB's) Energy Lending Criteria introduced an emission performance standard (EPS) to ensure that all fossil fuel power generation projects financed by the EIB are in line with member states' commitments to EU climate policy.
2012,China's Green Credit Guidelines,https://www.greenfinanceplatform.org/policies-and-regulations/chinas-green-credit-guidelines,https://www.greenfinanceplatform.org/sites/default/files/styles/flag_96_56_/public/country/flags/china_0.png?itok=5mTa_Ix2,Institution(s): China Banking Regulatory Commission,Country: China,"In 2012, the China Banking Regulatory Commission (CBRC) issued Green Credit Guidelines that aim to encourage banking institutions to develop green credit and adopt stronger environmental and social risk management."
2014,Sustainability Development Roadmap for Listed Companies,https://www.greenfinanceplatform.org/policies-and-regulations/sustainability-development-roadmap-listed-companies,https://www.greenfinanceplatform.org/sites/default/files/styles/flag_96_56_/public/country/flags/thailand_0.png?itok=BOkrt9T1,Institution(s): Securities and Exchange Commission of Thailand (SEC),Country: Thailand,Thailand's Securities and Exchange Commission (SEC) has conducted assessments on circumstances that could pose potential impacts on the sustainable development of listed companies.
2012,"Australia's Green Bank—the Clean Energy Finance Corporation, Facilitates Increased Investments in Emissions Reduction",https://www.greenfinanceplatform.org/policies-and-regulations/australias-green-bank%E2%80%94-clean-energy-finance-corporation-facilitates,https://www.greenfinanceplatform.org/sites/default/files/styles/flag_96_56_/public/country/flags/australia_0.png?itok=MUgeIm54,Institution(s): Commonwealth of Australia,Country: Australia,"Australia's Green Bank—the Clean Energy Finance Corporation (CEFC)—was established to facilitate increased flows of finance to help Australia cut its greenhouse gas (GHG) emissions. CEFC is investing AU$10 billion to address some of Australia’s toughest emissions challenges—in agriculture, cleantech innovation, energy generation and storage, infrastructure, property, transport, and waste."
2013,Vermont Clean Energy Loan Fund,https://www.greenfinanceplatform.org/policies-and-regulations/vermont-clean-energy-loan-fund,https://www.greenfinanceplatform.org/sites/default/files/styles/flag_96_56_/public/country/flags/us.png?itok=B_Tf7hVP,Institution(s): State of Vermont,Country: United States of America,"Vermont's Clean Energy Loan Fund was established in 2013 to consolidate clean energy programs that existed under the Vermont Economic Development Authority (VEDA), supporting renewable energy, agricultural energy, energy efficiency, and small business conservation."
2013,The EU Energy Efficiency Financial Institutions Group,https://www.greenfinanceplatform.org/policies-and-regulations/eu-energy-efficiency-financial-institutions-group,https://www.greenfinanceplatform.org/sites/default/files/styles/flag_96_56_/public/country/flags/EU.png?itok=7FBcPJet,Institution(s): European Commission Directorate-General for Energy (DG Energy) and United Nations Environment Program Finance Initiative (UNEP FI),Country: EU,"The European Union's (EU's) Energy Efficiency Financial Institutions Group (EEFIG), which was established in 2013, has created an open dialogue and work platform for public and private financial institutions, industry representatives, and sector experts to identify the barriers to the long-term financing for energy efficiency and propose policy and market solutions to them."
2014,Notification on Monitoring and Reporting of Turkey's Greenhouse Gas Emissions,https://www.greenfinanceplatform.org/policies-and-regulations/notification-monitoring-and-reporting-turkeys-greenhouse-gas-emissions,https://www.greenfinanceplatform.org/sites/default/files/styles/flag_96_56_/public/country/flags/turkey_0.png?itok=J94-jd2Q,Institution(s): Ministry of Environment and Urbanism,Country: Türkiye,This Notification sets forth the principles and procedures for the monitoring and reporting of Turkey's greenhouse gas (GHG) emissions.
2012,The Kay Review of UK Equity Markets and Long-Term Decision-Making Finds that Short-termism is an Underlying Problem,https://www.greenfinanceplatform.org/policies-and-regulations/kay-review-uk-equity-markets-and-long-term-decision-making-finds-short,https://www.greenfinanceplatform.org/sites/default/files/styles/flag_96_56_/public/country/flags/uk.png?itok=sEHdJaOS,Institution(s): HM Government,Country: United Kingdom of Great Britain and Northern Ireland,"The Kay Review recommends that there should be a shift in the culture of the stock market. The report finds that short-termism is an underlying problem in UK equity markets, principally caused by a misalignment of incentives within the investment chain and the displacement of trust relationships by a culture based on transactions and trading."
2012,India's Listing Obligations and Disclosure Requirements,https://www.greenfinanceplatform.org/policies-and-regulations/indias-listing-obligations-and-disclosure-requirements,https://www.greenfinanceplatform.org/sites/default/files/styles/flag_96_56_/public/country/flags/india.png?itok=JjRiaKRC,Institution(s): Securities and Exchange Board of India (SEBI),Country: India,"India's Listing Obligations and Disclosure Requirements Regulations, which were adopted in 2012 and amended in 2016 and 2018, require the top 500 listed companies based on market capitalization to produce Business Responsibility Reports, which are to be included in their annual reports."
2013,White Paper on Financing Ecological Transition,https://www.greenfinanceplatform.org/policies-and-regulations/white-paper-financing-ecological-transition,https://www.greenfinanceplatform.org/sites/default/files/styles/flag_96_56_/public/country/flags/france_0.png?itok=2p1RJfXu,Institution(s): Directorate General of the Treasury and thew Office of the Commissioner General for Sustainable Development,Country: France,The White Paper on Financing Ecological Transition is based on four principles.
2013,Corporate Social Responsibility (CSR) Law No. 8488,https://www.greenfinanceplatform.org/policies-and-regulations/corporate-social-responsibility-csr-law-no-8488,https://www.greenfinanceplatform.org/sites/default/files/styles/flag_96_56_/public/country/flags/argentina_1.png?itok=ZXU_FF68,Institution(s): Provincial Government of Mendoza,Country: Argentina,"Argentina's Corporate Social Responsibility (CSR) Law, No. 8488, requires an annual CSR Report (Balance de Responsabilidad Social y Ambiental) for all companies with more than 300 employees and a superior gross profit established by the Sepyme (Secretaría de la Pequeña y Mediana Empresa) for SMEs."
2012,FIji's Agriculture and Renewable Energy Loans Ratio,https://www.greenfinanceplatform.org/policies-and-regulations/fijis-agriculture-and-renewable-energy-loans-ratio,https://www.greenfinanceplatform.org/sites/default/files/styles/flag_96_56_/public/country/flags/fiji_0.png?itok=bLlUJOeE,Institution(s): Reserve Bank of Fiji,Country: Fiji,"Under Fiji's Agriculture and Renewable Energy Loans Ratio, commercial banks must allocate 4 percent of their deposits, and similar liabilities in loans, to the agriculture (including forestry and fisheries) sector, and 2 percent to the renewable energy sector."
2014,Requirements to Join the Green Bond Segment of the Johannesburg Stock Exchange,https://www.greenfinanceplatform.org/policies-and-regulations/requirements-join-green-bond-segment-johannesburg-stock-exchange,https://www.greenfinanceplatform.org/sites/default/files/styles/flag_96_56_/public/country/flags/south-africa_0.png?itok=_HHbn--4,Institution(s): Johannesburg Stock Exchange,Country: South Africa,Green bonds from the Johannesburg Stock Exchange (JSE) are reviewed against clear criteria in order to provide the green bond market with trust and assurance around the environmental credentials of the bonds.
2011,"The Brazilian Circular on Internal Process of Capital Adequacy Assessment (No. 3,547/2011) Requires Banks to Include Social and Environmental Risks When Assessing Their Capital Needs",https://www.greenfinanceplatform.org/policies-and-regulations/brazilian-circular-internal-process-capital-adequacy-assessment-no-35472011,https://www.greenfinanceplatform.org/sites/default/files/styles/flag_96_56_/public/country/flags/brazil_0.png?itok=aFUtStI-,Institution(s): BACEN,Country: Brazil,"The Brazilian Circular on Internal Process of Capital Adequacy Assessment (No. 3,547/2011) includes a requirement for banks to demonstrate how they evaluate the risk arising from exposure to social and environmental damage caused by their activities when assessing how much capital is needed to cover a range of operational and financial risks."
2013,"Australia's Superannuation Governance Policy (Standard No. 20) Requires Environmental, Social, and Governance (ESG) Risk Management and Disclosure",https://www.greenfinanceplatform.org/policies-and-regulations/australias-superannuation-governance-policy-standard-no-20-requires,https://www.greenfinanceplatform.org/sites/default/files/styles/flag_96_56_/public/country/flags/australia_0.png?itok=MUgeIm54,Institution(s): Australian Financial Services Council (FSC),Country: Australia,The Australian Financial Services Council (FSC) issued the Superannuation Governance Policy (Standard No. 20) in 2013 to promote strong governance arrangements by trustees of superannuation entities.
2013,India's Companies Act of 2013 Includes Provisions on Corporate Social Responsibility,https://www.greenfinanceplatform.org/policies-and-regulations/indias-companies-act-2013-includes-provisions-corporate-social,https://www.greenfinanceplatform.org/sites/default/files/styles/flag_96_56_/public/country/flags/india.png?itok=JjRiaKRC,Institution(s): Ministry of Corporate Affairs,Country: India,"India's Companies Act of 2013 stipulates that companies of a certain size shall constitute a Corporate Social Responsibility Committee, which shall formulate and recommend to the Board a Corporate Social Responsibility Policy (Clause 135)."
2012,Corporate Responsibility Regulation in Indonesia (Regulation No. 47/2012),https://www.greenfinanceplatform.org/policies-and-regulations/corporate-responsibility-regulation-indonesia-regulation-no-472012,https://www.greenfinanceplatform.org/sites/default/files/styles/flag_96_56_/public/country/flags/indonesia_0.png?itok=L38_jaSc,Institution(s): Government of Indonesia,Country: Indonesia,Indonesia's corporate social responsibility regulation (No. 47/2012) stipulates that all companies that manage or utilise natural resources or that impact natural resources are required to fulfill social and environmental responsibilities.
2014,"European Commission's Investment Plan for Europe, or 'Juncker Plan'",https://www.greenfinanceplatform.org/policies-and-regulations/european-commissions-investment-plan-europe-or-juncker-plan,https://www.greenfinanceplatform.org/sites/default/files/styles/flag_96_56_/public/country/flags/EU.png?itok=7FBcPJet,Institution(s): European Commission,Country: EU,"The Investment Plan for Europe, the so-called Juncker Plan, has three objectives: to remove obstacles to investment; to provide visibility and technical assistance to investment projects; and to make smarter use of financial resources."
2011,"Brazil's Resolution (4,008/2011) on Financing Climate Mitigation and Adaptation Projects",https://www.greenfinanceplatform.org/policies-and-regulations/brazils-resolution-40082011-financing-climate-mitigation-and-adaptation,https://www.greenfinanceplatform.org/sites/default/files/styles/flag_96_56_/public/country/flags/brazil_0.png?itok=aFUtStI-,Institution(s): Brazilian Monetary Council (CMN),Country: Brazil,"Brazil's Resolution 4,008/2011 sets out rules on financing climate mitigation and adaptation projects. It established credit lines for climate-friendly lending, backed by resources from the National Plan for Climate Change (FNMC)."
2013,Prudential Practice Guide on Investment Governance (SPG 530),https://www.greenfinanceplatform.org/policies-and-regulations/prudential-practice-guide-investment-governance-spg-530,https://www.greenfinanceplatform.org/sites/default/files/styles/flag_96_56_/public/country/flags/australia_0.png?itok=MUgeIm54,Institution(s): Australian Prudential Regulation Authority,Country: Australia,"The Prudential Practice Guide on Investment Governance states that a superannuation trustee may adopt an investment strategy that has an environmental, social, and governance (ESG) focus, so long as it can demonstrate appropriate analysis to support its formulation, including being mindful of exposing the interests of beneficiaries to undue risk."
2013,Indonesia's Green Lending Model Guidelines for Mini Hydro Power Plant Projects,https://www.greenfinanceplatform.org/policies-and-regulations/indonesias-green-lending-model-guidelines-mini-hydro-power-plant-projects,https://www.greenfinanceplatform.org/sites/default/files/styles/flag_96_56_/public/country/flags/indonesia_0.png?itok=L38_jaSc,Institution(s): Bank Indonesia,Country: Indonesia,"In collaboration with Indonesia's Ministry of Environment and Forestry and USAID, the Bank Indonesia developed voluntary Green Lending Model Guidelines for Mini Hydro Power Plant Projects for banks in 2013."
2012,"Italy's Provisions on the Process of Implementing the Investment Policy Require Communication of Ethical, Environment, and/or Social Criteria",https://www.greenfinanceplatform.org/policies-and-regulations/italys-provisions-process-implementing-investment-policy-require,https://www.greenfinanceplatform.org/sites/default/files/styles/flag_96_56_/public/country/flags/italy_0.png?itok=gR91h8gn,Institution(s): COVIP,Country: Italy,"Italy's Commission for the Supervision of Pension Funds (La Commissione di vigilanza sui fondi pensione, or COVIP) adopted a Resolution on 16 March 2012 that requires the communication of any ethical, environmental, and/or social criteria in the statement of investment principles (see Articles 4-5 of 'Provisions on the Process of Implementing the Investment Policy')."
2014,Law Commission Report,https://www.greenfinanceplatform.org/policies-and-regulations/law-commission-report,https://www.greenfinanceplatform.org/sites/default/files/styles/flag_96_56_/public/country/flags/uk.png?itok=sEHdJaOS,Institution(s): UK Law Commission,Country: United Kingdom of Great Britain and Northern Ireland,"The independent commission report looked at the investment market through the lens of pensions. The report concludes that trustees should take into account factors which are financially material to the performance of an investment. Where trustees think ethical or environmental, social or governance (ESG) issues are financially material they should take them into account."
2013,St. Vincent and the Grenadines National Economic and Social Development Plan 2013 - 2025,https://www.greenfinanceplatform.org/policies-and-regulations/st-vincent-and-grenadines-national-economic-and-social-development-plan,https://www.greenfinanceplatform.org/sites/default/files/styles/flag_96_56_/public/country/flags/st-vincent-and-the-grenadines.png?itok=h3H_4CMT,Institution(s): Government of Saint Vincent and the Grenadines,Country: Saint Vincent and the Grenadines,"In January 2013, the Government of St. Vincent and the Grenadines introduced the National Economic and Social Development Plan 2013 - 2025."
2011,The UK's Green Investment Group is Making Green Infrastructure Investments and Developing Projects to Accelerate the Transition to a Green Economy,https://www.greenfinanceplatform.org/policies-and-regulations/uks-green-investment-group-making-green-infrastructure-investments-and,https://www.greenfinanceplatform.org/sites/default/files/styles/flag_96_56_/public/country/flags/uk.png?itok=sEHdJaOS,Institution(s): HM Government,Country: United Kingdom of Great Britain and Northern Ireland,The United Kingdom's Green Investment Group (previously the UK Green Investment Bank) is a specialist green investor with a mission to accelerate the transition to a greener global economy by making new green infrastructure investments and developing new projects.
2013,Lebanon Incentivised Investments in Eco-Friendly Projects (Circular No. 313),https://www.greenfinanceplatform.org/policies-and-regulations/lebanon-incentivised-investments-eco-friendly-projects-circular-no-313,https://www.greenfinanceplatform.org/sites/default/files/styles/flag_96_56_/public/country/flags/lebanon_0.png?itok=0g1kyeXm,Institution(s): Banque du Liban (BDL),Country: Lebanon,"In 2013, the Bank of Lebanon (Banque du Liban, or BDL) issued Circular No. 313 to provide incentives for investments that focus on eco-friendly projects, including energy efficiency, renewable energy, and certified green buildings."
2012,The Malaysian Code on Corporate Governance Includes a Recommendation on Promoting Sustainability,https://www.greenfinanceplatform.org/policies-and-regulations/malaysian-code-corporate-governance-includes-recommendation-promoting,https://www.greenfinanceplatform.org/sites/default/files/styles/flag_96_56_/public/country/flags/malaysia_0.png?itok=_uXIf6LU,Institution(s): Securities Commission Malaysia,Country: Malaysia,"The Malaysian Code on Corporate Governance focuses on clarifying the role of the board in providing leadership, enhancing board effectiveness through strengthening its composition, and reinforcing its independence. Recommendation 1.4 states that ""The board should ensure that the company's strategies promote sustainability."""
2012,Nigerian Sustainable Banking Principles and Guidance Note,https://www.greenfinanceplatform.org/policies-and-regulations/nigerian-sustainable-banking-principles-and-guidance-note,https://www.greenfinanceplatform.org/sites/default/files/styles/flag_96_56_/public/country/flags/nigeria_0.png?itok=ci2p0754,Institution(s): Central bank of Nigeria/Nigerian Banking Association,Country: Nigeria,"In 2012, the Nigerian Bankers' Committee approved the adoption of the Sustainable Banking Principles by banks, discount houses, and development finance institutions."
2014,Malaysian Code for Institutional Investors,https://www.greenfinanceplatform.org/policies-and-regulations/malaysian-code-institutional-investors,https://www.greenfinanceplatform.org/sites/default/files/styles/flag_96_56_/public/country/flags/malaysia_0.png?itok=_uXIf6LU,Institution(s): Securities Commission Malaysia,Country: Malaysia,Malaysia's Code for Institutional Investors is intended to give institutional investors guidance on effective exercise of stewardship responsibilities to ensure delivery of sustainable long-term value to their ultimate beneficiaries or clients.
2012,Colombia's Protocol Verde (Green Protocol),https://www.greenfinanceplatform.org/policies-and-regulations/colombias-protocol-verde-green-protocol,https://www.greenfinanceplatform.org/sites/default/files/styles/flag_96_56_/public/country/flags/colombia_0.png?itok=18Venzwa,Institution(s): Ministry of Environment and Sustainable Development,Country: Colombia,"In 2012, the Green Protocol was signed by the Colombian Government and some of the most relevant commercial and development banks associated in ASOBANCARIA—the representative association of the Colombian financial sector. The Green Protocol is a voluntary framework with guidelines that aims to promote green finance."
2011,Connecticut's Green Bank is Helping to Make Green Energy More Accessible and Affordable,https://www.greenfinanceplatform.org/policies-and-regulations/connecticuts-green-bank-helping-make-green-energy-more-accessible-and,https://www.greenfinanceplatform.org/sites/default/files/styles/flag_96_56_/public/country/flags/us.png?itok=B_Tf7hVP,Institution(s): State of Connecticut,Country: United States of America,"The Connecticut Green Bank (CGB) is a quasi-public corporation that works with private-sector investors to create low-cost, long-term sustainable financing for green energy in order to increase its affordability and accessibility for homeowners, businesses, and institutions."
2013,Lebanon Extends Its Subsidized Loan Scheme in Green Sectors with an Additional USD 331 Million,https://www.greenfinanceplatform.org/policies-and-regulations/lebanon-extends-its-subsidized-loan-scheme-green-sectors-additional-usd-331,https://www.greenfinanceplatform.org/sites/default/files/styles/flag_96_56_/public/country/flags/lebanon_0.png?itok=0g1kyeXm,Institution(s): Banque du Liban (BDL),Country: Lebanon,"In 2013, the Bank of Lebanon (Banque du Liban, or BDL) issued Circular No. 346 to extend its subsidized loan scheme in green sectors implemented under Circular No. 236 by adding a package of USD 331 million."
2012,Principles for Financial Action Towards a Sustainable Society,https://www.greenfinanceplatform.org/policies-and-regulations/principles-financial-action-towards-sustainable-society,https://www.greenfinanceplatform.org/sites/default/files/styles/flag_96_56_/public/country/flags/japan_0.png?itok=m9IqJMel,Institution(s): Ministry of the Environment (MOEJ),Country: Japan,"The Principles for Financial Action Towards a Sustainable Society were established in Japan to set a policy across the financial industry in order to allow cooperative actions to be taken on various environmental, social, and governance (ESG) issues, and directly promote such efforts through their core business operations."
2014,National Climate Change Investment Plan,https://www.greenfinanceplatform.org/policies-and-regulations/national-climate-change-investment-plan,https://www.greenfinanceplatform.org/sites/default/files/styles/flag_96_56_/public/country/flags/malawi_0.png?itok=xuerCvHu,Institution(s): Malawi Government,Country: Malawi,"In 2014, Malawi government published its National Climate Change Investment Plan which identifies the four key priority areas to promote climate change management in Malawi: adaptation; mitigation; climate change research, technology development and transfer; and capacity building."
2012,Law 1523/2012 Expands the Role of Colombia's National Fund for Disaster Risk Management (FNGRD),https://www.greenfinanceplatform.org/policies-and-regulations/law-15232012-expands-role-colombias-national-fund-disaster-risk-management,https://www.greenfinanceplatform.org/sites/default/files/styles/flag_96_56_/public/country/flags/colombia_0.png?itok=18Venzwa,Institution(s): Government of Colombia,Country: Colombia,"With Law 1523/2012, Colombia initiated an ambitious reform process to establish an effective disaster risk governance framework that anchors resilience in the national policy agenda."
2013,Norway Adopts Amendment to the Accounting Act of 1998 that Requires Corporate Social Responsibility (CSR) Reporting by Large Companies,https://www.greenfinanceplatform.org/policies-and-regulations/norway-adopts-amendment-accounting-act-1998-requires-corporate-social,https://www.greenfinanceplatform.org/sites/default/files/styles/flag_96_56_/public/country/flags/norway_0.png?itok=B27e-tlq,Institution(s): Government of Norway,Country: Norway,The Norwegian Parliament passed the proposed ‘Act amending the Accounting Act and certain other Acts (Social Responsibility Reporting)’ on 9 April 2013. 
2011,German Sustainability Code,https://www.greenfinanceplatform.org/policies-and-regulations/german-sustainability-code,https://www.greenfinanceplatform.org/sites/default/files/styles/flag_96_56_/public/country/flags/germany_0.png?itok=oLuTPe9k,Institution(s): German Council for Sustainable Development,Country: Germany,The German Sustainability Code includes 20 criteria and a checklist on what companies should report on with regards to sustainability.
2013,China's Green Credit Statistics System,https://www.greenfinanceplatform.org/policies-and-regulations/chinas-green-credit-statistics-system,https://www.greenfinanceplatform.org/sites/default/files/styles/flag_96_56_/public/country/flags/china_0.png?itok=5mTa_Ix2,Institution(s): China Banking Regulatory Commission,Country: China,"The China Banking Regulatory Commission (CBRC) launched a Notice on the two documents that form the Green Credit Statistics System (GCSS) for banking institutions when categorizing green credit portfolio (YINJIANBANFA, 2013, No. 185; and YINJIANTONGTONG, 2014, No. 60)"
2010,Lebanon Issued Circular No. 236 to Facilitate Financing in Green Sectors,https://www.greenfinanceplatform.org/policies-and-regulations/lebanon-issued-circular-no-236-facilitate-financing-green-sectors,https://www.greenfinanceplatform.org/sites/default/files/styles/flag_96_56_/public/country/flags/lebanon_0.png?itok=0g1kyeXm,Institution(s): Banque du Liban (BDL),Country: Lebanon,"In 2010, the Bank of Lebanon (Banque du Liban, or BDL) issued Circular No. 236 to facilitate financing and investments in green sectors by exempting commerical banks from part of the required reserves, enabling the finance of these projects at lower costs."
2011,National Strategy for Climate Change and Low Carbon Development,https://www.greenfinanceplatform.org/policies-and-regulations/national-strategy-climate-change-and-low-carbon-development,https://www.greenfinanceplatform.org/sites/default/files/styles/flag_96_56_/public/country/flags/rwanda_0.png?itok=CgvwM4lF,Institution(s): Republic of Rwanda,Country: Rwanda,"In October 2011, the Republic of Rwanda released its Green Growth and Climate Resilience National Strategy for Climate Change and Low Carbon Development."
2011,"India's National Voluntary Guidelines on Social, Environmental, and Economic Responsibilities of Business",https://www.greenfinanceplatform.org/policies-and-regulations/indias-national-voluntary-guidelines-social-environmental-and-economic,https://www.greenfinanceplatform.org/sites/default/files/styles/flag_96_56_/public/country/flags/india.png?itok=JjRiaKRC,"Institution(s): Government of India, Ministry of Corporate Affairs",Country: India,"The guidelines, which are designed to be used by all businesses in India, contain a list of KPIs on which companies should report"
2009,Pakistani Regulation (General Order: SRO 983(I)) Requires Public Companies to Disclose Corporate Social Responsibility (CSR) Activities,https://www.greenfinanceplatform.org/policies-and-regulations/pakistani-regulation-general-order-sro-983i-requires-public-companies,https://www.greenfinanceplatform.org/sites/default/files/styles/flag_96_56_/public/country/flags/pakistan_0.png?itok=MTqpta37,Institution(s): Securities and Exchange Commission of Pakistan,Country: Pakistan,"In 2009, Pakistan passed a regulation (General Order: SRO 983 (I)) that requires all public companies to provide mandatory descriptive as well as monetary disclosures of their corporate social responsibility (CSR) activities undertaken during each financial year."
2008,"Guidance Opinions on Strengthening the Oversight of Public Companies (""Green Securities Policy"")",https://www.greenfinanceplatform.org/policies-and-regulations/guidance-opinions-strengthening-oversight-public-companies-green-securities,https://www.greenfinanceplatform.org/sites/default/files/styles/flag_96_56_/public/country/flags/china_0.png?itok=5mTa_Ix2,Institution(s): Ministry of Ecology and Environment,Country: China,"In 2008, China launched the Green Securities Policy to increase sustainability practices among companies listed on Chinese stock markets. One of the integral components of the policy is the environmental disclosure regulation, which directs publicly traded Chinese companies in 14 highly polluting industrieds to report required environmental disclosure."
2010,Malaysian Green Technology Corporation,https://www.greenfinanceplatform.org/policies-and-regulations/malaysian-green-technology-corporation,https://www.greenfinanceplatform.org/sites/default/files/styles/flag_96_56_/public/country/flags/malaysia_0.png?itok=_uXIf6LU,"Institution(s): Ministry of Energy, Green Technology and Water",Country: Malaysia,The Malaysian Green Technology Corporation (i.e. GreenTech Malaysia) is a government agency with the mandate to spearhead the development and promotion of green technology as a strategic engine for socio-economic growth and sustainability.
2011,Ethiopia’s Climate Resilient Green Economy Strategy 2011,https://www.greenfinanceplatform.org/policies-and-regulations/ethiopia%E2%80%99s-climate-resilient-green-economy-strategy-2011,https://www.greenfinanceplatform.org/sites/default/files/styles/flag_96_56_/public/country/flags/ethiopia_0.png?itok=qRGWncQK,Institution(s): Federal Democratic Republic of Ethiopia,Country: Ethiopia,"In November 2011, the Republic of Ethiopia launched its vision to build a Climate Resilient Green Economy (CRGE) by 2025."
2011,Malaysia's Corporate Governance Blueprint,https://www.greenfinanceplatform.org/policies-and-regulations/malaysias-corporate-governance-blueprint,https://www.greenfinanceplatform.org/sites/default/files/styles/flag_96_56_/public/country/flags/malaysia_0.png?itok=_uXIf6LU,Institution(s): Securities Commission Malaysia,Country: Malaysia,Malaysia's Corporate Governance Blueprint sets out the strategic directions and specific action plans to be implemented over a five-year period in order to raise the standards of corporate governance in the Malaysian capital market.
2009,Bangladesh's Refinancing Scheme for Renewable Energy and Green Financing,https://www.greenfinanceplatform.org/policies-and-regulations/bangladeshs-refinancing-scheme-renewable-energy-and-green-financing,https://www.greenfinanceplatform.org/sites/default/files/styles/flag_96_56_/public/country/flags/bangladesh_0.png?itok=dpKe9nmo,Institution(s): Bangladesh Bank (BB),Country: Bangladesh,"To promote renewable energy and environmentally friendly financial activity, Bangladesh Bank has formulated a Refinancing Scheme for Renewable Energy and Green Financing."
2007,Socially responsible and sustainable development savings account (Livret de Developpement durable),https://www.greenfinanceplatform.org/policies-and-regulations/socially-responsible-and-sustainable-development-savings-account-livret-de,https://www.greenfinanceplatform.org/sites/default/files/styles/flag_96_56_/public/country/flags/france_0.png?itok=2p1RJfXu,Institution(s): Government of France,Country: France,"The CODEVI as of 1 January 2007 has been renamed the LDD (Livret de Développement Durable), and banks must use a portion of these funds to offer preferential loans for domestic energy conservation projects."
2011,Central Bank of Tanzania’s objective of supporting sustainable economic growth,https://www.greenfinanceplatform.org/policies-and-regulations/central-bank-tanzania%E2%80%99s-objective-supporting-sustainable-economic-growth,https://www.greenfinanceplatform.org/sites/default/files/styles/flag_96_56_/public/country/flags/tanzania.png?itok=WZwQJau_,Institution(s): Bank of Tanzania,Country: Tanzania,The mandate of the Central Bank of Tanzania includes an explicit objective for the promotion of sustainable economic development.
2010,National Disaster Risk Reduction and Management Law (Republic Act 10121),https://www.greenfinanceplatform.org/policies-and-regulations/national-disaster-risk-reduction-and-management-law-republic-act-10121,https://www.greenfinanceplatform.org/sites/default/files/styles/flag_96_56_/public/country/flags/philippines_0.png?itok=O07zVx8C,Institution(s): Ministry of Finance,Country: Philippines,The Philippines' National Disaster Risk Reduction and Management Law (Republic Act 10121) provides a macro-level framework for addressing disaster risk.
2011,"Russia’s Regulation on Information Disclosure (Order 11-46/pz-n, 2011)",https://www.greenfinanceplatform.org/policies-and-regulations/russia%E2%80%99s-regulation-information-disclosure-order-11-46pz-n-2011,https://www.greenfinanceplatform.org/sites/default/files/styles/flag_96_56_/public/country/flags/russia.png?itok=nc3EQ33j,Institution(s): Central Bank of Russia,Country: Russia,"Russia’s Regulation on Information Disclosure (Order 11-46/pz-n, 2011) states that annual reports should contain significant volume of non-financial information on results in key areas of activity, including the use of energy resources, risk factors, corporate governance and remuneration, and voluntary adherence with the Russian Code of Corporate Governance."
2007,Law on Limited Liability Companies (40/2007) Requires Reporting on Environmental and Social Responsibility,https://www.greenfinanceplatform.org/policies-and-regulations/law-limited-liability-companies-402007-requires-reporting-environmental-and,https://www.greenfinanceplatform.org/sites/default/files/styles/flag_96_56_/public/country/flags/indonesia_0.png?itok=L38_jaSc,Institution(s): Government of Indonesia,Country: Indonesia,Indonesia's Law on Limited Liability Company (40/2007) requires companies to submit annual reports with social and environmental responsibility information and states that companies having business activities in the field of and/or related to natural resources are obliged to perform their Social and Environmental Responsibility.
2008,China's Management Directory of Listed Companies Environmental Protection Industry Classification,https://www.greenfinanceplatform.org/policies-and-regulations/chinas-management-directory-listed-companies-environmental-protection,https://www.greenfinanceplatform.org/sites/default/files/styles/flag_96_56_/public/country/flags/china_0.png?itok=5mTa_Ix2,Institution(s): China Securities Regulatory Commission,Country: China,"For the industries listed on the Management Directory of Listed Companies Environmental Protection Industry Classification, China requires that an environmental assessment is conducted before initiating an initial public offering (IPO) or obtaining refinancing from banks."
2011,Sustainability Fund Act of Brunei,https://www.greenfinanceplatform.org/policies-and-regulations/sustainability-fund-act-brunei,https://www.greenfinanceplatform.org/sites/default/files/styles/flag_96_56_/public/country/flags/brunei-darussalam.png?itok=J2oH5pFD,"Institution(s): Ministry of Finance and Economy, Brunei Darussalam",Country: Brunei Darussalam,"In March 2011, the Government of Brunei enacted the Sustainability Fund Act."
2010,Financial Reporting Accounting Standard No. 26,https://www.greenfinanceplatform.org/policies-and-regulations/financial-reporting-accounting-standard-no-26,https://www.greenfinanceplatform.org/sites/default/files/styles/flag_96_56_/public/country/flags/portugal_0.png?itok=PGE3OlUY,Institution(s): Government of Portugal,Country: Portugal,"Portugal's Financial Reporting Accounting Standard No. 26 adopts the European Commission's recommendation from 2001 on the recognition, measurement, and disclosure of environmental issues in the annual accounts and annual reports of companies."
2011,Spain's Sustainable Economy Law Requires Disclosure of Annual Sustainability Reports,https://www.greenfinanceplatform.org/policies-and-regulations/spains-sustainable-economy-law-requires-disclosure-annual-sustainability,https://www.greenfinanceplatform.org/sites/default/files/styles/flag_96_56_/public/country/flags/spain_0.png?itok=B3Fylj_H,Institution(s): Government of Spain,Country: Spain,Spain's Sustainable Economy Law requires government-sponsored commercial companies or state-owned companies to file annual sustainability reports.
2008,Resolution 3545/2008: Rural Credit – Environmental Compliance in the Amazon,https://www.greenfinanceplatform.org/policies-and-regulations/resolution-35452008-rural-credit-%E2%80%93-environmental-compliance-amazon,https://www.greenfinanceplatform.org/sites/default/files/styles/flag_96_56_/public/country/flags/brazil_0.png?itok=aFUtStI-,Institution(s): Brazilian Monetary Council (CMN),Country: Brazil,Resolution 3545/2008 requires financial institutions and rural producers to have documentation proof of compliance with environmental regulations (particularly land use regulations set out in the Forest Code) to have access to subsidised rural credit in the Amazon biome region.
2007,Principles of Corporate Governance of State-Owned Enterprises (Resolution of the Cabinet Council 49/2007),https://www.greenfinanceplatform.org/policies-and-regulations/principles-corporate-governance-state-owned-enterprises-resolution-cabinet,https://www.greenfinanceplatform.org/sites/default/files/styles/flag_96_56_/public/country/flags/portugal_0.png?itok=PGE3OlUY,Institution(s): Government of Portugal,Country: Portugal,"Portugal’s Principles of Corporate Governance (Resolution 49/2007) defines best practices to be undertaken by public companies, which is substantially based on the OECD Guidelines on Corporate Governance of State-Owned Enterprises (2005)."
2010,Brazilian Resolution 3.896/2010: Rural Credit for Low-Carbon Agriculture,https://www.greenfinanceplatform.org/policies-and-regulations/brazilian-resolution-38962010-rural-credit-low-carbon-agriculture,https://www.greenfinanceplatform.org/sites/default/files/styles/flag_96_56_/public/country/flags/brazil_0.png?itok=aFUtStI-,Institution(s): BACEN,Country: Brazil,Resolution 3.896/2010 is a credit line which allows farmers to adhere to the guidelines of the Program for Reducing Greenhouse Gas Emissions (ABC Program) in the Brazilian Development Bank (BNDES) Framework.
2011,Mexican Pension Funds Regulator (CONSAR) Issues Rule With Obligation to Analyse Companies’ Social Responsibility,https://www.greenfinanceplatform.org/policies-and-regulations/mexican-pension-funds-regulator-consar-issues-rule-obligation-analyse,https://www.greenfinanceplatform.org/sites/default/files/styles/flag_96_56_/public/country/flags/mexico_0.png?itok=vzj2K6wp,Institution(s): CONSAR,Country: Mexico,"CONSAR, the Mexican pension funds regulator, published rules regarding investment strategies that included, for the first time, a general reference to an obligation to analyse companies’ social responsibility credentials."
2010,Framework Act on Low Carbon,https://www.greenfinanceplatform.org/policies-and-regulations/framework-act-low-carbon,https://www.greenfinanceplatform.org/sites/default/files/styles/flag_96_56_/public/country/flags/korea-south.png?itok=uv2aKKHX,Institution(s): Government of Korea,Country: Republic of Korea,"The Korean National Assembly enacted the Framework Act on Low Carbon, Green Growth in January 2010 to provide the legal basis for implementing policy measures that address climate change and energy issues and promote eco-efficient development."
2008,Brazil's Green Protocol,https://www.greenfinanceplatform.org/policies-and-regulations/brazils-green-protocol,https://www.greenfinanceplatform.org/sites/default/files/styles/flag_96_56_/public/country/flags/brazil_0.png?itok=aFUtStI-,Institution(s): BNDES and Brazilian banks,Country: Brazil,"Brazil's Green Protocol is a voluntary banking commitment that aims to encourage sustainable development and socio-environmental responsibility through various principles, including considering socio-environmental impacts and costs in asset management and in client and project risk analyses as well as incorporating socio-environmental criteria in credit analyses."
2007,Coverage Limits Increase for Switzerland’s Mandatory Insurance Against Damage by Natural Disasters for Chattels and Buildings,https://www.greenfinanceplatform.org/policies-and-regulations/coverage-limits-increase-switzerland%E2%80%99s-mandatory-insurance-against-damage,https://www.greenfinanceplatform.org/sites/default/files/styles/flag_96_56_/public/country/flags/syrian-arab-republic_0.png?itok=-PU8xFPb,Institution(s): Federal Council,Country: Switzerland,"In Switzerland, it has been mandatory since 1993 to purchase insurance to cover damage to chattels and buildings by natural forces (high water, floods, storms, hail, avalanches, snow pressure, rockslides, rockfalls, and landslides); and in January 2007, an increase in coverage limits (to CHF 1 billion) entered into force."
2010,Guidance on Environmental Reporting (CSA Staff Notice 51-333),https://www.greenfinanceplatform.org/policies-and-regulations/guidance-environmental-reporting-csa-staff-notice-51-333,https://www.greenfinanceplatform.org/sites/default/files/styles/flag_96_56_/public/country/flags/canada_0.png?itok=kkIfg6qU,Institution(s): Canadian Securities Administrators,Country: Canada,Canada published Guidance on Environmental Reporting (CSA Staff Notice 51-333) in 2010 to guide issuers on existing disclosure requirements relating to environmental matters under securities legislation.
2011,Amendment to South Africa's Pension Funds Act of 1956 (Amendment of Regulation 28),https://www.greenfinanceplatform.org/policies-and-regulations/amendment-south-africas-pension-funds-act-1956-amendment-regulation-28,https://www.greenfinanceplatform.org/sites/default/files/styles/flag_96_56_/public/country/flags/south-africa_0.png?itok=_HHbn--4,Institution(s): National Treasury,Country: South Africa,"South Africa's amendment to its Pension Funds Act (of Regulation 28 under Section 36) provides a set of principles on investment practices and rules stipulating asset allocation limits as well as the consideration of environmental, social, and governance (ESG) factors."
2010,Certificate of Corporate Social and Environmental Responsibility (Provincial Law No. 4531),https://www.greenfinanceplatform.org/policies-and-regulations/certificate-corporate-social-and-environmental-responsibility-provincial,https://www.greenfinanceplatform.org/sites/default/files/styles/flag_96_56_/public/country/flags/argentina_1.png?itok=ZXU_FF68,Institution(s): Provincial Government of Rio Negro,Country: Argentina,Argentina has created a “Certificate of Social and Environmental Responsibility” under Law No. 4531 to promote socially and environmentally responsible behavior by companies carrying out activities in the Province of Rio Negro.
2007,Australia's National Greenhouse and Energy Reporting Act 2007,https://www.greenfinanceplatform.org/policies-and-regulations/australias-national-greenhouse-and-energy-reporting-act-2007,https://www.greenfinanceplatform.org/sites/default/files/styles/flag_96_56_/public/country/flags/australia_0.png?itok=MUgeIm54,Institution(s): Commonwealth of Australia,Country: Australia,"Australia's National Greenhouse and Energy Reporting Act of 2007 creates requirements for certain companies to report and disseminate information on their annual greenhouse gas (GHG) emissions, GHG projects, energy consumption, and energy production. To determine which companies have an obligation under the Act, the Clean Energy Regulator has set two types of thresholds—facility and corporate group thresholds. The information reported is then published by the Clean Energy Regulator on their website."
2008,Shanghai Municipal Local Standards on Corporate Social Responsibility,https://www.greenfinanceplatform.org/policies-and-regulations/shanghai-municipal-local-standards-corporate-social-responsibility,https://www.greenfinanceplatform.org/sites/default/files/styles/flag_96_56_/public/country/flags/china_0.png?itok=5mTa_Ix2,Institution(s): Shanghai Municipal Bureau,Country: China,The Shanghai Municipal Local Standards on Corporate Social Responsibility (CSR) encourages companies to asses their CSR policies and report on progress.
2010,National Instrument 51-102 Continuous Disclosure Obligations,https://www.greenfinanceplatform.org/policies-and-regulations/national-instrument-51-102-continuous-disclosure-obligations,https://www.greenfinanceplatform.org/sites/default/files/styles/flag_96_56_/public/country/flags/canada_0.png?itok=kkIfg6qU,Institution(s): Provincial Securities Regulators,Country: Canada,"Under the National Instrument on Continuous Disclosure Obligations, companies that are listed on the Toronto Stock Exchange must disclose environmental information, including disclosing policies on the company's relationship with the environment and the steps taken to implement the policy."
2011,Report on the Russian largest companies’ investments in green projects as per the Regulations on information disclosure No. 11-46/пз-н,https://www.greenfinanceplatform.org/policies-and-regulations/report-russian-largest-companies%E2%80%99-investments-green-projects-regulations,https://www.greenfinanceplatform.org/sites/default/files/styles/flag_96_56_/public/country/flags/russia.png?itok=nc3EQ33j,Institution(s): Ministry of Finance of the Russian Federation,Country: Russia,The analytical report on the Russian largest companies’ investments in green projects summarizes data on 253 companies from the list of the 400 largest companies (by economic sector) based on their official reporting.
2010,Austrian Eco-label (Österreichisches Umweltzeichen) Guideline UZ 49,https://www.greenfinanceplatform.org/policies-and-regulations/austrian-eco-label-%C3%B6sterreichisches-umweltzeichen-guideline-uz-49,https://www.greenfinanceplatform.org/sites/default/files/styles/flag_96_56_/public/country/flags/austria_0.png?itok=xoo15rMf,"Institution(s): Federal Ministry of Agriculture, Forestry, Environment and Water Management",Country: Austria,The Austrian Eco-label for Sustainable Investment Funds is awarded to investment products that comply with the criteria provided in the Eco-label Guideline (UZ 49).
2007,Colombia's Corporate Governance Code,https://www.greenfinanceplatform.org/policies-and-regulations/colombias-corporate-governance-code,https://www.greenfinanceplatform.org/sites/default/files/styles/flag_96_56_/public/country/flags/colombia_0.png?itok=18Venzwa,Institution(s): Superintendencia Financiera Colombia,Country: Colombia,"Colombia's Corporate Governance Code, which is comprised of 41 best practices drawn up by participants in the country’s capital market, aims to standardise the corporate governance practices that companies have developed independently through their own internal codes."
2008,The UK's Climate Change Act of 2008,https://www.greenfinanceplatform.org/policies-and-regulations/uks-climate-change-act-2008,https://www.greenfinanceplatform.org/sites/default/files/styles/flag_96_56_/public/country/flags/uk.png?itok=sEHdJaOS,Institution(s): HM Government,Country: United Kingdom of Great Britain and Northern Ireland,"The United Kingdom's Climate Change Act of 2008 sets a legally binding target to reduce carbon dioxide emissions in the country by at least 80 percent by 2050, from 1990 levels, and requires the Government to set legally binding emissions targets, called carbon budgets, every five years."
2010,Guidance Regarding Disclosures Related to Climate Change in the United States,https://www.greenfinanceplatform.org/policies-and-regulations/guidance-regarding-disclosures-related-climate-change-united-states,https://www.greenfinanceplatform.org/sites/default/files/styles/flag_96_56_/public/country/flags/us.png?itok=B_Tf7hVP,Institution(s): US Securities and Exchange Commission,Country: United States of America,The United States Securities and Exchange Commission (SEC) has published an interpretive release to provide guidance to public companies regarding the SEC's existing disclosure requirements as they apply to climate change matters.
2009,"Resolution 3.813/2009 Supports the Expansion of Sugarcane in Agro-Ecological Zoning, While Prohibiting the Financing of its Expansion in Certain Areas",https://www.greenfinanceplatform.org/policies-and-regulations/resolution-38132009-supports-expansion-sugarcane-agro-ecological-zoning,https://www.greenfinanceplatform.org/sites/default/files/styles/flag_96_56_/public/country/flags/brazil_0.png?itok=aFUtStI-,Institution(s): Brazilian Monetary Council (CMN),Country: Brazil,"Resolution 3.813/2009 links agro-industrial credit to the Agro-Ecological Zoning for expansion and industrialization of sugarcane. It prohibits financing for crop expansion in the Amazon and Pantanal biomes, as well as in the Upper Paraguay River Basin, among other areas."
2011,Provincial Law on Social and Environmental Reporting by Firms (Decreto Nº 517/11),https://www.greenfinanceplatform.org/policies-and-regulations/provincial-law-social-and-environmental-reporting-firms-decreto-n%C2%BA-51711,https://www.greenfinanceplatform.org/sites/default/files/styles/flag_96_56_/public/country/flags/argentina_1.png?itok=ZXU_FF68,Institution(s): Provincial Government of Salta,Country: Argentina,"The Province of Salta in Argentina adopted legislation on a framework for social and environmental reporting by firms, which provides incentives for voluntary participation."
2007,National Policy of Combating Climate Change,https://www.greenfinanceplatform.org/policies-and-regulations/national-policy-combating-climate-change,https://www.greenfinanceplatform.org/sites/default/files/styles/flag_96_56_/public/country/flags/samoa_0.png?itok=5KgJKVbX,Institution(s): Ministry of Natural Resources & Environment,Country: Samoa,Samoa’s National Policy on Combating Climate Change provides a framework to mitigate and adapt to the effects of climate change.
2008,Saudi Arabia's Risk Management Regulation Includes Provisions on Disaster Risk Management for Insurance Companies,https://www.greenfinanceplatform.org/policies-and-regulations/saudi-arabias-risk-management-regulation-includes-provisions-disaster-risk,https://www.greenfinanceplatform.org/sites/default/files/styles/flag_96_56_/public/country/flags/saudi-arabia.png?itok=YQV9L0pl,Institution(s): Saudi Arabian Monetary Agency - Insurance Supervision Department,Country: Saudi Arabia,Saudi Arabia's Risk Management Regulation stipulates that Insurance companies are required to set up disaster risk management strategies and disaster coverage within reinsurance arrangements in order to obtain licenses.
2010,French Regulations on Corporate Environmental and Social Reporting,https://www.greenfinanceplatform.org/policies-and-regulations/french-regulations-corporate-environmental-and-social-reporting,https://www.greenfinanceplatform.org/sites/default/files/styles/flag_96_56_/public/country/flags/france_0.png?itok=2p1RJfXu,Institution(s): Government of France,Country: France,"In 2012, France adopted a Decree (No. 2012-557) on the Transparency Obligations of Companies in Social and Environmental Matters, which further details requirements for companies with regards to reporting on environmental and social information."
2011,Bangladesh's Policy Guidelines on Green Banking,https://www.greenfinanceplatform.org/policies-and-regulations/bangladeshs-policy-guidelines-green-banking,https://www.greenfinanceplatform.org/sites/default/files/styles/flag_96_56_/public/country/flags/bangladesh_0.png?itok=dpKe9nmo,Institution(s): Bangladesh Bank (BB),Country: Bangladesh,The central bank of Bangladesh has issued policy guidelines for green banking that aim to prevent environmental degradation and ensure sustainable banking practices.
2009,Revised Guidance on the Scope of the Trustee Knowledge and Understanding (TKU) Requirements,https://www.greenfinanceplatform.org/policies-and-regulations/revised-guidance-scope-trustee-knowledge-and-understanding-tku-requirements,https://www.greenfinanceplatform.org/sites/default/files/styles/flag_96_56_/public/country/flags/uk.png?itok=sEHdJaOS,Institution(s): UK Pensions Regulator,Country: United Kingdom of Great Britain and Northern Ireland,"The Pensions Regulator (TPR) of the United Kingdom issued revised guidance in 2009 on the scope of trustee knowledge and understanding (TKU) requirements, including the extent to which social, environmental, and ethical considerations are taken into account when making investment decisions."
2006,Greek Law (3487/2006) Requires Environmental and Social Reporting by Certain Companies and Financial Institutions,https://www.greenfinanceplatform.org/policies-and-regulations/greek-law-34872006-requires-environmental-and-social-reporting-certain,https://www.greenfinanceplatform.org/sites/default/files/styles/flag_96_56_/public/country/flags/greece_0.png?itok=IWdrGMi1,Institution(s): Government of Greece,Country: Greece,"In 2006, Greece adopted Law 3487/2006, which transposes the European Union Directive 2003/51/EC into national legislation and states that an analysis of environmental and social aspects necessary for “an understanding of the company’s development, performance, or position” should be included in the directors’ reports."
2008,Protocolo de Intenções pela Responsabilidade Socioambiental,https://www.greenfinanceplatform.org/policies-and-regulations/protocolo-de-inten%C3%A7%C3%B5es-pela-responsabilidade-socioambiental,https://www.greenfinanceplatform.org/sites/default/files/styles/flag_96_56_/public/country/flags/brazil_0.png?itok=aFUtStI-,Institution(s): Ministry of Environment and the Brazilian Banks Federation (FEBRABAN),Country: Brazil,Protocol signatories have been committed to financing development with sustainability by means of lines of credit and programs that foster the population’s standards of living and environmental protection.
2010,Italy's Regulation (N. 35/2010) Includes Provisions on Ethical and Socially Responsible Finance,https://www.greenfinanceplatform.org/policies-and-regulations/italys-regulation-n-352010-includes-provisions-ethical-and-socially,https://www.greenfinanceplatform.org/sites/default/files/styles/flag_96_56_/public/country/flags/italy_0.png?itok=gR91h8gn,Institution(s): Istituto per la Vigilanza sulle Assicurazioni,Country: Italy,"Italy's Institute for the Supervision of Insurance (Italian Istituto per la vigilanza sulle assicurazioni, or IVASS) requires disclosures for all insurance products labeled as ""ethical"" or ""socially responsible"" under Regulation N. 35 of 26 May 2010."
2011,"Guidelines on Disclosing How Investments Take Into Account Labour Standards or Environmental, Social, or Ethical Considerations (Regulatory Guide 65)",https://www.greenfinanceplatform.org/policies-and-regulations/guidelines-disclosing-how-investments-take-account-labour-standards-or,https://www.greenfinanceplatform.org/sites/default/files/styles/flag_96_56_/public/country/flags/australia_0.png?itok=MUgeIm54,Institution(s): Australia Securities and Investments Commission,Country: Australia,"The Australian Securities and Investments Commission's (ASIC’s) Regulatory Guide 65 sets out guidelines on how product issuers can meet their obligations under the Corporations Act of 2001 (s1013DA) to disclose in Product Disclosure Statements (PDSs) how labour standards or environmental, social, or ethical considerations are taken into account in selecting, retaining, or realising an investment."
2009,National Association of Insurance Commissioners (NAIC) Climate Risk Disclosure Survey,https://www.greenfinanceplatform.org/policies-and-regulations/national-association-insurance-commissioners-naic-climate-risk-disclosure,https://www.greenfinanceplatform.org/sites/default/files/styles/flag_96_56_/public/country/flags/us.png?itok=B_Tf7hVP,Institution(s): National Association of Insurance Commissioners (NAIC),Country: United States of America,"The Insurer Climate Risk Disclosure Survey, adopted by the NAIC in 2010, was designed to be an insurer reporting mechanism that would provide regulators with a window into how insurers assess and manage risks related to climate change."
2008,Corporate Social Responsibility (CSR) Law No. 2594 of Buenos Aires City,https://www.greenfinanceplatform.org/policies-and-regulations/corporate-social-responsibility-csr-law-no-2594-buenos-aires-city,https://www.greenfinanceplatform.org/sites/default/files/styles/flag_96_56_/public/country/flags/argentina_1.png?itok=ZXU_FF68,Institution(s): Buenos Aires City Council,Country: Argentina,"The Corporate Social Responsibility (CSR) Law 2594 in Buenos Aires, Argentina, requires all local and international companies in the city with more than 300 employees to generate annual sustainability reports."
2006,Indonesia's Rule on the Obligation to Submit an Annual Report for Issuers or Public Companies (Rule X.K.6) Requires Reporting on Social Responsibility,https://www.greenfinanceplatform.org/policies-and-regulations/indonesias-rule-obligation-submit-annual-report-issuers-or-public-companies,https://www.greenfinanceplatform.org/sites/default/files/styles/flag_96_56_/public/country/flags/indonesia_0.png?itok=L38_jaSc,Institution(s): Bapepam-LK,Country: Indonesia,Indonesia's Rule on the Obligation to Submit an Annual Report for Issuers or Public Companies (Rule X.K.6) requires listed companies to submit annual reports that contain a description of social responsibility activities and expenditures.
2004,The Canadian Environmental Protection Act Requires Large Emitters to Report Greenhouse Gas Emissions,https://www.greenfinanceplatform.org/policies-and-regulations/canadian-environmental-protection-act-requires-large-emitters-report,https://www.greenfinanceplatform.org/sites/default/files/styles/flag_96_56_/public/country/flags/canada_0.png?itok=kkIfg6qU,"Institution(s): Government of Canada, Environment and Climate Change Canada",Country: Canada,The Canadian Environmental Protection Act of 1999 requires companies to provide information on specific pollutant emissions for inclusion in the National Pollutant Release Inventory.
2006,Japan's Mandatory Greenhouse Gas Accounting and Reporting System,https://www.greenfinanceplatform.org/policies-and-regulations/japans-mandatory-greenhouse-gas-accounting-and-reporting-system,https://www.greenfinanceplatform.org/sites/default/files/styles/flag_96_56_/public/country/flags/japan_0.png?itok=m9IqJMel,Institution(s): Government of Japan,Country: Japan,Japan's Mandatory Greenhouse Gas Accounting and Reporting System requires specified entities that emit greenhouse gas (GHG) emissions above a defined threshold to calculate their GHG emissions and report the results to the Government.
2004,Japan's Environmentally Rated Loan Program,https://www.greenfinanceplatform.org/policies-and-regulations/japans-environmentally-rated-loan-program,https://www.greenfinanceplatform.org/sites/default/files/styles/flag_96_56_/public/country/flags/japan_0.png?itok=m9IqJMel,Institution(s): Development Bank of Japan,Country: Japan,The Development Bank of Japan (DBJ) initiated its Environmentally Rated Loan Program in 2004 in order to support the environmental efforts of companies.
2006,Brazil's National Electrical Energy Agency's (ANEEL) Requirements for Annual Sustainability Reporting (Despacho 3034/2006),https://www.greenfinanceplatform.org/policies-and-regulations/brazils-national-electrical-energy-agencys-aneel-requirements-annual,https://www.greenfinanceplatform.org/sites/default/files/styles/flag_96_56_/public/country/flags/brazil_0.png?itok=aFUtStI-,Institution(s): Brazilian Securities and Exchange Commission (CVM),Country: Brazil,The ANEEL (Brazil's National Electrical Energy Agency) Requirements for Annual Sustainability Reporting (Despacho 3034/2006) requires all energy and utility companies to disclose all social and environmental information and to produce an annual sustainability report.
2004,"Belgium's Law on Collective Investment Portfolio Management Requires Disclosure of Social, Environmental, and Ethical Considerations",https://www.greenfinanceplatform.org/policies-and-regulations/belgiums-law-collective-investment-portfolio-management-requires-disclosure,https://www.greenfinanceplatform.org/sites/default/files/styles/flag_96_56_/public/country/flags/belgium_0.png?itok=kcQf5DHg,Institution(s): Financial Services and Markets Authority,Country: Belgium,"Under Belgium's Law on Collective Investment Portfolio Management, Article 72 requires Collective Investment Schemes to disclose in their annual reports the degree to which social, environmental, and ethical criteria are considered in their investment strategies."
2006,Environmental Investment Fund of Namibia Act 13 of 2001,https://www.greenfinanceplatform.org/policies-and-regulations/environmental-investment-fund-namibia-act-13-2001,https://www.greenfinanceplatform.org/sites/default/files/styles/flag_96_56_/public/country/flags/namibia_0.png?itok=N0AqHNm8,Institution(s): Parliament of the Republic of Namibia,Country: Namibia,"In December 2001, the Republic of Namibia released the Act on Environmental Investment Fund, amended by State-owned Enterprises Governance Act 2 of 2006."
2003,Turkey's Corporate Governance Principles,https://www.greenfinanceplatform.org/policies-and-regulations/turkeys-corporate-governance-principles,https://www.greenfinanceplatform.org/sites/default/files/styles/flag_96_56_/public/country/flags/turkey_0.png?itok=J94-jd2Q,Institution(s): Capital Markets Board of Turkey,Country: Türkiye,"Turkey's issuance of its Corporate Governance Principles states that listed companies need to provide information in their annual reports on social rights, health and safety, corporate social responsibility, social and environmental performance, and in-house training initiatives."
2005,The United States' Energy Policy Act of 2005,https://www.greenfinanceplatform.org/policies-and-regulations/united-states-energy-policy-act-2005,https://www.greenfinanceplatform.org/sites/default/files/styles/flag_96_56_/public/country/flags/us.png?itok=B_Tf7hVP,Institution(s): US Congress,Country: United States of America,The United States' Energy Policy Act of 2005 sets out tax incentives and loan guarantees for various types of energy production.
2003,"Belgium's Law on Supplementary Pensions Requires Disclosure of Social, Environmental, and Ethical Criteria",https://www.greenfinanceplatform.org/policies-and-regulations/belgiums-law-supplementary-pensions-requires-disclosure-social,https://www.greenfinanceplatform.org/sites/default/files/styles/flag_96_56_/public/country/flags/belgium_0.png?itok=kcQf5DHg,Institution(s): Belgian government,Country: Belgium,"Article 42 of Belgium's Law on Supplementary Pensions (Vandenbroucke Law) requires Supplementary Pension schemes to disclose in their annual reports the degree to which social, environmental, and ethical criteria are considered in investment strategy."
2005,The United States' Property-Assessed Clean Energy (PACE) Programs Offer Financing for Renewable Energy and Energy Efficiency in Multiple States,https://www.greenfinanceplatform.org/policies-and-regulations/united-states-property-assessed-clean-energy-pace-programs-offer-financing,https://www.greenfinanceplatform.org/sites/default/files/styles/flag_96_56_/public/country/flags/us.png?itok=B_Tf7hVP,Institution(s): US Administration,Country: United States of America,"The United State's Property-Assessed Clean Energy (PACE) programs offer long-term private financing for renewable energy, energy efficiency and resiliency upgrades to homes and businesses."
2002,Spain's Resolution of 25 March 2002 Requires Companies to Include Environment Impact Information in their Annual Accounts,https://www.greenfinanceplatform.org/policies-and-regulations/spains-resolution-25-march-2002-requires-companies-include-environment,https://www.greenfinanceplatform.org/sites/default/files/styles/flag_96_56_/public/country/flags/spain_0.png?itok=B3Fylj_H,Institution(s): Government of Spain,Country: Spain,"Spain's Resolution of 25 March 2002 makes it mandatory for companies to include “all significant information in relation to the prevention, reduction, and repair of the environmental impact derived from their activity” in their annual accounts."
2005,Kazakhstan's Code on Corporate Governance,https://www.greenfinanceplatform.org/policies-and-regulations/kazakhstans-code-corporate-governance,https://www.greenfinanceplatform.org/sites/default/files/styles/flag_96_56_/public/country/flags/kazakhstan_0.png?itok=3DPPYuXE,Institution(s): Financial Institutions Association of Kazakhstan,Country: Kazakhstan,"Kazakhstan's Code of Corporate Governance has seven principles to ensure fairness, honesty, responsibility, transparency, accountability, and professionalism for effective corporate governance practices."
2001,"France's Act on Employee Savings (Loi Fabius, Act 2001-152) Requires Investors to Disclose Environmental and Social Considerations",https://www.greenfinanceplatform.org/policies-and-regulations/frances-act-employee-savings-loi-fabius-act-2001-152-requires-investors,https://www.greenfinanceplatform.org/sites/default/files/styles/flag_96_56_/public/country/flags/france_0.png?itok=2p1RJfXu,Institution(s): Government of France,Country: France,"France's Act on Employee Savings ('Loi Fabius', Act 2001-152) requires investors to disclose in their annual reports to what extent they take environmental and social indicators into account when buying or selling stocks and securities and when exercising their shareholder rights."
2005,Indonesia's Regulation on Asset Quality Rating for Commercial Banks (No. 7/2/PBI/2005) Requires the Inclusion of Environmental Measures in Assessments of Business Prospects,https://www.greenfinanceplatform.org/policies-and-regulations/indonesias-regulation-asset-quality-rating-commercial-banks-no-72pbi2005,https://www.greenfinanceplatform.org/sites/default/files/styles/flag_96_56_/public/country/flags/indonesia_0.png?itok=L38_jaSc,Institution(s): Bank Indonesia,Country: Indonesia,"Indonesia's Regulation on Asset Quality Rating for Commercial Banks stipulates that, in classifying credit quality, banks are required to assess business prospects, including the environmental conservation measures pursued by the debtor."
2001,France's New Economic Regulations Act Requires Publicly Traded Companies to Disclose Environmental Information,https://www.greenfinanceplatform.org/policies-and-regulations/frances-new-economic-regulations-act-requires-publicly-traded-companies,https://www.greenfinanceplatform.org/sites/default/files/styles/flag_96_56_/public/country/flags/france_0.png?itok=2p1RJfXu,Institution(s): Government of France,Country: France,"France's New Economic Regulations Act (Nouvelles Regulations Economiques, or NRE Act) requires all publicly traded companies to disclose information in their annual reports on measures taken to account for the environmental impacts of their activities."
2005,"Italy's Legislative Decree (252/2005) on the Regulation of Supplementary Pension Schemes Requires Reporting on Social, Ethical, and Environmental Issues",https://www.greenfinanceplatform.org/policies-and-regulations/italys-legislative-decree-2522005-regulation-supplementary-pension-schemes,https://www.greenfinanceplatform.org/sites/default/files/styles/flag_96_56_/public/country/flags/italy_0.png?itok=gR91h8gn,Institution(s): Italian Parliament,Country: Italy,"Italy's Legislative Decree (252/2005) on the Regulation of Supplementary Pension Schemes requires pension funds to include in their annual reports and their communications to investors whether and to what extent social, ethical, and environmental issues are taken into consideration (Article 6, Section 14)."
2001,"Sweden's Pension Insurance Fund Act, as Amended – The 7th Pension Fund (AP7) Must Consider Environmental & Ethical Issues",https://www.greenfinanceplatform.org/policies-and-regulations/swedens-pension-insurance-fund-act-amended-%E2%80%93-7th-pension-fund-ap7-must,https://www.greenfinanceplatform.org/sites/default/files/styles/flag_96_56_/public/country/flags/sweden_0.png?itok=TjU2UwgD,Institution(s): Government of Sweden,Country: Sweden,"Sweden’s seventh pension fund (AP7) must take environmental and ethical considerations into account, while not relinquishing the overall goal of a high return on capital."
2005,Pension Fund Disclosure Requirements to Include ESG Factors (Pensionskassengesetz – PKG 2005),https://www.greenfinanceplatform.org/policies-and-regulations/pension-fund-disclosure-requirements-include-esg-factors,https://www.greenfinanceplatform.org/sites/default/files/styles/flag_96_56_/public/country/flags/austria_0.png?itok=xoo15rMf,Institution(s): Austrian Financial Market Authority,Country: Austria,"Austria's Pension Fund Act (Pensionskassengesetz, PKG) introduced disclosure requirements for pension funds that implement an environmental, social, and governance (ESG) approach in their investments to disclose how these factors are integrated. It does not apply to pension funds that do not consider ESG."
2001,Australia's Corporations Act of 2001 Requires Disclosure of Environmental Considerations Taken Into Account in Investment Decision-Making,https://www.greenfinanceplatform.org/policies-and-regulations/australias-corporations-act-2001-requires-disclosure-environmental,https://www.greenfinanceplatform.org/sites/default/files/styles/flag_96_56_/public/country/flags/australia_0.png?itok=MUgeIm54,Institution(s): Commonwealth of Australia,Country: Australia,Australia's Corporations Act of 2001 requires providers of financial products with an investment component to disclose the extent to which environmental considerations are taken into account in their investment decision-making.
2005,Zimbabwe’s Environmental Management Act (Chapter 20:27),https://www.greenfinanceplatform.org/policies-and-regulations/zimbabwes-environmental-management-act-chapter-2027,https://www.greenfinanceplatform.org/sites/default/files/styles/flag_96_56_/public/country/flags/zimbabwe_0.png?itok=ggqevOKG,Institution(s): Parliament of Zimbabwe,Country: Zimbabwe,"In 2002, the Parliament of Zimbabwe enacted Environmental Management Act [Chapter 20:27] as amended to Act 6/2005. Under Part VIII of the Act, it presents establishment of the Environment Fund administrated by the Minister of Environment and Tourism."
