Market,StockExchange,StockExchangeLink,Year,ESGGuidance,GRI,SASB,TCFD,IIRC,CDSB,CDP,Name,Country,Number of listed companies,Domestic market capitalization,SSE Partner Exchange,Has annual sustainability report,ESG reporting required as a listing rule,Has written guidance on ESG reporting,Offers ESG related training,Market covered by sustainability-related index,Has sustainability bond listing segment,Has SME listing platform,Women on boards mandatory minimum rule,Additional information,Organizational model of stock exchange,Regulatory bodies,Regulatory model,About the stock exchange,PdfPath_1,PdfPath_2,PdfPath_3,PdfPath_4,PdfPath_5,PdfPath_6,PdfPath_7,PdfPath_8
Australia,Australian Securities Exchange,https://sseinitiative.org/stock-exchange/asx/,2015,ESG Reporting Guide for Australian Companies,⬤,⬤,,⬤,,⬤,Australian Securities Exchange (ASX),Australia,2147,"2,537,664 million US$",Yes,"Yes



The sustainability report is included in the annual report since 2020

2020 Annual report
2021 Annual report","No


However recommendation 7.4 of the ASX Corporate Governance Council’s Principles and Recommendations states that “a listed entity should disclose whether it has any material exposure to economic, environmental and social sustainability risks and, if it does, how it manages or intends to manage those risks”.
Listing Rule 4.10.3 requires all listed entities to publish annually a corporate governance statement that discloses the extent to which the entity has followed the recommendations set by the ASX Corporate Governance Council during the reporting period. Listed entities that do not follow a particular recommendation, are required to disclose that fact and provide the reasons why (“if not, why not” reporting).","Yes


The commentary to Recommendation 7.4 of the ASX Corporate Governance Council’s Principles and Recommendations refers companies to existing guidance such as:
2015 ESG Report Guide for Australian Companies issued by the Financial Services Council and the Australian Council of Superannuation Investors
UN Global Compact ten principles
OECD’s Guidelines for Multinational Enterprises
ASX also refers companies to the various publications of the:
Global Reporting Initiative,
Climate Disclosure Standards Board
International Integrated Reporting Council.","Yes



In 2022, ASX provided training on Climate-related Financial Disclosures (TCFD recommendations) in collaboration with the SSE, CDP and IFC. (source)",No,No,"Yes


NSX, since 2005",No,"ASX lists a range of responsible investing and ethically managed ETFs and managed funds.
ASX publishes an environment, social and governance section in its Annual Report 2016 (pages 14 to 16).
ASX also has a corporate social responsibility section on its website.","Listed, shareholder-owned for-profit public company; demutualized and self-listed in 1998.
Vertically integrated exchange offering trading in both equity and derivatives markets as well as the clearing and settlement for these markets.","Australian Securities and Investments Commission (ASIC)
Reserve Bank of Australia (RBA)","ASIC supervises the real-time trading across all domestically licensed equities and futures markets. It is also responsible for the supervision of operators of financial markets and clearing and settlement facility (CS facilities) providers like ASX. ASIC also supervises ASX’s compliance as a listed public company on its own market.
RBA has formal responsibility for ensuring that CS facilities conduct their affairs in a way that is consistent with financial system stability.
ASX Compliance, a wholly owned subsidiary of ASX Limited, is responsible for monitoring and enforcing compliance by listed entities with the ASX Listing Rules.
The ASX Corporate Governance Council publishes principles and recommendations that set the standards of corporate governance for Australia’s listed entities.","Location: Sydney, Australia

The ASX Group’s origins as a national exchange go back to 1987. The Australian Stock Exchange Limited was formed in 1987 after the Australian Parliament drafted legislation that enabled the amalgamation of six independent state-based stock exchanges. Each of those exchanges brought with it a history of share trading dating back to the 19th century. In 2006 The Australian Stock Exchange merged with the Sydney Futures Exchange and originally operated under the name Australian Securities Exchange. Later, however, ASX launched a new group structure to better position it in the contemporary financial market environment. From 1 August 2010, the Australian Securities Exchange has been known as the ASX Group. Source
ASX is a multi-asset class, vertically integrated exchange group whose activities span equity, derivative and OTC markets. It offers primary and secondary market services, including the raising, allocation and hedging of capital flows, trading, central counterparty risk transfer, and securities settlement. See ASX for more details.
Ownership: Shareholders of more than 10% shares includes HSBC Custody Nominees (Australia), BNP Paribas Nominees Pty Ltd. and JP Morgan Nominees Australia Ltd.",,,,,,,,
Bahrain,Bahrain Bourse,https://sseinitiative.org/stock-exchange/bhb/,2020,ESG Reporting Guide,⬤,⬤,⬤,⬤,⬤,⬤,Bahrain Bourse (BHB),Bahrain,43,"30,200 million US$",Yes,"Yes


Bahrain Bourse Sustainability Report 2020
Bahrain Bourse Sustainability Report 2019",No,"Yes



In June 2020, Bahrain Bourse launched its voluntary environmental, social and governance (ESG) reporting guideline for listed companies and other stakeholders. The Guidance was updated in December 2022.

ESG Reporting Guide","Yes



The Bahrain Bourse provides ESG related training on an ad-hoc basis/based on requirements:

Workshop on Sustainability and IR Digital Solutions 
In 2022, the Bahrain Bourse provided training on Climate-related Financial Disclosures (TCFD recommendations) in collaboration with the SSE, CDP and IFC. (source)",No,No,"Yes


Bahrain Investment Market","No



Current High Level Control module requires listed companies to disclose on female representations on Board. The rule also ‘encourages’ female representation, but not mandatory at this stage.","https://bahrainbourse.com/sustainability 

More information is available under the “Sustainability’ tab in the Header of the Main page.",Bahrain Bourse (BHB) was established as a shareholding company according to Law No. 60 for the year 2010 to replace Bahrain Stock Exchange (BSE) that was established in 1987.,Central Bank of Bahrain,Self Regulated Organization (SRO),"Bahrain Bourse Company B S C C is a self-regulated multi-asset marketplace. Bahrain Bourse aims to offer to its investors, issuers, and intermediaries a comprehensive suite of exchange-related facilities including offering listing, trading, settlement, and depositary services for various financial instruments.",,,,,,,,
Bangladesh,Dhaka Stock Exchange,https://sseinitiative.org/stock-exchange/dse_bangladesh/,2019,Guidance on Sustainability Reporting,⬤,,,,,,Dhaka Stock Exchange,Bangladesh,348,"57,006.73 million US$",Yes,"No


The annual report does include a corporate governance section.","No


Compliance with Corporate Governance guidelines is a requirement for listing.","Yes


Guidance on Sustainability Reporting for Listed Companies in Bangladesh
The Guidance was developed using the GRI Standard","Yes


20 May 2018 and 26 July 2018: Workshop on Corporate Transparency & Sustainability Reporting for listed companies.
26 July 2018: Workshop on Corporate Transparency & Sustainability Reporting- Policies & Practice for listed companies and capital market regulators.",No,No,No,No,,"Public Limited Company, demutualized in 2013.",Bangladesh Securities and Exchange Commission (BSEC),"The Dhaka Stock Exchange (DSE) is registered as a Public Limited Company and its activities are regulated by its Articles of Association, rules & regulations and by-laws along with the rules, order and notifications of the Bangladesh Securities and Exchange Commission (BSEC).  (Source).","Originally incorporated in 1954. Headquarters in Dhaka, Bangladesh. More on company here.
Public Company Limited by Share. Not listed company (Presently 266 shareholders).",,,,,,,,
Belgium,Euronext Brussels,https://sseinitiative.org/stock-exchange/euronext-brussels/,2022*,ESG Reporting Guide - Target 1.5°C,⬤,⬤,⬤,⬤,⬤,⬤,Euronext Brussels,Belgium,206,"363,957.57 million US$",Yes,"Yes


There is a chapter in the annual report dedicated to sustainability activities, find all reports here.","Yes


The European directive on non-financial information reporting (NFRD) has been implemented into the Belgian legal environment.","Yes


ESG Reporting Guide – Target 1.5°C","Yes


Through the Euronext Academy, see more details here.","Yes


See the list of ESG indices on the Euronext website here.","Yes


Euronext ESG Bonds is a community of ESG bond issuers where green, sustainability, social, blue and sustainability-linked bonds listed on all Euronext locations are consolidated onto one highly visible area. Details of the securities here.
As of January 2021, Euronext is home to 420 ESG bonds from 150 issuers across the globe including sovereigns, development banks, municipals, government-backed entities, financial institutions, corporates, pure play issuers.","Yes


Euronext Growth, Euronext Access, Euronext Access+. More information here.",No,"Euronext supports climate friendly innovations by financing Cleantech SME’s benefitting from major Euronext initiatives:

TechShare: 27 Cleantech have followed the program on how to leverage capital markets
Tech40 Index: 10% of this increasingly important index is made up of Cleantech SME’s
Morningstar: the program fully covers the scope of Cleantech SME issuers (55)",Listed company for profit; demutualized in 2000,"Belgian National Bank (BNB)
Belgian Financial Services and Markets Authority (FSMA)
Belgian Ministry of Finance
European Union (ESMA)","Government (Statutory) Model

The Markets in Financial Instruments Directive (MiFID) classifies Euronext’s European cash markets as a regulated market. As such, the real-time monitoring performed by Euronext’s cash market operations and technical support is formally enforced, and trading rules and procedures are approved by five regulators. This regulatory and organizational system gives Euronext the power to efficiently manage crisis situations and extraordinary circumstances. Some of the markets organized by Euronext are exchange regulated, which means they are subject to a body of rules laid down by the market operator, Euronext. They are not regulated markets as defined by The Markets in Financial Instruments Directive (MiFID). These structured, exchange regulated markets offer simplified access to financial markets and streamlined listing requirements for companies from every sector of the economy, while ensuring compliance with rules on investor disclosure and the control of financial information. (Source)","Location of the listed holding: Brussels, Belgium

Euronext Brussels is governed by the Belgian Law of 21 November 2017 on the market infrastructures for financial instruments and transposing Directive 2014/65/EU. Accordingly to the Law, Euronext Brussels is responsible for matters such as the organisation of the markets and the admission, suspension and exclusion of members and has been appointed by law as the “competent authority” for listing matters within the meaning of EU Directive 2001/34/EC dated 28 May 2001. Euronext Brussels is subject to the supervision of the Financial Services and Markets Authority (FSMA), an independent public authority which strives to ensure the honest and equitable treatment of financial consumers and the integrity of the financial markets. Euronext is the leading pan-European exchange in the Eurozone, spanning Belgium, France, Ireland, Norway, the Netherlands, Portugal, the UK and Ireland. Created in 2000, it unites markets which date back to the start of the 17th century. It is the primary exchange in the Euro zone with nearly 1,500 listed issuers worth more than €4.5 trillion in market capitalization as of end May 2019, an unmatched blue chip franchise consisting of 20+ issuers in the Morningstar® Eurozone 50 Index℠ and a strong diverse domestic and international client base

100% ownership by Euronext NV",,,,,,,,
Botswana,Botswana Stock Exchange,https://sseinitiative.org/stock-exchange/bse/,2018,Guidance for Listed Companies on Reporting ESG Information to Investors,⬤,⬤,,⬤,,,Botswana Stock Exchange,Botswana,30,"3,114.50 million US$",Yes,No,No,"Yes


Guidance for listed companies on reporting ESG information to investors","Yes


In 2022, BSE in partnership with CoSSE (Committee of SADC Stock Exchanges) held a virtual workshop on Green Finance
24 June 2019 BSE hosted a responsible investing and ESG workshop.",No,No,"Yes


Tshipidi SME Board, since 2017",No,,"BSE is a statutory body created by an Act of Parliament of 1994. It is governed by the BSE Act pending the commencement of the Securities Act which will replace the BSE Act. Pursuant to the commencement of the BSE Transition Act in December 2015, the BSE has commenced the process of demutualization.","Non-Bank Financial Institutions Regulatory Authority (NBFIRA).
Bank of Botswana.
Companies & Intellectual Property Authority (CIPA).","BSE is regulated by NBFIRA. Although the BSE promulgates the Listing Requirements and the Members Rules, NBFIRA gives approval of the Rules and Regulations.","Location: Gaborone, Botswana

The Botswana Stock Exchange is Botswana’s national stock exchange. It has the responsibility of operating and regulating the equities and fixed interest securities market. Formally established in 1989, the BSE continues to be pivotal to Botswana’s financial system, and in particular the capital market, as an avenue on which the government, quasi- government and the private sector can raise debt and equity capital. The BSE plays host to the most preeminent companies doing business in Botswana. These companies represent a spectrum of industries and commerce, from Banking and financial services to Wholesaling and Retailing, Tourism and Information Technology.
To date, the BSE is one of Africa’s best performing stock exchanges, averaging a 24% aggregate return in the past decade. This has allowed the BSE to be the third largest stock exchange in terms of market capitalization in Southern Africa.",,,,,,,,
Brazil,B3,https://sseinitiative.org/stock-exchange/b3/,2016*,"Novo Valor Corporate Sustainability: How to begin, who to involve, and what to prioritize",⬤,,,⬤,,⬤,B3,Brazil,463,"935,583 million US$",Yes,Yes,"No


There are no listing rules related to ESG reporting at B3. However, there’s a specific item incorporated in the Reference Form by the Regulator, CVM (Securities and Exchange Comission of Brazil) – Item 7.8 “Social and Environmental Policies and Transparency” of CVM Instruction 480.
B3 encourages transparency and recommends that listed companies report their ESG practices and explain if they have published Annual Report that integrates sustainability indicators through item 7.8 of the Reference Form.","Yes


Sustainability Guidance for Companies (second edition 2016; first edition 2011).
Sustainability Guidance and Business Opportunities in the Intermediation Industry","Yes


B3 offers ESG training, workshops, events, and opportunities to exchange of experiences among listed companies and investors to foster this agenda in the Brazilian Capital Market. The initiative is lead by the Client’s Relationship Department in partnership with the Sustainability Area.
Integration of ESG issues to education through the B3 Education, a platform in which the Company acts as curator of knowledge already developed by the market, organizing content produced by partners, clients and academy, together with authored content, in the form of knowledge trails. Launched in 2020, it had 71 courses at the end of the year of 2021, more than 400 contents and 178,000 registered users, in addition to 1,7 million of registered accesses.

In 2022, B3 provided training on Climate-related Financial Disclosures (TCFD recommendations) in collaboration with the SSE, CDP and IFC. (source)","Yes


Corporate Sustainability Index (ISE B3)
Carbon Efficient Index (ICO2 B3)
Family of Corporate Governance Indices
S&P/B3 Brazil ESG Index
GPTW/B3 Index (IGPTW B3)
Inclusion and Diversity Index (I&D Index) – To be launched until 2024
Besides the indices, there’s a couple of sustainability-related Exchange Traded Funds (ETFs) listed at B3, such as ETF ISE B3 (ISUS11), ETF ICO2 B3 (ECOO11), ETF IGCT B3 (GOVE11) and ETF S&P/B3 Brazil ESG (ESGB11)","Yes


Green, Social and Sustainability Bonds (ESG Thematic Bonds)","Yes


BOVESPA MAIS, since 2005",No,"B3´s ambition is to connect sustainability with the business, leveraging the company´s strategic objectives, and promoting a resilient business environment aligned with the best ESG practices. For B3, sustainability is an essential market practice, which generates long-term value for its stakeholders. As an organization that is at the center of the financial and capital markets, B3 has the role of inducing the best ESG (Environmental, Social and Governance) practices among its stakeholders, offering products and services that support the clients in the transition to a resilient, low-carbon economy and, at the same time, conduct its own activities through responsible internal management. To reinforce this commitment, B3´s Sustainability Strategy, approved by Executive Board, is based on 3 pillars:

To be a company aligned with the sustainability best practices
Induce ESG best practices in the Brazilian market
Strengthen the product portfolio and develop new ESG market fronts

Considering the importance of the ESG agenda, B3 has the Social and Environmental Responsibility Policy, approved by the Board of Directors, which is  aligned with the company’s strategic principles and aims to formalize and guide actions on the subject. Regarding governance structure, the company has a Sustainability Committee, responsible for strategic guidance on B3’s sustainability issues and approval of the planning and macro initiatives related to sustainability. It is composed by the CEO, Chief Financial, Corporate and Investors Relations Officer, Chief Client and Products Officer, Managing Director of People, Marketing, Communication and Sustainability and two members from the Board of Directors. Believing in the value of partnership, B3 acts as an associate, member and/or signatory of several institutions and commitments with an ESG focus. Thus, the company seeks to monitor trends and possible regulations that may impact operations and stakeholders, and subsidies for the creation of new products and services. B3 was the first stock exchange in the world to become a signatory to the UN Global Compact, in 2005, and the first stock exchange in an emerging country to commit to the Principles for Responsible Investment (PRI), in 2010. In 2012, the company became a signatory founder of the Sustainable Stock Exchanges initiative (SSE) within the UN and, since 2014, is a member of the Sustainability Working Group of the World Federation of Exchanges (WFE). In the climate agenda, B3 is a member of the Advisory Board of the CDP Latin America. B3 also seeks to engage companies in sustainability issues and, at the same time, prepare them for this new business context, in which ESG factors are as important as economic-financial ones. As an example of the promotion of this agenda, B3 has the Corporate Sustainability Index (ISE B3), which, since 2005, aims to create an investment environment compatible with the demands for sustainable development of contemporary society and encourage ethical responsibility of corporations, among other initiatives. B3´s activities have a low environmental impact due to their nature. However, considering the company´s commitment to be aligned with the best sustainability practices and encourage other companies to do the same, B3 monitors its environmental impacts and implement management, mitigation and transparency initiatives, among which it can be highlighted the preparation of the greenhouse gas emissions inventory since 2009; being Carbon Neutral for 9 years, through the neutralization of greenhouse gas emissions; Reporting to the CDP Climate Change questionnaire since 2009; and the implementation of internal selective waste collection, eco-efficiency, and incentive to conscientious consumption programs. As a responsible company, B3 strive to attract and retain talent, promote quality of life, and develop its employees. In addition, the company encourages diversity, inclusion, gender equality and volunteering agendas. B3 is also committed to inducing social practices in its value chain and promoting private social investment through B3 Social, a non-profit association, founded in 2007, responsible for integrating and coordinating the private social investment projects. In 2021, the company contributed with approximately R$48 million to 160 civil society projects on several topics, including youth training projects, fighting the impacts of the pandemic on food, health and income fronts, and projects supported through incentive laws on the fronts of health, sport and culture. In 2021, B3 became the first stock exchange in the world to issue a Sustainability Linked Bond (SLB) in the amount of US$700 million and is now financially committed to meeting sustainability-related goals. Among the commitments foreseen in the SLB are, by 2024, the creation of a diversity index for the Brazilian market and, by 2026, increase to 35% the percentage of women in leadership positions within the Exchange. Since 2010, base year 2009, B3 has been releasing the Annual Report drawn up based on the guidelines of the Global Reporting Initiative (GRI) and, since 2020, it also started to consider indicators of the Sustainability Accounting Standards Board (SASB) and some elements of the International Integrated Reporting Council (IIRC). The Annual Report, which is audited by a third party, and which covers the most relevant UN Sustainable Development Goals (SDGs) for the company´s business, aims to disclose, in a transparent manner, economic, environmental, social, and corporate governance information related to the strategy, business and performance of B3.",Listed company for profit; demutualized in 2007,"Central Bank
CVM (Securities and Exchange Commission of Brazil)","Limited Exchange Self-Regulatory Organization (SRO) Model

B3’s organization and operations are subject to direct oversight from the CVM. B3 is a market operator and operator of clearing houses that, in such capacity, acts as a self-regulatory and market surveillance organization, responsible for monitoring and overseeing market participants and the transactions carried out on its markets. The self-regulatory and market surveillance arm is B3 Market Surveillance (BSM), which maintains close relationships with the regulators, in particular the Central Bank of Brazil and the CVM. It is also responsible for keeping the CVM abreast of market developments and providing the market regulator with periodic reports of its market surveillance operations. Activities involving clearing and settlement services, which are provided through B3´s four clearing facilities, are subject to the regulatory and oversight authority of both the CVM and the Central Bank.","Location: São Paulo, Brazil.

B3 provides market infrastructure, with products and services that connect, enable and develop the capital and financial markets. The company operates as a stock, commodities and futures exchange, has a private securities clearinghouse, and is also a fixed income and equities depository.
B3 activities, therefore, encompass securities trading, post-trading, clearing, settlement, depository and registration, being managed by a structured and strict combination of standards and rules. The company also has robust risk management and governance, which guarantees solidity, agility and credibility to the services it provides to customers, including banks, brokerage houses, companies, asset managers, high frequency traders, individual investors and pension funds, among others.
B3 is a publicly-held company with more than 98% of its shares traded in its own exchange environment’s Novo Mercado listing segment, in which companies commit to Corporate Governance best practices.
B3 is headquartered in São Paulo, with offices in Rio de Janeiro (RJ) and Alphaville (SP). Overseas, the exchange has offices in London (UK), Shanghai (China) and Chicago (United States) dedicated to assisting customers with activities in these markets and disclosing products and services to potential investors. B3 also has stakes in stock exchanges in Chile, Colombia and Peru.",,,,,,,,
Canada,TMX Group Inc.,https://sseinitiative.org/stock-exchange/tmx/,2020*,A Primer for Environmental & Social Disclosure,⬤,⬤,⬤,,,⬤,TMX Group Inc. (Toronto Stock Exchange),Canada,3504,"3,264,137.36 million US$",Yes,"Yes


TMX Group introduced the TMX Group Environmental, Social and Governance Report in May/2020","No


However, if any environmental or social information is deemed ‘material’, it must be immediately disclosed by a news release as required by the Exchanges’ Timely Disclosure Policies. In addition, securities rules require issuers to disclose all material information including material environmental and social issues. (Source).
Canadian Environmental Protection Act (1999) requires companies to provide information on specific pollutant emissions for inclusion in the National Pollutant Release Inventory. The act was expanded five years later to include the GHG Emissions Reporting Program, which requires Canadian Large Emitters to report GHG emissions.  Banks and other financial institutions with equity of CDN$1 billion or more are also required (Ban Act, 1991) to publish an annual statement describing their contributions to the Canadian economy and society. (Source).
The Canadian Securities Administrators requires mining companies to report on reasonably available information on environmental, permitting, and social or community factors as it relates to mineral exploration, development, and production activities on a mineral property that is material to the issuer. TSX includes a reference to this in its listing standards for mineral exploration and development stage mining companies. (Source, Source).","Yes


A Primer for Environmental & Social Disclosure, 2020 (First edition in March 2014)
TMX entered into a strategic alliance with IHS Markit to endorse their ESG Reporting Repository (the “Repository”). The Repository facilitates the disclosure of issuer ESG information into a variety of frameworks and standards, such as SASB and TCFD, and has extensive distribution channels to disseminate the information to global investors and stakeholders.
Related information:
In 2010, the Canadian Securities Administrators issued CSA Staff Notice 51-333 Environmental Reporting Guidance to help issuers understand reporting requirements for environmental issues. It identifies where requirements exist, explores the concept of materiality and provides specific disclosure examples. While the notice did not specifically address social information, it has been noted that social issues are included since the Annual Information Form and Management’s Discussion and Analysis cover all material issues. (Source)","Yes


Inside the Learning Academy platform, TMX offers training and content related to ESG.
The webpage ESG 101 shows training designed to offer support for navigating ESG reporting, ratings, and data collection.

In 2022, TMX provided training on Climate-related Financial Disclosures (TCFD recommendations) in collaboration with the SSE, CDP and IFC. (source)","Yes


S&P/TSX 60 ESG
S&P/TSX 60 Fossil Fuel Free Carbon Efficient Index
S&P/TSX 60 Fossil Fuel Free Index
S&P/TSX Renewable Energy and Clean Technology Index
S&P Canada LargeMidCap ESG","Yes


The TSX Sustainable Bonds initiative enables investors to access information and transact sustainable bonds with the same ease and transparency that with listed equities. Regulatory approval was received in November 2020, and Sustainable Bonds is available for trading on TSX since March 1, 2021.","Yes


TSX Venture Exchange, since 1999","No


Several provinces have a “comply or explain” rule regarding women’s consideration for top management positions in listed companies with self-determined quotas. In 2017 the province of Ontario set a goal of 30% women on board to be reached within three or five years by listed companies. More details here.","TMX Group has strategically targeted growth- oriented Clean Technology and Renewable Energy companies seeking a market to access North American and global capital. As of March 2018, TSX and TSX Venture Exchange were home to 90 of these companies with a total market cap of over C$40 billion. Source: TSX/TSXV Market Intelligence Group. (Source).
TMX Group is a member of the following organizations:
UN Sustainable Stock Exchange
World Federation of Exchanges Sustainability Working Group
Responsible Investment Association of Canada",Listed company for profit; demutualized in 2000,"Ontario Securities Commission – Ontario
Investment Industry Regulatory Organization of Canada (IIROC) – Ontario
Autorité des marchés financiers – Quebec","Independent Member Self-Regulatory Organization (SRO) Model

The two major exchanges that the TMX Group operates are the TSX and the Montreal Exchange. Under Ontario securities rules, the Ontario Securities Commission gives oversight to all financial markets in the province. The TSX has self-regulatory abilities but delegates market surveillance and enforcement to the Investment Industry Regulatory Organization of Canada (IIROC); an independent organization. The TSX only has listing regulatory authority as a result of the delegated powers. This would warrant a ‘Independent Member SRO Model’ classification. The Montreal Exchange operates in Quebec, which is regulated by the Autorité des Marchés Financiers (AMF), an independent but government owned organization. The AMF assists the Montreal Exchange in developing rules and regulations and gives general oversight to the markets but the majority of the regulatory authority lies with the Montreal Exchange itself, making it a Strong Exchange SRO Model.","Location: Toronto, Canada

TMX Group’s businesses operate cash and derivative markets for multiple asset classes including equities, fixed income and energy. They also provide clearing facilities, data products and other services to the international financial community. (Source).",,,,,,,,
Chile,Bolsa de Comercio de Santiago,https://sseinitiative.org/stock-exchange/bolsa-santiago/,2021*,Guía De Reporte De Sostenibilidad (in Spanish),⬤,⬤,⬤,⬤,⬤,⬤,Bolsa de Santiago,Chile,295,"179,335 million US$",Yes,"Yes



The sustainability report is integrated into the annual report.

2021
2020
2019
2018
2017",No,"Yes


Guide on Sustainability Disclosure 2021 in Spanish (Guía De Reporte Y Divulgación De Sostenibilidad Para Emisores En Chile – 2021)
Provides guidance for issuers on the Design and Construction of Sustainability. Guide in Spanish and English.
Guide on Responsible Investment (2017)","Yes


Offered a training workshop in April 2018 on green bonds. (Source).
Provided training on Climate-related Financial Disclosures (TCFD recommendations) in collaboration with the SSE, CDP and IFC in 2022. (source)","Yes


Dow Jones Sustainability Chile Index
List of sustainability indices","Yes


Green and Social Bond Segment Launched 10-04-2018.","Yes


Santiago SE, Venture (SSEV), since 2015",No,"Offers guidance on sustainable and responsible investment on website here.
On 18 July, at the Santiago Exchange in Chile, the leadership teams of the Santiago Exchange and the Luxembourg Stock Exchange (LuxSE) signed a Memorandum of Understanding (MoU) to facilitate cooperation in the field of cross listing and trading of financial securities in the two markets. The agreement defines green and social bonds as an area of priority, reflecting the efforts made by both exchanges to bring sustainable finance centre stage. News Release found here.",Listed company for profit.,Comisión para el Mercado Financiero (CMF).,"Limited Exchange Self-Regulatory Organization (SRO) Model

Reviewing the CMF “Response to Survey on Implementation of IOSCO Objectives and Principles of Securities Regulation” document reveals that the CMF carries out and enforces most regulations in Chile. CMF is the main regulatory authority for tasks such as listing securities and derivatives contracts, the authorization of funds and its fund managers Licensing and the issuance of securities. Therefore, the Santiago Exchange regulates its own operational activities but the CMF acts as the main authority for higher-level activity in Chile.","Location: Santiago, Chile

The first attempts to establish a stock exchange in Chile were made in 1840 with little success. In 1884, there were already 160 corporations and this forced the creation of a specialized stock market where to direct all transactions with securities. The Santiago Stock Exchange was founded on November 27th, 1893, as a major step to infuse energy and vitality into the national economy.
​Santiago Exchange has several markets, which currently trade over USD 2 billion a day in equities, fixed income securities, money market instruments, investment fund shares and foreign securities. During the last decade, the exchange has expanded and evolved into a global point of interest for investors and a strategic partner for regional stock markets.",,,,,,,,
China,Shanghai Stock Exchange,https://sseinitiative.org/stock-exchange/sse/,2008,Guidelines for Environmental Information Disclosure of Listed Companies in Shanghai Stock Exchange (in Chinese),,,,,,,Shanghai Stock Exchange,China,2184,"7,095,094.06 million US$",Yes,"Yes


2022
2021
2020
2019
2018
2017",No,No,No,"Yes


List of green indices here.","Yes


Source: SSE Green Bonds",No,No,"SSE announced the Circular on Launching Pilot Program for Green Corporate Bonds in March, 2016.
SSE is the Observer of Green Bond Principles (GBP) and is nominated Green Finance Pioneer by Climate Bonds Initiative.",Association not for profit.,China Securities Regulatory Committee (CSRC).,"Limited Exchange Self-Regulatory Organization (SRO) Model

The Shanghai Stock Exchange is able to set basic rules and regulations such as accepting new listings and market surveillance, but the China Securities Regulatory Committee holds the majority of regulatory abilities in China. Any new regulatory abilities the exchange wants to undertake must be approved by the China Securities Regulatory Committee.","Location: Shanghai, China.

The Shanghai Stock Exchange (SSE) was founded on Nov. 26th, 1990 and commenced operations on Dec. 19th of the same year. It is a membership institution directly governed by the China Securities Regulatory Commission (CSRC). The SSE bases its development on the principle of “legislation, supervision, self-regulation and standardization” to create a transparent, open, safe and efficient marketplace. The SSE endeavors to realize a variety of functions: providing marketplace and facilities for securities trading; formulating business rules; accepting and arranging listings; organizing and monitoring securities trading; regulating members and listed companies; managing and disseminating market information. (Source).",,,,,,,,
China,Shenzhen Stock Exchange,https://sseinitiative.org/stock-exchange/szse/,2006,Social Responsibility Instructions to Listed Companies,,,,,,,Shenzhen Stock Exchange,China,2578,"6,219,831.22 million US$",Yes,No,"No


For listed companies in China, only those categorized as key pollutant emission units are mandatory to disclose carbon emission information. The guidance they use is mainly released by China Securities and Regulatory Committee (CSRC) and Shenzhen Stock Exchange depending on their listing boards.","Yes


Shenzhen Stock Exchange Social Responsibility Instructions to Listed Companies
In September 2006, Shenzhen Stock Exchange (SZSE) issued the “Guidelines for Corporate Social Responsibility of Shenzhen Stock Exchange Listed Companies”. From 2009 to 2010, the three boards of SZSE successively issued the “Guidelines for the Standardised Operation of Listed Companies”, which contained two separate chapters of “Corporate Governance” and “Social Responsibility”. In 2015, SZSE further revised the “Guidelines for the Standardised Operation of Listed Companies” and issued the Memorandum of Information Disclosure for Periodic Reports. Listed companies which are included in component of the Shenzhen 100 Index shall disclose social responsibility reports in accordance with the revised guidelines.","Yes


SZSE has been offering training courses and seminars to senior management, independent directors of listed and Pre-IPO stage companies on ESG-related topics since September 2007, covering topics of socially responsible investing, compilation of corporate social responsibility report etc.
In 2022, SZSE provided training on Climate-related Financial Disclosures (TCFD recommendations) in collaboration with the SSE, CDP and IFC. (source)","Yes


SZSE Environmental Protection Index
SZSE Energy Conservation Index
CNI TEDA EP Index
CNI Low-carbon 50 Index
CCTV 50 Ecology Industry Index
CUFE-CNI High Grade Green Bond Index
CUFE-CNI High Grade Unlabeled Green Bond Index
CUFE-CNI High Grade Labeled Green Bond Total Return Index
CNI New Energy Index
CNI New Energy Vehicles Index
CUFE-CNI SZ-HK Connect Green Selection Index
CNI SZ-HK Connect Energy Conservation Index
CNI SZ-HK Connect Alternative Energy Cars Index
SZSE Corporate Social Responsibility Index
SZSE SME Corporate Social Responsibility Index
CCTV 50 Corporate Social Responsibility Index
CNI-CBN-AEGON-Industrial Corporate Social Responsibility Index
SZSE Corporate Governance Index
SZSE SME Corporate Governance Index
CNI Corporate Governance Index
CCTV 50 Corporate Governance Index
CCTV 50 Index","Yes


SZSE assigns designated labels for ESG-related bond products. For example, the green bonds will be specially labelled as “G” in the bond code – https://bond.szse.cn/","Yes


ChiNext, since 2009.",No,,Member-based stock exchange,China Securities Regulatory Commission (CSRC).,A self-regulatory legal entity under the direct administration of the CSRC.,"Location: Shenzhen, China.

Shenzhen Stock Exchange (SZSE), established on 1st December, 1990, is a self-regulated legal entity under the supervision of China Securities Regulatory Commission (CSRC). It also organizes, supervises securities trading and performs duties prescribed by laws, regulations, rules and policies. Its main functions include providing the venue and facilities for securities trading, formulating operational rules, receiving listing applications and arranging securities listing, organizing and supervising securities trading, supervising members; regulating listed companies, managing and disseminating market information and other functions as approved by the CSRC. (Source).",,,,,,,,
China,Hong Kong Exchanges and Clearing Limited,https://sseinitiative.org/stock-exchange/hkex/,2020*,How to Prepare an ESG Report: A Step-by-Step Guide to ESG Reporting,⬤,⬤,⬤,,,,Hong Kong Exchanges and Clearing Limited (HKEX),China,2602,"4,567,683 million US$",Yes,"Yes


Information about HKEX’s efforts in promoting sustainable development of the marketplace is available in its annual Corporate Social Responsibility reports and the Corporate Social Responsibility section of the HKEX Group website.","Yes


Issuers must publish their ESG reports on an annual basis and regarding the same period covered in their annual reports. Reporting requirements can be found in the related Main Board Listing Rules (here) and the ESG Reporting Guide (the “Guide”), Appendix 27 to the Main Board Listing Rules (here).

With effect on 1 July 2020, the ESG Reporting Guide comprises two levels of disclosure obligations: (a) mandatory disclosure requirements; and (b) “comply or explain” provisions. Issuers must disclose the information required under the “Mandatory Disclosure Requirements”; and if the issuer does not report on any of the “comply or explain” provisions, it must provide considered reasons in its ESG report. The amendments had an emphasis in the board’s leadership role and accountability in ESG and the governance structure for ESG matters. HKEX also introduced climate change disclosure requirements and incorporated elements of the recommendations of the Task Force on Climate-Related Financial Disclosures (TCFD) into our Rules. In April 2022, the Exchange published a consultation on the enhancement of climate-related disclosures under its ESG framework. It proposes to mandate all issuers to make climate-related disclosures in their ESG reports, and introduce new climate-related disclosures aligned with the IFRS S2 Climate-related Disclosures exposure draft (as supplemented and modified by deliberations of the International Sustainability Standards Board (ISSB) up to April 2023). The consultation paper on the enhancement of climate-related disclosures under the ESG framework can be found (here).

Disclosure requirements on corporate governance issues are contained in the Corporate Governance Code, Appendix 14 to the Listing Rules (here). With effect on 1 January 2022, the Corporate Governance Code was revised to further enhance corporate governance standards among listed issuers in Hong Kong, specifically in the areas of corporate culture, director independence and diversity. The Corporate Governance Code mandates that IPO applicants must have at least one female director on board and existing listed issuers must appoint at least one female director on their boards by the end of 2024. 

Issuers are required to publish ESG reports (covering financial year commencing on or after 1 January 2022) at the same time as publication of annual reports. Consultation paper and conclusions on the amendments can be found here.","Yes


Written guidance on ESG Report includes:

ESG Reporting Guide and FAQs
Publications and Training under the HKEX ESG Academy
ESG in Practice the HKEX ESG Academy","Yes


All resources can be found on the HKEX ESG Academy, a centralised ESG educational platform launched in November 2021 to guide issuers and the broader business community in their sustainability journeys. The ESG Academy comprises several sections which houses all training and guidance materials published by the Exchange. In April 2022, the Exchange launched a new page headed “ESG in Practice” under the ESG Academy, which highlights the Exchange’s latest ESG regulatory developments, and provides examples of exemplary ESG practices amongst its issuers. 

The Exchange launched e-training courses, for directors to help them develop and refresh their knowledge and skills so as to ensure that their contribution to the board remains informed and relevant. In May 2021, the ESG Academy Webinar Series was launched to deepen ESG understanding and knowledge among listed issuers and the wider business community, and facilitate the integration of ESG considerations into their decision making processes. The Director Training Programme 2017/2018 also covers the topic of ESG reporting.

HKEX representatives also gave presentations at events organised by various non-governmental organisations and professional organisations to identify the latest trends and share practical advice in relation to ESG reporting.

In 2022, HKEX provided training on Climate-related Financial Disclosures (TCFD recommendations) in collaboration with the SSE, CDP and IFC. (source)","Yes


Hang Seng Corporate Sustainability Index
Hang Seng ESG Index","Yes


At the heart of STAGE is an online product repository, which provides access and transparency on sustainable finance products, including sustainability, green, and transition instruments from issuers across a variety of sectors. STAGE is also an online source of sustainable and green finance educational resources, promoting knowledge sharing and stakeholder engagement.","Yes


GEM, since 1999","Yes


Source: HKEX Listing Rules","HKEX has been rated highly and awarded by both local and overseas rating agencies or professional institutions, in recognition of its achievement in corporate governance and CSR. More details are available on the HKEX Group website.

As part of the Exchange’s ongoing initiative to raise the overall standard of ESG performance and disclosures among issuers, the Exchange has conducted market consultations on proposed changes to the ESG reporting requirements under the Listing Rules. In addition, the Exchange conducts periodic review of issuers’ ESG disclosures and publishes its findings both on the ESG Academy and the HKEX Market website.",Listed company for profit; demutualized in 2000.,Securities and Futures Commission,"HKEX is a recognised exchange controller under the Securities and Futures Ordinance (Chapter 571 of the Laws of Hong Kong). The Exchange is responsible under statute for ensuring, so far as reasonably practicable, that the Hong Kong markets are fair, orderly and informed (the Exchange’s statutory duty). The Securities and Futures Commission performs a lead role in market regulation and certain areas of listing regulation and a complementary role through the exercise of its statutory powers by providing investigation and enforcement in cases involving corporate misconduct. Details of the regulatory framework of Hong Kong’s securities market are available on the HKEX Market website.","Location: Hong Kong

Hong Kong Exchanges and Clearing Limited (HKEX) is a publicly-traded company (HKEX Stock Code:388) and one of the world’s leading global exchange groups, offering a range of equity, derivative, commodity, fixed income and other financial markets, products and services, including the London Metals Exchange.

As a superconnector and gateway between East and West, HKEX facilitates the two-way flow of capital, ideas and dialogue between China and the rest of world, through its pioneering Connect schemes, increasingly diversified product ecosystem and its deep, liquid and international markets.

HKEX is a purpose-led organisation which, across its business and through the work of HKEX Foundation, seeks to connect, promote and progress its markets and the communities it supports for the prosperity of all.

More information about HKEX and its subsidiaries is available on the HKEX Group website",,,,,,,,
Colombia,Bolsa de Valores de Colombia,https://sseinitiative.org/stock-exchange/bvc/,2020,Guía para la Elaboración de Informes ASG para Emisores en Colombia,⬤,,⬤,,,,Bolsa de Valores de Colombia (Colombian Securities Exchange),Colombia,65,"90,541.48 million US$",Yes,Yes,No,"Yes


Guide for the elaboration of ESG reports for Issuers in Colombia","Yes



In 2021, Bolsa de Valores de Colombia provided training on Climate-related Financial Disclosures (TCFD recommendations) in collaboration with the SSE, CDP and IFC. (source)","Yes


IR Recognition Index (COLIR)
Dow Jones Sustainability MILA Pacific Alliance Index","Yes


Green, Social, Sustainable and Orange Bonds","Yes


A2scenso",No,"Sustainability Section (bvc sostenible)
Sustainability Section On 2019 Management Report
Sustainability Impact Investment Fund: Inversor
Bolsa de Valores de Colombia is a member of the United Nations Global Compact
Inversión Responsable y Sostenible: Visión General, Prácticas Actuales y Tendencias",Listed company for profit; demutualized in 2007.,"Ministry of Finance and Public Credit.
Superintendent of Finance.
Colombian Capital Market Self Regulator (AMV).","Independent Member Self-Regulatory Organization Model

The Ministry of Finance and Public Credit is an entity of the Colombian Federal Government that issues regulations and laws regarding the stock exchange. The Superintendent of Financial Institutions sets out instructions in order for exchanges to remain compliant with the aforementioned laws and regulations. The Exchange of Colombia is self-regulatory and manages its own operations; its supervisory tasks are handled by a separate organization it created in 2006 which is known as the “Autorregulador del Mercado de Valores”.","Bolsa de Valores de Colombia (bvc) is the Leading operator of the Colombian capital market infrastructure with presence in the entire value chain. bvc provides solutions and services of Pre-trading (issuer services and issuances), Trading (access, electronic and OTC), Post-trading (clearing, settlement, custody and securities administration), Information (market data and price vendor) and Technology (systems implementation of core banking, capital markets and digital solutions) in the markets of equities, fixed income, derivatives and FX in a direct fashion or through its subsidiaries and investments. (Source: BVC).",,,,,,,,
Costa Rica,Bolsa Nacional de Valores,https://sseinitiative.org/stock-exchange/bolsacr/,2018,Guía voluntaria para la creación de reportes de sostenibilidad (in Spanish),⬤,⬤,,⬤,,⬤,Bolsa Nacional de Valores,Costa Rica,10,"2,037.34 million US$",Yes,"Yes


2017 Sustainability Report (in Spanish).
2018 Sustainability Review (in Spanish).","No


There is mandatory corporate governance regulation for the securities market, issued by The Securities Regulator (SUGEVAL). Regulation in Spanish here.","Yes


Guía voluntaria para la creación de reportes de sostenibilidad (in Spanish).","Yes


May 2019, “Responsible Investment Workshop” in collaboration with UNEP-FI.
September 2018 Green Economy Summit.
April 2018 Seminar to promote the use of green bonds with UNEP-FI.
Free online course on Green Bonds (in Spanish).
September 2022, provided training on Climate-related Financial Disclosures (TCFD recommendations) in collaboration with the SSE, CDP and IFC. (source)",No,"No


There is a specific section on the website that shows: general information, on-line training, benefits for issuers, the standard for the emission and so on. Green bonds section here.
The National Stock Exchange of Costa Rica defined a standard for the green bonds emission, based on the Green Bond Principles (GBP-ICMA) in order to provide transparency and confidence to the investors. Through this new instrument, the Exchange promotes the financing of green projects in Costa Rica through the stock market. Find standards for emission here, video about green bonds here, green bond section here.
The exchange plans to launch a green bond listing segment in 2019.",No,No,"The BNV promotes projects that generate economic, social and environmental value, such as:
Providing textbooks, school supplies and computer labs to schools, as well as facilitating improvements in classroom infrastructure.
Supporting new entrepreneurs as a jury and sponsor of the Seedstars Costa Rica edition, an event that awards innovative small entrepreneurs with potential projects.
BNV Aprenda is a form of self-taught training online which allows users to learn about the Costa Rican stock market.
MAPA, the Mercado Alternativo para Acciones, is an initiative that promotes raising capital for small- and medium-sized enterprises (SMEs). Through MAPA, BNV helps SMEs in adopting governance best practice and becoming more professional.","Private company owned by the brokerage companies (mutualized), and it is not a listed company.",Superintendencia General de Valores (SUGEVAL).,"Government (Statutory).
In Costa Rica exists the Consejo Nacional de Supervisión del Sistema Financiero (CONASSIF) which is the superior regulator entity in Costa Rica, its purpose is to provide uniformity and integration to the activities of regulation and supervision of the Costa Rican Financial System. CONASSIF executes its work on the Superintendencia General de Entidades Financieras (SUGEF), the Superintendencia General de Seguros (SUGESE), the Superintendencia de Pensiones (SUPEN) and the Superintendencia General de Valores (SUGEVAL).
Meanwhile, the SUGEVAL is the entity in charge of supervising the whole securities market, the National Stock Exchange is supervised by it. Moreover, in Costa Rica exist a regulation (Securities Market Regulatory Law N°7732) that has as a main purpose the regulation of: the securities markets, the individuals and legal entities that directly or indirectly participate in this market. Furthermore, the National Stock Exchange must regulate the operation of the market and autorized the Brokers and Brokerages.","Location: San José, Costa Rica

Founded: 29 September 1976.
The National Stock Exchange of Costa Rica is a private organization owned by brokerages in accordance with the Securities Market Regulatory Law. The main purpose of the exchange is to facilitate transactions with securities, as well as the authorization, inspection and regulation of brokers. In addition, the exchange provides the technological platform that facilitates the trade of securities, and provides a meeting point between investors and issuers that requires financing of public and private projects.
The exchange is the only platform for the secondary market, based on national regulation.
The BNV contributes to the formation of prices of traded securities and provides a strong regulated structure that gives transparency and confidence to the various market participants.
The BNV is the biggest and oldest exchange in the Central America region.",,,,,,,,
Denmark,Nasdaq Copenhagen,https://sseinitiative.org/stock-exchange/nasdaq-copenhagen/,2019,ESG Reporting Guide 2.0: A Support Resource for Companies,⬤,⬤,⬤,⬤,,⬤,Nasdaq Copenhagen,Denmark,125,"789,509 million US$",Yes,Yes,No,"Yes


Guidance was released in March 2017 across Nasdaq’s Nordic and Baltic Exchanges.","Yes


Nasdaq Nordic and Baltic exchanges run a pilot program on ESG reporting.","Yes


Nasdaq offers 70 sustainability-related indexes (not all actively traded), including:
OMX GES Ethical indexes:
OMX GES Ethical Nordic Index
OMX GES Ethical Norway Index
OMX GES Ethical Sweden Index
OMX GES Ethical Denmark Index
OMX GES Ethical Finland Index
OMX GES OMXS30 Ethical Index
OMX GES Sustainability Nordic and OMX GES Sustainability Sweden:
OMX GES Sustainability Nordic Index
OMX GES Sustainability Sweden Index
OMX GES Sustainability Sweden Ethical Index","Yes


Nasdaq Nordic Sustainable Bonds","Yes


Nasdaq First North, 2006.",No,"Nasdaq Progress Report 2014, United Nations Global Compact.
Nasdaq speaks, moderates, sponsors, or otherwise exhibits at key industry events related to sustainability. (Source).
Nasdaq and CERES’ Investor Network on Climate Risk (INCR) is working with other partners to create an investor-centric sustainability reporting proposal for public companies and stock exchanges. (Source).
Nasdaq had a three-part article series in 2013, called Doing Well by Doing Good. (Source).
Nasdaq is a member of the United Nations Global Compact and Chair of the WFE Sustainability Working Group. (Source).
Board Member, US Global Compact US Network; Advisory Board Member, SASB.","Listed company for profit; demutualized in:
NASDAQ – 2000
OMX – 1993.",Danish Financial Supervisory Authority.,"Limited Exchange Self-Regulatory Organization (SRO) Model

Regulatory practices in regards to this exchange vary slightly from country to country. However, the exchanges operated by Nasdaq in each country appear to have basic regulatory oversight. However, the ultimate regulatory authority for each market lies with the regulatory bodies listed.","HQ Location: New York, New York.

Nasdaq (Nasdaq: NDAQ) is a leading global provider of trading, clearing, exchange technology, listing, information and public company services. Through its diverse portfolio of solutions, Nasdaq enables customers to plan, optimize and execute their business vision with confidence, using proven technologies that provide transparency and insight for navigating today’s global capital markets. As the creator of the world’s first electronic stock market, its technology powers more than 90 marketplaces in 50 countries, and 1 in 10 of the world’s securities transactions. Nasdaq is home to approximately 3,900 total listings with a market value of approximately $13 trillion. To learn more, click here.",,,,,,,,
Egypt,Egyptian Exchange,https://sseinitiative.org/stock-exchange/egx/,2016,Model Guidance for Reporting on ESG Performance and SDGs,⬤,⬤,⬤,⬤,⬤,⬤,Egyptian Exchange,Egypt,242,"35,111 million US$",Yes,"Yes


In 2016 EGX, in collaboration with its Sustainability Advisory Committee (SAC) introduced the first annual sustainability report in accordance with the Global Reporting Initiative (GRI) G4 Standards (source).

The latest Sustainability report is from 2021 in Arabic","Yes


In 2021, FRA issued resolutions requiring companies listed on the Egyptian Stock Exchange to submit environmental, social, and governance disclosure reports related to sustainability (ESG standards) source
Also, companies whose issued capital or net ownership rights are not less than 500 million Egyptian pounds and that are listed on the Egyptian Stock Exchange are required to complete disclosures related to the financial effects of climate change in accordance with TCFD source","Yes


Published Model Guidance for Reporting on ESG Performance & SDGs in 2016.","Yes


19 Sept 2018: the Egyptian Exchange (EGX) provided a training session for Federation of European and Asian Stock Exchanges (FEAS) members at EGX Smart Village premises on the importance of sustainability in stock markets, and how stock markets can raise the awareness of stakeholders about sustainability, and the importance of ESG reporting.
June 2022: EGX provided training on Climate-related Financial Disclosures (TCFD recommendations) in collaboration with the SSE, CDP and IFC. (source)
In 2022, EGX Sustainability Foundation and DCarbon Company, the regional representative of Global Reporting Initiative (GRI), agreed on a comprehensive training program for listed companies, on ESG & TCFD reporting, in accordance with international best practices in this regard. (source)
In 2023, CFA Society Egypt launched the Certificate in ESG Investing, under the patronage of the Financial Regulatory Authority and the Egyptian Exchange (source)","Yes


SP/EGX ESG Index (launched March 2010). More details here.",No,"Yes


NILEX, since 2007.","Yes


In 2021, the Egyptian FRA imposes that the EGX-listed and regulated companies should raise the percentage of women representation on their boards to 25% or have at least two females as members of the board. More info here.","EGX launched the EGX Sustainability Foundation in 2017.
https://www.egx.com.eg/en/EGX-And-Sustainability.aspx
https://www.egx.com.eg/en/EGX-Sustainability-Affiliations.aspx",Governmental not for profit.,Egyptian Financial Supervisory Authority.,"Limited Exchange Self-Regulatory Organization (SRO) Model

The Egyptian Exchange has a basic level of regulatory authority when it comes to listing and market surveillance. However, the Egyptian Financial Supervisory Authority is the overall regulator for the stock exchange.","Location: Cairo, Egypt

The Egyptian Exchange is one of the oldest stock markets established in the Middle East. The Egyptian Exchange traces its origins to 1883 when the Alexandria Stock Exchange was established, followed by the Cairo Stock Exchange in 1903. (Source).",,,,,,,,
Estonia,Nasdaq Tallinn,https://sseinitiative.org/stock-exchange/nasdaq-tallinn/,2019,ESG Reporting Guide 2.0: A Support Resource for Companies,⬤,⬤,⬤,⬤,,⬤,Nasdaq Tallinn,Estonia,31,"5,727 million US$",Yes,Yes,No,"Yes


Released in March 2017 across Nasdaq’s Nordic and Baltic Exchanges.","Yes


Nasdaq Nordic and Baltic exchanges run a pilot program on ESG reporting.",No,"Yes


Riga/Tallinn/Vilnius, Nasdaq Baltic Market, June 18, 2018 – Nasdaq.",No,No,"Sustainability Section on Website.
The Nasdaq speaks, moderates, sponsors, or otherwise exhibits at key industry events related to sustainability. (Source).
Nasdaq is a member of the United Nations Global Compact and Chair of the WFE Sustainability Working Group. (Source).
Board Member, US Global Compact US Network; Advisory Board Member, SASB.","Listed company for profit; demutualized in:

NASDAQ – 2000
OMX – 1993",Estonian Financial Supervisory Authority.,"Limited Exchange Self-Regulatory Organization (SRO) Model

Regulatory practices in regards to this exchange vary slightly from country to country. However, the exchanges operated by Nasdaq in each country appear to have basic regulatory oversight. However, the ultimate regulatory authority for each market lies with the regulatory bodies listed.","HQ Location: New York, New York

Nasdaq (Nasdaq: NDAQ) is a leading global provider of trading, clearing, exchange technology, listing, information and public company services. Through its diverse portfolio of solutions, Nasdaq enables customers to plan, optimize and execute their business vision with confidence, using proven technologies that provide transparency and insight for navigating today’s global capital markets. As the creator of the world’s first electronic stock market, its technology powers more than 90 marketplaces in 50 countries, and 1 in 10 of the world’s securities transactions. Nasdaq is home to approximately 3,900 total listings with a market value of approximately $13 trillion. To learn more, click here.",,,,,,,,
Finland,Nasdaq Helsinki,https://sseinitiative.org/stock-exchange/nasdaq-helsinki/,2019,ESG Reporting Guide 2.0: A Support Resource for Companies,⬤,⬤,⬤,⬤,,⬤,Nasdaq Helsinki,Finland,135,"359,912 million US$",Yes,Yes,No,"Yes


Released in March 2017 across Nasdaq’s Nordic and Baltic Exchanges.","Yes


Nasdaq Nordic and Baltic exchanges run a pilot program on ESG reporting.","Yes


Nasdaq offers 70 sustainability-related indexes (not all actively traded), including:
OMX GES Ethical indexes:
OMX GES Ethical Nordic Index
OMX GES Ethical Norway Index
OMX GES Ethical Sweden Index
OMX GES Ethical Denmark Index
OMX GES Ethical Finland Index
OMX GES OMXS30 Ethical Index
OMX GES Sustainability Nordic and OMX GES.
Sustainability Sweden:
OMX GES Sustainability Nordic Index
OMX GES Sustainability Sweden Index
OMX GES Sustainability Sweden Ethical Index","Yes


Nasdaq Stockholm and Nasdaq Helsinki launched a sustainable bond list in 2015 on the main market and another, the First North Sustainable Bond List, on the First North market in the beginning of 2018.","Yes


Nasdaq First North, since 2006.",No,"Sustainability Section on Website.
The Nasdaq speaks, moderates, sponsors, or otherwise exhibits at key industry events related to sustainability. (Source).
Nasdaq and CERES’ Investor Network on Climate Risk (INCR) is working with other partners to create an investor-centric sustainability reporting proposal for public companies and stock exchanges. (Source).
Nasdaq is a member of the United Nations Global Compact and Chair of the WFE Sustainability Working Group. (Source)
Board Member, US Global Compact US Network; Advisory Board Member, SASB.","Listed company for profit; demutualized in:

NASDAQ – 2000
OMX – 1993.",Finnish Financial Supervisory Authority.,"Limited Exchange Self-Regulatory Organization (SRO) Model

Regulatory practices in regards to this exchange vary slightly from country to country. However, the exchanges operated by NASDAQ OMX in each country appear to have basic regulatory oversight. However, the ultimate regulatory authority for each market lies with the regulatory bodies listed.","HQ Location: New York, New York.

Nasdaq (Nasdaq: NDAQ) is a leading global provider of trading, clearing, exchange technology, listing, information and public company services. Through its diverse portfolio of solutions, Nasdaq enables customers to plan, optimize and execute their business vision with confidence, using proven technologies that provide transparency and insight for navigating today’s global capital markets. As the creator of the world’s first electronic stock market, its technology powers more than 90 marketplaces in 50 countries, and 1 in 10 of the world’s securities transactions. Nasdaq is home to approximately 3,900 total listings with a market value of approximately $13 trillion. To learn more, click here.",,,,,,,,
France,Euronext Paris,https://sseinitiative.org/stock-exchange/euronext-paris/,2022*,ESG Reporting Guide - Target 1.5°C,⬤,⬤,⬤,⬤,⬤,⬤,Euronext Paris,France,795,"4,580,000 million US$",Yes,"Yes


There is a chapter in the annual report dedicated to sustainability activities, find all reports here.","Yes


The European directive on non-financial information reporting (NFRD) has been implemented into the French legal environment (source).
Moreover,
The Grenelle II Act of 2010 makes CSR reporting mandatory as part of annual reporting for all large companies doing business in France.
Euronext Paris supports and implements ESMA’s and National Competent Authorities stringent rules with regards to governance among its community of listed companies.","Yes


ESG Reporting Guide – Target 1.5°C","Yes


Through the Euronext Academy, see more details here.","Yes


See the list of indices on the Euronext website here. ESG/ISR indices fall under the tab “theme indices”. This list is automatically updated.","Yes


Euronext ESG Bonds is a community of ESG bond issuers where green, sustainability, social, blue and sustainability-linked bonds listed on all Euronext locations are consolidated onto one highly visible area. Details of the securities here.","Yes


Euronext Growth, Euronext Access, Euronext Access+. More information here.","Yes


There is a 40% mandatory minimum rule for women on boards.
Source: Assemblée Nationale. (2011). Dossiers. Société : représentation des femmes dans les conseils d’administration et de surveillance. Details of the rule: In cases where the total board members are less than 9, there should not be more than a 2 seat difference between one gender.","Euronext supports climate friendly innovations by financing Cleantech SME’s benefitting from major Euronext initiatives:

TechShare: 27 Cleantech have followed the program on how to leverage capital markets.
Tech40 Index: 10% of this increasingly important index is made up of Cleantech SME’s.
Morningstar: the program fully covers the scope of Cleantech SME issuers (55).",Listed company for profit; demutualized in 2000.,"ACPR.
The Ministry of Economics and Finance.
Autorité des Marchés Financiers (AMF).
European Union (ESMA).","Government (Statutory) Model

The Markets in Financial Instruments Directive (MiFID) classifies Euronext’s European cash markets as a regulated market. As such, the real-time monitoring performed by Euronext’s cash market operations and technical support is formally enforced, and our trading rules and procedures are approved by our four regulators. This regulatory and organizational system gives Euronext the power to efficiently manage crisis situations and extraordinary circumstances. Some of the markets organized by Euronext are exchange regulated, which means they are subject to a body of rules laid down by the market operator, Euronext. They are not regulated markets as defined by the Markets in Financial Instruments Directive (MiFID). These structured, exchange regulated markets offer simplified access to financial markets and streamlined listing requirements for companies from every sector of the economy, while ensuring compliance with rules on investor disclosure and the control of financial information.  (Source).","Location of the listed holding:

Paris, France As a market operator, Euronext Paris, which is the market of reference for the Euronext shares, manages the Euronext regulated markets in France. In accordance with Article L.421-10 of the French Monetary and Financial Code, Euronext Paris adopts rules for each of these markets to ensure fair and orderly trading and efficient order execution. The requirements for market access and admission of financial instruments to trading are also covered by these rules, which are approved by the Autorité des Marchés Financiers (“AMF”) and published on the market operator’s website. Euronext Paris markets are subject to the provisions of Article L.421-4 et seq. of the French Monetary and Financial Code, which authorises the French Minister of Economy to confer and revoke regulated market status upon proposal of the AMF, which has to consult with the Autorité de Contrôle Prudentiel et de Résolution (“ACPR”). Euronext is the leading pan-European exchange in the Eurozone, spanning Belgium, France, Ireland, Norway, the Netherlands, Portugal, the UK and Ireland. Created in 2000, it unites markets which date back to the start of the 17th century. It is the primary exchange in the Euro zone with nearly 1,500 listed issuers worth more than €4.5 trillion in market capitalization as of end May 2019, an unmatched blue chip franchise consisting of 20+ issuers in the Morningstar® Eurozone 50 Index℠ and a strong diverse domestic and international client base.",,,,,,,,
Germany,Deutsche Börse,https://sseinitiative.org/stock-exchange/deutsche-borse/,2013,Communicating Sustainability: Seven recommendations for issuers,⬤,⬤,,⬤,,⬤,Deutsche Börse (German Exchange),Germany,447,"2,503,045.83 million US$",Yes,Yes,No,"Yes


Guidance – Communicating Sustainability, 7 recommendations for issuers (2013).","Yes


Training will be offered through an ESG workshop in June 2018.","Yes


STOXX Low Carbon Index Family
ÖkoDAX
DAXglobal Alternative Energy
DAXglobal Sarasin Sustainability Germany
STOXX ESG Leaders Index family
STOXX Sustainability Index family
Photovoltaik Global 30
Credit Suisse Global Alternative Energy","Yes


Via the Frankfurt Stock Exchange.","Yes


Deutsche Börse Venture Network, since 2015.","Yes


There is a 30% mandatory minimum rule for women on boards.
Source: Deloitte. (2019). Data driven change: Women in the boardroom a global perspective. Detail of the rule: the quota applies to non
executives board seats
Gesetzes zur gleichberechtigten Teilhabe von Frauen
German Corporate Governance Code 2019 recommends following the gender quota in the composition of the supervisory board (p.7)","Launched the Hub for Sustainable Finance along with the German Council for Sustainable Development in late 2017.
Launched Accelerating Sustainable Finance Initiative in May 2017 along with major stakeholders from the Frankfurt/Main financial centre. Participants signed the Frankfurt Declaration, a letter of intent about the creation of sustainable infrastructures in the financial sector.",Listed company for profit; demutualized in 2000.,"European Securities and Markets Authority.
Federal Financial Supervisory Authority.
Trading Surveillance Office.","Government

Deutsche Börse AG is regulated by various bodies. The Trading Surveillance Office is an independent supervisory body that supervises and monitors the market. However, a great deal of authority falls upon the government. Both the Exchange Supervisory Authority and the Federal Financial Supervisory Authority are governmental regulatory bodies that monitor for proper conduct and cases of insider trading, fraud, price manipulation and violations of the Exchange Act.","Location: Frankfurt, Germany

As one of the world’s leading exchange organizations, Deutsche Börse Group provides investors, financial institutions and companies access to global capital markets. Our business covers the entire process chain from securities and derivatives trading, clearing, settlement and custody, through to market data and the development and operation of electronic trading systems.Our reliable systems and our integrity as a neutral provider form the basis of our business philosophy. We operate to the most exacting standards to create products and services to meet the needs of international financial markets. As a listed company we work to create value for our customers and our shareholders. (Source).",,,,,,,,
Ghana,Ghana Stock Exchange,https://sseinitiative.org/stock-exchange/ghana-stock-exchange/,2022,ESG Disclosures Guidance Manual,⬤,⬤,⬤,,,⬤,Ghana Stock Exchange,Ghana,37,"3,055.5 million US$",Yes,"No



Plans in place to report in 2023.","No


Some of GSE listed companies have ESG reports but it is not as a mandatory requirement. More information and additional notes in the GSE’s Listing Rules. GSE encourages issuers to report on ESG topics.","Yes



Reporting requirements are in the GSE ESG Disclosure Guidance Manual","Yes



Capacity building programmes are organized in collaboration with GRI and IFC. (source)",No,No,"Yes


Ghana Alternative Market (GAX) is the market segment of the GSE dedicated to SMEs. It was established in 2013 and counts with six companies listed on it. This market was created with incentives to assist SMEs as well as start up businesses to raise capital to expansion and growth.",No,,Not for Profit,Securities and Exchange Commission Ghana,Strong exchange SRO,"Established thirty-one years ago, the Ghana Stock Exchange has played a significant role in the country’s economic growth. It was established with the mission to be a relevant, significant, efficient, and effective tool for capital mobilization and wealth creation. Just as other markets in Africa, the stock market has emerged as a major provider of investment capital inflow in Ghana. It operates three namely, the equity market which is the main Market, the Ghana Fixed Income Market (GFIM) which is the Bonds Market and the Ghana Alternative Market (GAX) which is the Market for Small and Medium businesses. For more information visit www.gse.com.gh",,,,,,,,
Greece,Athens Exchange Group,https://sseinitiative.org/stock-exchange/athex/,2022*,ESG Reporting Guide,⬤,⬤,⬤,⬤,,⬤,Athens Exchange Group,Greece,164,"82,740 million US$",Yes,"Yes


The sustainability report is included in the annual report. See all reports here.

Annual report 2022","Yes


The Non-Financial Reporting Directive (NFRD 2014/95/EU) sets the requirements for the disclosure of non-financial and diversity information by large companies.

Furthermore, the Greek Law no. 4548/2018 on non-financial reporting and the Circular no. 62784/06-06-2017 of the Ministry of Economy and Development, that have been developed according to the provisions of the NFRD, require large companies to disclose specific information regarding the way they operate and manage environmental and social challenges. (ESG Reporting Guide 2022)","Yes


ATHEX – ESG Reporting Guide","Yes


Offers ESG executive training courses.
Organizes events to raise awareness of the ecosystem.
Participates in annual CSR conferences.
See also videos on ESG topics here","Yes


ATHEX ESG Index","Yes


ATHEX BONDS GREENet","Yes


ATHEX Alternative Market (EN.A), since 2008.","Yes


Greece adopted a quota of 25% in 2020. Source

See also the European network of legal experts in gender equality and non-discrimination flash report.",ESG corner on their website.,Private company for profit; demutualized in 1999.,Hellenic Capital Market Commission.,"Government (Statutory)

The Hellenic Capital Market Commission is the primary regulator for the capital markets of Greece. The commission not only oversees the capital markets but also ensures compliance by companies listed on the Athens Stock Exchange with capital market laws. Due to the regulatory power of the Hellenic Capital Market Commission, the Athens Stock Exchange has limited self-regulatory power.","Location: The ATHENS STOCK EXCHANGE (ATHEX) is located in Athens, 110 Athinon Ave. GR10442 Athens – GREECE. https://www.athexgroup.gr/sup 

The Athens Exchange Group provides support to the Greek Capital Market and participates also in the Energy Market since 2019. The Group offers financing tools and solutions to companies, expands investor choice by providing a safe, stable and easy environment in full alignment with international practices and the European regulatory framework. THE HELLENIC STOCK EXCHANGE – ATHENS STOCK EXCHANGE (ATHEX) is the parent company of the Group that supports the operation of the Hellenic Capital Market. The parent company and its 100% subsidiaries ATHEXClear and ATHEX CSD operate the organized equities and derivatives markets, the alternative market, perform clearing, settlement of trades and registration services, provide integrated IT solutions in the Greek capital market, and promote the development of the capital market concept in Greece.

Ownership (Any owner with more than 4% of the exchange)	THE GOLDMAN SACHS GROUP INC 5.34% 

SMALLCAP WORLD FUND 5.09%",,,,,,,,
Hungary,Budapest Stock Exchange,https://sseinitiative.org/stock-exchange/bse_hungary/,2021,ESG Reporting Guide,⬤,⬤,⬤,⬤,⬤,⬤,Budapest Stock Exchange,Hungary,50,"34,287.57 million US$",Yes,No,No,"Yes


At the end of March 2021, the BSE published its first ESG Reporting Guide for Issuers","Yes


BSE offers ESG training in cooperation with Budapest Institute of Banking (owned by the stock exchange). More details here.",No,No,"Yes


BSE Xtend market
BSE Xbond",No,,"Non-listed, for profit. 81,35% owned by the MNB (the Central Bank of Hungary).",MNB as the Central Bank of Hungary.,Government (Statutory) Model. Supervisory functions are separated and independent from ownership functions within the Central Bank.,"Location: Budapest, Hungary

The Budapest Stock Exchange Ltd. (BSE) creates a platform for Hungarian companies to grow and prosper. Our mission includes providing small and medium sized firms with expertise and financial support needed to join the stock exchange, as well as improving the financial culture in our society. BSE has a considerable history: it was originally established in 1864 and re-established after the fall of communism in 1990. Today we are following our 2016-2020 strategy to become more attractive for investors and companies alike. Our blue chip companies represent well the Hungarian economy, with the total market capitalization of listed firms standing at approximately US $33.8 billion. We are set to further develop the capital market ecosystem where issuers are creating exciting opportunities for domestic and international investors, both retail and institutional.
We recently introduced Xtend as a special market for medium sized companies to join the exchange. Furthermore, BSE has a joint programme together with ELITE, a company of the London Stock Exchange Group, which gives mentorship to up and coming Hungarian companies to learn about the ways they can grow using diverse financing opportunities. BSE is powered by Xetra, one of the fastest and most reliable trading systems in the world. (Source).",,,,,,,,
Iceland,Nasdaq Iceland,https://sseinitiative.org/stock-exchange/nasdaq-iceland/,2019,ESG Reporting Guide 2.0: A Support Resource for Companies (Also in Icelandic),⬤,⬤,⬤,⬤,,⬤,Nasdaq Iceland,Iceland,21,"18,632 million US$",Yes,Yes,No,"Yes


Released in March 2017 across Nasdaq’s Nordic and Baltic Exchanges.","Yes


Nasdaq Nordic and Baltic exchanges run a pilot program on ESG reporting.",No,"No


While not every Nasdaq office has a sustainability bond listing segment, Nasdaq Stockholm launched a new list for sustainable corporate bonds in 2015.","Yes


Nasdaq First North, since 2006.",No,"Nasdaq Progress Report 2014, United Nations Global Compact The Nasdaq speaks, moderates, sponsors, or otherwise exhibits at key industry events related to sustainability. (Source).
Nasdaq and CERES’ Investor Network on Climate Risk (INCR) is working with other partners to create an investor-centric sustainability reporting proposal for public companies and stock exchanges. (Source).
Nasdaq had a three-part article series in 2013, called Doing Well by Doing Good. (Source).
Nasdaq is a member of the United Nations Global Compact and Chair of the WFE Sustainability Working Group. (Source).
Board Member, US Global Compact US Network; Advisory Board Member, SASB.","Listed company for profit; demutualized in:
NASDAQ – 2000
OMX – 1993.",Icelandic Financial Supervisory Authority.,"Limited Exchange Self-Regulatory Organization (SRO) Model

Regulatory practices with regards to this exchange vary slightly from country to country. However, the exchanges operated by Nasdaq in each country appear to have basic regulatory oversight. However, the ultimate regulatory authority for each market lies with the regulatory bodies listed.","HQ Location: New York, New York

Nasdaq (Nasdaq: NDAQ) is a leading provider of trading, exchange technology, information and public company services across six continents. Through its diverse portfolio of solutions, Nasdaq enables customers to plan, optimize and execute their business vision with confidence, using proven technologies that provide transparency and insight for navigating today’s global capital markets. As the creator of the world’s first electronic stock market, its technology powers more than 70 marketplaces in 50 countries, and 1 in 10 of the world’s securities transactions. Nasdaq is home to more than 3,500 listed companies with a market value of over $8.8 trillion and more than 10,000 corporate clients. To learn more, click here or here.",,,,,,,,
India,Bombay Stock Exchange,https://sseinitiative.org/stock-exchange/bseindia/,2018,BSE Guidance Document on ESG Disclosures,⬤,⬤,,⬤,,⬤,BSE India Ltd.,India,4695,"1,116,275 million US$",Yes,"Yes


2018-19 Annual Report
2017-18 Annual Report","Yes


Dependent on size of company. (Source)","Yes


BSE (2018) Guidance Document on ESG Disclosures
BSE signed Memorandum of Understanding with GRI for creating awareness amongst companies and investors regarding ESG Disclosures
BSE – Carbon Disclosure Project (CDP) initiative. BSE signed Memorandum of Understanding with CDP India to jointly carry out activities for creating awareness about filing sustainability data / Environment, Social and Governance (ESG) data with CDP. CDP India is actively in touch with Top 200 (BSE-200 constituents) companies to encourage them to report non financial data. The data received from CDP will be used for the calculations of S&P BSE Carbonex.
Business Responsibility Report is mandatory for to 500 listed companies as per Market Capitalisation. BSE being a listed company and one the Top 500 Companies will be filing Business Responsibility Reporting every quarter.","Yes


BSE is organising workshops for corporates and investors with Global as well as Indian partners to provide traing in the area of ESG.","Yes


S&P BSE CARBONEX,
S&P BSE 100 ESG
S&P BSE GREENEX","Yes


The Bombay Stock Exchange (BSE)’s international arm, India International Exchange (India INX), announced in 2019 its exclusive green listing and trading platform called Global Securities Market (GSM). GSM Green will serve as a platform for fundraising and trading green, social, and sustainable bonds exclusively. Source","Yes


BSE SME, since 2012","Yes


There is a mandatory minimum rule of at least 1 woman on boards.
Source: Indian Parliament. (2013). Section 149(1)(b) of Companies act 2013.",BSE is a member of WFE Sustainability Working Group,Demutualized for profit; demutualized in 2005,Securities and Exchange Board of India (SEBI),"Strong Exchange Self-Regulatory Organization (SRO) Model

SEBI has the ability to install laws and regulations that dictate the operations of the stock markets in India. However, the Bombay Stock Exchange still possesses significant regulatory powers. For instance, the exchange can install its own listing requirements, such as the requirement for company’s of a certain size to disclose a CSR report, and it possesses its own market and member regulation responsibilities.","Location: Mumbai, India

Established in 1875, BSE Ltd. (formerly known as Bombay Stock Exchange Ltd.), is Asia’s first Stock Exchange and one of India’s leading exchange groups. Over the past 143 years, BSE has facilitated the growth of the Indian corporate sector by providing it an efficient capital-raising platform. Popularly known as BSE, the bourse was established as “The Native Share & Stock Brokers’ Association” in 1875. BSE is a corporatized and demutualised entity, with a broad shareholder-base which includes two leading global exchanges, Deutsche Bourse and Singapore Exchange as strategic partners. BSE provides an efficient and transparent market for trading in equity, debt instruments, derivatives, mutual funds. It also has a platform for trading in equities of small-and-medium enterprises (SME). More than 5000 companies are listed on BSE making it world’s No. 1 exchange in terms of listed members. The companies listed on BSE Ltd command a total market capitalization of USD 2.37 Trillion as of December 2017. (Source)
Largest shareholder is Deutsche Börse AG",,,,,,,,
India,National Stock Exchange of India,https://sseinitiative.org/stock-exchange/nse-india/,2022,NSE-SES Integrated Guide to Business Responsibility & Sustainability Report (BRSR),⬤,⬤,⬤,⬤,,⬤,National Stock Exchange of India (NSE),India,2013,"3,279,016.24 million US$",Yes,"Yes


The sustainability report is integrated into the annual report since 2011. The annual reports can be found here.","Yes


See the CIRCULAR CIR/CFD/CMD/10/2015 issued on November 04, 2015 on the  Format for Business Responsibility Report (BRR) by the Securities and Exchange Board in India (SEBI).

In 2021, SEBI updated the listing rules by introducing new reporting requirements on  ESG parameters called  the Business   Responsibility   and   Sustainability   Report   (BRSR). Source","Yes


NSE in association with Stakeholders Empowerment Services (SES) have carried out a study to assess and compare the disclosure practices reported in Business Responsibility Report (BRR) by Top 100 listed companies. The study has analysed BRR as well as Sustainability Reports of the sample companies by capturing data which is either straight forward quantitative or which can be quantified from BRR as well as Sustainability Reports of the sample companies. Report can be found here.
NSE in July 2020 published an analysis of ESG practices across 50 companies listed on National Stock Exchange of India Limited, spread across 12 different sectors.  This assessment of ESG practices gives a broader picture of India’s ESG footprint. The study is intended to act as a catalyst and inspire companies to follow better ESG practices. Additionally, it will provide investors with a tool to benchmark companies. Report on ESG practices of companies listed on National Stock Exchange of India Limited
NSE undertakes a lot of capacity building initiatives in the area of corporate governance. Various reports and links to the roundtable discussions have been hosted on the NSE webpage.
Business Responsibly and Sustainability Reporting (BRSR) sector specific guidance:
NSE in association with Stakeholders Empowerment Services (SES) has published a comprehensive guide that explains BRSR parameters along with guidance on how to measure and disclose for every Essential as well as Leadership Indicator.  The Guide has been specifically tailored for 38 Sub Sectors – as per SASB Standards to cover sector specific sustainability disclosure guidance. Every BRSR Indicator has been mapped to 5 Global frameworks viz. GRI, SDG, TCFD, CDP & SASB. The report can be found here.","Yes


In 2021, NSE provided a series of webinars on ESG topics: “ESG: An antidote to adversity“","Yes


S&P ESG India Index.
NIFTY100 ESG
NIFTY100 Enhanced ESG
NIFTY100 ESG Sector Leaders Index

See the list of thematic indices here","Yes


NIFTY India Sovereign Green Bond Jan 2033 Index
NIFTY India Sovereign Green Bond Jan 2028 Index","Yes


NSE India Emerge, since 2012.","Yes



Further, Indian Capital Market Regulator  – Securities and Exchange Board of India, has mandated top 1000 listed entities to have at least one independent woman director on their Boards. This has been introduced in phased manner where by April 01, 2019 top 500 companies required to comply with this requirement and by April 01, 2020 it was extended to top 1000 listed entities (by market capitalization as at the end of the immediate previous financial year). Given the regulatory push high compliance has been observed in this area. From the submissions made by companies listed on NSE mainboard, for quarter ended December 2021 we observe that 98% of them have women representation on their Board. More information on: Securities and Exchange Board of India (Listing Obligations and Disclosure Requirements) Regulations, 2015 [Last amended on April 25, 2022]","NSE India has put immense focus on issues around Inclusion – Gender Equality & Women on Boards. NSE India has 34% women employees on its role. They celebrate International Women’s Day every year to encourage women inclusion and appreciation in Financial Services.
NSE has been publishing Integrated report since past 3 years. Its report is also aligned to the recommendations made in the publication titled “How exchanges can embed sustainability within their operations” published by the United Nations Sustainable Stock Exchanges (SSE) initiative in collaboration with World Federation of Exchanges (WFE). The Global Reporting Initiative (GRI) standards and Sustainability Accounting Standards Board (SASB) standards have been referenced for devising Key Performance Indicators (KPIs) for material topics. Additionally, contributions to the United Nations Sustainable Development Goals (SDGs) have been mapped throughout its report.",Demutualized for profit.,"Indian Capital Markets are regulated and monitored by the Ministry of Finance, the Securities and Exchange Board of India and the Reserve Bank of India.

Securities and Exchange Board of India (SEBI).
Reserve Bank of India (RBI)

The Securities and Exchange Board of India (SEBI) is the regulatory authority established under the SEBI Act 1992 and is the principal regulator for Stock Exchanges in India. SEBI’s primary functions include protecting investor interests, promoting and regulating the Indian securities markets. All financial intermediaries permitted by their respective regulators to participate in the Indian securities markets are governed by SEBI regulations, whether domestic or foreign. Foreign Portfolio Investors are required to register with DDPs in order to participate in the Indian securities markets. More information on: www.sebi.gov.in The Reserve Bank of India (RBI) is governed by the Reserve Bank of India Act, 1934. The RBI is responsible for implementing monetary and credit policies, issuing currency notes, being banker to the government, regulator of the banking system, manager of foreign exchange, and regulator of payment & settlement systems while continuously working towards the development of Indian financial markets. The RBI regulates financial markets and systems through different legislations. It regulates the foreign exchange markets through the Foreign Exchange Management Act, 1999. More information on: www.rbi.gov.in NSE is governed by SECC Regulations issued by SEBI, SEBI Act, various regulations/ circulars/ guidelines etc. issued there under, RBI directives on forex trading, interest rate futures trading, debt securities trading, Prevention of Money Laundering Act and several other statutes that govern any employer/ corporate body in the country. NSE is a front line regulator with a focus on disciplined market development, market integrity and investor protection.",Limited Exchange Self-Regulatory Organization (SRO) Model,"Location: Mumbai, India

Incorporated in 1992, NSE was recognised as a stock exchange by Securities and Exchange Board of India (SEBI) in April 1993, commenced operations in 1994 and has been consistently ranked as the largest stock exchange in India in terms of total and average daily turnover for equity shares since 1995 (based on SEBI data). It is the largest derivatives exchange globally in terms of the number of contracts traded.
NSE is head-quartered in Exchange Plaza, Mumbai, India, with client-facing regional offices in Mumbai, Kolkata, Delhi, Chennai and Ahmedabad. NSE has 25 locations  in India where business is undertaken by the company, including offices in Indore, Kanpur, Pune, Jaipur, Cochin, Hyderabad, Bangalore, Patna, Lucknow, Vadodara, Raipur, Jammu, Shimla, Panjim, Ranchi, Guwahati, Chandigarh, Bhubaneshwar and Dehradun.",,,,,,,,
Indonesia,Indonesia Stock Exchange,https://sseinitiative.org/stock-exchange/idx/,2017,"Application of Sustainable Finance for Financial Services Institutions, Issuers and Public Companies (in Indonesian)",,,,,,,Indonesia Stock Exchange (IDX),Indonesia,852,"604,638.24 million US$",Yes,"Yes


First sustainability report published in 2018 Annual Report.","Yes


Sustainability reporting is required under Indonesia Financial Services Authority (Otoritas Jasa Keuangan) rule number 51/POJK.03/2017 (in Indonesian): Implementation of Sustaianability Finance for Financial Services Institutions, Issuers and Public Companies. (Source).

Delisting and Relisting Regulation requires Environmental Impact Reporting","Yes


Guidance for Sustainability Reporting can be found on Indonesia Financial Services Authority (Otoritas Jasa Keuangan) rule number 51/POJK.03/2017 regarding. The guidance and appendices can be found here, in Indonesian.
Environmental Reporting Guidance in Sustainability Reports (GRI & CDP) more guides on sustainability topics in English here","Yes


25 April 2019: Seminar Collaboration IDX With GRI “Business Reporting on the Sustainable Development Goals” (source 1, source 2, source 3).
5 February 2018: Introducing Green Bonds and Climate Bonds Initiative (source).
List of ESG related training held in 2021 here
May 2022: provided training on Climate-related Financial Disclosures (TCFD recommendations) in collaboration with the SSE, CDP and IFC. (source)
For more details on the on ESG training refer to the IDX sustainability reports","Yes


The Indonesia Stock Exchange has issued four ESG-based Indices.","Yes


The issuance of regulation that supports sustainability based financial instruments, such as Rule No. I-B which incentivizes the issuance of green bonds by giving annual listing fee discounts for the issuance of green bonds. (source)","Yes


As of 22 July 2019, the IDX launched a new listing board for SMEs named Acceleration Board. IDX now has three listing boards: Main Board, Development Board and Acceleration Board. See Acceleration Board here.
Please find the link to the regulation for the SME listing board here in Indonesian.",No,,Non Profit.,"IDX is operating under supervision of Indonesia Financial Services Authority (Otoritas Jasa Keuangan), however, IDX under OJK’s approval, provides its own Listing Rule and Listing Requirement.","Strong Exchange Self-Regulatory Organization (SRO) Model

In Indonesia, the capital markets are regulated by the Indonesian Capital Market and Financial Supervisory Agency. The agency is responsible for the supervision of the Indonesia Stock Exchange, the enforcement of the Capital Markets Act and of its own rules and regulations. The Indonesia Stock Exchange, on the other hand, is self-regulatory and regulates its own market and possesses the ability to enact rules on listing and membership requirements. However, there is no evidence that the exchange is able to regulate its members’ business conduct or participate in any more significant regulatory functions. Several additional tasks are handled by two other regulatory bodies: the Indonesian Central Securities Depository and the Indonesian Clearing and Guarantee Corporation.","Location: Jakarta, Indonesia

Indonesia Stock Exchange (IDX) is a nonprofit Self-Regulatory Organization (SRO). IDX operates under the supervision of Indonesia Financial Services Authority (Otoritas Jasa Keuangan). As the only Stock Exchange in Indonesia, IDX consistently promotes Indonesia Capital Market integrity and ensures that securities trading activities are exercised in an orderly, fair and efficient manner. IDX headquarter is in Jakarta, the capital city of Indonesia. To make sure financial iteration are spreading across Indonesia, IDX has 29 Representatives Offices and 412 Investment Galleries.",,,,,,,,
Ireland,Euronext Dublin,https://sseinitiative.org/stock-exchange/euronext-dublin/,2022*,ESG Reporting Guide - Target 1.5°C,⬤,⬤,⬤,⬤,⬤,⬤,Euronext Dublin,Ireland,40,"124,081 million US$",Yes,"Yes


There is a chapter in the annual report dedicated to sustainability activities, find all reports here.","Yes


The European directive on non-financial information reporting (NFRD) has been implemented into the Irish legal environment.
Moreover, Euronext Dublin supports and implements ESMA’s and National Competent Authorities stringent rules with regards to governance among its community of listed companies.","Yes


ESG Reporting Guide – Target 1.5°C","Yes


Through the Euronext Academy, see more details here.","Yes


See the list of indices on the Euronext website here. ESG/ISR indices fall under the tab “theme indices”. This list is automatically updated.","Yes


Euronext ESG Bonds is a community of ESG bond issuers where green, sustainability, social, blue and sustainability-linked bonds listed on all Euronext locations are consolidated onto one highly visible area. Details of the securities here.","Yes


Enterprise Securities Market, since 2005 (Irish Stock Exchange now known as Euronext Dublin)
Euronext Growth, Euronext Access, Euronext Access+. More information here.",No,"Euronext Dublin facilitates the listing of sustainable products through existing markets for equities, bonds and investment funds.",Listed company for profit.,"Central Bank of Ireland (CBI).
The Irish Ministry of Finance.
European Union (ESMA).","Limited Exchange Self-Regulatory Organization (SRO) Model

The Markets in Financial Instruments Directive (MiFID) classifies Euronext’s European cash markets as a regulated market. As such, the real-time monitoring performed by Euronext’s cash market operations and technical support is formally enforced, and trading rules and procedures are approved by six regulators. This regulatory and organizational system gives Euronext the power to efficiently manage crisis situations and extraordinary circumstances. Some of the markets organized by Euronext are exchange regulated, which means they are subject to a body of rules laid down by the market operator, Euronext. They are not regulated markets as defined by The Markets in Financial Instruments Directive (MiFID). These structured, exchange regulated markets (or MTF’s) offer simplified access to financial markets and streamlined listing requirements for companies from every sector of the economy, while ensuring compliance with rules on investor disclosure and the control of financial information. (Source).","Location: Dublin, Ireland

The Irish Stock Exchange Plc trading as Euronext Dublin (‘Euronext Dublin’) is authorized by the Central Bank of Ireland (‘CBI’) as a market operator pursuant to Article 56 (2) of the European Union (Markets in Financial Instruments) Regulation 2017 (S.I. 375/2017). As a market operator, Euronext Dublin operates one regulated market and three multi-lateral trading facilities and adopts rules for each of these markets to ensure fair and orderly trading and efficient order execution. In addition, Euronext Dublin has been appointed as the competent authority for listing by the department of Business, Enterprise and Innovation pursuant to the European Communities (Admission to Listing and Miscellaneous Provisions) Regulations 2007, as amended. The CBI is responsible for the regulation and supervision of regulated markets and market operators authorised in Ireland. Euronext Dublin is required to meet various legislative and regulatory requirements and failure to comply with these requirements could subject it to enforcement action by the CBI including significant penalties and/ or revocation of its authorisation as a market operator. https://www.euronext.com/en/markets/dublin Euronext is the leading pan-European exchange in the Eurozone, spanning Belgium, France, Ireland, Norway, the Netherlands, Portugal, the UK and Ireland. Created in 2000, it unites markets which date back to the start of the 17th century. It is the primary exchange in the Euro zone with nearly 1,500 listed issuers worth more than €4.5 trillion in market capitalization as of end May 2019, an unmatched blue chip franchise consisting of 20+ issuers in the Morningstar® Eurozone 50 Index℠ and a strong diverse domestic and international client base",,,,,,,,
Italy,Borsa Italiana (Euronext),https://sseinitiative.org/stock-exchange/borsa-italiana/,2022*,ESG Reporting Guide - Target 1.5°C,⬤,⬤,⬤,⬤,⬤,⬤,Borsa Italiana (Euronext),Italy,398,"1,610,000 million US$",Yes,"Yes


There is a chapter in the annual report dedicated to sustainability activities, find all reports here.","Yes


The Non-financial Reporting Directive (NFRD) applies to the members of the European Union.","Yes


ESG Reporting Guide – Target 1.5°C","Yes


Events dedicated to Sustainable Finance organized by Borsa Italiana can be found here.
More ESG-related courses are available on the Academy website","Yes


MIB® ESG Index: The MIB® ESG index combines measurement of economic performance with ESG considerations, in line with the United Nations (UN) Global Compact principles2. The composition of the index is based on ESG assessments performed by V.E, part of Moody’s ESG Solutions, who engage with issuers on their ESG performance.","Yes


Find more information here: Green and Social Bonds","Yes


Euronext Growth, Euronext Access, Euronext Access+. More information here

The listing process for SME’s on Borsa Italiana markets","Yes


There is a 40% mandatory minimum rule for women on boards.
Source: Law, 12/07/2011 n° 120 and Law, 2020",Sustainable Finance – Borsa Italiana,"Borsa Italiana S.p.A., reckoning that a fair and transparent running of the company, consistent with its mission, calls for a suitable process of identification, management and monitoring of the main company risks and the adoption and effective implementation of models capable of preventing commission of the penal offences, approved an Organizational, Management and Control Model, designed to prevent these offences, pursuant to legislative decree of 8 June 2003, which introduced the concept of “administrative responsibility” for companies, resulting from offences committed in the interest or to the advantage of the company itself by individuals in apical position or by employees subject to the direction or supervision of one of the aforesaid persons. More details here.",Commissione Nazionale per le Societa e la Borsa (CONSOB).,"The new segment of Borsa Italiana is the result of important regulatory changes introduced in 2012 with the “Decreto Sviluppo” and the “Decreto Sviluppo-Bis” and enriched later during 2013 and 2014 with “Piano Destinazione Italia”,”Decreto Competitività 2014″ and IVASS Regulations.

These innovations have the purpose to facilitate access to capital markets for Italian private companies, other than micro enterprises, particularly sensitive in times of financial crisis, given the average composition of their funding sources strongly focused on short-term bank debt. Two directions have been taken. On one side, to facilitate companies using capital instruments in order to reach a new equilibrium in the liabilities composition. On the other side, to direct institutional investors towards the real italian economy.

For more detail visit: The regulatory framework – Borsa Italiana","The Borsa di commercio di Milano (Milan Stock Exchange) was established by Eugène de Beauharnais, viceroy of the Napoleonic Kingdom of Italy, through decrees dated 16 January and 6 February 1808. It operated under public ownership until 1998, when it was privatized. In 1997, all the Italian stocks were merged. Before that year, other smaller stocks exchanges were based in Naples, Turin, Trieste, Venice, Genoa, Florence, Bologna, Rome, and Palermo. In 1991, the electronic exchanges were approved, and in 1994, the market with grids (A,B,C) was abolished. In Milan were also the currencies exchange rates fixing and the commodities fixing.

On 1 October 2007, Borsa Italiana was merged with the London Stock Exchange in an all-share takeover, thus becoming part of the London Stock Exchange Group. In March 2016, the London Stock Exchange Group announced the agreement to merge in an all-stock deal with Deutsche Borse, but was subsequently blocked by the EU Competition Regulator.

On 18 September 2020, the London Stock Exchange Group entered into exclusive talks to sell the Italian Bourse to Euronext. On 29 April 2021, following the entry of CDP Equity and Intesa San Paolo (Italian institutional investors) as shareholders of Euronext, the European group assumed control of the company.

For more detail visit the history of Borsa Italiana",,,,,,,,
Japan,Japan Exchange Group,https://sseinitiative.org/stock-exchange/jpx/,2020,Practical Handbook for ESG Disclosure (Also in Japanese),⬤,⬤,⬤,⬤,,,Japan Exchange Group,Japan,3885,"6,198,208.9 million US$",Yes,"Yes


“Environment and Regional Communities” and “Engagement with Society” sections in the Annual Report for 2017 and 2016. “Ensuring the sustainability of corporate value” section including subsection on “relationships with society and the natural environment” in 2014 and 2015 Annual Report. CSR section (including environment) in 2013 Annual Report
JPX Report 2022
JPX Report 2021
JPX Report 2020
JPX Report 2019
JPX Report 2018
JPX Report 2017
JPX Report 2016
Access the reports since 2013 here","No


If any environmental or social information is deemed to have a remarkable effect on investors’ investment decisions, it must be immediately disclosed using TDnet as required by the Exchanges’ Listing Rule and the issuer must file a material change report on TDnet if a change or correction should be made to the information disclosed.
The Exchange requires every listed company to prepare a report on corporate governance, which provides investors with information on corporate governance in a comparable format.
The Ministry of the Environment issued Environmental Reporting Guidelines in 2007.
Charter of Corporate Behavior","Yes


JPX published a “Practical Handbook for ESG Disclosure” (also in Japanese). The Handbook is to support listed companies who are choosing to work on ESG disclosure, linking their company’s mid- to long-term corporate value improvement to its sustainable growth.
On 3 June 2019, JPX announced the publication of the Japanese Translation of “Model Guidance for Companies on Reporting on ESG Information“. Download the Japanese translation here.
Corporate Governance Code incorporated into the Tokyo Stock Exchange listing rules not only sets forth comprehensive principles on governance issues, but also calls for taking appropriate measures to address sustainability issues, including the provision of non-financial information, on comply or explain basis.
Compliance with the corporate governance code can be found here.
See also: JPX ESG Knowledge Hub :
Introductions to the Main ESG Disclosure Frameworks (japanese),
ESG investment by institutional investors (japanese),
Introductions to ESG Ratings Agencies and Data Providers, and ESG Finance Ratings Providers (Japanese)","Yes


JPX and TSE offer research and booklets, e-learning and seminars/events on corporate value improvement, roles of an independent director, analysis on trends of governance structure at listed companies, integrated reporting and responsible investment (as of March 2018).
Training program for company executives (in Japanese).
E-learning (in Japanese).
Responsible Investment event (in Japanese).
Briefing on methodology for gender specific thematic listings (in Japanese).
8 March 2019: Ceremony and Symposium on the Occasion of International Women’s Day.
12 Feb 2019: JPX Co-hosted symposium on the TCFD Framework, welcoming Mary Schapiro, Special Advisory to the Chairman of the TCFD.
5 Nov 2018: JPX hosted Mark Carney, Governor of the Bank of England and Chair of the FSB for a discussion with issuers and investors on the FSB’s Task Force on Climate-related Financial Disclosures (TCFD)
4 Sept 2018: Symposium on responsible business conduct and ESG investment
A list of events co-hosted or supported by JPX can also be found here.
See also for 2022 activities JPX ESG Knowledge Hub :
ESG Information Disclosure Practical Seminar ,
List of Practical Seminars,
Related seminars","Yes


 JPX-Nikkei Index 400
 JPX-Nikkei Mid and Small Cap Index
JPX/S&P CAPEX&HUMAN CAPITAL INDEX.
See also here (in Japanese)","Yes


JPX launched a dedicated platform for Green and Social bonds on January 22, 2018. The platform allows issuers, at their discretion, to post information pertaining to Green and Social bonds, from among those listed on TOKYO PRO-BOND Market. If an issuer wishes to post information pertaining to a bond listed on TOKYO PRO-BOND Market through the platform for Green and Social bonds, the issuer is required to submit to TSE the information about green or social use of proceeds pertaining to said bond, and such information will be posted on the platform. In addition, issuers can post such information as external reviews, continued reporting after bond issuance, and other related information.
Japan’s Environmental Ministry issued Green bond guidelines in 2017, found here.","Yes


Mothers, since 2006.",No,"TSE and the Ministry of Economy, Trade and Industry (METI) annually select listed companies in recognition of outstanding efforts in promoting women empowerment and employee health and productivity.
TSE operates an infrastructure fund market to facilitate investment in renewable energy facilities and other infrastructure.
Sustainability section of the website
List of partners can be found here.",Listed company for profit; TSE & OSE demutualized in 2001.,Financial Services Agency.,"Strong Exchange SRO Model

The Financial Instruments and Exchange Act (FIEA) requires financial instruments exchanges to fulfill self-regulatory functions. Japan Exchange Regulation (JPX-R) is a self-regulatory organization established by JPX, to perform self-regulation on behalf of TSE and Osaka Exchange. Independence and fairness of JPX-R is assured by many arrangements, including its organization structure where a majority of board of governors is comprised of outside governors. At the same time, JPX-R can leverage its proximity to the market operators and expertise across corporate group, and this enables JPX-R to respond swiftly to new market developments.","Location: Tokyo, Japan.

JPX offers Japan’s most comprehensive integrated market infrastructure, with its business domain covering cash and derivatives market operation, self-regulation, and clearing. Tokyo Stock Exchange is home to more than 3,600 companies and a wide variety of ETP and REIT products, while Osaka Exchange provides highly liquid derivative products. In addition to efficient, stable and transparent market mechanisms offered by two bourses, self-regulation at Japan Exchange Regulation and CCP functions provided by Japan Securities Clearing Corporation also contribute to trust and confidence in its market infrastructure. JPX also drives efforts to enhance corporate value and sustainability, through advancing corporate governance reforms and offering ESG related indices and products. For more information about JPX and JPX subsidiaries:
Japan Exchange Group, Inc. (Company Profile)
Tokyo Stock Exchange, Inc. (Company Profile)
Osaka Exchange, Inc. (Company Profile)
Japan Exchange Regulation (Company Profile)
Japan Securities Clearing Corporation (About JSCC)",,,,,,,,
Jordan,Amman Stock Exchange,https://sseinitiative.org/stock-exchange/ase/,2018,Guidance on Sustainability Reporting (Also in Arabic),⬤,,,,,,Amman Stock Exchange (ASE),Jordan,167,"24,668.55 million US$",Yes,"Yes


ASE started to issue the sustainability from the year 2020 as integrated into the annual report:

2020

2021","Yes


ASE has mandatory sustainability reporting as a listing rule for companies listed on ASE20. (source)

See also article 9.4 from the Listing Securities Directives.","Yes


In 2022, ASE published a guidance on ESG","Yes


In 2021, ASE held training for companies listed on the ASE20 index, and held a roundtable for CEOs and Chairpersons on sustainability.

In 2022, ASE launched the Corporate Climate Disclosure Initiative with IFC. More details can also be found here.

In 2023, ASE participated in an event entitle “DEMYSTIFYING ESG: What regulated companies and their advisors need to Know”",No,No,No,No,"Hosted 3rd annual “Ringing Bell for Gender Equality Stock Exchange Initiative” in March 2017, in cooperation with the IFC, to celebrate Women’s International Day.
The exchange launched two sustainability brochures in 2018: Sustainability 1 focuses on Sustainable Development and the UN’s Sustainable Development Goals, with information for companies on sustainability reporting and sustainable business practices. Sustainability 2 dives deeper into sustainability reports and reporting frameworks.",A for profit public shareholding company completely owned by the government.,The ASE is governed by a seven-member board of directors appointed by the council of ministers and full-time chief executive officer. The ASE is supervised by the Jordan Securities Commission (JSC).,"Limited Exchange Self-Regulatory Organization (SRO) Model

The Amman Stock Exchange is able to administer and implement its own rules, however the Jordan Securities Commission oversees the activities and rule making of the exchange itself. Thus, although the exchange does indeed possess this self-regulatory ability, the ultimate decision falls upon the Jordan Securities Commission. Because of the level of supervision implemented upon the exchange by the Jordan Securities Commission, the exchange is classified as a ‘Limited Exchange Self-Regulatory Organization (SRO) Model’.","Location: Amman, Jordan

The Amman Stock Exchange (ASE) was established in March 1999 as a non-profit independent institution; authorized to function as a regulated market for trading securities in Jordan. On February 20th 2017, the ASE has been registered as a public shareholding company completely owned by the government under the name “The Amman Stock Exchange Company (ASE Company).” The ASE Company shall be the legal and factual successor to the ASE. The ASE Company is governed by a seven-member board of directors appointed by the Council of Ministers and a full time chief executive officer oversees day-to-day responsibilities. The ASE Company aims to operate, manage and develop the operations and activities of securities, commodities, and derivatives markets inside and outside Jordan. The ASE membership is comprised of Jordan’s 59 brokerage firms. (Source).",,,,,,,,
Kazahkstan,Kazakhstan Stock Exchange,https://sseinitiative.org/stock-exchange/kase/,2018*,"Methodology of preparing an Environmental, Social and Governance report",⬤,⬤,,⬤,,,Kazakhstan Stock Exchange (KASE),Kazakhstan,147,"65,696.92 million US$",Yes,No,"Yes


See Rules for Information Disclosure by Admittance Initiators of securities: Appendix 3 Requirements of the Exchange for the disclosure of information by the issuer in its annual report","Yes


Methodology on preparing an ESG report, first version released in 2016, updated in 2018 in cooperation with IFC.","Yes


Over the past years, KASE together with local and international experts have been holding regular events and trainings to explain and promote ESG information disclosure and green finance among issuers and wide range of local companies.

In 2021, KASE provided training on Climate-related Financial Disclosures (TCFD recommendations) in collaboration with the SSE, CDP and IFC. (source)",No,"Yes


In November 2020 the Asian Development Bank (ADB) issued first green bonds on KASE. To date KASE created infrastructure for the issuance and placement of green, social and other sustainable bonds. In particular, KASE determined the conditions for listing sustainable bonds, established listing fee incentives.","Yes


The Alternative platform on KASE, in addition to the Main platform, is a separate platform integrated to the systems with a unique structure.  It was based on the international practice of allocating separate platform for securities of small and medium-sized enterprises (SME), as well as establishing requirements for such companies to disclose information only within the limits established by law, more information here.",No,"Attracting international rating and audit companies that have the right to provide an independent assessment (verification) of “green” and other ESG bonds for compliance with international standards
Since 2018, an annual bell-ringing ceremony has been held in KASE as part of the “Ring the Bell for Gender Equality” global initiative.
In October 2020, KASE approved its own Sustainable Development Policy",Private company for profit; demutualized in 1993.,Agency of the Republic of Kazakhstan for Regulation and Development of the Financial Market (webpage),"Limited Exchange Self-Regulatory Organization Model

The National Bank of Kazakhstan is responsible for the regulation of the securities market in Kazakhstan as delegated by the Republic of Kazakhstan National Commission on Securities in 2001. However, by looking at the stock exchange’s website it appears that the stock exchange has limited regulatory authority over listing rules and disclosure.","Location: Almaty, Kazakhstan

KASE was founded on November 17, 1993 under the name “Kazakh Interbank Currency Exchange” two days after the introduction of the national currency of Kazakhstan – tenge
KASE is a commercial organization operating in the organizational and legal form of a joint stock company
KASE mission: Contribute to the economic growth of Kazakhstan by providing a wide range of tools to attract financing from domestic issuers, providing a platform for redistributing liquidity in the financial system, and providing a transparent investment environment for local and foreign investors
Today KASE is the universal financial market with established mechanisms for interaction of all participants. It is a trading platform for corporate and government securities, bonds of international financial institutions, foreign currencies, money market operations – repo and swap, as well as derivatives. KASE is a member of the International Federation of Stock Exchanges (WFE), the Federation of Eurasian Stock Exchanges (FEAS) and other international and domestic professional associations, as well as a participant in the UN initiative “Stock Exchanges for Sustainable Development”.",,,,,,,,
Kenya,Nairobi Securities Exchange,https://sseinitiative.org/stock-exchange/nse-kenya/,2021,ESG Disclosures Guidance Manual,⬤,,,,,⬤,Nairobi Securities Exchange (NSE),Kenya,62,"22,915.78 million US$",Yes,"Yes


Included in the Integrated Report and Financial Statements. All of the reports can be found here.","Yes


In its ESG Guidance, published in 2021, NSE requires ESG reporting for listed companies. More information here.","Yes


Nairobi Securities Exchange ESG Disclosures","Yes


Nairobi Securities Exchange co-hosted TCFD training in March 2023, in collaboration with the SSE, IFC and CDP. (source)

In 2023, NSE held several times courses on ESG-related topics (ESG Masterclass), see the 2023 Training Calendar",No,"No


However, published draft document of The Kenya Green Bond Programme, outlining a way forward for green bonds in Kenya. (Source). NSE also has a dedicated page on Green Bonds.","Yes


NSE Growth and Enterprise Market Segment (Kenya), since 2013.",No,"Part of the UN Global Compact.
Signed the Code of Ethics for Business in Kenya.
Promotes the Fire Award, a prestigious award in East Africa for businesses that prioritize integrated ESG reporting in financial reports.
Participated in “Ring the Bell for Gender Equality” in 2016.",Public listed company. Demutualised. June 2014.,Capital Markets Authority (CMA).,"The NSE is subject to regulation by the CMA. However, from September 2016, the Exchange will become a Limited Self-Regulatory Organisation.","Location: Nairobi, Kenya.

The Nairobi Securities Exchange (NSE) is a leading African Exchange, based in Kenya – one of the fastest-growing economies in Sub-Saharan Africa. Founded in 1954, NSE has a six decade heritage in listing equity and debt securities. It offers a world class trading facility for local and international investors looking to gain exposure to Kenya and Africa’s economic growth.

NSE demutualized and self-listed in 2014. Its Board and management team are comprised of some of Africa’s leading capital markets professionals, who are focused on innovation, diversification and operational excellence in the Exchange.

NSE is playing a vital role in the growth of Kenya’s economy by encouraging savings and investment, as well as helping local and international companies access cost-effective capital. NSE operates under the jurisdiction of the Capital Markets Authority of Kenya. It is a full member of the World Federation of Exchange, a founder member of the African Securities Exchanges Association (ASEA) and the East African Securities Exchanges Association (EASEA). The NSE is a member of the Association of Futures Market and is a partner exchange in the United Nations-led SSE initiative. Source",,,,,,,,
Kuwait,Boursa Kuwait,https://sseinitiative.org/stock-exchange/boursa-kuwait/,2021*,Sustainability Disclosure Guide,⬤,⬤,,⬤,,⬤,Boursa Kuwait,Kuwait,167,"136,620.46 million US$",Yes,"Yes



2021 Sustainability Report",No,"Yes


ESG Reporting Guide 2021: Unified Direction for a Sustainable Future
Boursa Kuwait produced a Sustainability Disclosure Guide in December 2017.","Yes


Sustainability action plan, December 2017
Group engagement sessions presenting the business case of sustainability and how investors use ESG information.
Individual engagement sessions with top tier listed issuers to ensure progress on adoption in sustainability reporting.
Training sessions for senior executives on the business case of sustainability and its implications.","No


Boursa Kuwait has plans to set an ESG index to further stimulate ESG disclosure among listed issuers.",No,No,No,"Boursa Kuwait has partnered with Sustainability Excellence – a leading provider of sustainability reporting, research, and advisory services in the Middle East – to support Boursa Kuwait and its issuers in their sustainability journey. (Source).
Through an external service provider, every listed company in the main market has independently received a comprehensive and free ESG assessment of current ESG performance.
Sustainability is listed as key element within corporate governance framework.",Unlisted private company for profit – demutualized in October 2016.,Capital Markets Authority (Kuwait).,"Limited Exchange Self-Regulatory Organization (SRO) Model

Boursa Kuwait has a basic level of regulatory authority. However, Capital Markets Authority (Kuwait) is the overall regulator of Boursa Kuwait.","Location: Kuwait City, Kuwait

Boursa Kuwait is the private entity that was established in April 2014 with the aim to manage the exchange and progressively develop Kuwait’s stock market operations, while delivering transparency, efficiency and accessibility.Boursa Kuwait’s strategic approach focuses on the development of investment tools, restructuring the market to increase its competitiveness, working to increase liquidity, and attracting investments.To ensure its successful transition, Boursa Kuwait has brought in a pool of experts and has devised a specific transition strategy. This strategy focuses on ensuring smooth progress as the company’s services expand and on enhancing the overall status of the Kuwait market. It addresses market needs by introducing new products and tools, and upgrading Kuwait Stock Exchange’s infrastructure and business environment to international standards. Through this approach Boursa Kuwait is creating a robust, transparent and fair capital market platform that serves all relevant asset classes, whilst focusing on clients’ interests. For more information on Boursa Kuwait, please click here.",,,,,,,,
Latvia,Nasdaq Riga,https://sseinitiative.org/stock-exchange/nasdaq-riga/,2019,ESG Reporting Guide 2.0: A Support Resource for Companies,⬤,⬤,⬤,⬤,,⬤,Nasdaq Riga,Latvia,22,917 million US$,Yes,"Yes


Sustainability Section on Website.
Sustainability Report 2017.
Corporate Governance section in 2017 Annual Report.",No,"Yes


ESG Report Guide released in March 2017 across Nasdaq’s Nordic and Baltic Exchanges.","Yes


Nasdaq Nordic and Baltic exchanges run a pilot program on ESG reporting.",No,"Yes


Riga/Tallinn/Vilnius, Nasdaq Baltic Market, June 18, 2018– Nasdaq.",No,No,"Nasdaq Progress Report 2014, United Nations Global Compact.
The Nasdaq speaks, moderates, sponsors, or otherwise exhibits at key industry events related to sustainability. (Source).
Nasdaq and CERES’ Investor Network on Climate Risk (INCR) is working with other partners to create an investor-centric sustainability reporting proposal for public companies and stock exchanges. (Source).
Nasdaq had a three-part article series in 2013, called Doing Well by Doing Good. (Source).
Nasdaq is a member of the United Nations Global Compact and Chair of the WFE Sustainability Working Group. (Source).
Board Member, US Global Compact US Network; Advisory Board Member, SASB.","Listed company for profit; demutualized in:
NASDAQ – 2000
OMX – 1993",Latvia – Financial and Capital Market Commission.,"Limited Exchange Self-Regulatory Organization (SRO) Model.

Regulatory practices in regards to this exchange vary slightly from country to country. However, the exchanges operated by Nasdaq in each country appear to have basic regulatory oversight. However, the ultimate regulatory authority for each market lies with the regulatory bodies listed.","HQ Location: New York, New York. Nasdaq

(Nasdaq: NDAQ) is a leading global provider of trading, clearing, exchange technology, listing, information and public company services. Through its diverse portfolio of solutions, Nasdaq enables customers to plan, optimize and execute their business vision with confidence, using proven technologies that provide transparency and insight for navigating today’s global capital markets. As the creator of the world’s first electronic stock market, its technology powers more than 90 marketplaces in 50 countries, and 1 in 10 of the world’s securities transactions. Nasdaq is home to approximately 3,900 total listings with a market value of approximately $13 trillion. To learn more, click here.",,,,,,,,
Lithuania,Nasdaq Vilnius,https://sseinitiative.org/stock-exchange/nasdaq-vilnius/,2019,ESG Reporting Guide 2.0: A Support Resource for Companies,⬤,⬤,⬤,⬤,,⬤,Nasdaq Vilnius,Lithuania,32,"5,746 million US$",Yes,"Yes


Sustainability Section on Website.
Sustainability Report 2017.
Corporate Governance section in 2017 Annual Report.",No,"Yes


ESG Report Guide released in March 2017 across Nasdaq’s Nordic and Baltic Exchanges.","Yes


Nasdaq Nordic and Baltic exchanges run a pilot program on ESG reporting.",No,"Yes


Riga/Tallinn/Vilnius, Nasdaq Baltic Market, June 18, 2018– Nasdaq.",No,No,"Nasdaq Progress Report 2014, United Nations Global Compact.
The Nasdaq speaks, moderates, sponsors, or otherwise exhibits at key industry events related to sustainability. (Source).
Nasdaq and CERES’ Investor Network on Climate Risk (INCR) is working with other partners to create an investor-centric sustainability reporting proposal for public companies and stock exchanges. (Source).
Nasdaq had a three-part article series in 2013, called Doing Well by Doing Good. (Source).
Nasdaq is a member of the United Nations Global Compact and Chair of the WFE Sustainability Working Group. (Source).
Board Member, US Global Compact US Network; Advisory Board Member, SASB.","Listed company for profit; demutualized in:
NASDAQ – 2000
OMX – 1993",Lithuania – Bank of Lithuania.,"Limited Exchange Self-Regulatory Organization (SRO) Model.

Regulatory practices in regards to this exchange vary slightly from country to country. However, the exchanges operated by Nasdaq in each country appear to have basic regulatory oversight. However, the ultimate regulatory authority for each market lies with the regulatory bodies listed.","HQ Location: New York, New York.

Nasdaq (Nasdaq: NDAQ) is a leading global provider of trading, clearing, exchange technology, listing, information and public company services. Through its diverse portfolio of solutions, Nasdaq enables customers to plan, optimize and execute their business vision with confidence, using proven technologies that provide transparency and insight for navigating today’s global capital markets. As the creator of the world’s first electronic stock market, its technology powers more than 90 marketplaces in 50 countries, and 1 in 10 of the world’s securities transactions. Nasdaq is home to approximately 3,900 total listings with a market value of approximately $13 trillion. To learn more, click here.",,,,,,,,
Malaysia,Bursa Malaysia,https://sseinitiative.org/stock-exchange/bursa-malaysia/,2018*,Sustainability Reporting Guide,⬤,⬤,⬤,⬤,,⬤,Bursa Malaysia (Malaysian Exchange),Malaysia,976,"370,837.50 million US$",Yes,"Yes


Bursa Malaysia has several years’ worth of standalone sustainability reports available on its website.","Yes


In October 2015, Bursa Malaysia issued amendments to the Main Market Listing Requirements (“Main LR”) and ACE Market Listing Requirements (“ACE LR”) (collectively referred to as the “LR”) relating to sustainability statements in annual reports (“Sustainability Amendments”). Under the Sustainability Amendments, listed issuers are required to disclose a narrative statement of the management of material economic, environmental and social (“EES”) risks and opportunities (“Sustainability Statement”) in their annual reports. This replaces the existing statement on the corporate social responsibility (“CSR”) activities or practices required to be disclosed by listed issuers. For the Main Market listed issuers, they are also required to include in their Sustainability Statement, the prescribed information as set out in Practice Note 9 of the Main LR such as the governance structure, the scope of the Sustainability Statement and the management of material EES risks and opportunities (“material sustainability matters”). The prescribed disclosure is not applicable to ACE Market listed corporations given the type and size of the listed corporations. In addition to the above, the LR also encourages all listed issuers to refer to the Sustainability Reporting Guide (described below) as a best practice when preparing the Sustainability Statement and in identifying material sustainability matters. The Sustainability Amendments take effect on a staggered basis over a period of 3 years, starting from 31 December 2016 to 31 December 2018.
For more details refer to Chapter 9 of the Main Market Listing Requirements and to Chapter 9 of the ACE Market Listing Requirements","Yes


The Sustainability Reporting Guide (3rd Edition) can be found here.
More resources are available here.","Yes


In 2022, Bursa Malaysia provided training on Climate-related Financial Disclosures (TCFD recommendations) in collaboration with the SSE, CDP and IFC. (source)

Bursa Malaysia provides an e-learning course “Introduction to Sustainability”

See also past event on ESG-related topics here.","Yes


FTSE4Good Bursa Malaysia Index, FTSE4Good Bursa Malaysia Shariah Index, FTSE Bursa Malaysia Top 100 ESG Low Carbon Select Index, FTSE Bursa Malaysia Top 100 ESG Low Carbon Select Shariah Index. Source",No,"Yes


ACE Market
LEAP 
since 2009.","Yes


Busa Malaysia had announced the requirement for PLCs with market capitalisation of RM2 billion as at 31 December 2021, to appoint at least one woman Board member by 1 September 2022. For the remaining PLCs, the requirement must be complied with by 1 June 2023.

See also Bursa Malaysia Listing Requirements on Corporate Governance here.

According to the Malaysian Code on Corporate Governance 2027, p.24, “For Large Companies, the board must have at least 30% women directors.” (source)","Bursa Malaysia launched on April 24, 2018 BURSASUSTAIN, a one-stop portal on corporate governance and sustainability. It provides users (i.e. listed issuers, investors and other stakeholders) with ease of access to current information on corporate governance, sustainability as well as responsible investment.",Listed company for profit; demutualized in 2004.,Securities Commission.,"Strong Exchange Self-Regulatory Organization (SRO) Model

Bursa Malaysia is an exchange holding company approved under section 15 of the Capital Markets and Services Act 2007 by the Securities Commission (“SC”) being the primary regulator of the capital market. Bursa Malaysia is the frontline regulator and has the duty to maintain a fair and orderly market in the securities and derivatives that are traded through its facilities. In this regard, Bursa Malaysia has put in place a comprehensive and effective regulatory and supervisory framework to regulate the market, its participants and listed issuers. In this respect, Bursa Malaysia has issued various sets of rules to stipulate the requirements that need to be met by the regulated entities either upon admission and/or on a continuing basis. It administers and monitors compliance with these rules and takes strict, prompt and objective enforcement action for breaches of these rules. Bursa Malaysia actively supervises the listed issuers and the participants. It also undertakes surveillance over the trading activities in the marketplace. The SC supervises and monitors Bursa Malaysia to ensure that Bursa Malaysia performs its regulatory duties and obligations in an effective manner. Under the law, the SC’s approval is required for changes to Bursa Malaysia’s rules.","Location: Kuala Lumpur, Malaysia.

Established in 1973, Bursa Malaysia demutualised and became an exchange holding company in 2004, and subsequently listed on Bursa Malaysia Securities Berhad (MYX: 1818) in 2005. Today, it is one of the largest bourses in Asia, hosting more than 900 public listed companies across 60 economic activities. We operate and regulate a fully integrated exchange offering a comprehensive range of exchange-related facilities including listing, trading, clearing, settlement and depository services. We offer a diverse spread of products covering equities, derivatives, offshore listings and services and bonds and Islamic offerings. In assisting the development of the Malaysian capital market, Bursa Malaysia is committed to provide the infrastructure needed to create a globally competitive and vibrant marketplace. (Source).",,,,,,,,
Mexico,Bolsa Mexicana de Valores,https://sseinitiative.org/stock-exchange/bmv/,2017,Sustainability Guide: Towards Sustainable Development of Companies in Mexico,⬤,⬤,,⬤,,⬤,Bolsa Mexicana de Valores (Mexican Stock Exchange),Mexico,144,"459,707.62 million US$",Yes,Yes,No,"Yes


Detailed sustainability guide launched in 2017
Best Practice Corporate Governance Code (in Spanish)","Yes


Offers diplomas in corporate governance and climate finance.
In 2022, Bolsa Mexicana de Valores provided training on Climate-related Financial Disclosures (TCFD recommendations) in collaboration with the SSE, CDP and IFC. (source)","Yes


S&P/BMV Total Mexico ESG Index, more details in English and Spanish.
ISRS Sustainability Index: Índice IPC Sustentable (ISRS).","Yes


10 labeled bonds have been issued in Mexico, 4 of which were Sustainable Bonds with a special designation in their ticker symbol.
Developed Green Bonds Principles MX along with Climate Finance Advisory Group (CCFC) in 2017.",No,No,Social responsibility section on website,Listed company for profit; demutualized in 2008,Comision Nacional Bancaria de Valores (CNBV),"Limited Exchange Self-Regulatory Organization (SRO) Model

The Bolsa Mexicana de Valores does not require the Comision Nacional Bancaria de Valores’ (CNBV) permission to install regulations. However, the CNBV has the authority to veto any installed regulations, remove officers or directors and revoke the self-regulatory status of the exchange. Additionally, exchanges must report to the CNBV on their adherence to any imposed self-regulatory practices.","Location: Mexico City, Mexico

BMV Group is a fully integrated Exchange Group that operates cash, listed derivatives and OTC markets for multiple asset classes, including equities, fixed income and exchange traded funds, as well as custody, clearing and settlement facilities and data products for the local and international financial community. BMV is the second largest stock exchange in Latin America with a total market capitalization of over US$ 530 billion. (More here)",,,,,,,,
Morocco,Bourse de Casablanca,https://sseinitiative.org/stock-exchange/casablanca_bourse/,2017,Guide sur la Responsabilité Sociètale des Enterprises et le reporting ESG,⬤,,,⬤,,,Bourse de Casablanca (Casablanca Stock Exchange),Morocco,76,"76,293.28 million US$",Yes,"No


Annual Report contains a few highlights in the area of sustainability.","Yes


AMMC Circular No. 03/19, Chapitre II. Gouvernance, deontologie et rapport <>. Section 3: Rapport ESG","Yes


Released Guide sur la Responsabilité Sociétale des Entreprises et le reporting ESG (in French) on CSR and ESG reporting in May 2017, in conjunction with the AMMC.",No,No,"No


Organized the Marrakech Pledge for Fostering Green Capital Markets during COP22 in September 2016.
Partnered with the Moroccan Capital Markets Authority and the SSE in a conference during COP22, titled “Encouraging green capital markets in the South.”","Yes


Development Market.","Yes


There is a 30% mandatory minimum rule for women on boards (Source)",,Private company for profit.,The Conseil Deontologique des Valeurs Mobilières (CDVM).,"Limited Exchange Self-Regulatory Organization (SRO) Model

Very few exchanges in the MENA region are entirely self-regulated. The Conseil Deontologique des Valeurs Mobilières (CDVM) is the primary regulatory authority in Morocco and is responsible for issuing listing requirements and overseeing the Casablanca Stock Exchange. Additionally, most regulatory laws adhered to in Morocco have come by royal decree. As a result, the Casablanca Stock Exchange has limited regulatory power.","Location: Casablanca, Morocco

The Casablanca Stock Exchange was established in 1929. At that time, it was known as the “Office de Compensation des Valeurs Mobilières” (Office for Clearing of Transferable Securities). The growing importance of the securities market and the introduction of foreign exchange controls prompted the authorities at that time to improve and regulate the Stock Exchange’s organisation and operations. The market’s organisational shortcomings hindered however its attractiveness at a time when domestic investors showed a growing interest in stock market investment. To overcome such shortcomings, reforms were undertaken in 1967, providing Morocco’s financial markets with a well-organised legal and technical framework. Following these reforms, in 1986, Morocco embarked on a Structural Adjustment Programme which was completed ten years later. This Programme enabled Morocco to consolidate its fundamentals and successfully bring under control its high level of debt and inflation. (Source)",,,,,,,,
Netherlands,Euronext Amsterdam,https://sseinitiative.org/stock-exchange/euronext-amsterdam/,2022*,ESG Reporting Guide - Target 1.5°C,⬤,⬤,⬤,⬤,⬤,⬤,Euronext Amsterdam,Netherlands,164,"1,131,876 million US$",Yes,"Yes


There is a chapter in the annual report dedicated to sustainability activities, find all reports here.","Yes


The European directive on non-financial information reporting (NFRD) has been implemented into the Dutch legal environment.
Moreover, Euronext Amsterdam supports and implements ESMA’s and National Competent Authorities stringent rules with regards to governance among its community of listed companies","Yes


ESG Reporting Guide – Target 1.5°C","Yes


Through the Euronext Academy, see more details here.","Yes


See the list of indices on the Euronext website here. ESG/ISR indices fall under the tab “theme indices”. This list is automatically updated.","Yes


Euronext ESG Bonds is a community of ESG bond issuers where green, sustainability, social, blue and sustainability-linked bonds listed on all Euronext locations are consolidated onto one highly visible area. Details of the securities here.","Yes


Euronext Growth, Euronext Access, Euronext Access+. More information here.",No,"Euronext supports climate friendly innovations by financing Cleantech SME’s benefitting from major Euronext initiatives:

TechShare: 27 Cleantech have followed the program on how to leverage capital markets
Tech40 Index: 10% of this increasingly important index is made up of Cleantech SME’s
Morningstar: the program fully covers the scope of Cleantech SME issuers (55).",Listed company for profit; demutualized in 2000,"De Nederlandsche Bank.
The Netherlands Authority for the Financial Markets (AFM).
The Dutch Ministry of Finance.
European Union (ESMA).","Government (Statutory) Model

The Markets in Financial Instruments Directive (MiFID) classifies Euronext’s European cash markets as a regulated market. As such, the real-time monitoring performed by Euronext’s cash market operations and technical support is formally enforced, and our trading rules and procedures are approved by our five regulators. This regulatory and organizational system gives Euronext the power to efficiently manage crisis situations and extraordinary circumstances. Some of the markets organized by Euronext are exchange regulated, which means they are subject to a body of rules laid down by the market operator, Euronext. They are not regulated markets as defined by the Markets in Financial Instruments Directive (MiFID). These structured, exchange regulated markets offer simplified access to financial markets and streamlined listing requirements for companies from every sector of the economy, while ensuring compliance with rules on investor disclosure and the control of financial information. (Source).","Location of the listed holding: Amsterdam, Netherlands.

Both Euronext and Euronext Amsterdam have an exchange licence from the Dutch authorities to operate regulated markets. This means that they are subject to the regulation and supervision of the Dutch Minister of Finance and the Autoriteit Financiële Markten (“AFM”). Since the creation of Euronext in 2000, the Dutch regulators have taken the view that the direct parent company of Euronext Amsterdam, as controlling shareholder, has to be seen as co-market operator and, accordingly, also requires an exchange licence. Pursuant to section 5:26 paragraph 1 of the Dutch Financial Supervision Act it is prohibited in the Netherlands to operate or to manage a regulated market without a licence granted by the Dutch Minister of Finance. The Dutch Minister of Finance may, at any time, amend or revoke the licence if necessary to ensure the proper functioning of the markets or the protection of investors. The licence may also be revoked for non-compliance with applicable rules. Euronext is the leading pan-European exchange in the Eurozone, spanning Belgium, France, Ireland, Norway, the Netherlands, Portugal, the UK and Ireland. Created in 2000, it unites markets which date back to the start of the 17th century. It is the primary exchange in the Euro zone with nearly 1,500 listed issuers worth more than €4.5 trillion in market capitalization as of end May 2019, an unmatched blue chip franchise consisting of 20+ issuers in the Morningstar® Eurozone 50 Index℠ and a strong diverse domestic and international client base.",,,,,,,,
New Zealand,New Zealand Stock Exchange,https://sseinitiative.org/stock-exchange/nzx/,2017,"Environmental, Social and Governance: NZX Guidance Note",⬤,⬤,⬤,⬤,,⬤,New Zealand Stock Exchange,New Zealand,125,"108,121 million US$",Yes,"No


However, Annual Report contains Corporate Governance section (pg 27).",No,"Yes


Published ESG Guidance in December 2017, which was updated in April 2023. See the updated version here.
Published Corporate Governance Code in May 2017, which was updated in April 2023. See the updated version here. The Code now requires the issuer to provide non-financial ESG disclosure at least annually.",No,No,"No


Promoting growth of local green bond market (Annual Report 2017, pg 11).","Yes


NXT
NZX Alternative Market (NZAX)
since 2015",No,"Signed an MOU in January 2018 with the Hong Kong Exchanges and Clearing Limited (HKEX) to promote cooperation as well as sustainability and green finance initiatives across the Asia-Pacific markets.
Signed a similar MOU in March 2018 with the Singapore Exchange (SGX).",Listed company for profit; demutualized in 2002.,Financial Markets Authority.,"Limited Exchange Self-Regulatory Organization (SRO) Model

The New Zealand Exchange (NZE) co-regulates the stock exchange with the Financial Markets Authority (FMA). However, the FMA has ultimate regulatory approval and is in charge of enforcing securities, company reporting, and company laws.","Location: Wellington, New Zealand.

NZX provides high quality information, data and tools to support business decision making. We build and operate capital, risk and commodity markets and the infrastructure required to support them. We strive to make a meaningful difference to wealth creation for our shareholders, and the individuals, businesses and economies in which we operate. (Source).",,,,,,,,
Nigeria,Nigerian Exchange,https://sseinitiative.org/stock-exchange/nse_nigeria/,2018,Sustainability Disclosure Guidelines,⬤,,,,,,Nigerian Exchange (NGX),Nigeria,174,"86,163 million US$",Yes,"Yes


Sustainability Section and Corporate Governance Section on website.
Annual Sustainability Reports. 2020 Report – “EVOLVING For Better Value Creation“.","Yes


Effective January 2019, for all issuers on the Premium Board of the exchange.
SEC Approved Rules here.","Yes


Sustainability Disclosure Guidelines (2018).","Yes


The NGX provides various trainings through its X Academy. Some have key ESG integrations, and more are scheduled to in the future. See the full program here
On June 2023, The International Sustainability Standards Board (ISSB), Financial Reporting Council of Nigeria (FRCN), and NGX Regulation Limited (NGX RegCo), recently organized five webinars to prepare companies for the imminent release of the ISSB’s first two IFRS Sustainability Disclosure Standards, see full press release 
NSE, GRI Host Round-table on Sustainable Development Goals (18 July 2019).
NSE, GRI Host Sustainability Reporting Workshop (19 March 2019).
Governance and Sustainability Seminar (16 March 2018).
Seminar – Beyond Reporting: Real Value Proposition (8 June 2016).
Inaugural capital market sustainability conference (13 Nov 2015).
In 2022, NGX provided training on Climate-related Financial Disclosures (TCFD recommendations) in collaboration with the SSE, CDP and IFC. (source)",No,"Yes


Sustainable Bond Market","Yes


NSE Alternative Securities Market, since 2013.",No,"Admitted to “Gold Community” of the Global Reporting Initiative.
Reported the NSE Sustainability Report in line with the GRI G4 Guidelines.
Celebrated the 2017 International Women’s Day with a half day symposium, playing host to over 200 business and thought leaders and participated in the Ring the Bell for Gender Equality program.
Celebrated International Women’s Day in March 2016 with over 150 business and thought leaders. Participated in the “Ring the Bell for Gender Equality” program.","Not For profit, limited by guarantee with no shareholding structure. (In discussions to demutualize).",Securities and Exchange Commission of Nigeria.,"Limited Exchange Self-Regulatory Organization (SRO) Model.

Pursuant to the Investment and Securities Act 2007, the Securities and Exchange Commission of Nigeria (SEC) engages in registration, inspection, surveillance, investigation, enforcement and rulemaking activities. The Investment and Securities Act 2007, the SEC Consolidated Rules and Regulations 2013, and the license issued to The Nigerian Stock Exchange (“The Exchange”) by the SEC empowers The Exchange to engage in registration, inspection, surveillance, enforcement and rule making activities in respect of its dealing members and listed companies. The rules of The Exchange however need to be approved by the SEC before they can become operational.","Location: Lagos, Nigeria.

The Nigerian Stock Exchange (NSE or the Exchange) was founded in 1960 and today services the second largest financial center in sub-Saharan Africa. The NSE is licensed under the Investments and Securities Act (ISA), and is registered and regulated by the Securities and Exchange Commission (SEC) of Nigeria. The Exchange is a founding member and executive committee member of the African Securities Exchanges Association (ASEA), a member of the Intermarket Surveillance Group (ISG), an affiliate member of the World Federation of Exchanges (WFE), and an affiliate member of the International Organization of Securities Commissions (IOSCO).The NSE continues to evolve to meet the needs of its valued customers, and to achieve the highest level of competitiveness. Along with securities listing and trading services, the Exchange offers market data dissemination services, market indices, ancillary technology services and much more. The Nigerian Stock Exchange also offers electronic clearing, settlement and delivery (CSD) services through Central Securities Clearing Systems Plc (CSCS), an associate company of the NSE. With over 250 listed securities and 223 active brokers, the Exchange operates a fair, orderly and transparent market that brings together the best of African enterprises, and the local and global investor communities. The Nigerian Stock Exchange is poised to champion the acceleration of Africa’s economic development, and to become “the Gateway to African Markets”. (Source).",,,,,,,,
North Macedonia,Macedonian Stock Exchange,https://sseinitiative.org/stock-exchange/mse_macedonia/,2021,ESG reporting guidelines,⬤,⬤,⬤,⬤,⬤,⬤,Macedonian Stock Exchange,North Macedonia,368,"32,470 million US$",Yes,No,No,"Yes


MSE – ESG reporting guidelines",No,No,No,"Yes


Within the official market of the MSE, there are special sub segments for listing of small joint stock companies.",No,,"The MSE is organized as a joint-stock company, governed by a Board of Directors composed of one executive member, Chief Executive Director – and seven non-executive directors (one-tier management system), operating on a for profit basis. MSE is not listed on the Official Listing tier, although its shares are traded on the Free Market sub-segment of its Regular Market.",Securities and Exchange Commission of the Republic of Macedonia (SEC),"SEC’s supervision authority legally prescribes SRO functions for the MSE (limited SRO) The SEC is the primary regulatory authority for the capital market in Macedonia. The SEC regulates, supervises and monitors enforcement of the Law on Capital Market, Takeover Law and Law on Investment Funds. The SEC’s main responsibilities in regulating the stock exchange operations are to supervise the legality of the stock exchange organization and proper conduct of stock exchange trading, operations and membership. Rules of the MSE that regulate membership, trading, listing and business conduct are subject to the SEC’s approval, hence the limited self-regulatory powers of the Macedonian Stock Exchange. The SRO status of the MSE is regulated in the Law on Securities, art. 82, which stipulates that MSE as a self-regulatory organization adopted conduct rules for its members regarding implementation of the MSE’s regulations and the Law on Securities. Under the positive legislation, MSE determines listing criteria for the companies in its listing rules, although this concept will be changed once the MIFID II is introduced into domestic legislation.","Location: Skopje, former Yugoslav Republic of Macedonia Macedonian stock exchange was founded in 1995.

On September 13 the inaugural meeting of the MSE took place. This is the official date of the establishment of the first organized securities exchange in the history of the Republic of Macedonia considering that the country had never before had a stock exchange. The total number of initial founders of the MSE was 19 (13 banks. 3 insurance companies and 3 savings houses). These founders simultaneously became the first exchange members with right to trade securities. MSE started trading on March 28, 1996. Today, MSE is a modern and regulated market operator which operates the only securities exchange in the country. Currently, MSE has 11 members (4 brokerage houses and 7 banks). It organizes trading in financial instruments in a fair, efficient and transparent manner. Additional services include data vending, index development and specialized educational seminars and training courses.",,,,,,,,
Norway,Oslo Børs (Euronext),https://sseinitiative.org/stock-exchange/oslo-bors/,2022*,ESG Reporting Guide - Target 1.5°C,⬤,⬤,⬤,⬤,⬤,⬤,Oslo Børs (Euronext),Norway,341,"433,117 million US$",Yes,Yes,No,"Yes


ESG Reporting Guide – Target 1.5°C","Yes


Oslo Børs offers a number of interesting events focusing on different areas in the securities market, such as ESG. More details here.

As part of Euronext, Oslo Børs, provides ESG related training through the Academy.","Yes


See the list of ESG indices on the Euronext website here.","Yes


Euronext ESG Bonds is a community of ESG bond issuers where green, sustainability, social, blue and sustainability-linked bonds listed on all Euronext locations are consolidated onto one highly visible area. Details of the securities here.","Yes


Euronext Growth, Euronext Access, Euronext Access+. More information here.",No,,Demutualised for profit; demutualized in 2001.,The Financial Supervisory Authority of Norway.,"Limited Exchange Self-Regulatory Organization (SRO) Model

The Oslo Børs exchange operates under statutory law and supervision by the Financial Supervisory Authority of Norway, which is the primary regulatory body for security exchanges in Norway. The exchange possesses basic self-regulatory authority abilities.","Location: Oslo, Norway.

Oslo Børs VPS Holding ASA owns Oslo Børs ASA, Verdipapirsentralen ASA and Oslo Market Solutions AS. The Oslo Børs VPS group offers coordinated and attractive marketplaces for listing and trade in securities, registration of ownership and settlement of securities in Norway, market data and on-line solutions. Oslo Børs VPS Holding is the result of a merger between Oslo Børs Holding and VPS Holding that took place in November 2007.",,,,,,,,
Oman,Muscat Stock Exchange,https://sseinitiative.org/stock-exchange/msm/,2023,ESG Disclosure Guidelines,⬤,⬤,⬤,⬤,,⬤,Muscat Stock Exchange,Oman,110,"61,018 million US$",Yes,"Yes


There is a sustainability chapter in the annual report since 2021. Access all annual reports here.",No,"Yes


In 2023, MSX published an ESG Disclosure Guidance document","Yes


In 2023, MSX hosted the first Capital Market Industry Participant, IRO & CEO Workshop on the Fundamentals of ESG with Sustainable Square (page 6)",No,No,No,No,MSM is a leader in the region in implementing transparent corporate governance.,Listed in third market,Capital Market Authority.,Closed Omani joint-stock company,"Location: Sultanate of Oman, Oman

The Muscat Securities Market (MSM) was established by the Royal Decree (53/88) issued on 21 June 1988 to regulate and control the Omani securities market and to participate, effectively, with other organizations for setting up the infrastructure of the Sultanate’s financial sector. According to the Royal Decree 5/2021 (the Muscat Securities Market was converted convert into a closed Omani joint-stock company under the name “Muscat Stock Exchange Company”. Muscat Stock Exchange provides a comprehensive range of products and services and works to encourage savings, develop investment awareness and protect investors. It also works to create ways to invest money in securities for the joint benefit of the national economy and investors. Muscat Stock Exchange seeks to become a leading stock exchange with a global presence, as well It aims to provide an efficient investment environment that operates according to the best standards and practices with prospects of diverse opportunities integrated with the national economy trends.",,,,,,,,
Panama,Latin American Stock Exchange,https://sseinitiative.org/stock-exchange/bvp/,2021,Guide for Reporting and Voluntary Disclosure of ESG,⬤,⬤,⬤,⬤,⬤,⬤,Latin American Stock Exchange (Latinex),Panama,214,"18,013.00 million US$",Yes,"Yes


Latin American Stock Exchange (Latinex) sustainability report and strategy available in Spanish and English contains information regarding the group’s environmental, social and corporate governance (ESG) management and performance. All sustainability-related reports and strategies can be accessed here.",No,"Yes


Latinex launched in 2021 its ESG reporting guidelines for issuers:  “Guide for Reporting and Voluntary Disclosure of Environmental, Social and Corporate Governance Factors (ASG)”
Also available in English here","Yes


In 2022, Latinex provided training on Climate-related Financial Disclosures (TCFD recommendations) in collaboration with the SSE, CDP and IFC. (source)",No,"Yes


Guidelines for the issuance of Social, Green and Sustainable Securities in Spanish and English",No,No,,"The holding company (Latinex Holdings), which owns 100% of the stock exchange, as well as the CSD, is a listed company for profit. On October 22, 2009, both BVP and Latin Clear’s shareholders approved the corporate reorganization and creation of Latinex Holdings, which would own both companies. On February 2011, the SMV authorized the registry of Latinex Holdings’ common stock and the new shares begun trading publicly.",Superintendencia del Mercado de Valores (SMV).,"Bolsa de Valores de Panamá (BVP) is a private company registered under SMV as a Stock Exchange, which along with the local CSD Latin Clear (Central Latinoamericana de Valores) are under the same holding company. The holding company, Latinex Holdings, is also a listed company and its shares are listed in BVP. BVP is under SMV’s jurisdiction, and so, all activities are subject to SMV direct oversight. BVP is responsible for monitoring and overseeing market participants acting as members registered in BVP. BVP is also responsible and in charge of listing procedures that private companies must fulfill after having SMV public offering authorization. BVP provides SMV daily information of market operations and all other issues and documents required. BVP collaborates with the regulator for the local capital market development.","Location: Panama City, Panama.

BVP is the only stock exchange in Panama. Founded on June 26, 1990 and ended the first year with traded volumes of USD 3.3 MM. Latin Clear was created in 1997 as a stand-alone company. Since May, 2017, it has a direct integration project with El Salvador’s Stock Exchange via the remote operator figure, which allows authorized brokerage houses to trade directly in the foreign exchange with the same benefits and obligations. In 2018, the BVP participated in the SSE’s “Ring the Bell for Gender Equality”.",,,,,,,,
Peru,Group BVL,https://sseinitiative.org/stock-exchange/bvl/,2017,Guía de Usuario para facilitar el llenado del Reporte de Sostenibilidad Corporativa,⬤,⬤,,,,,Grupo BVL (former Bolsa de Valores de Lima (BVL)),Peru,266,"78,025.83 million US$",Yes,Yes,"Yes


Resolution SMV N. 033-2015-SMV/01 passed 15 November 2015 requires issuers to present a corporate sustainability report and a report on good corporate governance as an annex to its annual report. The format for these reports can be found on the Market Regulator’s website, as well as on the BVL website.","Yes


The BVL worked with the PIR, which it is a founding associate of, to publish in 2017 a user guide for filling in the corporate sustainability report required by the market regulator (SMV).","Yes


The BVL offers courses on ESG themes through its Education Facilities “Bursen BVL” (Stock market education center).
The BVL also participates in various conferences in Peru to discuss topics related to ESG. Some events include: 
May 2022: Panel: Sustainability and market. The Lima Stock Exchange organized a space to discuss the application of environmental, social and good corporate governance indicators in some companies in the country.
May 2022: Ring the Bell ESG. The Lima Stock Exchange offered a Ringing the Bell Ceremony in honor of the components of the index.
May 2022: Presentación de Indicadores Materiales ASG para el sector minero en el Perú. The Lima Stock Exchange and PIR, the Responsible Investment Program organized a webinar where they presented the ESG Material Indicators for the mining sector.
March 2022: Ring the Bell for Gender Equality. The Lima Stock Exchange participates to commemorate International Women’s Day in order to raise awareness among companies in the stock market to reduce gender equity gaps within the environment labor.
March 2021: Ring the Bell for Gender Equality. The Lima Stock Exchange participates to commemorate International Women’s Day in order to raise awareness among companies in the stock market to reduce gender equity gaps within the environment labor.
August 2021: BVL Entrevista: Cálidda y su estrategia en Gobierno Corporativo. The Lima Stock Exchange premiered an interview to showcase the benefits of corporate governance in companies.
April 2021: Entrevista BVL: Petroperú. The BVL discusses the advantages and transformation in ASG factors of Petroperú.
September 2020: Peru Sostenible – Participation in the SDG 8 Action Table: Decent Work and Economic Growth under the routes of sustainable economic reactivation and responsible business conduct.
August 2020: Presentation of the Good Corporate Governance Index – As every year, the Lima Stock Exchange and S&P Global Indices released the list of companies with the best corporate governance in the market.
August 2020: Thematic bonds: Why are they relevant in the context of economic reactivation? – Programa de Inversión Responsible (PIR). Claudia Cooper and Miguel Angel Zapatero participated in this virtual event on sustainable thematic bonds.
August 2020: First Virtual Ring the Bell Bosques Amazónicos – The Lima Stock Exchange for the first time for the accession of Bosques Amazónicos to the Alternative Securities Market.
March 2020: Ring The Bell For Gender Equality. The Lima Stock Exchange, for the fifth consecutive year and together with 60 stock exchanges around the world, commemorated International Women’s Day in order to raise awareness among companies in the stock market to reduce gender equity gaps within the environment labor.
March 2020: Regulation in Sustainable Finance. Event organized with the British Embassy in Lima, A2G and Mexico2. The speakers discussed the necessary legal framework to promote programs and strategies that contribute to the creation of a financial ecosystem that supports the fight against climate change and the construction of an environment that favors sustainable development.
February 2020: Fundamentals of the SAM Corporate Sustainability Assessment (CSA) and latest developments
February 2020: Workshop “ASG Materiality“. Participants: Manuel Gonzales, Senior Director Latam North Cone S&P Dow Jones Indices; Jvan Gaffuri, Director ESG Benchmarking, S&P Global Switzerland; and Miguel Angel Zapatero Alba, Vice President PIR, Deputy General Manager of Business of the BVL.
January 2020: First conference on financial stability and sustainability
July 2019: Conference organized with EY titled “XII edition of the recognition of the S&P BVL Good Corporate Governance Index“
June 2019: Presentation of BVL sustainable initiatives to graduated students of Costa CUC University – Colombia in support of the Pontificia Universidad Catolica del Perú (PUCP).
June 2019: Conference organizated with Women CEO Perú titled “Board Director platform launch” in which BVL commits to the initiative of 30% of women on boards by 2030.
May 2019: Conference organized with IFC titled “How is my business evolving? Presentation of the corporate governance for SMEs“.
May 2019: Conference organized by EY, titled “Challenges of corporate governance in investment funds“.
April 2019: Conference organized by RoceboSAM training companies on ESG information titled “Corporate Sustainability Assessment“.
March 2019: Conference organized with the British Embassy titled “Climate Finance in the Pacific Alliance“.
February 2019: Conference organizated with the Peruvian Securities Market Regulator (SMV) and Women Corporate Directors titled “Board of Directors under the SMV guidelines“
November 2018: Conference organized with Women Corporate Directors and KPMG Peru titled “360 board of directors“.","Yes


BVL created the Good Corporate Index (IBGC) in 2008.
On 16 Feb 2017 the MILA exchanges (which includes BVL) announced an agreement with S&P Dow Jones Indices, the IFC, and RobecoSAM to develop a new ESG index for the region.
Launch of S&P/BVL Peru General ESG Index in 2021. Currently the index has 17 constituents.","Yes


The Lima Stock Exchange uses a “V” for Green Bonds and “S” for social Bonds at the beginning of the Ticker in order to differentiate the nature of the bond.
Guide for listing green bonds published by the BVL found here in Spanish.
Guide for listing social, sustainable and bonds aligned with the Sustainable Development Goals of the United Nations published by the BVL found here in Spanish.
2021 Sustainable Short-Term Instruments Review
2019 and 2021 Sustainable Bond Reviews
2019, 2020 and 2021 Social Bond Reviews
2018 Green Bond Reviews, here and here","Yes


BVL Venture Exchange, since 2000.",No,"In 2022, Bolsa de Valores de Lima (BVL) and Global Growth Institute (GGGI) established an inter-institutional alliance in order to strengthen the capacities of companies and interest groups to promote sustainability in the local market.

For the second time in history a woman is President of the Board Directors of the Lima Stock Exchange. In March 2019, the General Meeting of shareholders named to Claudia Cooper Fort as President of the Board Directors of BVL.
The BVL is a founding associate of the Asociación para la Promoción de la Inversión Responsable y Sostenible (PIR), a network supporter of the UN Principles of Responsible Investment (PRI). Through the PIR, the BVL promotes investment policy and practices that incorporate ESG information. In 2022, together with the other PIR partners, BVL signed the letter of commitment to progressively incorporate by 2025 the TCFD recommendations on the evaluation and disclosure of climate risks for decision-making in our investment processes.
The BVL has had its carbon footprint calculation certified by A2G Sostenibilidad y Cambio Climático. See the certificate here.
The BVL works with EY to produce a yearly report on Good Corporate Governance in Peru, based on a yearly survey The Voice of the Market (La Voz del Mercado). See the 2016 report here. The report educates the market on good corporate governance. Past reports: 2015, 2014.
Gender equality initiatives: For the third consecutive year, the BVL participated in the SSE’s “Ring the Bell for Gender Equality” in 2018, in support of SDG 5 – Gender Equality.
In 2017, the BVL, the American Embassy and the Woman Corporate Directors developed a leadership workshop called “Breaking the Glass Ceiling – BTGC Peru” aimed at CEO’s, women VPs and senior managers of companies listed on the BVL, with the aim of training them in leadership and awareness in their working environment to implement policies aimed at closing the gender gap and publicly disseminate them to achieve a multiplier effect.
In 2017, the BVL Group participated in the OWIT Day 2017 BTGC Peru sharing program and the current situation of the gender gap in the market.
In 2017, the BVL Group participated in the 1st meeting of “Women in the Profession Leadership 3.60 WIP” that seeks to promote visibility and leadership of the lawyers, through the creation of a professional network. This event was published in an article in G Management on leadership and how to overcome the barriers.
In 2017, the BVL in alliance with SP & Robeco Sam launched the ESG Sustainability Index MILA Regional, where companies that make up the index must disclose whether or not they comply with policies gender equality.
In 2018, the BVL launched Allied Group Ranking Par (a free and confidential platform) that allows companies to measure gender equality. A long – term goal is that more companies listed on the BVL can measure the gender gap, awareness and implement improvements in their organizations on this issue.",Listed company for profit.,Superintendencia de Mercado de Valores (SMV) (Peruvian Superintendency of Securities Market).,"Limited Exchange Self-Regulatory Organization (SRO) Model

The Superintendencia de Mercado de Valores (SMV) has ultimate authority over securities market regulations. However, the Bolsa de Valores Lima has the authority to regulate the trading and transactions carried out through centralized trading mechanisms under their responsibility, as well as the activity of intermediation agents in such mechanisms. The BVL has supervision power, which entails supervising compliance with the market’s regulations and self-regulation rules by the intermediaries.","Location: Lima, Peru

About BVL (Spanish).
At present, the BVL has 97.32% of the shares of CAVALI S.A. I.C.L.V. [Source]",,,,,,,,
Philippines,Philippine Stock Exchange,https://sseinitiative.org/stock-exchange/pse/,2019,Sustainability Reporting Guidelines for Publicly Listed Companies,⬤,⬤,⬤,⬤,,,Philippine Stock Exchange,Philippines,288,"259,770 million US$",Yes,"Yes


2022 Sustainability Report
2021 Sustainability Report
2020 Sustainability Report
2019 Sustainability Report
2018 Sustainability Report
2017 Sustainability Report","Yes


ESG reporting is not a general requirement for initial and additional listing, but compliance with ESG reporting constitutes a continuing listing requirement for listed companies in the Exchange.
In 2019 the Philippines SEC launched a guidance on sustainability reporting and announced a penalty for an “Incomplete Annual Report” provided under SEC Memorandum Circular No. 6, Series of 2005 (Consolidated Scale of Fines). The guidance on Sustainability Reporting for Publicly-Listed Companies can be found here","Yes


The Philippines Securities and Exchange Commission announced in 2019 the requirement of sustainability reporting on a comply or explain basis for all listed companies, together with the publication of a guidance. The guidance is intended to help listed companies assess and manage non-financial performance across economic, environmental and social aspects of their organization and enable listed companies to measure and monitor their contributions towards achieving universal targets of sustainability, such as the UN’s Sustainable Development Goals as well as national policies and programs, such as AmBisyon Natin 2040. The announcement and guidance document can be found here.
The sock exchange also offers guidance on corporate governance: through the Code of Corporate Governance of 2016 (SEC Memorandum Circular No. 19, Series of 2016). This Code is based on the G20/OECD Principles of Corporate Governance and the ASEAN Corporate Governance Scorecard.","Yes


2022

PSE collaborated with Maybank Investment Banking Group (MIBG) for the online webinar entitled “ASEAN ESG Alpha and the Role of PSE in the ESG Narrative” ESG in the Philippines has been gaining traction with both corporates and investors. The PSE partnered with MIBG to bring a spotlight on whether ESG is driving performance of stocks in the ASEAN-6 countries, to what extent, and through which sectors. The event also covered the role of PSE in the ESG narrative and the use of ESG as an important investment tool in today’s evolving business and social landscape.
SEC and PSE Collaborated to Create a Platform for Sustainability Discussions. The theme of the 9th SEC-PSE Corporate Governance Forum was “Safe Spaces: Fortifying Corporate Governance and Sustainability in the Philippines”. (source)
PSE collaborated with the Climate Change Commission for the Climate Investment Forum 2022: Turning Climate Commitments to Action. The event served as a platform for government leaders to present their national targets on mitigation and adaptation, identify financing requirements, and enjoin stakeholders from the private sector to invest on the country’s priorities on climate action. Other event partners included the Department of Finance, Securities and
Exchange Commission, United Nations Development Programme, and World Bank Group.
Climate Disclosure Training Program for PLCs. The PSE, in partnership with the United Nations Sustainable Stock Exchange, International Finance Corporation and the Carbon Disclosure Project, conducted a training program for publicly listed companies. This training program is a CPD-certified course and was offered free of charge. The objective was to facilitate a multi-stakeholder dialogue on TCFD disclosure and provide an understanding of the importance of climate-related disclosure. (source)

2021

SEC and PSE Collaborated to Create a Platform for Sustainability Discussions. The theme of the 8th SEC-PSE Corporate Governance Forum was “Corporate Governance and Sustainability for the Next Normal”.
Capacity Building Seminar for PLCs in Partnership w/ AIM. PSE conducted a training for PLCs in partnership with the Asian Institute of Management – Ramon V. Del Rosario, Sr. Center for Corporate Responsibility entitled “Inclusion of Gender in Sustainability Reporting of Publicly-Listed Companies and other Private Companies” to promote and raise awareness on gender inclusion and equality. (source)

2020

SEC and PSE Collaborated to Create a Platform for Sustainability Discussions. The theme of the 7th SEC-PSE Corporate Governance Forum was “Business Resiliency and Innovation in a New Normal Era”.

2019

SEC and PSE Collaborated to Create a Platform for Sustainability Discussions. The theme of the 6th SEC-PSE Corporate Governance Forum was “Sustainable Businesses: Taking the Lead in Achieving Sustainable Development Goals”.
SEC-PSE Sustainability Writing Workshop PSE and SEC, in partnership with the Australia’s Department of Foreign Affairs and Trade (DFAT) through the Global Reporting Initiative (GRI), conducted a workshop series on Sustainable Business and Reporting. (source)

2018

SEC and PSE Collaborated to Create a Platform for Sustainability Discussions. The 5th SEC-PSE CG Forum became the first sustainability-themed CG forum. The SEC and the PSE annually hosts the Corporate Governance Forum, to provide a platform for the government and the private sector to discuss relevant trends and updates in corporate governance and sustainability. (source)

See the full list of ESG milestones here",No,No,"Yes


SME Board, since 2001.
Listing application process","No


Currently, there are no rules that require a minimum number of women in the boardroom. We note, however, that Recommendation 1.4 of SEC Memorandum Circular No. 19 Code of Corporate Governance for Publicly Listed Companies provides that “The Board should have a policy on board diversity.” (p.7)","The Philippine Stock Exchange, Inc. recognizes its pivotal role in driving sustainability in the capital market. As a self-regulatory organization and as a listed company, we are committed to furthering the advancement of sustainable
finance and developing short, medium, and long term projects to champion corporate sustainability and boost multi-stakeholder relations. The ESG Milestones of PSE can be found here.
Bell Ringing for Gender Equality PSE annually participates in the worldwide UN-initiated event “Ring the Bell for
Gender Equality”. The Ring the Bell for Gender Equality program is organized by the World Federation of Exchanges, Sustainable Stock Exchanges Initiative, UN Global Compact, UN Women, and International Finance Corporation. This annual event continues to this day. (source)","Limited Exchange Self-Regulatory Organization (SRO) Model.

Regulates listed companies through its Listing and Disclosure Rules, and Trading Participants (securities brokers) through its Revised Trading Rules and Rules Governing Trading Rights and Trading Participants and through its independent surveillance, investigation and audit arm, Capital Markets Integrity Corporation (CMIC), which enforces the CMIC Rules.",Republic of the Philippines Securities and Exchange Commission.,"Limited Exchange Self-Regulatory Organization (SRO) Model .

Regulates listed companies through its Listing and Disclosure Rules, and trading participants (securities brokers) through its Rules Governing Trading Rights and Trading Participants and through its surveillance and audit arm Capital Markets Integrity Corporation (CMIC) and CMIC Rules.","Location: PSE Tower, 5th Avenue corner 28th Street, Bonifacio Global City, Taguig City, 1634 Philippines

Website Links:
https://www.pse.com.ph/
https://corporate.pse.com.ph/",,,,,,,,
Poland,Warsaw Stock Exchange,https://sseinitiative.org/stock-exchange/gpw/,2021,ESG Reporting Guidelines,⬤,⬤,⬤,⬤,⬤,⬤,Warsaw Stock Exchange,Poland,810,"197,389.02 million US$",Yes,"No


Sustainability Section on Website.
Corporate Social Responsibility Policy.
Sustainability strategy section in 2017 Separate Annual Report.
Management Board report on the activities of the GPW in 2017 pg. 118 – 130.",No,"Yes


GPW published its ESG Reporting Guidelines in 2021
Best Practices of WSE Listed Companies (in Polish) – code of corporate governance implemented in January 2016.","Yes


27th of September there is a conference – “Non-financial reporting – as an entrance to the RESPECT Index“.
In 2022, the Warsaw Stock Exchange provided training on Climate-related Financial Disclosures (TCFD recommendations) in collaboration with the SSE, CDP and IFC. (source)","Yes


In August 2019 the exchange launched a new equity index which provides exposure to blue-chip stocks listed in Poland while tilting to those with the strongest environmental, social, and governance (ESG) profiles. The WIG-ESG Index includes 60 of the largest and most-liquid securities trading on GPW, deriving its constituents from the large-cap WIG20 Index and mid-cap mWIG40 Index. Constituents are assigned ESG scores using insights from Amsterdam-based ESG analytics firm Sustainalytics. (Source).
RESPECT Index:  The RESPECT Index is Central and Eastern Europe’s first social responsibility index (SRI). The project was initiated by Warsaw Stock Exchange in 2009 when the first index portfolio was published. The RESPECT Index portfolio covers Polish and foreign companies listed on the WSE Main Market which follow the highest corporate governance, disclosure and investor relations standards, and which also take into account environmental, social and governance factors. The participating companies are screened by WSE and the Association of Listed Companies (SEG) in a three-stage process of review of all these factors and additionally audited by the project partner since the first edition: Deloitte.","Yes



In June 2023, GPW Launched Warsaw Sustainable Segment (source)","Yes


WSE NewConnect, since 2007.",No,,Public listed company; IPO in 2010.,Polish Financial Supervision Authority (PFSA).,"Limited Exchange Self-Regulatory Organization (SRO) Model

The Warsaw Stock Exchange publishes a set of rules and regulations and possesses its own regulations management board and supervisory board.  However, the Polish Financial Supervision Authority appears to dictate market rules and develop the acts that the exchange must follow. The Warsaw Stock Exchange is able to engage in limited self-regulatory activities, including tasks such as market monitoring.","Location: Warsaw, Poland

WSE started operation in 1991 as a company held 100% by the State Treasury. In 2010, the State Treasury arranged a public offering of WSE shares; as a result, shares of the Exchange were newly listed on the WSE Main Market on 9 November 2010. Warsaw Stock Exchange is the largest national financial instruments exchange in the region of Central and Eastern Europe1 and one of the fastest-growing exchanges in Europe. The Group offers a wide range of products and services within its trading markets of equity, derivative, debt and structured products, electricity, natural gas, property rights, as well as clearing of transactions, operation of the Register of Certificates of Origin of electricity and sale of market data. As at 31 December 2013, WSE was a leader in the CEE Region in terms of capitalisation of listed companies, the value of turnover in shares and the volume of turnover in derivatives. The share of WSE in trading in shares in the Region increased from 54.3% in 2012 to 58.5% in 20132 . Furthermore, the electricity market comprised of the spot and the forward market operated by the Polish Power Exchange (“PolPX”), was the largest electricity market as measured by the volume of trade in 2013 in the CEE Region. More details here.",,,,,,,,
Portugal,Euronext Lisbon,https://sseinitiative.org/stock-exchange/euronext-lisbon/,2022*,ESG Reporting Guide - Target 1.5°C,⬤,⬤,⬤,⬤,⬤,⬤,Euronext Lisbon (Bolsa de Lisboa),Portugal,53,"81,627 million US$",Yes,"Yes


There is a chapter in the annual report dedicated to sustainability activities, find all reports here.","Yes


The European directive on non-financial information reporting (NFRD) has been implemented into the Portuguese legal environment.
Moreover, Euronext Lisbon supports and implements ESMA’s and National Competent Authorities stringent rules with regards to governance among its community of listed companies.","Yes


ESG Reporting Guide – Target 1.5°C","Yes


Through the Euronext Academy, see more details here.","Yes


See the list of indices on the Euronext website here. ESG/ISR indices fall under the tab “theme indices”. This list is automatically updated.","Yes


Euronext ESG Bonds is a community of ESG bond issuers where green, sustainability, social, blue and sustainability-linked bonds listed on all Euronext locations are consolidated onto one highly visible area. Details of the securities here.","Yes


Euronext Growth, Euronext Access, Euronext Access+. More information here.",No,"Euronext supports climate friendly innovations by financing Cleantech SME’s benefitting from major Euronext initiatives:

TechShare: 27 Cleantech have followed the program on how to leverage capital markets
Tech40 Index: 10% of this increasingly important index is made up of Cleantech SME’s
Morningstar: the program fully covers the scope of Cleantech SME issuers (55).",Listed company for profit; demutualized in 2000.,"The Portuguese Securities Market Commission (CMVM).
The Portuguese Ministry of Finance.
European Union (ESMA).","Government (Statutory) Model

The Markets in Financial Instruments Directive (MiFID) classifies Euronext’s European cash markets as a regulated market. As such, the real-time monitoring performed by Euronext’s cash market operations and technical support is formally enforced, and our trading rules and procedures are approved by our five regulators. This regulatory and organizational system gives  Euronext the power to efficiently manage crisis situations and extraordinary circumstances. Some of the markets organized by Euronext are exchange regulated, which means they are subject to a body of rules laid down by the market operator, Euronext. They are not regulated markets as defined by the Markets in Financial Instruments Directive (MiFID). These structured, exchange regulated markets offer simplified access to financial markets and streamlined listing requirements for companies from every sector of the economy, while ensuring compliance with rules on investor disclosure and the control of financial information. (Source).","Location of the listed holding: Portugal, Lisbon.

As a market operator, Euronext Lisbon is governed by Portuguese Decree of Law No. 357-C/2007 of 31 October 2007 which, along with the Portuguese Securities Code and regulations of the Comissão do Mercado de Valores Mobiliários (“CMVM”), governs the regime applicable to regulated markets and MTFs, market operators and other companies with related activities in Portugal. The creation of regulated market operators requires the prior authorisation in the form of a decree-law from the Portuguese Minister of Finance, following consultation with the CMVM. The CMVM is an independent public authority that supervises and regulates markets and market participants, public offerings and collective investment undertakings. Its objectives are to ensure investor protection and an efficient and regular functioning of markets, monitor information, prevent risk and prevent and suppress illegal actions. The entities subject to the supervision of the CMVM should co-operate with the CMVM as requested. The CMVM carries out “on-site” supervision of the entities subject to its supervision and makes public infringements and fines imposed in accordance with applicable law. Euronext is the leading pan-European exchange in the Eurozone, spanning Belgium, France, Ireland, Norway, the Netherlands, Portugal, the UK and Ireland. Created in 2000, it unites markets which date back to the start of the 17th century. It is the primary exchange in the Euro zone with nearly 1,500 listed issuers worth more than €4.5 trillion in market capitalization as of end May 2019, an unmatched blue chip franchise consisting of 20+ issuers in the Morningstar® Eurozone 50 Index℠ and a strong diverse domestic and international client base.",,,,,,,,
Qatar,Qatar Stock Exchange,https://sseinitiative.org/stock-exchange/qe/,2016,Guidance on ESG Reporting,⬤,⬤,,⬤,,⬤,Qatar Stock Exchange,Qatar,51,"200,834 million US$",Yes,"No


However, there are sustainability and governance updates integrated into Annual Report 2016.","No


However, in 2009 the Qatar Financial Market Authority (QFMA) introduced the Corporate Governance Code (the QFMA Code). Qatar’s listed companies are required to operate within a ‘comply or explain’ corporate governance code administered by QFMA.","Yes


Guidance on ESG reporting.","Yes


In October 2017, the Qatar Stock Exchange held a senior level sustainability engagement session with listed companies to promote the business case for ESG and sustainability in partnership with Sustainability Excellence, a leading provider of sustainability and ESG strategy and disclosure services in Qatar and the Middle East.",No,No,"Yes


QSE SME Bourse, since 2017.",No,,Private company for profit.,Qatar Financial Markets Authority (QFMA).,"Independent Member Self-Regulatory Organization (SRO) Model

The Qatar Financial Markets Authority has full regulatory oversight and enforcement of the capital markets in Qatar. However, it should be noted that this institution was developed as a result of governmental law.","Location: Doha, Qatar.

Established in 1995, the Doha Securities Market (DSM) officially started operations in 1997. Since then the exchange has grown to become one of the leading stock markets in the GCC region. In June 2009, Qatar Holding, the strategic and direct investment arm of Qatar Investment Authority (QIA), and NYSE Euronext, the world’s leading exchange group, signed an agreement to form a major strategic partnership to establish the Exchange as a world-class market. The DSM was renamed the Qatar Stock Exchange on the conclusion of the deal. The primary aim of the Qatar Stock Exchange is to support Qatar’s economy by providing a venue for capital raising for Qatari companies as part of their corporate strategy and giving investors a platform through which they can trade a variety of products in a transparent and efficient manner. The Qatar Stock Exchange also provides the public with access to market information and ensures correct disclosure of information. (Source).",,,,,,,,
Romania,Bucharest Stock Exchange,https://sseinitiative.org/stock-exchange/bvb/,2022,ESG Disclosure Guidelines,⬤,⬤,⬤,⬤,⬤,⬤,Bucharest Stock Exchange (BVB),Romania,82,"32,288.88 million US$",Yes,"Yes


Bucharest Stock Exchange, as a listed company, prepares an Annual Environmental & Social Reporting, as part of the BVB Directors’ Consolidated Reports, available here.
The Annual Environmental & Social Reporting is made based on the EBRD Environmental and Social Policy.",No,"Yes


ESG Reporting Guidelines","Yes


Bucharest Stock Exchange conducted workshops and seminar on ESG and Green finance topics in collaboration with partners such as CSDB (on TCFD recommendations), Sustainalytics and IFC.",No,No,No,No,"Sustainability section on the website.
BVB Code of Corporate Governance.
Information about new Issuers Reporting Information System (IRIS).",Public listed company. Demutualised in 2005.,Financial Supervisory Authority (ASF).,"Romanian Financial Supervisory Authority (ASF) sets the operational principles of the capital markets in Romania, as well as the rules applied to the market and system operators, listed companies and investment funds. firms. Bucharest Stock Exchange (BVB), as the market operator for the Regulated Market and system operator for the Alternative Trading System, has the authority to regulate the organization and carry out the specific activities of its markets in terms of financial instruments available for trading, as well as specific rules applied to listed companies and investment firms. BVB also carries out monitoring activities, within the specific framework that is in line with applicable regulation. Taking all of the above into consideration and due to the regulatory role of ASF, Bucharest Stock Exchange is a limited self regulatory organization.","Location: Bucharest, Romania

About BVB: Click Here.",,,,,,,,
Russian Federation,Moscow Exchange,https://sseinitiative.org/stock-exchange/moex/,2022*,ESG Best Practice Guide (in Russian),⬤,⬤,⬤,⬤,,⬤,Moscow Exchange,Russian Federation,832,"517,348.65 million US$",Yes,"Yes


Moscow Exchange’s 2019 Sustainability Report is the first non-financial report ever produced by the Company for the general interested public. The publication of this Report is an important milestone for Moscow Exchange, as it affirms their commitment to continuing the journey of sustainability and encouraging responsible business practices both within the Moscow Exchange Group and among our partners and issuers.
MOEX also has a Social Responsibility and Charity Section on website.
All sustainability reports can be found here",No,"Yes


On 19 January 2022, Moscow Exchange announced an updated version of its ESG Guide, “A Guide for Issuers: How to Comply with Best Sustainability Practices”. (in Russian)","Yes


In 2021, the Moscow Exchange provided training on Climate-related Financial Disclosures (TCFD recommendations) in collaboration with the SSE, CDP and IFC. (source)","Yes


MOEX – RSPP Sustainability Vector Index.
MOEX – RSPP Responsibility and Transparency Index .
Both launched in 2019.","Yes


Updates to the Moscow Exchange Listing Rules taking effect on 12 August 2019 created a Sustainability Sector for financing projects in the fields of environmental and social sustainability. The new sector will consist of three independent segments: green bonds, social bonds and national projects.
The segments for green and social bonds are for Russian and international securities that meet requirements for a bond issue, issuer and investment project as set forth in the Green Bond Principles of the International Capital Market Association (ICMA) or the standards of the Climate Bonds Initiative (CBI). Whether a bond meets these requirements requires confirmation from an external review provider. This corresponds with the concept currently developed for green, social and sustainability bonds by the Russian Ministry of Economic Development, relevant government agencies, the Bank of Russia and business community. The concept will provide tax incentives for issuers and financial support from the Bank of Russia for investors (including provisioning benefits). The segment for national projects will include Russian and international bonds that meet the objectives of national projects such as “Environment”, “Demography” and “Public Health”.
On 12 November 2019, Moscow Exchange’s Sustainability Sector welcomed its first instrument – a green bond issued by Center-invest Bank.  The RUB 250 mln one-year bond will be offered on 15 November. The funds raised will be used to finance and refinance outstanding loans given to promote energy-saving initiatives, renewable energy sources and green transport.","Yes


Innovation and Investment Market (ilM), since 2012.",No,,Listed company for profit; demutualized in 2011.,The Central Bank of Russia.,"Government (Statutory) Model

The Bank of Russia Financial Markets Service, operated under the Central Bank of Russia, has full regulation, control and supervision of the financial markets. The Moscow Exchange does not appear to have any regulatory authority.","Location: Moscow, Russian Federation

Moscow Exchange is Russia’s largest securities exchange group. Established on 19 December 2011 with the merger of MICEX Group (created in 1992) and RTS Group (1995), it ranks among world’s top 20 exchanges by trading volume and total market cap of shares traded, and among the top 10 derivatives exchanges. Its participants enjoy the state of the art, hi tech infrastructure to trade stocks, bonds, currency, fund shares, ETFs, commodities (grain, gold, silver), and derivatives, including OTC. (Source).",,,,,,,,
Saudi Arabia,Saudi Exchange,https://sseinitiative.org/stock-exchange/tadawul/,2021,ESG Disclosure Guidelines,⬤,⬤,⬤,⬤,⬤,⬤,Saudi Exchange,Saudi Arabia,227,"2,827,166.57 million US$",Yes,Yes,"No


New corporate governance rules issued by the Saudi Capital Market Authority (CMA) were adopted in February 2017. The rules enhance the rights of shareholders and board members and provide greater clarity and more transparency around determining commercial strategic planning, roles, responsibilities and oversight of corporate entities and third parties.","Yes


Has committed to publishing a guidance in 2019.","Yes



In 2022, the Saudi Exchange provided training on Climate-related Financial Disclosures (TCFD recommendations) in collaboration with the SSE, CDP and IFC. (source)",No,No,"Yes


Parallel market – Nomu.",No,"All of Tadawul’s sustainability work is underpinned by honoring its national responsibilities of adopting regulatory and market best practices, fostering market literacy and investor protection and delivering on its socio-economic responsibilities. Tadawul has a strong commitment to reducing its footprint on the natural environment by better utilizing resources in order to achieve a higher level of efficiency and sustainability. One environmental initiative in Tadawul is the development of a Recycling & Waste Management Program.
Annual Report 2017.",Unlisted private company for profit.,Capital Market Authority (CMA).,"Government (Statutory) Model.

The Saudi Exchange has regulatory power over the following rules & regulations which have been approved by CMA: The Updated Securities Depository Center Rules, Securities Borrowing and Lending Regulations, Short Selling Regulations, The Updated Exchange and Centre Procedures, Orders Aggregation Accounts Regulations, and Listing Rules. You can see the Rules & Regulations here.","Location: Riyadh, Saudi Arabia.

On the 19th of March 2007, the Council of Ministers approved the formation of The Saudi Stock Exchange (Tadawul). This was in accordance with Article-20 of the Capital Market Law establishing Tadawul as a joint stock company. Tadawul is the sole entity authorized in the Kingdom of Saudi Arabia to act as the Securities Exchange (the Exchange). It mainly carries out listing and trading in securities, as well as deposit, transfer, clearing, settlement, and registry of ownership of securities traded on the Exchange. The legal status, duties, and responsibilities of the Exchange and Depository Center are explicitly defined in the Capital Market Law (CML) issued by Royal Decree Number (M/30), dated on June 16, 2003. The Exchange is also the official source of all market information.
Tadawul is an affiliate member of the International Organization of Securities Commissions (IOSCO), the World Federation of Exchanges (WFE), and the Arab Federation of Exchanges (AFE).
Website",,,,,,,,
South Africa,Johannesburg Stock Exchange,https://sseinitiative.org/stock-exchange/jse/,2022,JSE Sustainability Disclosure Guidance,⬤,⬤,⬤,⬤,⬤,⬤,Johannesburg Stock Exchange (JSE),South Africa,297,"1,150,027.95 million US$",Yes,"Yes


Sustainability Section on Website
See also here to find the latest report","Yes


Requires (on an apply and explain basis) that listed companies annually report the extent to which they comply with the King Code. King IV includes sustainability reporting as well as integrated reporting. (Source).
JSE also has mandatory governance disclosure requirements beyond the principles of King.","Yes


JSE Sustainability Disclosure Guidance – This paper is issued as a guidance tool that may be used by issuers on a voluntary basis to: – Assist local companies to navigate the global sustainability and ESG landscape – Provide for South Africa’s specific sustainability challenges – Improve the quality of sustainability and ESG information available to enable more informed investment decisions – Drive improved sustainability performance, accountability, and business leadership.
The JSE Sustainability Disclosure Guidance – Narrative Disclosures and Metrics is aligned with, and draws on, the most influential global initiatives on sustainability and climate change disclosure – including the GRI Sustainability Reporting Standards, the Taskforce on Climate-related Financial Disclosures (TCFD) recommendations, and the IIRC’s International (IR) Framework – as well as an extensive range of other frameworks and standards (Annex 1), and the Sustainability/ESG guidance of various peer exchanges. This Disclosure Guidance is not intended to replace any of these global initiatives but rather seeks to help companies navigate the landscape of reporting standards, and to provide explicitly for the South African context.
The JSE is a member of the standing King Committee. King III and King IV are available online.
From an investment tool perspective, the FTSE/JSE Responsible Investment (RI) index series was introduced in October 2015 and replaced the SRI Index that had been running since 2004. The methodology measures eligible companies ESG strategies and performance, thus also influencing the way companies should operate and provides a model for the kinds of ESG data companies should be disclosing. (Source).","Yes


In 2021, JSE provided training on Climate-related Financial Disclosures (TCFD recommendations) in collaboration with the SSE, CDP and IFC. (source)

JSE Training Academy provides courses on ESG-related topics.","Yes



FTSE/JSE Responsible Investment Index","Yes


The Green Bond 
See here for the announcement of first green bond listing in 2014
The Transition Segment is a platform on JSE’s Main Board to list Transition Debt Securities, where issuers can raise funds for the climate or just transition-related purposes.","Yes


AltX (JSE), since 2003.",No,"JSE Climate Disclosure Guidance 2021
Sustainability at JSE",Listed company for profit; demutualized in 2005 and listed in 2006.,"Registrar of Securities Services, Financial Services Board.","Strong Exchange Self-Regulatory Organisation (SRO) Model

Because of the level of authority possessed by the exchange.
The JSE is the frontline regulator for the exchange, setting and enforcing listing and membership requirements and trading rules. The Financial Services Board (FSB) supervises the JSE in the performance of its regulatory duties.
The regulatory landscape is set to change significantly in the future, as South Africa looks to implement a twin peaks model of oversight. Under the new system, prudential supervision will be transferred to the South African Reserve Bank (SARB) and market conduct regulation will be led by a bolstered FSB.","Location: Johannesburg, South Africa

The Johannesburg Stock Exchange (“JSE”) offers secure, efficient primary and secondary capital markets across a diverse range of securities, supported by our post-trade and regulatory services. We are the market of choice for local and international investors looking to gain exposure to the leading capital markets in South Africa and the broader African continent. The JSE is currently ranked the 17th largest stock exchange in the world by market capitalisation and the largest exchange in the African continent. The JSE was formed in 1887 during the first South African gold rush. Following the first legislation covering financial markets in 1947, the JSE joined the World Federation of Exchanges in 1963 and upgraded to an electronic trading system in the early 1990s. The bourse demutualised in 2005 and listed on its own exchange in 2006. In 2003, we launched an alternative exchange, AltX, for small and mid-sized listings, followed by the Yield X for interest rate and currency instruments. The JSE acquired the South African Futures Exchange (SAFEX) in 2001 and the Bond Exchange of South Africa (BESA) in 2009. Today we offer five financial markets namely Equities and Bonds as well as Financial, Commodity and Interest Rate Derivatives. (Source).",,,,,,,,
Singapore,Singapore Exchange,https://sseinitiative.org/stock-exchange/sgx/,2018*,Sustainability Reporting Guide,⬤,⬤,⬤,,,,Singapore Exchange (SGX Group),Singapore,643,"606,802.61 million US$",Yes,"Yes


Sustainability Section in the annual report.
The annual reports can be accessed here","Yes


Sustainability Reporting Guide as of January 2022: listing rules 711A and 711B","Yes


Guide to Sustainability Reporting for Listed Companies (Practice note 7.6 – Sustainability Reporting Guide)
Sustainability reporting portal on SGX Group website containing resources relating to sustainability reporting, including materials contributed by sustainability consultants, information on sustainability workshops and global reporting frameworks.
For more information see the Sustainability Knowledge Hub","Yes


In 2022, SGX Group provided training on Climate-related Financial Disclosures (TCFD recommendations) in collaboration with the SSE, CDP and IFC. (source)

Capacity Building and Training Intiatives and programs on ESG related topics can be found here.","Yes


All SDG and ESG Indices here , ESG Stock Ratings here","Yes


Green, Social & Sustainability Fixed Income Securities More here","Yes


SGX Catalist, since 2008.",No,SGX Group – Sustainability Knowledge Hub,Listed company for profit; demutualized in 1999.,Monetary Authority of Singapore.,"Strong Exchange Model.

The Singapore Exchange states on its website that it is ‘the frontline regulator’ and that the Monetary Authority of Singapore’s primary role is to simply evaluate the exchange’s performance as a regulatory organisation.","Location: Singapore

Singapore Exchange is Asia’s leading and trusted market infrastructure, operating equity, fixed income and derivatives markets to the highest regulatory standards. As Asia’s most international, multi-asset exchange, SGX Group provides listing, trading, clearing, settlement, depository and data services, with about 40% of listed companies and 75% of listed bonds originating outside of Singapore.
SGX Group is the world’s most liquid offshore market for the benchmark equity indices of China, India, Japan and ASEAN and offers commodities and currency derivatives products. Headquartered in AAA-rated Singapore, SGX is globally recognised for its risk management and clearing capabilities.",,,,,,,,
Spain,Bolsas y Mercados Españoles,https://sseinitiative.org/stock-exchange/bme/,2023*,Voluntary Market Guidance for Listed Companies for Corporate Reporting on ESG Information,⬤,⬤,⬤,⬤,⬤,⬤,Bolsas y Mercados Españoles (BME),Spain,2504,"1,024,803 million US$",Yes,"Yes


Consolidated Non-Financial Information Statement 2021
Sustainability section on BME website
Committed to GRI reporting guidelines","Yes


Spanish companies and, therefore, BME’s listed companies, are under the scope of Directive 2014/95/EU “Non-Financial Reporting Directive (NFRD)”. According to this, large companies which are public-interest entities exceeding on their balance sheet dates the criterion of the average number of 500 employees during the financial year shall include in the management report a non-financial statement containing information to the extent necessary for an understanding of the company’s development, performance, position and impact of its activity, relating to, as a minimum, environmental, social and employee matters, respect for human rights, anti-corruption and bribery matters.","Yes


Updated in 2023: BME Voluntary Guidance on Sustainability Information for Listed Companies","Yes


Instituto BME, covers ESG and Sustainability issues in its mFIA Master Degree (consisting of 640 lecture hours). It is covered within the Ethics module and two chapters about Socially Responsible Investments and ESG are also included. Information found here.
Instituto BME also has issued in 2022 a specific course about Sustainable Financing in which the different sustainable financing products and their basic characteristics are explained during 60 hours. Information found here.
BME co-hosted with the SSE initiative, TCFD training sessions in February 2023, in collaboration with IFC and CDP. (source)","Yes


FTSE4Good IBEX Index
IBEX Gender Equality Index","Yes


ESG BONDS","Yes


BME Growth, since 2008","Yes


There is a 40% mandatory minimum rule for women on boards. Source: Exchange Rules and  National Law","BME has taken part in the Sustainable Stock Exchanges initiative since 2016. The company encourages the issuers of securities and the new companies listed on the markets and systems managed by BME to report non-financial, social and corporate governance information in their periodic reports.

Consolidated Non-Financial Information Statement 2021

As SSE member, BME celebrates the Ring the Bell for Gender Equality since 2018.","Private company for profit; demutualized in 2001.

BME was incorporated in 2001. It was a listed company from 2006 to 2020, when it was excluded after being acquired by SIX Group. BME structured its business in this units: Equity, Fixed-Income, Derivatives, Clearing, Settlement, Market Data and Value Added Services. As a Financial Markets Infrastructure, BME is regulated by the Comisión Nacional del Mercado de Valores (CNMV).",Comisión Nacional del Mercado de Valores (CNMV).,"Limited Exchange Self-Regulatory Organization (SRO) Model

The Comisión Nacional del Mercado de Valores (CNMV) acts as the supervisory body for capital markets in Spain. The CNMV possesses the authority to impose changes in the markets and continuously monitors the BME Group. As such, the exchange wields limited regulatory authority although it is still considered to be self-regulated.","BME is the operator of all stock markets and financial systems in Spain. It is part of SIX Group, the third largest exchange group in Europe. The company has presence in Madrid, Barcelona, Bilbao and Valencia.",,,,,,,,
Sri Lanka,Colombo Stock Exchange,https://sseinitiative.org/stock-exchange/cse_srilanka/,2019,Communicating Sustainability: Six Recommendations for Listed Companies,⬤,⬤,,⬤,,,Colombo Stock Exchange (CSE),Sri Lanka,323,"30,941 million US$",Yes,No,"No


However, good corporate governance is a listing rule. (Source).
CSE Sustainability Guide provides specific guidance for companies on ESG reporting.","Yes


Six Recommendations for Communicating Sustainability – guide released in early 2019.
Code of best practice on corporate governance also includes sustainability section.","Yes


CSE recently formalized an arrangement with the Global Reporting Initiative (GRI) to provide guidance to listed companies on ESG disclosures in Sri Lanka and conducted workshops on corporate transparency and sustainability reporting.
CSE, GRI conduct programme to foster transparency and sustainability among listed companies (March 2019).
CSE in collaboration with Tundra Fonder recently hosted the ‘CSE – Tundra Fonder Sustainability Forum’ to discuss, understand and integrate ESG analytics into business planning and operations.
In 2022, CSE provided training on Climate-related Financial Disclosures (TCFD recommendations) in collaboration with the SSE, CDP and IFC. (source)",No,"Yes



The Colombo Stock Exchange (CSE) announced the introduction of listing and trading of Green Bonds for the first time in the Sri Lankan stock market, with effect from 25th April 2023. (source)",No,No,Corporate Sustainability Statement in 2014 Annual Report (Pg. 60).,Not for Profit Organization. Legal Form: Company Limited by Guarantee.,Securities and Exchange Commission of Sri Lanka.,"Limited Exchange Self-Regulatory Organization (SRO) Model

Although the Colombo Stock Exchange is a self-regulating exchange, its functions are fairly limited. Essentially, the exchange is responsible for monitoring its market but the greater authority falls upon the Securities and Exchange Commission (SEC) of Sri Lanka. The SEC, Sri Lanka, possesses a variety of powers and functions that allow it to supervise and enforce regulations in the Sri Lankan capital markets.","Location: Colombo, Sri Lanka

The CSE is a company limited by guarantee, established under the Companies Act No. 17 of 1982 and is licensed by the Securities & Exchange Commission of Sri Lanka (SEC). The CSE is a mutual exchange and has 15 full members and 16 Trading Members licensed to trade both equity and debt securities, while three members are licensed to trade in debt securities only. All members are licensed by the SEC to operate as stockbrokers. All members are corporate entities and some are subsidiaries of large financial institutions. At present the CSE functions as a market operator and through its fully owned subsidiary, Central Depository Systems (Pvt.) Limited (CDS), acts as a clearing and settlement system facilitator. The CSE also oversees compliance through a set of rules, promotes standards of corporate governance among listed companies and is actively involved in educating investors. In the course of its operations, the CSE interacts with many customers and stakeholders which include issuers (such as companies, corporations and unit trusts), commercial banks, investment banks, fund managers, stockbrokers, financial advisers, market data vendors and investors.",,,,,,,,
Sweden,Nasdaq Stockholm,https://sseinitiative.org/stock-exchange/nasdaq-stockholm/,2017,ESG Reporting Guide 2.0: A Support Resource for Companies,⬤,⬤,⬤,⬤,,⬤,Nasdaq Stockholm,Sweden,384,"4,400,000 million US$",Yes,"Yes


Sustainability Section on Website.
Corporate Governance section in 2017 Annual Report.
2017 Sustainability Report.",No,"Yes


ESG Reporting Guide released in March 2017 across Nasdaq’s Nordic and Baltic Exchanges.","Yes


Nasdaq Nordic and Baltic exchanges run a pilot program on ESG reporting.","Yes


Nasdaq offers 70 sustainability-related indexes (not all actively traded), including:

OMX GES Ethical indexes:
OMX GES Ethical Nordic Index
OMX GES Ethical Norway Index
OMX GES Ethical Sweden Index
OMX GES Ethical Denmark Index
OMX GES Ethical Finland Index
OMX GES OMXS30 Ethical Index
OMX GES Sustainability Nordic and OMX GES Sustainability Sweden:
OMX GES Sustainability Nordic Index
OMX GES Sustainability Sweden Index
OMX GES Sustainability Sweden Ethical Index.","Yes


Nasdaq Stockholm and Nasdaq Helsinki launched a sustainable bond list in 2015 on the main market and another, the First North Sustainable Bond List, on the First North market in the beginning of 2018.","Yes


Nasdaq First North (Nordic Exchanges), since 2006.",No,"Nasdaq Progress Report 2014, United Nations Global Compact.
The Nasdaq speaks, moderates, sponsors, or otherwise exhibits at key industry events related to sustainability. (Source).
Nasdaq and CERES’ Investor Network on Climate Risk (INCR) is working with other partners to create an investor-centric sustainability reporting proposal for public companies and stock exchanges. (Source).
Nasdaq had a three-part article series in 2013, called Doing Well by Doing Good. (Source).
Nasdaq commemorated Gender Equality International Women’s day in March 2017 with a celebratio at Nasdaq Marketsite in Times Square.
Nasdaq is a member of the United Nations Global Compact and Chair of the WFE Sustainability Working Group. (Source).
Board Member, US Global Compact US Network; Advisory Board Member, SASB.","Listed company for profit; demutualized in:

NASDAQ – 2000
OMX – 1993.",Swedish Financial Supervisory Authority.,"Limited Exchange Self-Regulatory Organization (SRO) Model.

Regulatory practices in regards to this exchange vary slightly from country to country. However, the exchanges operated by Nasdaq in each country appear to have basic regulatory oversight. However, the ultimate regulatory authority for each market lies with the regulatory bodies listed.","HQ Location: New York, New York.

Nasdaq (Nasdaq: NDAQ) is a leading global provider of trading, clearing, exchange technology, listing, information and public company services. Through its diverse portfolio of solutions, Nasdaq enables customers to plan, optimize and execute their business vision with confidence, using proven technologies that provide transparency and insight for navigating today’s global capital markets. As the creator of the world’s first electronic stock market, its technology powers more than 90 marketplaces in 50 countries, and 1 in 10 of the world’s securities transactions. Nasdaq is home to approximately 3,900 total listings with a market value of approximately $13 trillion. To learn more, click here.",,,,,,,,
Switzerland,SIX Swiss Exchange,https://sseinitiative.org/stock-exchange/six/,2022,Investor Relations Handbook,⬤,⬤,⬤,,,,SIX Swiss Exchange,Switzerland,248,"2,327,707.01 million US$",Yes,"Yes


Sustainability section on website.
Sustainability section in Annual Report 2015.
Committed to GRI reporting guidelines: SIX follows the internationally recognized guidelines of the Global Reporting Initiative (GRI)","Yes



The Swiss Authority has recently approved a new law on non-financial reporting (legal basis: 964a-c) that entered into force Jan-2022. It applies to the vast majority of SIX’s listed companies requiring double materiality and covers information of business’ impact environment matters and social issues and also information of  employee-related issues, respect for human rights, and combating corruption. The new legal framework is based on EU Directive 2014/95/EU “Non-Financial Reporting Directive (NFRD), the ordinance on climate reporting can be found here and additional information is available here and here Until this new law, SIX’s listed companies could choose voluntarily opt-in sustainability reporting through Art. 9 DCG in conjunction with Art. 9 Point 2.03 DRRO where issuers have the opportunity, to inform SIX Exchange Regulation that they issued a sustainability report in accordance with an internationally recognised standard recognized by SIX. Issuers who opt into the SIX regime are then obliged to adopt the sustainability report in accordance with the chosen internationally recognised standard and to publish it on their website within eight months of the balance sheet date for the annual financial statements for a period of five years. In addition, companies remain free to issue and publish a sustainability report in line with an internationally recognised standard without reporting this to SIX Exchange Regulation. It is also permissible to include certain sustainability topics in their annual report.

SIX Investing Sustainably.
SIX Sustainability Reporting.
SIX Reporting Standards.
International Standards recognised by SIX.","Yes



See Chapter 10. “IR and Sustainability” from p.132 of the Investor Relations Handbook (5th edition)","Yes



Supporting and/or sponsoring ESG related training from third party providers for our equity issuers.

In 2022, SIX provided training on Climate-related Financial Disclosures (TCFD recommendations) in collaboration with the SSE, CDP and IFC. (source)","Yes


SPI ESG indices
SBI ESG indices
SPI Gender Equality index
ESG Strategy indices
SIX Switzerland Sustainability 25
Ethos Swiss Corporate Governance Index","Yes


Sustainable Bonds on SIX","Yes


Sparks: the SME Stock Exchange","Yes


There is a 30% mandatory minimum rule for women on boards. Source: Swiss Law","SIX Group participates in the annual survey produced by WFE, WFE 2021 Sustainability Survey
SIX Group is a member of Swiss Sustainable Finance which aims to inform on best practice and creating supportive frameworks and tools to support its members
As a member of the Zurich Energy Model, SIX Group committed to improving its energy efficiency by around 11% in the target agreement period from 2013 to 2020. In fact, SIX managed to increase its energy efficiency by twice as much: According to Zurich Energy Model calculations, the increase in this eight-year period was around 22%. In absolute terms, SIX saved approximately 25,000 MWh of energy.
SIX Group is also a member of the Advance network for “Gender Equality in Business,” which offers mentoring and further education opportunities specifically for women.","Private company for profit; demutualized in 2002

SIX Group Ltd (SIX) is an unlisted public limited company domiciled in Zurich.
The company is owned by around 140 national and international financial institutions, who are also the main users of the services provided by SIX.",Swiss Financial Market Supervisory Authority,"Limited Exchange Self-Regulatory Organization (SRO) Model.

The SIX Swiss Exchange has the authority to issue, monitor and enforce regulations as per Swiss law. The exchange has created rules and regulations that apply to listing requirements, company disclosure, company obligations, and market Surveillance and enforcement. However, it should be noted that the Swiss Financial Market Supervisory Authority (FINMA) has to ultimately approve proposed rules and regulations changes by the exchange, giving it ultimate regulatory authority.","Location: Zurich, Switzerland.

SIX operates a competitive infrastructure for the Swiss financial center, catering to a broad, international client base. Its four business areas provide a comprehensive range of services in the areas of securities transactions, financial information processing and cashless payment transactions.",,,,,,,,
Thailand,Stock Exchange of Thailand,https://sseinitiative.org/stock-exchange/set/,2012,Guidelines for the preparation of sustainability reports,⬤,,,⬤,,⬤,Stock Exchange of Thailand,Thailand,821,"563,037.58 million US$",Yes,"Yes


SET has continued to provide its annual sustainability report in alignment with global sustainability reporting frameworks, including GRI Standards, SDGs and IIRC’s Integrated Reporting.
SET’s Annual Sustainability Reports here.","Yes


In Thailand, the Securities and Exchange Commission mandates sustainability reporting in the 56-1 One Report annual public filing.","Yes


SET has provided a variety of guidelines and tools on sustainability disclosures that can be accessed here.
Apart from the publications, SET has offered a variety of learning tools for listed companies, to keep them abreast with the up-and-coming sustainability-related trends in the global business world. See more about Principles and Guidelines here.
In addition, a series of guidance documents and manuals can be found on SET’s Sustainability website.
Corporate Sustainability Guide
Sustainability Reporting Guide","Yes


SET has regularly organized capacity-building and training activities to promote corporate sustainability management, ESG reporting and responsible investing. Several e-learning programs are available here.
Corporate Sustainability Strategy’ is one of the most well-received capacity-building programs among Thai listed companies. The 7-day course offers hands-on experience for participants through four modules:
S01: Sustainability Commitment
S02, S04: Value Chain and Materiality Analysis
S03: Sustainability Strategy and Initiative
SET, in partnership with GRCF, CDP and GRI, recently hosted a series of TCFD & SDGs workshops to raise awareness of climate change issues and related risks to business and promote climate resiliences among Thai listed companies. More about it here.
In addition, SET has partnered with Walk Free and FAST to produce a set of practical tools to manage human rights risks, specifically modern slavery and labor exploitation. Read more about it here.
See also the Training Page, Events page and Knowledge Library on sustainability","Yes


SETTHSI index is the SET’s sustainability-themed index.
In addition, SET annually announces Thailand Sustainability Investment (THSI), a list of Thai listed companies with outstanding sustainability performance.
On top of this, SET also gives SET Sustainability Awards to the most outstanding firms on the list.
SET continues to promote a better understanding of sustainable investing and sustainability indices among Thai investors.","No


ThaiBMA lists various sustainability bonds ; and according to their regulations they use the stock exchange’s platform for trading (source).","Yes


Market for Alternative Investment (mai), since 1998",No,,"A non-profit organization, set up under the Securities Exchange of Thailand Act B.E. 2535 (1992) (“Act.”)
The Securities and Exchange Act of B.E. 2535 (1992) does not prescribe and allow the SET to raise any fund from the public for the purpose of the shareholder structure. As a result, the SET is unable to issue any share to be held by any Party.",The Securities and Exchange Commission of Thailand (SEC),"Limited Exchange SRO Model

The Act stipulates the SEC as the regulator of the Thai capital market, including both the primary and secondary markets. The SET Board of Governors has the power and duty to formulate policies, supervise SET operations, and perform any other functions in accordance with the Act.","Location: Bangkok, Thailand

Vision: To make the capital market “work” for everyone. The capital market is an integral tool for economic growth, and should not be privileged to only some. Hence the SET works hard to make the capital market benefit all stakeholders both directly and indirectly, in the belief that good business growth will lead to national strength and this in turn leads to the betterment of society.
Missions:
To plant state-of-the-art financial platform development that is both innovative and accessible to our customers locally, regionally and globally.
To innovatively grow product development that is not only relevant to market needs but also resonate with the sustainability of future growth.
To foster people development to ensure that our people will be best equipped with business competencies and professional integrity.
To implant an inclusive growth approach that will enable us to perform as the best business partners and social supporters.
To continuously cultivate ourselves and our stakeholders by investing in knowledge management creating, sharing and generating knowledge as part of an intangible asset.
SET’s key operations include securities listing, trading, clearing and settlement, depository, securities trading and information disclosure supervision, market participant protection and information dissemination. SET has actively engaged its stakeholders in promoting sustainability management in the Thai capital market ecosystem to benefit market participants and the general public. As the center of securities trading, SET has been promoting long-term fundraising among businesses to ensure corporate competitive advantage and benefit the Thai economic growth. In addition, SET has continued to develop financial literacy to enhance well-being of people in society.

For more information see SET’s website.",,,,,,,,
Turkey,Borsa İstanbul,https://sseinitiative.org/stock-exchange/borsa-istanbul/,2020*,Sustainability Directory for Companies,⬤,⬤,⬤,⬤,⬤,⬤,Borsa İstanbul,Türkiye,505,"279,303 million US$",Yes,"Yes


Borsa Istanbul published sustainability reports for 2015 and 2016.  As of 2017, the company’s annual reports started to be published in integrated report format and information on sustainability performance and ESG data were included in integrated reports.  The company’s annual integrated reports are prepared in accordance with IIRC integrated reporting framework and GRI Standards. You can reach the latest annual integrated report here","Yes


The Sustainability Principles Compliance Framework (The Outline)  was put into practice with the amendment to Capital Markets Board of Türkye’s Communiqué (No II-17.1) on 02.10.2020. The Outline contains fundamental sustainability principles and metrics expected to be disclosed by listed companies under the “Comply or Explain” principle.","Yes


The Sustainability Reporting Guide was updated in 2020, is available here (Turkish).
Integrated Reporting Guide was published in 2022 (Turkish).
Climate Reporting Guide was published in 2022 (Turkish).","Yes


Borsa Istanbul provides training and hosts events:

In 2022, more than 400 representatives from 243 listed companies have been trained on the concept of ESG and sustainability indices that have been calculated by Borsa Istanbul.
In the first quarter of 2022, SSE provided TCFD training to listed companies in Türkiye, in collaboration with Borsa İstanbul, IFC and CDSB. (source)

Apart from trainings, Borsa Istanbul hosted a couple of events dedicated to ESG.

30 June 2022: Hosted Green Bonds Sukuk Workshop (on site) organized by EBRD and Capital Markets Board of Türkiye.
Supports and hosts Annual Sustainability Finance Forum organized jointly by the Business World and Sustainable Development Society Türkiye, United Nations Environmental Program Finance Initiative (UNEP FI) and Global Compact Türkiye. The last Forum took place in November 2022.

Borsa İstanbul chairs Sustainability Platform that aims to create a sharing network which enables result-oriented and effective realization of the sustainability activities and powerful discussions on future joint steps in the field of sustainability.","Yes


BIST Corporate Governance Index

The index, introduced in 2007, includes companies with high corporate governance ratings determined by the rating institutions authorized by CMB.

BIST Sustainability Index 

The index was introduced in 2014. In 2021, the calculation methodology has been revised in cooperation with Refinitiv whose ESG ratings are now being used to calculate the index.

BIST Participation Sustainability Index

The index, introduced in 2021, includes the companies compatible with Islamic finance and have high ESG scores.

BIST Sustainability 25

Introduced in 2022, the index comprises 25 companies with the highest daily average trading volume and the free float market value among the companies that provide minimum sustainability rating (provided by Refinitiv).","No


In February 2022, green debt instruments guideline, a local version of ICMA’s GBP is published by the Capital Markets Board. For the green debt instruments, Borsa İstanbul waives its listing fee by 50%.",No,No,Sustainability section on website.,Demutualized for profit; demutualized in 2012.,Capital Markets Board of Türkiye,"The legal framework of Turkish capital markets, as it currently stands, is mainly devised by two major pieces of legislation, namely  Capital Markets Law No. 6362 and Turkish Commercial Code. Other regulations include Communiqués of Capital Markets Board and Regulations of Stock Exchange. https://cmb.gov.tr/legal-framework/capital-market-legislation","Location: Istanbul, Türkiye

Following the enactment of the Capital Markets Law at the end of 2012, Borsa İstanbul A.Ş. was founded as a result of the demutualization of Istanbul Stock Exchange, horizontal integration of the exchanges of Türkiye trading various asset classes and their merger under the roof of Borsa İstanbul.
Currently, Borsa İstanbul is the only licensed operator of capital markets inTürkiye, regulated and supervised by the Capital Markets Board of Türkiye, Turkish capital markets regulator. Borsa İstanbul provides a fair, transparent, and efficient environment for the trading of a wide variety of securities including equities, exchange traded funds, warrants, certificates, government bonds, sukuk, corporate bonds, repo and reverse-repo agreements, foreign securities (Turkish Treasury Eurobonds), derivatives and selected commodities.
After strategic cooperation with NASDAQ, all markets within Borsa İstanbul migrated to BISTECH (based on GeniumINET) to serve on a common trading platform and execute trade and post trade operations single handedly. With the launch of BISTECH System, maximum capacity that exchange can process has reached to 100.000 orders per second and the round-trip latency has decreased as low as to microseconds. Thanks to world known order entry and data dissemination protocols coming along with BISTECH, local and international investors can access to Borsa İstanbul much more easily without incurring additional development costs.
Ownership of Exchange (Shares >4% only)	Share
Türkiye Wealth Fund	80.6%
QH Oil Investments LLC	10.0%
Others (brokerage houses, banks, precious metal and foreign exchange companies and other companies)	5.83%",,,,,,,,
Tunisia,Bourse des Valeurs Mobilières de Tunis,https://sseinitiative.org/stock-exchange/bvmt/,2021,TSE - ESG Disclosure Guidelines / French version here,⬤,⬤,⬤,⬤,⬤,⬤,Bourse des Valeurs Mobilières de Tunis,Tunisia,80,"8,079.99 million US$",Yes,No,No,Yes,No,No,No,"Yes


Tunis Stock Exchange Alternative Market, since 2007. (Source)",No,"The TSE tries to favor the economic efficiency and the good governance in companies, control of the risks bound to their activity to reassure investors and investors, but also the other stakeholders. It considers social responsibility is favorable for listed companies, because it helps them anticipate the crises, face instabilities and consequently make the good decisions.
In 2017, the stock exchange achieved a set of actions concerning in particular the realization of seminaries dedicated to the stakeholders of the market, training employees of TSE for the implementation of an approach of CSR according to the ISO 26000 standards, the participation in the quarterly webinar gathering of the members registered in the SSE Initiative, the dissemination of their reporting of CSR on the web site of the SSE Initiative, the participation on the university demonstrations and debates on the CSR, and the celebrating of the world day for the promotion of the gender equality on March 8th.",Limited company equally held by brokerage firms. Minister of finance is represented by a government commissioner.,Conseil du Marché Financier.,"CMF is a public authority with legal personality and financial autonomy. The CMF is responsible for ensuring the protection of savings invested in securities, the organization of markets and ensuring their smooth operation to prevent practices that may impede the proper functioning. It is also responsible for monitoring financial reporting and punishment of breaches or violations of the regulations. It oversees the Tunis Stock Exchange, the Brokers and Tunisian Clearing. (Source).","In February 1969, the BVMT was created as a public establishment. In November 1995, the Tunis Stock Exchange was created as a limited company held by the brokers, 23 in total. (Source).",,,,,,,,
UAE,Abu Dhabi Securities Exchange,https://sseinitiative.org/stock-exchange/adx/,2019,Abu Dhabi Securities Exchange ESG Disclosure Guidance for Listed Companies,⬤,⬤,,⬤,,⬤,Abu Dhabi Securities Exchange,United Arab Emirates,62,"177,547.12 million US$",Yes,"Yes


ADX has launched its first Sustainability Report in June 2020. The report is aligned with ADX’s growth strategy, which aims to increase the adoption of sustainable financing in the Emirate and drive capital towards investments that have positive environmental, social and governance (ESG) impacts.
Sustainability Report 2019
Sustainability Report 2020
Sustainability Report 2021
You can find all Sustainability Reports here","Yes


See Article 76 from the Chairman of SCA’s Board of Directors’ Decision no. (3/Chairman) of 2020 concerning Approval of Joint Stock Companies Governance Guide","Yes


Abu Dhabi Securities Exchange ESG Disclosure Guidance for Listed Companies (2019) (English, Arabic)
English News release: https://www.adx.ae/english/pages/NewsDetails.aspx?viewid=20190728113009
Arabic News release: https://www.adx.ae/Arabic/pages/NewsDetails.aspx?viewid=20190728113009
See also this page","Yes


On 22 and 23 January 2019 ADX held two workshops on sustainability for listed companies, titled:
“Accelerating Sustainability in Listed Companies. Meeting investor needs on environmental, social and governance (ESG) information“",No,"Yes


In May 2022, Abu Dhabi Securities Exchange announces the secondary listing of Sweihan PV Power Company’s green bond (source)",No,"Yes


There is a mandatory minimum rule of at least 1 woman on boards.
Source: SCA Board on Percentage of Women’s Representation on Boards, ADX Disclosure ESG Guidance for Listed Companies and ADX Listing and Disclosure Regulations 2022.",,Governmental not for profit,Emirates Securities and Commodities Authority,"Government (Statutory) Model

The Emirates Securities and Commodities Authority (ESCA) serves as the federal regulator of the UAE and licences and supervises all securities exchanges in the country – including the Dubai Financial Exchange. The ESCA implements regulations for the country’s securities exchanges and is able to revoke or suspend the listing of securities. Furthermore, the ESCA implements bylaws for the country’s brokers. Accordingly, the Abu Dhabi Securities Exchange possesses very little regulatory power and would not be considered self-regulatory.","Location: Abu Dhabi, UAE

The Abu Dhabi Securities Exchange (ADX) was established on 15 November 2000 by Local Law No. (3) of 2000, the provisions of which vest the Market with a legal entity of autonomous status, independent finance and management, and give ADX the necessary supervisory and executive powers to exercise its functions.

 

Ownership of Exchange (Shares >4% only)	Share",,,,,,,,
UAE,Dubai Financial Market,https://sseinitiative.org/stock-exchange/dubai-financial-market/,2019,ESG Reporting Guide,⬤,⬤,⬤,⬤,,⬤,Dubai Financial Market,United Arab Emirates,62,"177,547.12 million US$",Yes,"Yes


Annual Reports Found here.
Sustainability Reports Found here.

.","Yes


See Article 76 from the Chairman of SCA’s Board of Directors’ Decision no. (3/Chairman) of 2020 concerning Approval of Joint Stock Companies Governance Guide","Yes


 DFM’s Guide to ESG Reporting","Yes


DFM and HSBC Global Investor ESG Webinar – 15th June 2020
The Powerful Role Women Can Play on Company Boards, Dubai Global Woman Forum – 17th February 2020
DFM hosted ESG Reporting Guidance workshop for issuers – 26th November 2019
DFM hosted its second ESG workshop to increase awareness of ESG best practices in the region and the new global report on 28 April 2019
DFM Company held board briefing on corporate governance practices in collaboration with the Hawkamah Institute for Corporate Governance on 17 April 2019
DFM and Hawkamah graduate a new group of Certified Board Secretaries for DFM listed companies, Monday 9th July 2018
ESG workshop with UNPRI, Thursday 25th January 2018
ESG Master-Class Workshop IPO Forum 2017 , Monday 20th November 2017
In 2022, DFM provided training on Climate-related Financial Disclosures (TCFD recommendations) in collaboration with the SSE, CDP and IFC. (source)
On the 7th February 2023 DFM hosted ESG workshop in collaboration with Hawkamah and Middle East Investor Relations Association.
Dubai Sustainable Finance Webinar","Yes


DFM Listed companies are covered by:
S&P/Hawkamah UAE ESG Index (More here)
S&P/Hawkamah Pan Arab ESG Index
USE ESG Index
DFM PJSC is included in the FTSE4Good",No,No,"Yes


As part of its keen efforts to empower Emirati women and encourage them to play a greater role on the boards of listed companies, the SCA board agreed to oblige listed companies to have at least one woman appointed to their boards. This was done by amending Clause 3 of Article 9 of The SCA Board Chairman’s Decision No. (3/Chairman) of 2020 Approving the Governance Guide for Public Joint-Stock Companies. (source)","ESG & Sustainability section of website
DFM and DIFC launched “Dubai Sustainable Finance Working Group” in July 2019
eBoard Online application platform promoting board position applications in support of the Dubai Women Establishment and UAE Gender Balance Council to promote female board representation",Listed company for profit; demutualized in 2007,Securities and Commodities Authority,The Securities and Commodities Exchange (SCA) serves as the federal regulator of the UAE and licenses and supervises all securities exchanges in the country including the Dubai Financial Market.,"Location: Dubai, United Arab Emirates

About the Stock Exchange: Dubai Financial Market (DFM) was established as a public institution with its own independent corporate body. DFM operates as a secondary market for the trading of securities issued by public shareholding companies, bonds issued by the Federal Government or any of the local Governments and public institutions in the country, units of investment funds and any other financial instruments, local or foreign, which are accepted by the market. The DFM commenced operations on March 26, 2000 and became the first Islamic Shari’a-compliant exchange globally since 2007. Following its initial public offering in November 2006, when DFM offered 1.6 billion shares, representing 20 per cent of its paid-up capital of AED 8 billion, DFM became a public joint stock company and its shares were listed on 7 March 2007 with the trading symbol (DFM). Following the IPO, the Government of Dubai retained the remaining 80 per cent of DFM Company through Borse Dubai Limited. www.dfm.ae

 

Ownership of Exchange (Shares >4% only)	Share
Borse Dubai Ltd	79.67%",,,,,,,,
UK,Euronext London,https://sseinitiative.org/stock-exchange/euronext-london/,2022*,ESG Reporting Guide - Target 1.5°C,⬤,⬤,⬤,⬤,⬤,⬤,Euronext London,United Kingdom of Great Britain and Northern Ireland,2,"35,313 million US$",Yes,"Yes


There is a chapter in the annual report dedicated to sustainability activities, find all reports here.","Yes


The European directive on non-financial information reporting (NFRD) has been implemented into the UK legal environment.Moreover, Euronext London supports and implements ESMA’s and National Competent Authorities stringent rules with regards to governance among its community of listed companies","Yes


ESG Reporting Guide – Target 1.5°C",No,"Yes


See the list of indices on the Euronext website here. ESG/ISR indices fall under the tab “theme indices”. This list is automatically updated.","Yes


Euronext ESG Bonds is a community of ESG bond issuers where green, sustainability, social, blue and sustainability-linked bonds listed on all Euronext locations are consolidated onto one highly visible area. Details of the securities here.
As of January 2021, Euronext is home to 420 ESG bonds from 150 issuers across the globe including sovereigns, development banks, municipals, government-backed entities, financial institutions, corporates, pure play issuers.","Yes


Euronext Growth, Euronext Access, Euronext Access+. More information here.",No,"Euronext supports climate friendly innovations by financing Cleantech SME’s benefitting from major Euronext initiatives :
TechShare: 27 Cleantech have followed the program on how to leverage capital markets
Tech40 Index: 10% of this increasingly important index is made up of Cleantech SME’s
Morningstar: the program fully covers the scope of Cleantech SME issuers (55)",Listed company for profit; demutualized in 2000,"Financial Conduct Authority (FCA)
European Union (ESMA)","Government (Statutory) Model

The Markets in Financial Instruments Directive (MiFID) classifies Euronext’s European cash markets as a regulated market. As such, the real-time monitoring performed by Euronext’s cash market operations and technical support is formally enforced, and our trading rules and procedures are approved by our five regulators. This regulatory and organizational system gives  Euronext the power to efficiently manage crisis situations and extraordinary circumstances. Some of the markets organized by Euronext are exchange regulated, which means they are subject to a body of rules laid down by the market operator, Euronext. They are not regulated markets as defined by the Markets in Financial Instruments Directive (MiFID). These structured, exchange regulated markets offer simplified access to financial markets and streamlined listing requirements for companies from every sector of the economy, while ensuring compliance with rules on investor disclosure and the control of financial information. Source","Location of the listed holding: London, UK. Euronext London has been granted recognition by the Financial Conduct Authority (“FCA”) to operate as a United Kingdom recognised investment exchange (“RIE”), pursuant to section 290 of the Financial Services and Markets Act 2000 (the “UK FSMA”). As such, Euronext London has certain self-regulatory responsibilities for its markets. In order to retain its status as an RIE, Euronext London is required to meet various legislative and regulatory requirements and failure to comply with these requirements could subject it to significant penalties, including de-recognition. The regulatory framework applicable to Euronext London is supplemented by a series of legislative provisions regulating the conduct of participants. Importantly, the UK FSMA contains provisions making it an offense for any person to engage in certain market behaviour and prohibits market abuse through the misuse of information, the giving of false or misleading impressions or the creation of market distortions. Breaches of those provisions give rise to the risk of sanctions, including financial penalties. Euronext is the leading pan-European exchange in the Eurozone, spanning Belgium, France, Ireland, Norway, the Netherlands, Portugal, the UK and Ireland. Created in 2000, it unites markets which date back to the start of the 17th century. It is the primary exchange in the Euro zone with nearly 1,500 listed issuers worth more than €4.5 trillion in market capitalization as of end May 2019, an unmatched blue chip franchise consisting of 20+ issuers in the Morningstar® Eurozone 50 Index℠ and a strong diverse domestic and international client base.

 

Ownership of Exchange (Shares >4% only)	Share
Euronext NV	100%",,,,,,,,
UK,London Stock Exchange,https://sseinitiative.org/stock-exchange/lse/,2020*,Revealing the full picture: Your guide to ESG Reporting,⬤,⬤,⬤,⬤,⬤,⬤,London Stock Exchange,United Kingdom of Great Britain and Northern Ireland,1991,"3,574,555.01 million US$",Yes,Yes,"No



Listing rules are set by the regulator, not the LSE. In the UK the changes to the Companies Act 2006 (Strategic Report and Directors Report) regulations came into effect on 1 October 2013. This means extra reporting on greenhouse gas emissions, human rights and diversity is now required within the front half of the annual report. Source","Yes


LSE – ESG Report Guidance
LSE Climate Report Guidance for London-listed companies on the integration of climate reporting best practice and TCFD implementation.","Yes


Through FTSE, which is wholly owned by LSEG, detailed ESG ratings and data are provided to the investment community globally. These are presented at a variety of investor conferences globally and FTSE works with asset owners, asset managers and banks to develop tailor custom ESG services. Source
Practicing Integrated Thinking & Reporting (with Fondazione Eni Enrico Mattei, 2014)
In 2022, LSEG provided training on Climate-related Financial Disclosures (TCFD recommendations) in collaboration with the SSE, CDP and IFC. (source)","Yes


FTSE Green Revenues Index Series
FTSE4Good Index Series
FTSE Environmental Market Index Series
FTSE All-World Ex-Fossil Fuel Index Series","Yes


LSEG has a range of dedicated green bond segments, launched in June 2015. There are currently 42 green bonds listed on LSE.
Green bond factsheet from April 2017 can be found here.","Yes


Alternative Investment Market, since 2005",No,"Guidance on Climate Reporting Best Practice and TCFD implementation
Sustainability Section on website.
2021 Corporate Social Responsibility Report
Sustainability Section in 2021 Annual Report",Listed company for profit; demutualized in UK in 2000,Financial Conduct Authority,"Government (Statutory) Model

The Financial Conduct Authority (FCA) is responsible for regulating the financial services markets, exchanges and firms. They have full listing authority in the UK, and have full power to monitor the markets. The FCA looks after conduct, competition and actions that occur on the London Stock Exchange. This would thus be considered a Government (Statutory) Model.","Location: London, United Kingdom

London Stock Exchange is one of the world’s oldest stock exchanges and can trace its history back more than 300 years.
London Stock Exchange Group was created in October 2007 when London Stock Exchange merged with Milan Stock Exchange, Borsa Italiana. Source

 

Ownership of Exchange (Shares >4% only)	Share
Borse Dubai Ltd	20.71%
Qatar Investment Authority	15.40%
Fidelity Investments	5.00%
Lindsell Train Ltd.	4.40%",,,,,,,,
USA,Nasdaq,https://sseinitiative.org/stock-exchange/nasdaq-2/,2019,ESG Reporting Guide 2.0: A Support Resource for Companies,⬤,⬤,⬤,⬤,,⬤,Nasdaq,United States of America,3723,"22,464,541.01 million US$",Yes,Yes,No,"Yes


ESG Reporting Guide 2.0: A support resource for companies (May 2019)","Yes


List of events here","Yes


Offers 70 sustainability-related indexes (not all actively traded), including:

OMX GES Ethical indexes
NASDAQ Clean Edge US Index (CLEN)
OMX CRD Global Sustainability Index",Yes,No,"Yes


There is a mandatory minimum rule of at least 1 woman on boards.
Source: NASDAQ. (2020). Nasdaq to Advance Diversity through New Proposed Listing Requirements. Details of the rule: NASDAQ’s proposed rules are pending approval by the US SEC. If approved, they would require listed companies to have at least one director who self-identifies as female. In case of non-compliance, companies would have to explain the reasons.","Nasdaq Progress Report 2014, United Nations Global Compact

Nasdaq speaks, moderates, sponsors, or otherwise exhibits at key industry events related to sustainability. Source
Nasdaq and CERES’ Investor Network on Climate Risk (INCR) are working with other partners to create an investor-centric sustainability reporting proposal for public companies and stock exchanges. Source
Nasdaq had a three-part article series in 2013, called Doing Well by Doing Good.
Nasdaq is a member of the United Nations Global Compact and Chair of the WFE Sustainability Working Group. Source.
Board Member, US Global Compact US Network; Advisory Board Member, SASB.","Listed company for profit; demutualized in:

NASDAQ – 2000
OMX – 1993","US- Securities and Exchange Commission
UK – Financial Conduct Authority","Limited Exchange Self-Regulatory Organization (SRO) Model.

Regulatory practices in regards to this exchange vary slightly from country to country. The exchanges operated by Nasdaq in each country appear to have basic regulatory oversight. However, the ultimate regulatory authority for each market lies with the regulatory bodies listed.","HQ Location: New York, New York.

Nasdaq (Nasdaq: NDAQ) is a leading global provider of trading, clearing, exchange technology, listing, information and public company services. Through its diverse portfolio of solutions, Nasdaq enables customers to plan, optimize and execute their business vision with confidence, using proven technologies that provide transparency and insight for navigating today’s global capital markets.
Nasdaq was the creator of the world’s first electronic stock market, and its technology powers more than 90 marketplaces in 50 countries, and 1 in 10 of the world’s securities transactions. Nasdaq is home to approximately 3,900 total listings with a market value of approximately $13 trillion. To learn more, visit their website.

 

Ownership of Exchange (Shares >4% only)	Share
Bourse Dubai Ltd.	17.9%
Investor AB	11.6%
MFS Investment Management	8.4%
The Vanguard Group	7.1%",,,,,,,,
USA,NYSE,https://sseinitiative.org/stock-exchange/nyse/,2021,Best Practices for Sustainability Reporting,⬤,⬤,⬤,,,,New York Stock Exchange,United States of America,2525,"27,686,923.54 million US$",Yes,Yes,No,"Yes


Best Practices for Sustainability Reporting
NYSE also provides various sustainability resources for listed companies at https://www.nyse.com/esg/resource-center","Yes


The NYSE regularly conducts webinars and educational symposiums for investor relations, sustainability and governance teams of listed companies. These programs include the NYSE IR Summit, held annually at the NYSE and throughout the year in regional locations. For the past several years, each day-long summit has included several governance and board related topics and speakers have represented proxy advisory firms, hedge funds, small and large investment fund managers, heads of governance, ESG-focused investors, corporate secretaries and industry leaders.
The NYSE partnered with the CFA Institute and Principles for Responsible Investing (PRI) to host a workshop in November of 2017 for professional investors designed to promote understanding of how ESG issues are impacting share prices, bond yields and bond spreads.
September 2018 – NYSE held a Panel discussion with its listed companies and Tensie Whelan, who heads the Center for Sustainable Business at the NYU Stern School of Business to discuss measuring the ROI on sustainability. Key takeaways in the 2019 CRR report p.14. 
October 2018 – NYSE held a webinar with NRG Energy Vice President of Sustainability and Janine Guillot, SASB Director of Capital Markets Policy and Outreach to discuss how incorporating ESG information into annual reports can help engage with investors. See CRR report from 2019, p.14.
May 2022 – NYSE provided training on Climate-related Financial Disclosures (TCFD recommendations) in collaboration with the SSE, CDP and IFC. (source)","Yes



The NYSE administers, calculates or publishes nearly 40 ESG indices (more than 20 are environmental related specifically):

ICE BoAML Green Bond Index·
NYSE Arca Environmental Services Index
MLCX Biofuels Index – Total Return (Intraday Indicative)
Barclays Women in Leadership Total Return USD Index
Return on Disability US LargeCap Excess Return Net USD Index
SPDR SSGA Gender Diversity Index
SSI Impact Index
Summit Zacks Global Water Index (Price Return)
Syntax U.S. Social Core Tier 1 Index
Syntax U.S. Social Core Tier 2 Index
WilderHill Clean Energy Index
WilderHill Progressive Energy Index
ZyFin India Quality and Governance Equity Index (USD PR)
S&P U.S. Activist Interest Index
Tortoise North American Water Index
Ardour Global Index Extra Liquid (USD)
Ardour Solar Energy Index (USD)
Northern Trust Developed Real Estate ESG Price Index (USD)
Northern Trust GRESB Developed Real Estate ESG Price Index (USD)
S-Net Nuclear Energy Index (USD)
Thomson Reuters Global Equal Opportunities Select Index
Thomson Reuters Global Large/Mid Diversity & Inclusion ex. Controversial Weapons Equal Weight Price Return Index
Thomson Reuters/S-Network Developed Markets ex-US Environmental Best Practices Index (USD)
Thomson Reuters/S-Network Developed Markets ex-US ESG Best Practices Index (USD)
Thomson Reuters/S-Network Developed Markets ex-US Governance Best Practices Index (USD)
Thomson Reuters/S-Network Developed Markets ex-US Social Best Practices Index (USD)
Thomson Reuters/S-Network Emerging Markets Environmental Best Practices Index (USD)
Thomson Reuters/S-Network Emerging Markets ESG Best Practices Index (USD)
Thomson Reuters/S-Network Emerging Markets Governance Best Practices Index (USD)
Thomson Reuters/S-Network Emerging Markets Social Best Practices Index (USD)
Thomson Reuters/S-Network Europe Environmental Best Practices Index (USD)
Thomson Reuters/S-Network Europe ESG Best Practices Index (USD)
Thomson Reuters/S-Network Europe Governance Best Practices Index (USD)
Thomson Reuters/S-Network Europe Social Best Practices Index (USD)
Thomson Reuters/S-Network US Large Cap Environmental Best Practices Index (USD)
Thomson Reuters/S-Network US Large Cap ESG Best Practices Index (USD)
Thomson Reuters/S-Network US Large Cap Governance Best Practices Index (USD)
Thomson Reuters/S-Network US Large Cap Social Best Practices Index (USD)",No,"Yes


NYSE American, since 2008",No,"More information on NYSE’s sustainability efforts can be found on their website.
The Intercontinental Exchange Group also released a Corporate Responsibility Report in 2019.
In 2019 the exchange launched the NYSE Board Diversity Council to advance gender board diversity",Listed company for profit; demutualized in 2006,U.S. Securities and Exchange Commission,"Limited Exchange Self-Regulatory Organization (SRO) Model.

The NYSE’s self-regulatory obligations are performed by NYSE Regulation, a unit of the NYSE Group, Inc. which is responsible for monitoring listed company compliance and for performing surveillance of exchange members’ trading and enforcement work related to trading on the exchange. Pursuant to a regulatory services agreement, the Financial Industry Regulatory Authority, Inc. (FINRA) performs certain regulatory work on behalf of NYSE Regulation, including examinations of NYSE member firms and certain cross-market surveillance and enforcement work.
In some instances, NYSE Regulation has concurrent jurisdiction with the US Securities and Exchange Commission and FINRA with respect to the NYSE’s member firms and persons associated with them.","Location: New York, USA.

Established in 1792. Over the years, the NYSE has welcomed diverse new trading platforms to its ranks, that now include equities, exchange-traded products, options and fixed income. Its equity markets provide customers with leading technology, unique partnerships and value-added trading techniques from electronic to block to anonymous order executions – all done within an open, regulated exchange environment. Its options markets provide customers a choice of two distinct models that offer a combination of open outcry trading with advanced electronic capabilities.
Ownership of Exchange (Shares >4% only)	Share
Intercontinental Exchange Group	100%",,,,,,,,
Vietnam,Hanoi Stock Exchange,https://sseinitiative.org/stock-exchange/hnx/,2016,Environmental and Social Disclosure Guide,⬤,,,,,,Hanoi Stock Exchange,Viet Nam,345,"22,399.09 million US$",Yes,No,"Yes


Circular 155/2015/TT-BTC (dated 06/10/2015) on guidelines for information disclosure on securities market.","Yes


HNX published Guidance on ESG Disclosure for listed companies in 2016 in accordance with sustainability reporting requirements by Circular 155/2015/TT-BTC dated October 6, 2015 on guidelines for information disclosure on securities market.","Yes


Joint workshop by Hanoi Stock Exchange and Global Reporting Initiative – GRI “Information disclosure standards of Global Reporting Initiative (GRI)” on Aug 18th, 2017;
Joint workshop by CPA Australia, HNX and HOSE “International practices on investor relations” on May 23rd, 2018;
Joint workshop by HNX, HOSE and GRI “Sustainability Reporting for Public Listed Companies” in Jun 18th , 2018, Hanoi.
In 2022, provided training on Climate-related Financial Disclosures (TCFD recommendations) in collaboration with the SSE, CDP and IFC in a joint workshop with the Sate Securities Commission of Vietnam and HOSE. (source)",No,No,"Yes


One of the function of UPCoM market is a trading platform for SMEs",No,"Currently, HNX operates 4 markets including listed stock market, UPCoM, Government bond market, and derivatives market.",State-owned single member limited liability Company,State Securities Commission (SSC),Hanoi Stock Exchange (HNX) was officially designated as a State-owned single member limited liability company with sole ownership by the Ministry of Finance and regulated by SSC.,"HNX (formerly HASTC) was established in 1998 and officially inaugurated in 2005.
02/01/2009: Establishment of Hanoi Stock Exchange on the basis of transforming Hanoi Securities Trading Center (2005) as an State-owned single limited liability company owned by MOF. In 2009, the UPCoM and the Government bond market were operated at HNX.
15/04/2010: HNX officially became 19th member of AOSEF.
30/05/2011: HXN became a “Correspondent” of the World Federation of Exchanges (WFE) and “Affiliate” since 2013.
Ownership of Exchange (Shares >4% only)	Share
Vietnam Ministry of Finance	100%
22/5/2015: HNX became an SSE Partner Exchange.",,,,,,,,
Vietnam,Ho Chi Minh Stock Exchange,https://sseinitiative.org/stock-exchange/hsx/,2016,Environmental and Social Disclosure Guide,⬤,,,,,,Ho Chi Minh Stock Exchange,Viet Nam,404,"256,394.98 million US$",Yes,"Yes


2016 Annual Report","Yes


Circular 155/2015/TT-BTC (dated 06/10/2015) on guidelines for information disclosure on securities market.","Yes


The SSC, in cooperation with the IFC, published an Environmental and Social Disclosure Guide in 2016.","Yes


E&S training programme held in 2015. Annual Report details additional trainings held in 2016 for market participants on corporate governance (pg 34).
In 2022, provided training on Climate-related Financial Disclosures (TCFD recommendations) in collaboration with the SSE, CDP and IFC in a joint workshop with the State Securities Commission of Vietnam and HNX. (source)","Yes


Sustainability Index (VNSI) launched on 24 July 2017. VNSI measures the performance of the top 20 sustainable listed companies on HOSE. Constituents are selected from the VN100 (100 largest companies on HOSE).","No


Working on developing green listings",No,No,"In parallel with the launch of the sustainability index, the HOSE exchange is working on implementing green corporate bond listing
HOSE is part of the governmental Vietnam Green Growth Strategy with the support from GIZ (Germany)",Governmental not for profit,State Securities Commission (SSC),"Government (Statutory) Model

The State Securities Commission is an organization under the Ministry of Finance, charged with the functions of the state regulation of securities and securities market, direct regulation and supervision of activities in securities and securities market, management of public services in the fields of securities and securities market in accordance with applicable laws. HoChiMinh Stock Exchange is empowered to issue Regulations on Listing, Trading, Membership, Market Surveillance, etc. for those activities on its marketplace.","Location: Ho Chi Minh City, Vietnam

In an effort to industrialize and modernize the country, maintain stable economic growth and restructure the economy to enhance its efficiency and competition, Vietnam had needed huge capital for investment. Therefore, a securities market in Vietnam was in urgent demand in order to mobilize mid-term and long-term capital internally, as well as outside the country into economic investment through debt securities and capital securities. In addition, equitization of state-owned enterprises along with establishment and development of securities market would create a more open and healthier business environment.
On July 10th 1998, the Prime Minister signed Decree No. 48/1998/ND-CP on stock and securities market and a Decision to set up two securities trading centers at Hanoi and Ho Chi Minh City.
On July 20th 2000, the Ho Chi Minh City Securities Trading Center officially became operational and executed the first trading session on July 28th 2000 with 2 types of listing stocks.
After 7 years of growing and integrating into the global securities market, the government signed Decision No. 599/QD-TTg on May 11th 2007 to transfer the Ho Chi Minh City Securities Trading Center to Hochiminh Stock Exchange (HOSE). On August 8th 2007, Hochiminh Stock Exchange was officially opened.

 

Ownership of Exchange (Shares >4% only)	Share
Vietnam Ministry of Finance	100.00%",,,,,,,,
