TITLE,PDF_LINK
India's Union Budget 2022-23: Climate Budget and Green Bonds,https://www.indiabudget.gov.in/doc/bh1.pdf
India's Union Budget 2022-23: Climate Budget and Green Bonds,https://www.indiabudget.gov.in/doc/Budget_Speech.pdf
India's Union Budget 2022-23: Climate Budget and Green Bonds,https://www.indiabudget.gov.in/doc/Key_to_Budget_Document_2023.pdf
India's Union Budget 2022-23: Climate Budget and Green Bonds,https://www.indiabudget.gov.in/doc/bh1.pdf
India's Union Budget 2022-23: Climate Budget and Green Bonds,https://www.indiabudget.gov.in/doc/AFS/allafs.pdf
India's Union Budget 2022-23: Climate Budget and Green Bonds,https://www.indiabudget.gov.in/doc/AFS/afs1.pdf
India's Union Budget 2022-23: Climate Budget and Green Bonds,https://www.indiabudget.gov.in/doc/AFS/afs2.pdf
India's Union Budget 2022-23: Climate Budget and Green Bonds,https://www.indiabudget.gov.in/doc/AFS/afs3.pdf
India's Union Budget 2022-23: Climate Budget and Green Bonds,https://www.indiabudget.gov.in/doc/AFS/afs4.pdf
India's Union Budget 2022-23: Climate Budget and Green Bonds,https://www.indiabudget.gov.in/doc/AFS/afs5.pdf
India's Union Budget 2022-23: Climate Budget and Green Bonds,https://www.indiabudget.gov.in/doc/AFS/afs6.pdf
India's Union Budget 2022-23: Climate Budget and Green Bonds,https://www.indiabudget.gov.in/doc/AFS/afs7.pdf
India's Union Budget 2022-23: Climate Budget and Green Bonds,https://www.indiabudget.gov.in/doc/AFS/afs8.pdf
India's Union Budget 2022-23: Climate Budget and Green Bonds,https://www.indiabudget.gov.in/doc/AFS/afs9.pdf
India's Union Budget 2022-23: Climate Budget and Green Bonds,https://www.indiabudget.gov.in/doc/memo.pdf
India's Union Budget 2022-23: Climate Budget and Green Bonds,https://www.indiabudget.gov.in/doc/Finance_Bill.pdf
India's Union Budget 2022-23: Climate Budget and Green Bonds,https://www.indiabudget.gov.in/doc/frbm1.pdf
India's Union Budget 2022-23: Climate Budget and Green Bonds,https://www.indiabudget.gov.in/doc/OutcomeBudgetE2023_2024.pdf
India's Union Budget 2022-23: Climate Budget and Green Bonds,https://www.indiabudget.gov.in/doc/cen/cus0223.pdf
India's Union Budget 2022-23: Climate Budget and Green Bonds,https://www.indiabudget.gov.in/doc/cen/cus0323.pdf
India's Union Budget 2022-23: Climate Budget and Green Bonds,https://www.indiabudget.gov.in/doc/cen/cus0423.pdf
India's Union Budget 2022-23: Climate Budget and Green Bonds,https://www.indiabudget.gov.in/doc/cen/cus0523.pdf
India's Union Budget 2022-23: Climate Budget and Green Bonds,https://www.indiabudget.gov.in/doc/cen/cus0623.pdf
India's Union Budget 2022-23: Climate Budget and Green Bonds,https://www.indiabudget.gov.in/doc/cen/cus0723.pdf
India's Union Budget 2022-23: Climate Budget and Green Bonds,https://www.indiabudget.gov.in/doc/cen/cus0823.pdf
India's Union Budget 2022-23: Climate Budget and Green Bonds,https://www.indiabudget.gov.in/doc/cen/cus0923.pdf
India's Union Budget 2022-23: Climate Budget and Green Bonds,https://www.indiabudget.gov.in/doc/cen/cus1023.pdf
India's Union Budget 2022-23: Climate Budget and Green Bonds,https://www.indiabudget.gov.in/doc/cen/cus1123.pdf
India's Union Budget 2022-23: Climate Budget and Green Bonds,https://www.indiabudget.gov.in/doc/cen/cus1223.pdf
India's Union Budget 2022-23: Climate Budget and Green Bonds,https://www.indiabudget.gov.in/doc/cen/cen0523.pdf
India's Union Budget 2022-23: Climate Budget and Green Bonds,https://www.indiabudget.gov.in/doc/cen/explanatorynote.pdf
India's Union Budget 2022-23: Climate Budget and Green Bonds,https://www.indiabudget.gov.in/doc/cen/dojstru1.pdf
India's Union Budget 2022-23: Climate Budget and Green Bonds,https://www.indiabudget.gov.in/doc/impbud2022-23.pdf
India's Union Budget 2022-23: Climate Budget and Green Bonds,https://www.indiabudget.gov.in/doc/Budget_at_Glance/budget_at_a_glance.pdf
India's Union Budget 2022-23: Climate Budget and Green Bonds,https://www.indiabudget.gov.in/doc/Budget_at_Glance/bag1.pdf
India's Union Budget 2022-23: Climate Budget and Green Bonds,https://www.indiabudget.gov.in/doc/Budget_at_Glance/bag2.pdf
India's Union Budget 2022-23: Climate Budget and Green Bonds,https://www.indiabudget.gov.in/doc/Budget_at_Glance/bag3.pdf
India's Union Budget 2022-23: Climate Budget and Green Bonds,https://www.indiabudget.gov.in/doc/Budget_at_Glance/bag4.pdf
India's Union Budget 2022-23: Climate Budget and Green Bonds,https://www.indiabudget.gov.in/doc/Budget_at_Glance/bag5.pdf
India's Union Budget 2022-23: Climate Budget and Green Bonds,https://www.indiabudget.gov.in/doc/Budget_at_Glance/bag6.pdf
India's Union Budget 2022-23: Climate Budget and Green Bonds,https://www.indiabudget.gov.in/doc/Budget_at_Glance/bag7.pdf
India's Union Budget 2022-23: Climate Budget and Green Bonds,https://www.indiabudget.gov.in/doc/eb/vol1.pdf
India's Union Budget 2022-23: Climate Budget and Green Bonds,https://www.indiabudget.gov.in/doc/eb/intro.pdf
India's Union Budget 2022-23: Climate Budget and Green Bonds,https://www.indiabudget.gov.in/doc/eb/stat1.pdf
India's Union Budget 2022-23: Climate Budget and Green Bonds,https://www.indiabudget.gov.in/doc/eb/stat2a.pdf
India's Union Budget 2022-23: Climate Budget and Green Bonds,https://www.indiabudget.gov.in/doc/eb/stat2b.pdf
India's Union Budget 2022-23: Climate Budget and Green Bonds,https://www.indiabudget.gov.in/doc/eb/stat3a.pdf
India's Union Budget 2022-23: Climate Budget and Green Bonds,https://www.indiabudget.gov.in/doc/eb/stat4a.pdf
India's Union Budget 2022-23: Climate Budget and Green Bonds,https://www.indiabudget.gov.in/doc/eb/stat4b.pdf
India's Union Budget 2022-23: Climate Budget and Green Bonds,https://www.indiabudget.gov.in/doc/eb/stat4c.pdf
India's Union Budget 2022-23: Climate Budget and Green Bonds,https://www.indiabudget.gov.in/doc/eb/stat4d.pdf
India's Union Budget 2022-23: Climate Budget and Green Bonds,https://www.indiabudget.gov.in/doc/eb/stat5.pdf
India's Union Budget 2022-23: Climate Budget and Green Bonds,https://www.indiabudget.gov.in/doc/eb/stat6.pdf
India's Union Budget 2022-23: Climate Budget and Green Bonds,https://www.indiabudget.gov.in/doc/eb/stat7.pdf
India's Union Budget 2022-23: Climate Budget and Green Bonds,https://www.indiabudget.gov.in/doc/eb/stat8.pdf
India's Union Budget 2022-23: Climate Budget and Green Bonds,https://www.indiabudget.gov.in/doc/eb/stat9.pdf
India's Union Budget 2022-23: Climate Budget and Green Bonds,https://www.indiabudget.gov.in/doc/eb/stat10a.pdf
India's Union Budget 2022-23: Climate Budget and Green Bonds,https://www.indiabudget.gov.in/doc/eb/stat10b.pdf
India's Union Budget 2022-23: Climate Budget and Green Bonds,https://www.indiabudget.gov.in/doc/eb/stat11.pdf
India's Union Budget 2022-23: Climate Budget and Green Bonds,https://www.indiabudget.gov.in/doc/eb/stat12.pdf
India's Union Budget 2022-23: Climate Budget and Green Bonds,https://www.indiabudget.gov.in/doc/eb/stat13.pdf
India's Union Budget 2022-23: Climate Budget and Green Bonds,https://www.indiabudget.gov.in/doc/eb/stat14.pdf
India's Union Budget 2022-23: Climate Budget and Green Bonds,https://www.indiabudget.gov.in/doc/eb/stat15.pdf
India's Union Budget 2022-23: Climate Budget and Green Bonds,https://www.indiabudget.gov.in/doc/eb/stat15a.pdf
India's Union Budget 2022-23: Climate Budget and Green Bonds,https://www.indiabudget.gov.in/doc/eb/stat16.pdf
India's Union Budget 2022-23: Climate Budget and Green Bonds,https://www.indiabudget.gov.in/doc/eb/stat17.pdf
India's Union Budget 2022-23: Climate Budget and Green Bonds,https://www.indiabudget.gov.in/doc/eb/stat18.pdf
India's Union Budget 2022-23: Climate Budget and Green Bonds,https://www.indiabudget.gov.in/doc/eb/stat19.pdf
India's Union Budget 2022-23: Climate Budget and Green Bonds,https://www.indiabudget.gov.in/doc/eb/stat20.pdf
India's Union Budget 2022-23: Climate Budget and Green Bonds,https://www.indiabudget.gov.in/doc/eb/stat21.pdf
India's Union Budget 2022-23: Climate Budget and Green Bonds,https://www.indiabudget.gov.in/doc/eb/stat22.pdf
India's Union Budget 2022-23: Climate Budget and Green Bonds,https://www.indiabudget.gov.in/doc/eb/stat23.pdf
India's Union Budget 2022-23: Climate Budget and Green Bonds,https://www.indiabudget.gov.in/doc/eb/stat24.pdf
India's Union Budget 2022-23: Climate Budget and Green Bonds,https://www.indiabudget.gov.in/doc/eb/stat25.pdf
India's Union Budget 2022-23: Climate Budget and Green Bonds,https://www.indiabudget.gov.in/doc/eb/stat26.pdf
India's Union Budget 2022-23: Climate Budget and Green Bonds,https://www.indiabudget.gov.in/doc/eb/stat27.pdf
India's Union Budget 2022-23: Climate Budget and Green Bonds,https://www.indiabudget.gov.in/doc/eb/railstat1.pdf
India's Union Budget 2022-23: Climate Budget and Green Bonds,https://www.indiabudget.gov.in/doc/eb/railstat2.pdf
India's Union Budget 2022-23: Climate Budget and Green Bonds,https://www.indiabudget.gov.in/doc/eb/railstat3.pdf
India's Union Budget 2022-23: Climate Budget and Green Bonds,https://www.indiabudget.gov.in/doc/eb/railstat4.pdf
India's Union Budget 2022-23: Climate Budget and Green Bonds,https://www.indiabudget.gov.in/doc/eb/railstat5.pdf
India's Union Budget 2022-23: Climate Budget and Green Bonds,https://www.indiabudget.gov.in/doc/eb/railstat6.pdf
India's Union Budget 2022-23: Climate Budget and Green Bonds,https://www.indiabudget.gov.in/doc/eb/railstat7.pdf
India's Union Budget 2022-23: Climate Budget and Green Bonds,https://www.indiabudget.gov.in/doc/eb/sumsbe.pdf
India's Union Budget 2022-23: Climate Budget and Green Bonds,https://www.indiabudget.gov.in/doc/eb/allsbe.pdf
India's Union Budget 2022-23: Climate Budget and Green Bonds,https://www.indiabudget.gov.in/doc/eb/sbe1.pdf
India's Union Budget 2022-23: Climate Budget and Green Bonds,https://www.indiabudget.gov.in/doc/eb/sbe2.pdf
India's Union Budget 2022-23: Climate Budget and Green Bonds,https://www.indiabudget.gov.in/doc/eb/sbe3.pdf
India's Union Budget 2022-23: Climate Budget and Green Bonds,https://www.indiabudget.gov.in/doc/eb/sbe4.pdf
India's Union Budget 2022-23: Climate Budget and Green Bonds,https://www.indiabudget.gov.in/doc/eb/sbe5.pdf
India's Union Budget 2022-23: Climate Budget and Green Bonds,https://www.indiabudget.gov.in/doc/eb/sbe6.pdf
India's Union Budget 2022-23: Climate Budget and Green Bonds,https://www.indiabudget.gov.in/doc/eb/sbe7.pdf
India's Union Budget 2022-23: Climate Budget and Green Bonds,https://www.indiabudget.gov.in/doc/eb/sbe8.pdf
India's Union Budget 2022-23: Climate Budget and Green Bonds,https://www.indiabudget.gov.in/doc/eb/sbe9.pdf
India's Union Budget 2022-23: Climate Budget and Green Bonds,https://www.indiabudget.gov.in/doc/eb/sbe10.pdf
India's Union Budget 2022-23: Climate Budget and Green Bonds,https://www.indiabudget.gov.in/doc/eb/sbe11.pdf
India's Union Budget 2022-23: Climate Budget and Green Bonds,https://www.indiabudget.gov.in/doc/eb/sbe12.pdf
India's Union Budget 2022-23: Climate Budget and Green Bonds,https://www.indiabudget.gov.in/doc/eb/sbe13.pdf
India's Union Budget 2022-23: Climate Budget and Green Bonds,https://www.indiabudget.gov.in/doc/eb/sbe14.pdf
India's Union Budget 2022-23: Climate Budget and Green Bonds,https://www.indiabudget.gov.in/doc/eb/sbe15.pdf
India's Union Budget 2022-23: Climate Budget and Green Bonds,https://www.indiabudget.gov.in/doc/eb/sbe16.pdf
India's Union Budget 2022-23: Climate Budget and Green Bonds,https://www.indiabudget.gov.in/doc/eb/sbe17.pdf
India's Union Budget 2022-23: Climate Budget and Green Bonds,https://www.indiabudget.gov.in/doc/eb/sbe18.pdf
India's Union Budget 2022-23: Climate Budget and Green Bonds,https://www.indiabudget.gov.in/doc/eb/sbe19.pdf
India's Union Budget 2022-23: Climate Budget and Green Bonds,https://www.indiabudget.gov.in/doc/eb/sbe20.pdf
India's Union Budget 2022-23: Climate Budget and Green Bonds,https://www.indiabudget.gov.in/doc/eb/sbe21.pdf
India's Union Budget 2022-23: Climate Budget and Green Bonds,https://www.indiabudget.gov.in/doc/eb/sbe22.pdf
India's Union Budget 2022-23: Climate Budget and Green Bonds,https://www.indiabudget.gov.in/doc/eb/sbe23.pdf
India's Union Budget 2022-23: Climate Budget and Green Bonds,https://www.indiabudget.gov.in/doc/eb/sbe24.pdf
India's Union Budget 2022-23: Climate Budget and Green Bonds,https://www.indiabudget.gov.in/doc/eb/sbe25.pdf
India's Union Budget 2022-23: Climate Budget and Green Bonds,https://www.indiabudget.gov.in/doc/eb/sbe26.pdf
India's Union Budget 2022-23: Climate Budget and Green Bonds,https://www.indiabudget.gov.in/doc/eb/sbe27.pdf
India's Union Budget 2022-23: Climate Budget and Green Bonds,https://www.indiabudget.gov.in/doc/eb/sbe28.pdf
India's Union Budget 2022-23: Climate Budget and Green Bonds,https://www.indiabudget.gov.in/doc/eb/sbe29.pdf
India's Union Budget 2022-23: Climate Budget and Green Bonds,https://www.indiabudget.gov.in/doc/eb/sbe30.pdf
India's Union Budget 2022-23: Climate Budget and Green Bonds,https://www.indiabudget.gov.in/doc/eb/sbe31.pdf
India's Union Budget 2022-23: Climate Budget and Green Bonds,https://www.indiabudget.gov.in/doc/eb/sbe32.pdf
India's Union Budget 2022-23: Climate Budget and Green Bonds,https://www.indiabudget.gov.in/doc/eb/sbe33.pdf
India's Union Budget 2022-23: Climate Budget and Green Bonds,https://www.indiabudget.gov.in/doc/eb/sbe34.pdf
India's Union Budget 2022-23: Climate Budget and Green Bonds,https://www.indiabudget.gov.in/doc/eb/sbe35.pdf
India's Union Budget 2022-23: Climate Budget and Green Bonds,https://www.indiabudget.gov.in/doc/eb/sbe36.pdf
India's Union Budget 2022-23: Climate Budget and Green Bonds,https://www.indiabudget.gov.in/doc/eb/sbe37.pdf
India's Union Budget 2022-23: Climate Budget and Green Bonds,https://www.indiabudget.gov.in/doc/eb/sbe38.pdf
India's Union Budget 2022-23: Climate Budget and Green Bonds,https://www.indiabudget.gov.in/doc/eb/sbe39.pdf
India's Union Budget 2022-23: Climate Budget and Green Bonds,https://www.indiabudget.gov.in/doc/eb/sbe40.pdf
India's Union Budget 2022-23: Climate Budget and Green Bonds,https://www.indiabudget.gov.in/doc/eb/sbe41.pdf
India's Union Budget 2022-23: Climate Budget and Green Bonds,https://www.indiabudget.gov.in/doc/eb/sbe42.pdf
India's Union Budget 2022-23: Climate Budget and Green Bonds,https://www.indiabudget.gov.in/doc/eb/sbe43.pdf
India's Union Budget 2022-23: Climate Budget and Green Bonds,https://www.indiabudget.gov.in/doc/eb/sbe44.pdf
India's Union Budget 2022-23: Climate Budget and Green Bonds,https://www.indiabudget.gov.in/doc/eb/sbe45.pdf
India's Union Budget 2022-23: Climate Budget and Green Bonds,https://www.indiabudget.gov.in/doc/eb/sbe46.pdf
India's Union Budget 2022-23: Climate Budget and Green Bonds,https://www.indiabudget.gov.in/doc/eb/sbe47.pdf
India's Union Budget 2022-23: Climate Budget and Green Bonds,https://www.indiabudget.gov.in/doc/eb/sbe48.pdf
India's Union Budget 2022-23: Climate Budget and Green Bonds,https://www.indiabudget.gov.in/doc/eb/sbe49.pdf
India's Union Budget 2022-23: Climate Budget and Green Bonds,https://www.indiabudget.gov.in/doc/eb/sbe50.pdf
India's Union Budget 2022-23: Climate Budget and Green Bonds,https://www.indiabudget.gov.in/doc/eb/sbe51.pdf
India's Union Budget 2022-23: Climate Budget and Green Bonds,https://www.indiabudget.gov.in/doc/eb/sbe52.pdf
India's Union Budget 2022-23: Climate Budget and Green Bonds,https://www.indiabudget.gov.in/doc/eb/sbe53.pdf
India's Union Budget 2022-23: Climate Budget and Green Bonds,https://www.indiabudget.gov.in/doc/eb/sbe54.pdf
India's Union Budget 2022-23: Climate Budget and Green Bonds,https://www.indiabudget.gov.in/doc/eb/sbe55.pdf
India's Union Budget 2022-23: Climate Budget and Green Bonds,https://www.indiabudget.gov.in/doc/eb/sbe56.pdf
India's Union Budget 2022-23: Climate Budget and Green Bonds,https://www.indiabudget.gov.in/doc/eb/sbe57.pdf
India's Union Budget 2022-23: Climate Budget and Green Bonds,https://www.indiabudget.gov.in/doc/eb/sbe58.pdf
India's Union Budget 2022-23: Climate Budget and Green Bonds,https://www.indiabudget.gov.in/doc/eb/sbe59.pdf
India's Union Budget 2022-23: Climate Budget and Green Bonds,https://www.indiabudget.gov.in/doc/eb/sbe60.pdf
India's Union Budget 2022-23: Climate Budget and Green Bonds,https://www.indiabudget.gov.in/doc/eb/sbe61.pdf
India's Union Budget 2022-23: Climate Budget and Green Bonds,https://www.indiabudget.gov.in/doc/eb/sbe62.pdf
India's Union Budget 2022-23: Climate Budget and Green Bonds,https://www.indiabudget.gov.in/doc/eb/sbe63.pdf
India's Union Budget 2022-23: Climate Budget and Green Bonds,https://www.indiabudget.gov.in/doc/eb/sbe64.pdf
India's Union Budget 2022-23: Climate Budget and Green Bonds,https://www.indiabudget.gov.in/doc/eb/sbe65.pdf
India's Union Budget 2022-23: Climate Budget and Green Bonds,https://www.indiabudget.gov.in/doc/eb/sbe66.pdf
India's Union Budget 2022-23: Climate Budget and Green Bonds,https://www.indiabudget.gov.in/doc/eb/sbe67.pdf
India's Union Budget 2022-23: Climate Budget and Green Bonds,https://www.indiabudget.gov.in/doc/eb/sbe68.pdf
India's Union Budget 2022-23: Climate Budget and Green Bonds,https://www.indiabudget.gov.in/doc/eb/sbe69.pdf
India's Union Budget 2022-23: Climate Budget and Green Bonds,https://www.indiabudget.gov.in/doc/eb/sbe70.pdf
India's Union Budget 2022-23: Climate Budget and Green Bonds,https://www.indiabudget.gov.in/doc/eb/sbe71.pdf
India's Union Budget 2022-23: Climate Budget and Green Bonds,https://www.indiabudget.gov.in/doc/eb/sbe72.pdf
India's Union Budget 2022-23: Climate Budget and Green Bonds,https://www.indiabudget.gov.in/doc/eb/sbe73.pdf
India's Union Budget 2022-23: Climate Budget and Green Bonds,https://www.indiabudget.gov.in/doc/eb/sbe74.pdf
India's Union Budget 2022-23: Climate Budget and Green Bonds,https://www.indiabudget.gov.in/doc/eb/sbe75.pdf
India's Union Budget 2022-23: Climate Budget and Green Bonds,https://www.indiabudget.gov.in/doc/eb/sbe76.pdf
India's Union Budget 2022-23: Climate Budget and Green Bonds,https://www.indiabudget.gov.in/doc/eb/sbe77.pdf
India's Union Budget 2022-23: Climate Budget and Green Bonds,https://www.indiabudget.gov.in/doc/eb/sbe78.pdf
India's Union Budget 2022-23: Climate Budget and Green Bonds,https://www.indiabudget.gov.in/doc/eb/sbe79.pdf
India's Union Budget 2022-23: Climate Budget and Green Bonds,https://www.indiabudget.gov.in/doc/eb/sbe80.pdf
India's Union Budget 2022-23: Climate Budget and Green Bonds,https://www.indiabudget.gov.in/doc/eb/sbe81.pdf
India's Union Budget 2022-23: Climate Budget and Green Bonds,https://www.indiabudget.gov.in/doc/eb/sbe82.pdf
India's Union Budget 2022-23: Climate Budget and Green Bonds,https://www.indiabudget.gov.in/doc/eb/sbe83.pdf
India's Union Budget 2022-23: Climate Budget and Green Bonds,https://www.indiabudget.gov.in/doc/eb/sbe84.pdf
India's Union Budget 2022-23: Climate Budget and Green Bonds,https://www.indiabudget.gov.in/doc/eb/sbe85.pdf
India's Union Budget 2022-23: Climate Budget and Green Bonds,https://www.indiabudget.gov.in/doc/eb/sbe86.pdf
India's Union Budget 2022-23: Climate Budget and Green Bonds,https://www.indiabudget.gov.in/doc/eb/sbe87.pdf
India's Union Budget 2022-23: Climate Budget and Green Bonds,https://www.indiabudget.gov.in/doc/eb/sbe88.pdf
India's Union Budget 2022-23: Climate Budget and Green Bonds,https://www.indiabudget.gov.in/doc/eb/sbe89.pdf
India's Union Budget 2022-23: Climate Budget and Green Bonds,https://www.indiabudget.gov.in/doc/eb/sbe90.pdf
India's Union Budget 2022-23: Climate Budget and Green Bonds,https://www.indiabudget.gov.in/doc/eb/sbe91.pdf
India's Union Budget 2022-23: Climate Budget and Green Bonds,https://www.indiabudget.gov.in/doc/eb/sbe92.pdf
India's Union Budget 2022-23: Climate Budget and Green Bonds,https://www.indiabudget.gov.in/doc/eb/sbe93.pdf
India's Union Budget 2022-23: Climate Budget and Green Bonds,https://www.indiabudget.gov.in/doc/eb/sbe94.pdf
India's Union Budget 2022-23: Climate Budget and Green Bonds,https://www.indiabudget.gov.in/doc/eb/sbe95.pdf
India's Union Budget 2022-23: Climate Budget and Green Bonds,https://www.indiabudget.gov.in/doc/eb/sbe96.pdf
India's Union Budget 2022-23: Climate Budget and Green Bonds,https://www.indiabudget.gov.in/doc/eb/sbe97.pdf
India's Union Budget 2022-23: Climate Budget and Green Bonds,https://www.indiabudget.gov.in/doc/eb/sbe98.pdf
India's Union Budget 2022-23: Climate Budget and Green Bonds,https://www.indiabudget.gov.in/doc/eb/sbe99.pdf
India's Union Budget 2022-23: Climate Budget and Green Bonds,https://www.indiabudget.gov.in/doc/eb/sbe100.pdf
India's Union Budget 2022-23: Climate Budget and Green Bonds,https://www.indiabudget.gov.in/doc/eb/sbe101.pdf
India's Union Budget 2022-23: Climate Budget and Green Bonds,https://www.indiabudget.gov.in/doc/eb/sbe102.pdf
India's Union Budget 2022-23: Climate Budget and Green Bonds,https://www.indiabudget.gov.in/doc/eb/dgsum.pdf
India's Union Budget 2022-23: Climate Budget and Green Bonds,https://www.indiabudget.gov.in/doc/eb/alldg.pdf
India's Union Budget 2022-23: Climate Budget and Green Bonds,https://www.indiabudget.gov.in/doc/eb/dg1.pdf
India's Union Budget 2022-23: Climate Budget and Green Bonds,https://www.indiabudget.gov.in/doc/eb/dg2.pdf
India's Union Budget 2022-23: Climate Budget and Green Bonds,https://www.indiabudget.gov.in/doc/eb/dg3.pdf
India's Union Budget 2022-23: Climate Budget and Green Bonds,https://www.indiabudget.gov.in/doc/eb/dg4.pdf
India's Union Budget 2022-23: Climate Budget and Green Bonds,https://www.indiabudget.gov.in/doc/eb/dg5.pdf
India's Union Budget 2022-23: Climate Budget and Green Bonds,https://www.indiabudget.gov.in/doc/eb/dg6.pdf
India's Union Budget 2022-23: Climate Budget and Green Bonds,https://www.indiabudget.gov.in/doc/eb/dg7.pdf
India's Union Budget 2022-23: Climate Budget and Green Bonds,https://www.indiabudget.gov.in/doc/eb/dg8.pdf
India's Union Budget 2022-23: Climate Budget and Green Bonds,https://www.indiabudget.gov.in/doc/eb/dg9.pdf
India's Union Budget 2022-23: Climate Budget and Green Bonds,https://www.indiabudget.gov.in/doc/eb/dg10.pdf
India's Union Budget 2022-23: Climate Budget and Green Bonds,https://www.indiabudget.gov.in/doc/eb/dg11.pdf
India's Union Budget 2022-23: Climate Budget and Green Bonds,https://www.indiabudget.gov.in/doc/eb/dg12.pdf
India's Union Budget 2022-23: Climate Budget and Green Bonds,https://www.indiabudget.gov.in/doc/eb/dg13.pdf
India's Union Budget 2022-23: Climate Budget and Green Bonds,https://www.indiabudget.gov.in/doc/eb/dg14.pdf
India's Union Budget 2022-23: Climate Budget and Green Bonds,https://www.indiabudget.gov.in/doc/eb/dg15.pdf
India's Union Budget 2022-23: Climate Budget and Green Bonds,https://www.indiabudget.gov.in/doc/eb/dg16.pdf
India's Union Budget 2022-23: Climate Budget and Green Bonds,https://www.indiabudget.gov.in/doc/eb/dg17.pdf
India's Union Budget 2022-23: Climate Budget and Green Bonds,https://www.indiabudget.gov.in/doc/eb/dg18.pdf
India's Union Budget 2022-23: Climate Budget and Green Bonds,https://www.indiabudget.gov.in/doc/eb/dg19.pdf
India's Union Budget 2022-23: Climate Budget and Green Bonds,https://www.indiabudget.gov.in/doc/eb/dg20.pdf
India's Union Budget 2022-23: Climate Budget and Green Bonds,https://www.indiabudget.gov.in/doc/eb/dg21.pdf
India's Union Budget 2022-23: Climate Budget and Green Bonds,https://www.indiabudget.gov.in/doc/eb/dg22.pdf
India's Union Budget 2022-23: Climate Budget and Green Bonds,https://www.indiabudget.gov.in/doc/eb/dg23.pdf
India's Union Budget 2022-23: Climate Budget and Green Bonds,https://www.indiabudget.gov.in/doc/eb/dg24.pdf
India's Union Budget 2022-23: Climate Budget and Green Bonds,https://www.indiabudget.gov.in/doc/eb/dg25.pdf
India's Union Budget 2022-23: Climate Budget and Green Bonds,https://www.indiabudget.gov.in/doc/eb/dg26.pdf
India's Union Budget 2022-23: Climate Budget and Green Bonds,https://www.indiabudget.gov.in/doc/eb/dg27.pdf
India's Union Budget 2022-23: Climate Budget and Green Bonds,https://www.indiabudget.gov.in/doc/eb/dg28.pdf
India's Union Budget 2022-23: Climate Budget and Green Bonds,https://www.indiabudget.gov.in/doc/eb/dg29.pdf
India's Union Budget 2022-23: Climate Budget and Green Bonds,https://www.indiabudget.gov.in/doc/eb/dg30.pdf
India's Union Budget 2022-23: Climate Budget and Green Bonds,https://www.indiabudget.gov.in/doc/eb/dg31.pdf
India's Union Budget 2022-23: Climate Budget and Green Bonds,https://www.indiabudget.gov.in/doc/eb/dg32.pdf
India's Union Budget 2022-23: Climate Budget and Green Bonds,https://www.indiabudget.gov.in/doc/eb/dg33.pdf
India's Union Budget 2022-23: Climate Budget and Green Bonds,https://www.indiabudget.gov.in/doc/eb/dg34.pdf
India's Union Budget 2022-23: Climate Budget and Green Bonds,https://www.indiabudget.gov.in/doc/eb/dg35.pdf
India's Union Budget 2022-23: Climate Budget and Green Bonds,https://www.indiabudget.gov.in/doc/eb/dg36.pdf
India's Union Budget 2022-23: Climate Budget and Green Bonds,https://www.indiabudget.gov.in/doc/eb/dg37.pdf
India's Union Budget 2022-23: Climate Budget and Green Bonds,https://www.indiabudget.gov.in/doc/eb/dg38.pdf
India's Union Budget 2022-23: Climate Budget and Green Bonds,https://www.indiabudget.gov.in/doc/eb/dg39.pdf
India's Union Budget 2022-23: Climate Budget and Green Bonds,https://www.indiabudget.gov.in/doc/eb/dg40.pdf
India's Union Budget 2022-23: Climate Budget and Green Bonds,https://www.indiabudget.gov.in/doc/eb/dg41.pdf
India's Union Budget 2022-23: Climate Budget and Green Bonds,https://www.indiabudget.gov.in/doc/eb/dg42.pdf
India's Union Budget 2022-23: Climate Budget and Green Bonds,https://www.indiabudget.gov.in/doc/eb/dg43.pdf
India's Union Budget 2022-23: Climate Budget and Green Bonds,https://www.indiabudget.gov.in/doc/eb/dg44.pdf
India's Union Budget 2022-23: Climate Budget and Green Bonds,https://www.indiabudget.gov.in/doc/eb/dg45.pdf
India's Union Budget 2022-23: Climate Budget and Green Bonds,https://www.indiabudget.gov.in/doc/eb/dg46.pdf
India's Union Budget 2022-23: Climate Budget and Green Bonds,https://www.indiabudget.gov.in/doc/eb/dg47.pdf
India's Union Budget 2022-23: Climate Budget and Green Bonds,https://www.indiabudget.gov.in/doc/eb/dg48.pdf
India's Union Budget 2022-23: Climate Budget and Green Bonds,https://www.indiabudget.gov.in/doc/eb/dg49.pdf
India's Union Budget 2022-23: Climate Budget and Green Bonds,https://www.indiabudget.gov.in/doc/eb/dg50.pdf
India's Union Budget 2022-23: Climate Budget and Green Bonds,https://www.indiabudget.gov.in/doc/eb/dg51.pdf
India's Union Budget 2022-23: Climate Budget and Green Bonds,https://www.indiabudget.gov.in/doc/eb/dg52.pdf
India's Union Budget 2022-23: Climate Budget and Green Bonds,https://www.indiabudget.gov.in/doc/eb/dg53.pdf
India's Union Budget 2022-23: Climate Budget and Green Bonds,https://www.indiabudget.gov.in/doc/eb/dg54.pdf
India's Union Budget 2022-23: Climate Budget and Green Bonds,https://www.indiabudget.gov.in/doc/eb/dg55.pdf
India's Union Budget 2022-23: Climate Budget and Green Bonds,https://www.indiabudget.gov.in/doc/eb/dg56.pdf
India's Union Budget 2022-23: Climate Budget and Green Bonds,https://www.indiabudget.gov.in/doc/eb/dg57.pdf
India's Union Budget 2022-23: Climate Budget and Green Bonds,https://www.indiabudget.gov.in/doc/eb/dg58.pdf
India's Union Budget 2022-23: Climate Budget and Green Bonds,https://www.indiabudget.gov.in/doc/eb/dg59.pdf
India's Union Budget 2022-23: Climate Budget and Green Bonds,https://www.indiabudget.gov.in/doc/eb/dg60.pdf
India's Union Budget 2022-23: Climate Budget and Green Bonds,https://www.indiabudget.gov.in/doc/eb/dg61.pdf
India's Union Budget 2022-23: Climate Budget and Green Bonds,https://www.indiabudget.gov.in/doc/eb/dg62.pdf
India's Union Budget 2022-23: Climate Budget and Green Bonds,https://www.indiabudget.gov.in/doc/eb/dg63.pdf
India's Union Budget 2022-23: Climate Budget and Green Bonds,https://www.indiabudget.gov.in/doc/eb/dg64.pdf
India's Union Budget 2022-23: Climate Budget and Green Bonds,https://www.indiabudget.gov.in/doc/eb/dg65.pdf
India's Union Budget 2022-23: Climate Budget and Green Bonds,https://www.indiabudget.gov.in/doc/eb/dg66.pdf
India's Union Budget 2022-23: Climate Budget and Green Bonds,https://www.indiabudget.gov.in/doc/eb/dg67.pdf
India's Union Budget 2022-23: Climate Budget and Green Bonds,https://www.indiabudget.gov.in/doc/eb/dg68.pdf
India's Union Budget 2022-23: Climate Budget and Green Bonds,https://www.indiabudget.gov.in/doc/eb/dg69.pdf
India's Union Budget 2022-23: Climate Budget and Green Bonds,https://www.indiabudget.gov.in/doc/eb/dg70.pdf
India's Union Budget 2022-23: Climate Budget and Green Bonds,https://www.indiabudget.gov.in/doc/eb/dg71.pdf
India's Union Budget 2022-23: Climate Budget and Green Bonds,https://www.indiabudget.gov.in/doc/eb/dg72.pdf
India's Union Budget 2022-23: Climate Budget and Green Bonds,https://www.indiabudget.gov.in/doc/eb/dg73.pdf
India's Union Budget 2022-23: Climate Budget and Green Bonds,https://www.indiabudget.gov.in/doc/eb/dg74.pdf
India's Union Budget 2022-23: Climate Budget and Green Bonds,https://www.indiabudget.gov.in/doc/eb/dg75.pdf
India's Union Budget 2022-23: Climate Budget and Green Bonds,https://www.indiabudget.gov.in/doc/eb/dg76.pdf
India's Union Budget 2022-23: Climate Budget and Green Bonds,https://www.indiabudget.gov.in/doc/eb/dg77.pdf
India's Union Budget 2022-23: Climate Budget and Green Bonds,https://www.indiabudget.gov.in/doc/eb/dg78.pdf
India's Union Budget 2022-23: Climate Budget and Green Bonds,https://www.indiabudget.gov.in/doc/eb/dg79.pdf
India's Union Budget 2022-23: Climate Budget and Green Bonds,https://www.indiabudget.gov.in/doc/eb/dg80.pdf
India's Union Budget 2022-23: Climate Budget and Green Bonds,https://www.indiabudget.gov.in/doc/eb/dg81.pdf
India's Union Budget 2022-23: Climate Budget and Green Bonds,https://www.indiabudget.gov.in/doc/eb/dg82.pdf
India's Union Budget 2022-23: Climate Budget and Green Bonds,https://www.indiabudget.gov.in/doc/eb/dg83.pdf
India's Union Budget 2022-23: Climate Budget and Green Bonds,https://www.indiabudget.gov.in/doc/eb/dg84.pdf
India's Union Budget 2022-23: Climate Budget and Green Bonds,https://www.indiabudget.gov.in/doc/eb/dg85.pdf
India's Union Budget 2022-23: Climate Budget and Green Bonds,https://www.indiabudget.gov.in/doc/eb/dg86.pdf
India's Union Budget 2022-23: Climate Budget and Green Bonds,https://www.indiabudget.gov.in/doc/eb/dg87.pdf
India's Union Budget 2022-23: Climate Budget and Green Bonds,https://www.indiabudget.gov.in/doc/eb/dg88.pdf
India's Union Budget 2022-23: Climate Budget and Green Bonds,https://www.indiabudget.gov.in/doc/eb/dg89.pdf
India's Union Budget 2022-23: Climate Budget and Green Bonds,https://www.indiabudget.gov.in/doc/eb/dg90.pdf
India's Union Budget 2022-23: Climate Budget and Green Bonds,https://www.indiabudget.gov.in/doc/eb/dg91.pdf
India's Union Budget 2022-23: Climate Budget and Green Bonds,https://www.indiabudget.gov.in/doc/eb/dg92.pdf
India's Union Budget 2022-23: Climate Budget and Green Bonds,https://www.indiabudget.gov.in/doc/eb/dg93.pdf
India's Union Budget 2022-23: Climate Budget and Green Bonds,https://www.indiabudget.gov.in/doc/eb/dg94.pdf
India's Union Budget 2022-23: Climate Budget and Green Bonds,https://www.indiabudget.gov.in/doc/eb/dg95.pdf
India's Union Budget 2022-23: Climate Budget and Green Bonds,https://www.indiabudget.gov.in/doc/eb/dg96.pdf
India's Union Budget 2022-23: Climate Budget and Green Bonds,https://www.indiabudget.gov.in/doc/eb/dg97.pdf
India's Union Budget 2022-23: Climate Budget and Green Bonds,https://www.indiabudget.gov.in/doc/eb/dg98.pdf
India's Union Budget 2022-23: Climate Budget and Green Bonds,https://www.indiabudget.gov.in/doc/eb/dg99.pdf
India's Union Budget 2022-23: Climate Budget and Green Bonds,https://www.indiabudget.gov.in/doc/eb/dg100.pdf
India's Union Budget 2022-23: Climate Budget and Green Bonds,https://www.indiabudget.gov.in/doc/eb/dg101.pdf
India's Union Budget 2022-23: Climate Budget and Green Bonds,https://www.indiabudget.gov.in/doc/eb/dg102.pdf
India's Union Budget 2022-23: Climate Budget and Green Bonds,https://www.indiabudget.gov.in/doc/rec/allrec.pdf
India's Union Budget 2022-23: Climate Budget and Green Bonds,https://www.indiabudget.gov.in/doc/rec/int.pdf
India's Union Budget 2022-23: Climate Budget and Green Bonds,https://www.indiabudget.gov.in/doc/rec/ar.pdf
India's Union Budget 2022-23: Climate Budget and Green Bonds,https://www.indiabudget.gov.in/doc/rec/tr.pdf
India's Union Budget 2022-23: Climate Budget and Green Bonds,https://www.indiabudget.gov.in/doc/rec/ntr.pdf
India's Union Budget 2022-23: Climate Budget and Green Bonds,https://www.indiabudget.gov.in/doc/rec/cr.pdf
India's Union Budget 2022-23: Climate Budget and Green Bonds,https://www.indiabudget.gov.in/doc/rec/annex1.pdf
India's Union Budget 2022-23: Climate Budget and Green Bonds,https://www.indiabudget.gov.in/doc/rec/annex2.pdf
India's Union Budget 2022-23: Climate Budget and Green Bonds,https://www.indiabudget.gov.in/doc/rec/annex3.pdf
India's Union Budget 2022-23: Climate Budget and Green Bonds,https://www.indiabudget.gov.in/doc/rec/annex4.pdf
India's Union Budget 2022-23: Climate Budget and Green Bonds,https://www.indiabudget.gov.in/doc/rec/annex4a.pdf
India's Union Budget 2022-23: Climate Budget and Green Bonds,https://www.indiabudget.gov.in/doc/rec/annex4b.pdf
India's Union Budget 2022-23: Climate Budget and Green Bonds,https://www.indiabudget.gov.in/doc/rec/annex5.pdf
India's Union Budget 2022-23: Climate Budget and Green Bonds,https://www.indiabudget.gov.in/doc/rec/annex6.pdf
India's Union Budget 2022-23: Climate Budget and Green Bonds,https://www.indiabudget.gov.in/doc/rec/annex7.pdf
India's Union Budget 2022-23: Climate Budget and Green Bonds,https://www.indiabudget.gov.in/doc/rec/annex8.pdf
India's Union Budget 2022-23: Climate Budget and Green Bonds,https://www.indiabudget.gov.in/doc/rec/annex9.pdf
India's Union Budget 2022-23: Climate Budget and Green Bonds,https://www.indiabudget.gov.in/doc/rec/annex91.pdf
India's Union Budget 2022-23: Climate Budget and Green Bonds,https://www.indiabudget.gov.in/doc/rec/annex92.pdf
India's Union Budget 2022-23: Climate Budget and Green Bonds,https://www.indiabudget.gov.in/doc/rec/annex93.pdf
India's Union Budget 2022-23: Climate Budget and Green Bonds,https://www.indiabudget.gov.in/doc/rec/annex94.pdf
India's Union Budget 2022-23: Climate Budget and Green Bonds,https://www.indiabudget.gov.in/doc/rec/annex10.pdf
India's Union Budget 2022-23: Climate Budget and Green Bonds,https://www.indiabudget.gov.in/doc/rec/annex10a.pdf
India's Union Budget 2022-23: Climate Budget and Green Bonds,https://www.indiabudget.gov.in/doc/rec/annex10b.pdf
India's Union Budget 2022-23: Climate Budget and Green Bonds,https://www.indiabudget.gov.in/doc/rec/annex10c.pdf
India's Union Budget 2022-23: Climate Budget and Green Bonds,https://www.indiabudget.gov.in/doc/rec/annex10d.pdf
India's Union Budget 2022-23: Climate Budget and Green Bonds,https://www.indiabudget.gov.in/doc/rec/annex10e.pdf
India's Union Budget 2022-23: Climate Budget and Green Bonds,https://www.indiabudget.gov.in/doc/rec/annex10f.pdf
India's Union Budget 2022-23: Climate Budget and Green Bonds,https://www.indiabudget.gov.in/doc/rec/annex10g.pdf
India's Union Budget 2022-23: Climate Budget and Green Bonds,https://www.indiabudget.gov.in/doc/rec/annex10h.pdf
India's Union Budget 2022-23: Climate Budget and Green Bonds,https://www.indiabudget.gov.in/doc/rec/annex10i.pdf
India's Union Budget 2022-23: Climate Budget and Green Bonds,https://www.indiabudget.gov.in/doc/rec/annex10j.pdf
India's Union Budget 2022-23: Climate Budget and Green Bonds,https://www.indiabudget.gov.in/doc/rec/annex11.pdf
India's Union Budget 2022-23: Climate Budget and Green Bonds,https://www.indiabudget.gov.in/doc/rec/annex12.pdf
India's Union Budget 2022-23: Climate Budget and Green Bonds,https://www.indiabudget.gov.in/doc/rec/annex13.pdf
India's Union Budget 2022-23: Climate Budget and Green Bonds,https://www.indiabudget.gov.in/doc/rec/annex14.pdf
Technology Roadmap for Transition Finance,https://www.meti.go.jp/policy/energy_environment/global_warming/transition/transition_finance_roadmap_automobile_eng.pdf
Technology Roadmap for Transition Finance,https://www.meti.go.jp/policy/energy_environment/global_warming/transition/overview_jal_eng.pdf
Technology Roadmap for Transition Finance,https://www.meti.go.jp/policy/energy_environment/global_warming/transition/overview_kirinhd_eng.pdf
Technology Roadmap for Transition Finance,https://www.meti.go.jp/policy/energy_environment/global_warming/transition/overview_tokyogas_eng.pdf
Technology Roadmap for Transition Finance,https://www.meti.go.jp/policy/energy_environment/global_warming/transition/overview_hokuriku_electric_power_eng.pdf
Technology Roadmap for Transition Finance,https://www.meti.go.jp/policy/energy_environment/global_warming/transition/basic_guidelines_on_climate_transition_finance_eng.pdf
Technology Roadmap for Transition Finance,https://www.meti.go.jp/policy/energy_environment/global_warming/transition/overview_basic_guidelines_on_climate_transition_finance_eng.pdf
Technology Roadmap for Transition Finance,https://www.meti.go.jp/policy/energy_environment/global_warming/transition/transition_finance_technology_roadmap_iron_and_steel_eng.pdf
Technology Roadmap for Transition Finance,https://www.meti.go.jp/policy/energy_environment/global_warming/transition/transition_finance_technology_roadmap_iron_and_steel_jpn.pdf
Technology Roadmap for Transition Finance,https://www.meti.go.jp/policy/energy_environment/global_warming/transition/transition_finance_technology_roadmap_chemistry_eng.pdf
Technology Roadmap for Transition Finance,https://www.meti.go.jp/policy/energy_environment/global_warming/transition/transition_finance_technology_roadmap_chemistry_jpn.pdf
Technology Roadmap for Transition Finance,https://www.meti.go.jp/policy/energy_environment/global_warming/transition/transition_finance_technology_roadmap_power_eng.pdf
Technology Roadmap for Transition Finance,https://www.meti.go.jp/policy/energy_environment/global_warming/transition/transition_finance_roadmap_electric_jpn.pdf
Technology Roadmap for Transition Finance,https://www.meti.go.jp/policy/energy_environment/global_warming/transition/transition_finance_roadmap_gas_eng.pdf
Technology Roadmap for Transition Finance,https://www.meti.go.jp/policy/energy_environment/global_warming/transition/transition_finance_roadmap_gas_jpn.pdf
Technology Roadmap for Transition Finance,https://www.meti.go.jp/policy/energy_environment/global_warming/transition/transition_finance_roadmap_oil_eng.pdf
Technology Roadmap for Transition Finance,https://www.meti.go.jp/policy/energy_environment/global_warming/transition/transition_finance_roadmap_oil_jpn.pdf
Technology Roadmap for Transition Finance,https://www.meti.go.jp/policy/energy_environment/global_warming/transition/transition_finance_technology_roadmap_paper_eng.pdf
Technology Roadmap for Transition Finance,https://www.meti.go.jp/policy/energy_environment/global_warming/transition/transition_finance_technology_roadmap_paper_jpn.pdf
Technology Roadmap for Transition Finance,https://www.meti.go.jp/policy/energy_environment/global_warming/transition/transition_finance_technology_roadmap_cement_eng.pdf
Technology Roadmap for Transition Finance,https://www.meti.go.jp/policy/energy_environment/global_warming/transition/transition_finance_technology_roadmap_cement_jpn.pdf
Technology Roadmap for Transition Finance,https://www.meti.go.jp/policy/energy_environment/global_warming/transition/transition_finance_roadmap_automobile_eng.pdf
Technology Roadmap for Transition Finance,https://www.meti.go.jp/policy/energy_environment/global_warming/transition/transition_finance_roadmap_automotive_jpn.pdf
Technology Roadmap for Transition Finance,https://www.mlit.go.jp/common/001354314.pdf
Technology Roadmap for Transition Finance,https://www.mlit.go.jp/maritime/content/001447061.pdf
Technology Roadmap for Transition Finance,https://www.mlit.go.jp/common/001445923.pdf
Technology Roadmap for Transition Finance,https://www.meti.go.jp/policy/energy_environment/global_warming/transition/transition_finance_case_study_nykline_eng.pdf
Technology Roadmap for Transition Finance,https://www.meti.go.jp/policy/energy_environment/global_warming/transition/transition_finance_case_study_nykline_jpn.pdf
Technology Roadmap for Transition Finance,https://www.nyk.com/english/news/2021/__icsFiles/afieldfile/2021/07/30/DNV_NYK_Green-Transition_FW_SPO_ALL_ENG.pdf
Technology Roadmap for Transition Finance,https://www.dnv.jp/Images/00_JP_NYK_Green-Transition_Bond_SPO_20210701_tcm29-203740.pdf
Technology Roadmap for Transition Finance,https://www.meti.go.jp/policy/energy_environment/global_warming/transition/transition_finance_case_study_mol_eng.pdf
Technology Roadmap for Transition Finance,https://www.meti.go.jp/policy/energy_environment/global_warming/transition/transition_finance_case_study_mol_jpn.pdf
Technology Roadmap for Transition Finance,https://www.jcr.co.jp/download/0f009ec300aafb5bd5e1f01f19eae96c60e0bd700de809ea46/21d0586_en2.pdf
Technology Roadmap for Transition Finance,https://www.jcr.co.jp/download/f82e0cfcc4b094b111f24cc224ec824474fec94c7b47b14e24/21d0586_2.pdf
Technology Roadmap for Transition Finance,https://www.meti.go.jp/policy/energy_environment/global_warming/transition/transition_finance_case_study_kline_eng.pdf
Technology Roadmap for Transition Finance,https://www.meti.go.jp/policy/energy_environment/global_warming/transition/transition_finance_case_study_kline_jpn.pdf
Technology Roadmap for Transition Finance,https://www.jcr.co.jp/download/0144f5547591c378c9238232788227c86424935c2815782142/21d0585_en.pdf
Technology Roadmap for Transition Finance,https://www.jcr.co.jp/download/33845b6868e1e6986f6bfb0cbb6169cca3162126c5b371bbc6/21d0585.pdf
Technology Roadmap for Transition Finance,https://www.meti.go.jp/policy/energy_environment/global_warming/transition/transition_finance_case_study_jfehd_eng.pdf
Technology Roadmap for Transition Finance,https://www.meti.go.jp/policy/energy_environment/global_warming/transition/transition_finance_case_study_jfehd_jpn.pdf
Technology Roadmap for Transition Finance,https://www.jcr.co.jp/download/28f85d9d45bb3f28b5880624f505fb379f850dcab0caf367bc/21d1195en220510.pdf
Technology Roadmap for Transition Finance,https://www.jcr.co.jp/download/2e2de22e6661149d8967f29296bf9de934344cc94eb2ef9e1f/21d1195_220510%E4%BF%AE%E6%AD%A3.pdf
Technology Roadmap for Transition Finance,https://www.meti.go.jp/policy/energy_environment/global_warming/transition/transition_finance_case_study_jal_eng.pdf
Technology Roadmap for Transition Finance,https://www.meti.go.jp/policy/energy_environment/global_warming/transition/transition_finance_case_study_jal_jpn.pdf
Technology Roadmap for Transition Finance,https://mstar-sustops-cdn-mainwebsite-s3.s3.amazonaws.com/docs/default-source/spos/japan-airlines-co.-ltd.-transition-bond-framework-second-party-opinion-(2022).pdf?sfvrsn=aaf4db91_1
Technology Roadmap for Transition Finance,https://mstar-sustops-cdn-mainwebsite-s3.s3.amazonaws.com/docs/default-source/spos/japan-airlines-co.-ltd.-transition-bond-framework-second-party-opinion-(2022)-japanese3d1d96cc-b48c-419a-bc95-7a7bcd270e7c.pdf?sfvrsn=c124cf42_1
Technology Roadmap for Transition Finance,https://www.meti.go.jp/policy/energy_environment/global_warming/transition/transition_finance_case_study_sumitomochem_eng.pdf
Technology Roadmap for Transition Finance,https://www.meti.go.jp/policy/energy_environment/global_warming/transition/transition_finance_case_study_sumitomochem_jpn.pdf
Technology Roadmap for Transition Finance,https://www.jcr.co.jp/download/8c42ef55d72239e2d02c41421154d9121789535c41718492ad/21d1282en.pdf
Technology Roadmap for Transition Finance,https://www.jcr.co.jp/download/1a4da4b3fda1c65f37df9c5e1644dd65e1be9465dd749ff75a/21d1282.pdf
Technology Roadmap for Transition Finance,https://www.meti.go.jp/policy/energy_environment/global_warming/transition/transition_finance_case_study_tokyogas_eng.pdf
Technology Roadmap for Transition Finance,https://www.meti.go.jp/policy/energy_environment/global_warming/transition/transition_finance_case_study_tokyogas_jpn.pdf
Technology Roadmap for Transition Finance,"https://webmagazine.dnv.co.jp/assets/images/sus_list/data/sus_finance_list_/pdfreport_e/48.%20Tokyo%20Gas%20Co.,%20Ltd..pdf"
Technology Roadmap for Transition Finance,https://webmagazine.dnv.co.jp/assets/images/sus_list/data/sus_finance_list_/pdfreport_j/48.%20%E6%9D%B1%E4%BA%AC%E3%82%AC%E3%82%B9%E6%A0%AA%E5%BC%8F%E4%BC%9A%E7%A4%BE.pdf
Technology Roadmap for Transition Finance,https://www.meti.go.jp/policy/energy_environment/global_warming/transition/transition_finance_case_study_jera_eng.pdf
Technology Roadmap for Transition Finance,https://www.meti.go.jp/policy/energy_environment/global_warming/transition/transition_finance_case_study_jera_jpn.pdf
Technology Roadmap for Transition Finance,https://www.dnv.jp/Images/JERA_TB_SPO_EN_tcm29-220973.pdf
Technology Roadmap for Transition Finance,"https://webmagazine.dnv.co.jp/assets/images/sus_list/data/sus_finance_list_/pdfreport_e/47.JERA%20Co.,%20Inc..pdf"
Technology Roadmap for Transition Finance,https://www.jera.co.jp/static/files/corporate/esgfinance/transition/jera_transition_report_202202.pdf
Technology Roadmap for Transition Finance,https://www.jera.co.jp/static/files/corporate/esgfinance/transition/jera_transition_report_202205.pdf
Technology Roadmap for Transition Finance,https://www.meti.go.jp/policy/energy_environment/global_warming/transition/transition_finance_case_study_ihi_eng.pdf
Technology Roadmap for Transition Finance,https://www.meti.go.jp/policy/energy_environment/global_warming/transition/transition_finance_case_study_ihi_jpn.pdf
Technology Roadmap for Transition Finance,https://www.jcr.co.jp/download/2ac2b79b262d6722e50779f92c49ef2e0b59cb2e08c42227ad/21d1472en.pdf
Technology Roadmap for Transition Finance,https://www.jcr.co.jp/download/1788657df754627992b30db95279e69db649b4d6dd74647229/21d1472_3.pdf
Technology Roadmap for Transition Finance,https://www.meti.go.jp/policy/energy_environment/global_warming/transition/transition_finance_case_study_osakagas_eng.pdf
Technology Roadmap for Transition Finance,https://www.meti.go.jp/policy/energy_environment/global_warming/transition/transition_finance_case_study_osakagas_jpn.pdf
Technology Roadmap for Transition Finance,"https://webmagazine.dnv.co.jp/assets/images/sus_list/data/sus_finance_list_/pdfreport_e/53.Osaka%20Gas%20Co.,%20Ltd..pdf"
Technology Roadmap for Transition Finance,https://webmagazine.dnv.co.jp/assets/images/sus_list/data/sus_finance_list_/pdfreport_j/53.%E5%A4%A7%E9%98%AA%E3%82%AC%E3%82%B9%E6%A0%AA%E5%BC%8F%E4%BC%9A%E7%A4%BE.pdf
Technology Roadmap for Transition Finance,https://www.meti.go.jp/policy/energy_environment/global_warming/transition/transition_finance_case_study_mhi_eng.pdf
Technology Roadmap for Transition Finance,https://www.meti.go.jp/policy/energy_environment/global_warming/transition/transition_finance_case_study_mhi_jpn.pdf
Technology Roadmap for Transition Finance,"https://webmagazine.dnv.co.jp/assets/images/sus_list/data/sus_finance_list_/pdfreport_e/54.Mitsubishi%20Heavy%20Industries,%20Ltd..pdf"
Technology Roadmap for Transition Finance,https://webmagazine.dnv.co.jp/assets/images/sus_list/data/sus_finance_list_/pdfreport_j/54.%E4%B8%89%E8%8F%B1%E9%87%8D%E5%B7%A5%E6%A5%AD%E6%A0%AA%E5%BC%8F%E4%BC%9A%E7%A4%BE.pdf
Technology Roadmap for Transition Finance,https://www.meti.go.jp/policy/energy_environment/global_warming/transition/transition_finance_case_study_idemitsu_eng.pdf
Technology Roadmap for Transition Finance,https://www.meti.go.jp/policy/energy_environment/global_warming/transition/transition_finance_case_study_idemitsu_jpn.pdf
Technology Roadmap for Transition Finance,"https://webmagazine.dnv.co.jp/assets/images/sus_list/data/sus_finance_list_/pdfreport_e/56.Idemitsu%20Kosan%20Co.,Ltd..pdf"
Technology Roadmap for Transition Finance,https://webmagazine.dnv.co.jp/assets/images/sus_list/data/sus_finance_list_/pdfreport_j/56.%E5%87%BA%E5%85%89%E8%88%88%E7%94%A3%E6%A0%AA%E5%BC%8F%E4%BC%9A%E7%A4%BE.pdf
Technology Roadmap for Transition Finance,https://www.meti.go.jp/policy/energy_environment/global_warming/transition/overview_hokuriku_electric_power_eng.pdf
Technology Roadmap for Transition Finance,https://www.meti.go.jp/policy/energy_environment/global_warming/transition/overview_hokuriku_electric_power.pdf
Technology Roadmap for Transition Finance,https://webmagazine.dnv.co.jp/assets/images/sus_list/data/sus_finance_list_/pdfreport_j/70.%E5%8C%97%E9%99%B8%E9%9B%BB%E5%8A%9B%E6%A0%AA%E5%BC%8F%E4%BC%9A%E7%A4%BE.pdf
Technology Roadmap for Transition Finance,https://www.meti.go.jp/policy/energy_environment/global_warming/transition/overview_tohogas_eng.pdf
Technology Roadmap for Transition Finance,https://www.meti.go.jp/policy/energy_environment/global_warming/transition/overview_tohogas.pdf
Technology Roadmap for Transition Finance,"https://webmagazine.dnv.co.jp/assets/images/sus_list/data/sus_finance_list_/pdfreport_e/72.TOHO%20GAS%20CO.,LTD..pdf"
Technology Roadmap for Transition Finance,https://webmagazine.dnv.co.jp/assets/images/sus_list/data/sus_finance_list_/pdfreport_j/72.%E6%9D%B1%E9%82%A6%E3%82%AC%E3%82%B9%E6%A0%AA%E5%BC%8F%E4%BC%9A%E7%A4%BE(ANNEX).pdf
Technology Roadmap for Transition Finance,https://www.meti.go.jp/policy/energy_environment/global_warming/transition/overview_tokyogas_eng.pdf
Technology Roadmap for Transition Finance,https://www.meti.go.jp/policy/energy_environment/global_warming/transition/overview_tokyogas.pdf
Technology Roadmap for Transition Finance,"https://webmagazine.dnv.co.jp/assets/images/sus_list/data/sus_finance_list_/pdfreport_e/77.Tokyo%20Gas%20Co.,%20Ltd(2).pdf"
Technology Roadmap for Transition Finance,https://webmagazine.dnv.co.jp/assets/images/sus_list/data/sus_finance_list_/pdfreport_j/77.%E6%9D%B1%E4%BA%AC%E3%82%AC%E3%82%B9%E6%A0%AA%E5%BC%8F%E4%BC%9A%E7%A4%BE%20(2).pdf
Technology Roadmap for Transition Finance,https://www.meti.go.jp/policy/energy_environment/global_warming/transition/overview_kirinhd_eng.pdf
Technology Roadmap for Transition Finance,https://www.meti.go.jp/policy/energy_environment/global_warming/transition/overview_kirinhd.pdf
Technology Roadmap for Transition Finance,"https://webmagazine.dnv.co.jp/assets/images/sus_list/data/sus_finance_list_/pdfreport_e/81.Kirin%20Holdings%20Company,%20Limited(ANNEX).pdf"
Technology Roadmap for Transition Finance,https://webmagazine.dnv.co.jp/assets/images/sus_list/data/sus_finance_list_/pdfreport_j/81.%E3%82%AD%E3%83%AA%E3%83%B3%E3%83%9B%E3%83%BC%E3%83%AB%E3%83%87%E3%82%A3%E3%83%B3%E3%82%B0%E3%82%B9%E6%A0%AA%E5%BC%8F%E4%BC%9A%E7%A4%BE(ANNEX).pdf
Technology Roadmap for Transition Finance,https://www.meti.go.jp/policy/energy_environment/global_warming/transition/overview_jal_eng.pdf
Technology Roadmap for Transition Finance,https://www.meti.go.jp/policy/energy_environment/global_warming/transition/overview_jal.pdf
Sustainable Financing Framework of National Bank of Kuwait,https://www.nbk.com/dam/jcr:507f03bd-0473-4670-a131-fdbd0f0b404e/NBK-Sustainable-Financing-Framework.pdf
Sustainable Financing Framework of National Bank of Kuwait,https://www.nbk.com/dam/jcr:507f03bd-0473-4670-a131-fdbd0f0b404e/NBK-Sustainable-Financing-Framework.pdf
Sustainable Financing Framework of National Bank of Kuwait,https://www.nbk.com/dam/jcr:a908d210-1072-4e51-a0f2-3cf729a67ba8/NBK-SPO-Report-2022Feb25.pdf
Sustainable Financing Framework of National Bank of Kuwait,https://www.nbk.com/dam/jcr:a908d210-1072-4e51-a0f2-3cf729a67ba8/NBK-SPO-Report-2022Feb25.pdf
NextGenerationEU Green Bonds,https://commission.europa.eu/document/download/1f83bdba-2dc0-4a13-a3cc-4a95c0b29b63_en?filename=SWD_2022_442_F1_STAFF_WORKING_PAPER_EN_V4_P1_2417689.PDF
NextGenerationEU Green Bonds,https://commission.europa.eu/document/download/1f83bdba-2dc0-4a13-a3cc-4a95c0b29b63_en?filename=SWD_2022_442_F1_STAFF_WORKING_PAPER_EN_V4_P1_2417689.PDF
Shanghai Stock Exchange's ESG disclosure requirement for STAR Market companies,https://static.reuters.com/resources/media/editorial/20210405/DiversityReportApril2021.pdf
The Companies and LLPs (Climate-related Financial Disclosure) Regulations 2022,https://www.legislation.gov.uk/uksi/2022/31/pdfs/uksi_20220031_en.pdf
The Companies and LLPs (Climate-related Financial Disclosure) Regulations 2022,https://www.legislation.gov.uk/uksi/2022/31/made/data.pdf
The Companies and LLPs (Climate-related Financial Disclosure) Regulations 2022,https://www.legislation.gov.uk/uksi/2022/31/introduction/made/data.pdf
U.S. Department of Treasury signs a USD 1 billion loan agreement for Clean Technology Fund,https://home.treasury.gov/system/files/136/Fact-Sheet-IRA-Equitable-Clean-Energy-Economy.pdf
EU Taxonomy: Complementary Climate Delegated Act,https://finance.ec.europa.eu/document/download/e01e9e40-7698-4b08-a9ea-078fb7070f18_en?filename=sustainable-finance-taxonomy-complementary-climate-delegated-act-factsheet_en.pdf
EU Taxonomy: Complementary Climate Delegated Act,https://finance.ec.europa.eu/document/download/e01e9e40-7698-4b08-a9ea-078fb7070f18_en?filename=sustainable-finance-taxonomy-complementary-climate-delegated-act-factsheet_en.pdf
Egyptian FRA sets deadline for ESG & TCFD reporting in the non-banking financial sector,http://d3a0oa8cittb3t.cloudfront.net/researchreports/Disclaimers/TR%20Disclaimer.pdf
NSE-SES Integrated Guide to Business Responsibility & Sustainability Report,http://s3-ap-south-1.amazonaws.com/indigo-cms-contents/s3fs-public/public://2021-12/NSE_Circular_15102021.pdf
NSE-SES Integrated Guide to Business Responsibility & Sustainability Report,http://s3-ap-south-1.amazonaws.com/indigo-cms-contents/s3fs-public/public://2021-12/SEBI_Circular_14102021.pdf
NSE-SES Integrated Guide to Business Responsibility & Sustainability Report,http://s3-ap-south-1.amazonaws.com/indigo-cms-contents/s3fs-public/public://2022-04/NSE_Circular_04042022_0.pdf
NSE-SES Integrated Guide to Business Responsibility & Sustainability Report,http://s3-ap-south-1.amazonaws.com/indigo-cms-contents/s3fs-public/public://2022-04/SEBI_Circular_29032022.pdf
NSE-SES Integrated Guide to Business Responsibility & Sustainability Report,https://nsearchives.nseindia.com/content/circulars/CML59419.pdf
NSE-SES Integrated Guide to Business Responsibility & Sustainability Report,https://nsearchives.nseindia.com/content/circulars/CML59412.pdf
NSE-SES Integrated Guide to Business Responsibility & Sustainability Report,https://nsearchives.nseindia.com/content/circulars/FAOP59410.pdf
NSE-SES Integrated Guide to Business Responsibility & Sustainability Report,https://nsearchives.nseindia.com/content/circulars/CMPT59366.pdf
NSE-SES Integrated Guide to Business Responsibility & Sustainability Report,https://nsearchives.nseindia.com/content/circulars/CML59424.pdf
NSE-SES Integrated Guide to Business Responsibility & Sustainability Report,https://nsearchives.nseindia.com/content/circulars/CML59421.pdf
NSE-SES Integrated Guide to Business Responsibility & Sustainability Report,https://nsearchives.nseindia.com/content/circulars/CML59420.pdf
NSE-SES Integrated Guide to Business Responsibility & Sustainability Report,https://nsearchives.nseindia.com/content/circulars/CML59414.pdf
NSE-SES Integrated Guide to Business Responsibility & Sustainability Report,https://nsearchives.nseindia.com/content/circulars/CML59397.pdf
EIOPA's Climate stress test for the occupational pensions sector 2022,https://www.eiopa.europa.eu/document/download/2d53e24d-3631-465d-877c-603675b62c66_en?filename=2022%20IORP%20stress%20test%20technical%20specifications.pdf
EIOPA's Climate stress test for the occupational pensions sector 2022,https://www.eiopa.europa.eu/document/download/90ebe843-06c1-4f03-837e-81106076d980_en?filename=2022%20IORP%20stress%20test%20common%20balance%20sheet%20technical%20specifications.pdf
EIOPA's Climate stress test for the occupational pensions sector 2022,https://www.eiopa.europa.eu/document/download/21c15cc0-650d-4676-a4fc-f89cf5fea7ab_en?filename=QA%20contacts.pdf
EIOPA's Climate stress test for the occupational pensions sector 2022,https://www.eiopa.europa.eu/document/download/b35bf493-ba6e-49de-ba52-43bdc5e9c1c2_en?filename=ESRB%20climate%20scenario%20for%20the%20EIOPA%202022%20IORP%20stress%20test.pdf
"U.S Executive Order to strengthen the country's forests, boost wildfire resilience, and combat global deforestation",https://www.usda.gov/sites/default/files/documents/usda-rural-fact-sheet.pdf
"U.S Executive Order to strengthen the country's forests, boost wildfire resilience, and combat global deforestation",https://www.noaa.gov/sites/default/files/2022-04/Nature-based-Solutions-Compendium.pdf
A standard on climate-related risk disclosure for US insurance companies,https://content.naic.org/sites/default/files/inline-files/2022ProposedClimateRiskSurvey_0.pdf?msclkid=e24cf6f2b47211eca09ac1c752e22857
Notice on Doing a Good Job in the Management of Enterprise Greenhouse Gas Emissions Report in 2022,https://www.mee.gov.cn/xxgk2018/xxgk/xxgk06/202203/W020220315357527525875.pdf
Notice on Doing a Good Job in the Management of Enterprise Greenhouse Gas Emissions Report in 2022,https://www.mee.gov.cn/xxgk2018/xxgk/xxgk06/202203/W020220315357528424119.pdf
Notice on Doing a Good Job in the Management of Enterprise Greenhouse Gas Emissions Report in 2022,https://www.mee.gov.cn/xxgk2018/xxgk/xxgk06/202203/W020220315357530736747.pdf
EBA's final draft implementing technical standards on prudential disclosures on ESG risks,https://www.eba.europa.eu/sites/default/documents/files/document_library/Publications/Draft%20Technical%20Standards/2022/1026171/EBA%20draft%20ITS%20on%20Pillar%203%20disclosures%20on%20ESG%20risks.pdf
EBA's final draft implementing technical standards on prudential disclosures on ESG risks,https://www.eba.europa.eu/sites/default/documents/files/document_library/Publications/Draft%20Technical%20Standards/2022/1026173/Annex%20II%20-%20Instructions%20for%20ESG%20prudential%20disclosures%20templates.pdf
EBA's final draft implementing technical standards on prudential disclosures on ESG risks,https://www.eba.europa.eu/sites/default/documents/files/document_library/News%20and%20Press/Communication%20materials/Factsheets/1026177/EBA%202021.5984%20ESG%20Factsheet%20update2.pdf
Results of the 2021 Climate Biennial Exploratory Scenario (CBES) for the largest UK banks and insurers,https://www.bankofengland.co.uk/-/media/boe/files/stress-testing/2021/the-2021-biennial-exploratory-scenario-on-the-financial-risks-from-climate-change.pdf
Results of the 2021 Climate Biennial Exploratory Scenario (CBES) for the largest UK banks and insurers,https://www.fca.org.uk/publication/corporate/climate-financial-risk-forum-guide-2020-risk-management-chapter.pdf
Results of the 2021 Climate Biennial Exploratory Scenario (CBES) for the largest UK banks and insurers,https://assets.publishing.service.gov.uk/government/uploads/system/uploads/attachment_data/file/671018/A_guide_to_energy_performance_certificates_for_the_marketing__sale_and_let_of_dwellings.pdf
Results of the 2021 Climate Biennial Exploratory Scenario (CBES) for the largest UK banks and insurers,https://www.ngfs.net/sites/default/files/medias/documents/820184_ngfs_scenarios_final_version_v6.pdf
Results of the 2021 Climate Biennial Exploratory Scenario (CBES) for the largest UK banks and insurers,https://www.ngfs.net/en/sites/default/files/ngfs-scenarios-phase2-presentation.pdf
Results of the 2021 Climate Biennial Exploratory Scenario (CBES) for the largest UK banks and insurers,https://www.bankofengland.co.uk/-/media/boe/files/stress-testing/2021/the-2021-biennial-exploratory-scenario-on-the-financial-risks-from-climate-change.pdf
Results of the 2021 Climate Biennial Exploratory Scenario (CBES) for the largest UK banks and insurers,https://www.bankofengland.co.uk/-/media/boe/files/stress-testing/2021/the-2021-biennial-exploratory-scenario-on-the-financial-risks-from-climate-change.pdf
Results of the 2021 Climate Biennial Exploratory Scenario (CBES) for the largest UK banks and insurers,https://www.ngfs.net/en/sites/default/files/ngfs-scenarios-phase2-presentation.pdf
Results of the 2021 Climate Biennial Exploratory Scenario (CBES) for the largest UK banks and insurers,https://www.ngfs.net/sites/default/files/medias/documents/820184_ngfs_scenarios_final_version_v6.pdf
Results of the 2021 Climate Biennial Exploratory Scenario (CBES) for the largest UK banks and insurers,https://www.bankofengland.co.uk/-/media/boe/files/stress-testing/2022/results-of-the-2021-cbes.pdf
ECB’s Guide on climate-related and environmental risk,https://www.bankingsupervision.europa.eu/ecb/pub/pdf/ssm.202011finalguideonclimate-relatedandenvironmentalrisks~58213f6564.en.pdf
Status Report on the Sustainability of the Hungarian Financial System,https://www.mnb.hu/letoltes/20210303-zold-penzugyi-jelentes-angol.pdf
"France's Law on Energy and Climate Adds Coverage of Biodiversity, Ecosystems, and Renewable Energy to Investors' Non-Financial Reporting",https://www.legifrance.gouv.fr/contenu/Media/Files/autour-de-la-loi/legislatif-et-reglementaire/etudes-d-impact-des-lois/ei_art_39_2019/ei_consolidee_trex1914696l_lettre_rectificative_pjl_energie_climat_12.06.2019.pdf
"France's Law on Energy and Climate Adds Coverage of Biodiversity, Ecosystems, and Renewable Energy to Investors' Non-Financial Reporting",https://www.legifrance.gouv.fr/contenu/Media/Files/autour-de-la-loi/legislatif-et-reglementaire/avis-du-ce/2019/avis_ce_trex1911204l_pjl_energie_climat_cm_30.04.2019.pdf
"France's Law on Energy and Climate Adds Coverage of Biodiversity, Ecosystems, and Renewable Energy to Investors' Non-Financial Reporting",https://www.legifrance.gouv.fr/contenu/Media/Files/autour-de-la-loi/legislatif-et-reglementaire/avis-du-ce/2019/avis_ce_trex1914696l_6.6.2019.pdf
ACPR Main scenarios and assumptions of the climate pilot exercise,https://acpr.banque-france.fr/sites/default/files/medias/documents/20200717_main_assumptions_and_scenarios_of_the_acpr_climate_pilot_exercise.pdf
ACPR Main scenarios and assumptions of the climate pilot exercise,https://acpr.banque-france.fr/sites/default/files/medias/documents/20200717_main_assumptions_and_scenarios_of_the_acpr_climate_pilot_exercise.pdf
ACPR Main scenarios and assumptions of the climate pilot exercise,https://acpr.banque-france.fr/sites/default/files/medias/documents/20200717_main_assumptions_and_scenarios_of_the_acpr_climate_pilot_exercise.pdf
ACPR Main scenarios and assumptions of the climate pilot exercise,https://acpr.banque-france.fr/sites/default/files/medias/documents/20200717_main_assumptions_and_scenarios_of_the_acpr_climate_pilot_exercise.pdf
ACPR Main scenarios and assumptions of the climate pilot exercise,https://acpr.banque-france.fr/sites/default/files/medias/documents/20200717_main_assumptions_and_scenarios_of_the_acpr_climate_pilot_exercise.pdf
Malta Stock Exchange Green Market,https://borzamalta.com.mt/siteimages/Documents/byelaws/Chap5_Admission_Requirements.pdf
Malta Stock Exchange Green Market,https://cdn.borzamalta.com.mt/SiteImages/Documents/byelaws/MSE_ALL_Bye_Laws.pdf
Malta Stock Exchange Green Market,https://cdn.borzamalta.com.mt/download/Official_list/official_list.pdf
EFRAG recommendations on the development of EU sustainability reporting standards,https://www.efrag.org/Assets/DownLoad?assetUrl=%2Fsites%2Fwebpublishing%2FProject%2520Documents%2F1907190741044061%2FEFRAG_due_process_correspondence_register.pdf
EFRAG recommendations on the development of EU sustainability reporting standards,http://www.efrag.org/Assets/Download?assetUrl=%2fsites%2fwebpublishing%2fSiteAssets%2fJean-Paul%2520Gauz%c3%a8s%2520-%2520Ad%2520Personam%2520Mandate%2520-%2520Final%2520Report%2520-%252005-03-2021.pdf
EFRAG recommendations on the development of EU sustainability reporting standards,http://www.efrag.org/Assets/Download?assetUrl=/sites/webpublishing/SiteAssets/Letter%2520EVP%2520annexNFRD%2520%2520technical%2520mandate%25202020.pdf
EFRAG recommendations on the development of EU sustainability reporting standards,https://www.efrag.org/Assets/Download?assetUrl=/sites/webpublishing/SiteAssets/Letter%2520EVP%2520annex%2520NFRD%2520governance%2520mandate%25202020.pdf
EFRAG recommendations on the development of EU sustainability reporting standards,https://www.efrag.org/Assets/Download?assetUrl=%2Fsites%2Fwebpublishing%2FSiteAssets%2FJean-Paul%20Gauz%C3%A8s%20-%20Ad%20Personam%20Mandate%20-%20Final%20Report%20-%2005-03-2021.pdf
EFRAG recommendations on the development of EU sustainability reporting standards,https://www.efrag.org/Assets/Download?assetUrl=%2Fsites%2Fwebpublishing%2FSiteAssets%2F210308%2520Final%2520press%2520release%2520for%2520NFRS%2520mandates%2520report%2520publication.pdf
Bank Al -Maghrib (BAM) “Directive relative au dispositif de gestion des risques financiers liés au changement climatique et à l’environnement”.,https://www.bkam.ma/content/download/794796/8801570/Rapport%20DSSMPIF%202022.pdf
Bank Al -Maghrib (BAM) “Directive relative au dispositif de gestion des risques financiers liés au changement climatique et à l’environnement”.,https://www.bkam.ma/content/download/794796/8801570/Rapport%20DSSMPIF%202022.pdf
Bank Al -Maghrib (BAM) “Directive relative au dispositif de gestion des risques financiers liés au changement climatique et à l’environnement”.,https://www.bkam.ma/content/download/793755/8794105/CdP_Buna_Fr.pdf
Bank Al -Maghrib (BAM) “Directive relative au dispositif de gestion des risques financiers liés au changement climatique et à l’environnement”.,https://www.bkam.ma/content/download/793755/8794105/CdP_Buna_Fr.pdf
Bank Al -Maghrib (BAM) “Directive relative au dispositif de gestion des risques financiers liés au changement climatique et à l’environnement”.,https://www.bkam.ma/content/download/793020/8789218/World%20Bank%20SDB%20Oct%202023%20Press%20Release_FINAL%20FRENCH_.pdf
Bank Al -Maghrib (BAM) “Directive relative au dispositif de gestion des risques financiers liés au changement climatique et à l’environnement”.,https://www.bkam.ma/content/download/793020/8789218/World%20Bank%20SDB%20Oct%202023%20Press%20Release_FINAL%20FRENCH_.pdf
Bank Al -Maghrib (BAM) “Directive relative au dispositif de gestion des risques financiers liés au changement climatique et à l’environnement”.,https://www.bkam.ma/content/download/792395/8784893/CdP_ConseilBAM_T32023_Fr.pdf
Bank Al -Maghrib (BAM) “Directive relative au dispositif de gestion des risques financiers liés au changement climatique et à l’environnement”.,https://www.bkam.ma/content/download/792395/8784893/CdP_ConseilBAM_T32023_Fr.pdf
The American Jobs Plan,https://www.academia.edu/download/48805773/j.1600-0668.2004.00235.x20160913-16864-4x9hmc.pdf
The American Jobs Plan,https://www.ltsscenter.org/wp-content/uploads/2020/09/Making-Care-Work-Pay-Report-FINAL.pdf
The American Jobs Plan,https://equitablegrowth.org/wp-content/uploads/2020/06/060420-WP-Worker-earnings-service-quality-and-firm-profitability-Ruffini.pdf
The American Jobs Plan,https://lisadcook.net/wp-content/uploads/2014/02/pats_paper17_1013_final_web.pdf
The American Jobs Plan,http://www.equality-of-opportunity.org/assets/documents/inventors_summary.pdf
The American Jobs Plan,https://obamawhitehouse.archives.gov/sites/default/files/page/files/20161220_active_labor_market_policies_issue_brief_cea.pdf
Austria issued inaugural green bond,https://static.reuters.com/resources/media/editorial/20210405/DiversityReportApril2021.pdf
UK Government Green Gilt issuance,https://dmo.gov.uk/media/fk4l5mfd/031023conventional.pdf
UK Government Green Gilt issuance,https://dmo.gov.uk/media/egjbgaop/pr280923.pdf
UK Government Green Gilt issuance,https://dmo.gov.uk/media/t2gfuare/pr260923_2.pdf
UK Government Green Gilt issuance,https://dmo.gov.uk/media/pklh1uj5/prosp260923.pdf
UK Government Green Gilt issuance,https://dmo.gov.uk/media/lwgbvqoa/pr260923conventional.pdf
UK Government Green Gilt issuance,https://dmo.gov.uk/media/ds0o3vee/pr190923a.pdf
UK Government Green Gilt issuance,https://dmo.gov.uk/media/gubaap1f/prosp190923a.pdf
UK Government Green Gilt issuance,https://dmo.gov.uk/media/k5npylkk/040723conventional.pdf
UK Government Green Gilt issuance,https://dmo.gov.uk/media/1ttetzbg/pr270623b.pdf
UK Government Green Gilt issuance,https://dmo.gov.uk/media/odcds1ky/240523conventional.pdf
UK Government Green Gilt issuance,https://dmo.gov.uk/media/sukjxjvn/prosp270623b.pdf
UK Government Green Gilt issuance,https://dmo.gov.uk/media/odcds1ky/240523conventional.pdf
UK Government Green Gilt issuance,https://dmo.gov.uk/media/knmdy3yj/pr170523.pdf
UK Government Green Gilt issuance,https://dmo.gov.uk/media/rtlctnst/prosp170523a.pdf
UK Government Green Gilt issuance,https://dmo.gov.uk/media/tubgwj0w/220223conventional.pdf
UK Government Green Gilt issuance,https://dmo.gov.uk/media/3e1podjd/pr150223.pdf
UK Government Green Gilt issuance,https://dmo.gov.uk/media/fjjbgwf4/prosp150223.pdf
UK Government Green Gilt issuance,https://dmo.gov.uk/media/g30dx0al/010223conventional.pdf
UK Government Green Gilt issuance,https://dmo.gov.uk/media/mgbfna3y/pr250123.pdf
UK Government Green Gilt issuance,https://dmo.gov.uk/media/0owhybli/prosp250123.pdf
UK Government Green Gilt issuance,https://dmo.gov.uk/media/wlrjiq2c/091122conventional.pdf
UK Government Green Gilt issuance,https://dmo.gov.uk/media/w0dmeiwi/pr021122.pdf
UK Government Green Gilt issuance,https://dmo.gov.uk/media/ukdlwra2/prosp021122.pdf
UK Government Green Gilt issuance,https://dmo.gov.uk/media/qhijui35/prosp280922b.pdf
UK Government Green Gilt issuance,https://dmo.gov.uk/media/faajgkls/prosp280922a.pdf
UK Government Green Gilt issuance,https://dmo.gov.uk/media/ii1j1y4d/pr280922a.pdf
UK Government Green Gilt issuance,https://dmo.gov.uk/media/yxtnpt5l/pr260922.pdf
UK Government Green Gilt issuance,https://dmo.gov.uk/media/whubbj1o/pr150922.pdf
UK Government Green Gilt issuance,https://dmo.gov.uk/media/crldc2jv/mn090922.pdf
UK Government Green Gilt issuance,https://dmo.gov.uk/media/17984/pr100522.pdf
UK Government Green Gilt issuance,https://dmo.gov.uk/media/naeg51rd/pr030522.pdf
UK Government Green Gilt issuance,https://dmo.gov.uk/media/dqmlkb2j/prosp030522.pdf
UK Government Green Gilt issuance,https://dmo.gov.uk/media/17767/prosp211021a.pdf
UK Government Green Gilt issuance,https://dmo.gov.uk/media/17766/prosp211021b.pdf
UK Government Green Gilt issuance,https://dmo.gov.uk/media/17762/pr211021.pdf
UK Government Green Gilt issuance,https://dmo.gov.uk/media/17757/sa191021.pdf
UK Government Green Gilt issuance,https://dmo.gov.uk/media/17753/pr141021.pdf
UK Government Green Gilt issuance,https://dmo.gov.uk/media/fa5lzge4/pr121021.pdf
UK Government Green Gilt issuance,https://dmo.gov.uk/media/17743/pr081021.pdf
UK Government Green Gilt issuance,https://dmo.gov.uk/media/17726/pr011021.pdf
UK Government Green Gilt issuance,https://dmo.gov.uk/media/17710/prosp210921d.pdf
UK Government Green Gilt issuance,https://dmo.gov.uk/media/17709/prosp210921c.pdf
UK Government Green Gilt issuance,https://dmo.gov.uk/media/17705/pr210921.pdf
UK Government Green Gilt issuance,https://dmo.gov.uk/media/17708/pr210921c.pdf
UK Government Green Gilt issuance,https://dmo.gov.uk/media/17690/pr140921a.pdf
UK Government Green Gilt issuance,https://dmo.gov.uk/media/17686/pr130921.pdf
UK Government Green Gilt issuance,https://dmo.gov.uk/media/17685/pr090921.pdf
UK Government Green Gilt issuance,https://dmo.gov.uk/media/17668/pr030921.pdf
UK Government Green Gilt issuance,https://dmo.gov.uk/media/17652/pr270821.pdf
UK Government Green Gilt issuance,https://dmo.gov.uk/media/17583/pr020721a.pdf
UK Government Green Gilt issuance,https://dmo.gov.uk/media/17574/pr300621c.pdf
UK Government Green Gilt issuance,https://assets.website-files.com/5df9172583d7eec04960799a/6257df76b02ef7ca1b218a41_20210628_V.E_SPO_UK_Final%20Version%20docx.pdf
UK Government Green Gilt issuance,https://dmo.gov.uk/media/17601/pr150721.pdf
UK Government Green Gilt issuance,https://dmo.gov.uk/media/17571/sa300621.pdf
UK Government Green Gilt issuance,https://dmo.gov.uk/media/17497/pr280521.pdf
UK Government Green Gilt issuance,https://dmo.gov.uk/media/17450/pr040521b.pdf
UK Government Green Gilt issuance,https://dmo.gov.uk/media/17419/sa190421.pdf
UK Government Green Gilt issuance,https://dmo.gov.uk/media/17329/sa040321.pdf
UK Government Green Gilt issuance,https://dmo.gov.uk/media/cp1pjhga/drmr2122.pdf
UK Government Green Gilt issuance,https://dmo.gov.uk/media/c5ahu3rx/sa030321.pdf
UK Government Green Gilt issuance,https://assets.publishing.service.gov.uk/government/uploads/system/uploads/attachment_data/file/966868/BUDGET_2021_-_web.pdf
UK Government Green Gilt issuance,https://dmo.gov.uk/media/17251/sa270121.pdf
UK Government Green Gilt issuance,https://dmo.gov.uk/media/17077/sa031120.pdf
Working paper on mandatory climate-related disclosure by financial institutions and the financing of fossil energy,https://publications.banque-france.fr/sites/default/files/medias/documents/wp800.pdf
Working paper on mandatory climate-related disclosure by financial institutions and the financing of fossil energy,https://publications.banque-france.fr/sites/default/files/medias/documents/wp800.pdf
Working paper on mandatory climate-related disclosure by financial institutions and the financing of fossil energy,https://publications.banque-france.fr/sites/default/files/medias/documents/wp800.pdf
Working paper on mandatory climate-related disclosure by financial institutions and the financing of fossil energy,https://publications.banque-france.fr/sites/default/files/medias/documents/wp800.pdf
Working paper on mandatory climate-related disclosure by financial institutions and the financing of fossil energy,https://publications.banque-france.fr/sites/default/files/medias/documents/wp800.pdf
Euronext CAC40 ESG Index,https://www.euronext.com/sites/default/files/2021-03/22032021_Euronext_CAC%2040%20ESG.pdf
Luxembourg Green Exchange (LGX) section for Climate-Aligned issuers,https://www.luxse.com/discover-lgx/-/media/bdl-port-luxse-ssr/Data/Media/Files/footer-documents/reclamations-clients.pdf
Luxembourg Green Exchange (LGX) section for Climate-Aligned issuers,https://www.luxse.com/discover-lgx/-/media/bdl-port-luxse-ssr/Data/Media/Files/footer-documents/conflict-of-interest-policy.pdf
The EU Platform on Sustainable Finance advises on transition finance,https://ec.europa.eu/info/sites/info/files/business_economy_euro/banking_and_finance/documents/210319-eu-platform-transition-finance-report_en.pdf
Green and Sustainable Finance Cross-Agency Steering Group,https://www.hkma.gov.hk/media/eng/doc/key-information/press-release/2021/20210715e4a1.pdf
Development of a first national Green Finance Taxonomy for South Africa,http://www.treasury.gov.za/comm_media/press/2022/2022111101%20Media%20statement%20-%20Green%20Finance%20Taxonomy%20Treasury.pdf
Development of a first national Green Finance Taxonomy for South Africa,https://sustainablefinanceinitiative.org.za/wp-content/uploads/2022/11/EU-SA_greentaxonomy_2022.pdf
Development of a first national Green Finance Taxonomy for South Africa,https://sustainablefinanceinitiative.org.za/wp-content/uploads/2022/11/EU-SA_greentaxonomy_2022.pdf
Development of a first national Green Finance Taxonomy for South Africa,http://www.treasury.gov.za/comm_media/press/2022/2022040101%20Media%20statement%20-%20Green%20Finance%20Taxonomy.pdf
Development of a first national Green Finance Taxonomy for South Africa,https://sustainablefinanceinitiative.org.za/wp-content/downloads/SA-Green-Finance-Taxonomy-1st-Edition-Final-01-04-2022.pdf
Development of a first national Green Finance Taxonomy for South Africa,https://sustainablefinanceinitiative.org.za/wp-content/downloads/SA-Green-Finance-Taxonomy-1st-Edition-Final-01-04-2022.pdf
Development of a first national Green Finance Taxonomy for South Africa,https://sustainablefinanceinitiative.org.za/wp-content/downloads/Briefing-Paper_Development-Process-for-the-South-African-Green-Finance-Taxonomy.pdf
Development of a first national Green Finance Taxonomy for South Africa,https://sustainablefinanceinitiative.org.za/wp-content/downloads/Briefing-Paper_Starting-with-green-and-ending-with-sustainable.pdf
Development of a first national Green Finance Taxonomy for South Africa,https://sustainablefinanceinitiative.org.za/wp-content/downloads/Briefing-Paper_South-Africas-Ambitious-Green-Finance-Taxonomy.pdf
Development of a first national Green Finance Taxonomy for South Africa,https://sustainablefinanceinitiative.org.za/wp-content/downloads/Briefing-Paper_Developing-a-Buildings-Taxonomy-Entry-for-South-Africa.pdf
Development of a first national Green Finance Taxonomy for South Africa,https://sustainablefinanceinitiative.org.za/wp-content/uploads/2021/10/2021101501-Financing-a-Sustainable-Economy.pdf
Development of a first national Green Finance Taxonomy for South Africa,https://sustainablefinanceinitiative.org.za/wp-content/uploads/2022/11/GFTCaseStudy_1_PublicProcurement.pdf
Development of a first national Green Finance Taxonomy for South Africa,https://sustainablefinanceinitiative.org.za/wp-content/uploads/2022/11/GFTCaseStudy_2_AssetManagement.pdf
Development of a first national Green Finance Taxonomy for South Africa,https://sustainablefinanceinitiative.org.za/wp-content/uploads/2022/11/GFTCaseStudy_3_SFFrameworks.pdf
Development of a first national Green Finance Taxonomy for South Africa,https://sustainablefinanceinitiative.org.za/wp-content/uploads/2022/11/GFTCaseStudy_4_OppsforDFIs.pdf
Development of a first national Green Finance Taxonomy for South Africa,https://sustainablefinanceinitiative.org.za/wp-content/uploads/2022/11/CBT-GFT-Mapping.pdf
Development of a first national Green Finance Taxonomy for South Africa,https://sustainablefinanceinitiative.org.za/wp-content/uploads/2022/11/Sample-project-Assessment-DDdocs.pdf
Development of a first national Green Finance Taxonomy for South Africa,https://sustainablefinanceinitiative.org.za/wp-content/uploads/2022/11/GFTprocess-flow-for-extra-jurisdictional-investment.pdf
Development of a first national Green Finance Taxonomy for South Africa,https://sustainablefinanceinitiative.org.za/wp-content/uploads/2022/11/Train-the-Trainer.pdf
Development of a first national Green Finance Taxonomy for South Africa,http://asean_taxonomy_v1_final_310522.pdf/
Development of a first national Green Finance Taxonomy for South Africa,"https://ec.europa.eu/info/sites/default/files/business_economy_euro/banking_and_finance/documents/211104-ipsf-common-ground-taxonomy-instruction-report-2021_en.pdf#:~:text=The%20Common%20Ground%20Taxonomy%20%28CGT%29%20is%20a%20report,will%20be%20expanded%20over%20time%20%28see%20Chapter%207%29."
Development of a first national Green Finance Taxonomy for South Africa,https://content.ftserussell.com/sites/default/files/do-no-significant-harm-and-minimum-safeguards-in-practice.pdf
Development of a first national Green Finance Taxonomy for South Africa,https://www.icmagroup.org/assets/documents/Sustainable-finance/Ensuring-the-Usability-of-the-EU-Taxonomy-and-Ensuring-the-Usability-of-the-EU-Taxonomy.pdf?vid=2
Development of a first national Green Finance Taxonomy for South Africa,https://www.unepfi.org/wordpress/wp-content/uploads/2022/02/Practical-Approaches-to-Applying-the-EU-Taxonomy-to-Bank-Lending-2022.pdf
Development of a first national Green Finance Taxonomy for South Africa,https://finance.ec.europa.eu/system/files/2020-03/200309-sustainable-finance-teg-final-report-taxonomy_en.pdf
France issued a second sovereign green bond,https://www.aft.gouv.fr/files/archives/attachments/25562.pdf
Development of a first national Green Finance Taxonomy for South Africa,https://www.ebf.eu/wp-content/uploads/2021/01/Testing-the-application-of-the-EU-Taxonomy-to-core-banking-products-EBF-UNEPFI-report-January-2021.pdf
Development of a first national Green Finance Taxonomy for South Africa,https://ec.europa.eu/info/sites/default/files/business_economy_euro/banking_and_finance/documents/200309-sustainable-finance-teg-green-bond-standard-usability-guide_en.pdf
Development of a first national Green Finance Taxonomy for South Africa,https://sustainablefinanceinitiative.org.za/wp-content/uploads/2021/06/Draft-Green-Finance-Taxonomy.pdf
Development of a first national Green Finance Taxonomy for South Africa,https://sustainablefinanceinitiative.org.za/wp-content/uploads/2021/06/Draft-User-Guidance-Summary-Presentation.pdf
Development of a first national Green Finance Taxonomy for South Africa,https://sustainablefinanceinitiative.org.za/wp-content/uploads/2021/06/Draft-Green-Finance-Taxonomy-User-Guidance.pdf
Development of a first national Green Finance Taxonomy for South Africa,https://sustainablefinanceinitiative.org.za/wp-content/uploads/2021/06/Listing-of-developmental-aspects.pdf
Development of a first national Green Finance Taxonomy for South Africa,https://sustainablefinanceinitiative.org.za/wp-content/uploads/2021/06/Call-for-inputs_GreenTaxonomy_7June2021.pdf
Development of a first national Green Finance Taxonomy for South Africa,https://sustainablefinanceinitiative.org.za/wp-content/uploads/2021/10/2021101501-Financing-a-Sustainable-Economy.pdf
Development of a first national Green Finance Taxonomy for South Africa,http://www.treasury.gov.za/publications/other/Sustainability%20technical%20paper%202020.pdf
Development of a first national Green Finance Taxonomy for South Africa,https://sustainablefinanceinitiative.org.za/wp-content/downloads/Stakeholder_Briefing_Document_9_October_2020.pdf
Development of a first national Green Finance Taxonomy for South Africa,https://sustainablefinanceinitiative.org.za/wp-content/uploads/2020/10/South-African-Green-Finance-Taxonomy-Zero-Draft-Stakeholder-Consultation-23-Oct-2020.pdf
Development of a first national Green Finance Taxonomy for South Africa,https://sustainablefinanceinitiative.org.za/wp-content/uploads/2020/10/GFT-Workshop-1-DEFF-NCCAS-Presentation.pdf
Development of a first national Green Finance Taxonomy for South Africa,https://sustainablefinanceinitiative.org.za/wp-content/uploads/2020/10/GFT-Workshop-1-DSI-ENERGY-RDI-OVERVIEW_PROGRAMME.pdf
Development of a first national Green Finance Taxonomy for South Africa,https://sustainablefinanceinitiative.org.za/wp-content/uploads/2020/10/South-Africa-Climate-Change-Information-System_Climate-Finance-tracking-Final.pdf
Development of a first national Green Finance Taxonomy for South Africa,https://sustainablefinanceinitiative.org.za/wp-content/uploads/2020/10/TIPS-NBI-Sus-Fin-Tax_12-10-2020-002.pdf
Development of a first national Green Finance Taxonomy for South Africa,https://sustainablefinanceinitiative.org.za/wp-content/uploads/2020/10/South-Africa-Taxonomy-2020-002.pdf
Development of a first national Green Finance Taxonomy for South Africa,https://sustainablefinanceinitiative.org.za/wp-content/uploads/2021/01/City-of-Tshwane-GFT-Presentation.pdf
Development of a first national Green Finance Taxonomy for South Africa,https://sustainablefinanceinitiative.org.za/wp-content/uploads/2020/10/The-JSE-View-on-the-Use-Case-for-a-Green-Taxonomy_16-Oct.pdf
Development of a first national Green Finance Taxonomy for South Africa,https://sustainablefinanceinitiative.org.za/wp-content/uploads/2020/10/Old-Mutual-Inv-Group-Green-Economy-Taxonomy.pdf
Development of a first national Green Finance Taxonomy for South Africa,https://sustainablefinanceinitiative.org.za/wp-content/uploads/2020/10/Green-Taxonomy-Presentation-ASISA-Oct-2020.pdf
Development of a first national Green Finance Taxonomy for South Africa,https://sustainablefinanceinitiative.org.za/wp-content/uploads/2020/10/Land-Bank-Green-Taxonomy-Consultation-Workshop-19-Oct-2020.pdf
Development of a first national Green Finance Taxonomy for South Africa,https://sustainablefinanceinitiative.org.za/wp-content/uploads/2020/10/AfDB_Presentation-On-climate-Change-and-Green-Growth-21-Oct-2020.pdf
Development of a first national Green Finance Taxonomy for South Africa,https://sustainablefinanceinitiative.org.za/wp-content/uploads/2020/10/National-Green-Finance-Taxonomy-Workshop-Green-Bonds_GIZ-Final-002.pdf
Development of a first national Green Finance Taxonomy for South Africa,https://sustainablefinanceinitiative.org.za/wp-content/uploads/2021/05/GBCSA_Green-Finance-Taxonomy-Built-Environment_6Nov2020.pdf
Development of a first national Green Finance Taxonomy for South Africa,https://sustainablefinanceinitiative.org.za/wp-content/uploads/2021/05/PPC-Climate-Projects-GFT-Workshop-3_6Nov2020.pdf
Expert Panel on Sustainable Finance: The Second Report,https://www.fsa.go.jp/news/r4/singi/20220713/02.pdf
Expert Panel on Sustainable Finance: The Second Report,https://www.fsa.go.jp/news/r4/singi/20220713/04.pdf
Expert Panel on Sustainable Finance: The Second Report,https://www.fsa.go.jp/news/r4/singi/20220713/01.pdf
Expert Panel on Sustainable Finance: The Second Report,https://www.fsa.go.jp/en/refer/legislation/legislation.pdf
Monetary Authority of Singapore’s Grant Scheme to support Green and Sustainability-Linked Loans,https://www.lma.eu.com/application/files/5115/8866/8901/Sustainability_Linked_Loan_Principles_V032.pdf
Monetary Authority of Singapore’s Grant Scheme to support Green and Sustainability-Linked Loans,https://www.lma.eu.com/application/files/5115/8866/8901/Sustainability_Linked_Loan_Principles_V032.pdf
Monetary Authority of Singapore’s Grant Scheme to support Green and Sustainability-Linked Loans,https://www.mas.gov.sg/-/media/mas/news/media-releases/2020/gsls-infographic.pdf
Monetary Authority of Singapore’s Grant Scheme to support Green and Sustainability-Linked Loans,https://www.mas.gov.sg/-/media/mas/news/media-releases/2020/gsls-brochure.pdf
Prudential Standard SPS 530 Investment Governance in Superannuation,https://www.apra.gov.au/sites/default/files/2023-07/Prudential%20Practice%20Guide%20SPG%20530%20Investment%20Governance%20Integrated%20version%20-%20clean.pdf
Prudential Standard SPS 530 Investment Governance in Superannuation,https://www.apra.gov.au/sites/default/files/2023-07/Prudential%20Practice%20Guide%20SPG%20530%20Invesment%20Governance%20Integrated%20version%20-%20marked%20up.pdf
Prudential Standard SPS 530 Investment Governance in Superannuation,https://www.apra.gov.au/sites/default/files/2022-11/Prudential%20Practice%20Guide%20-%20Draft%20SPG%20530%20Investment%20Governance.pdf
Prudential Standard SPS 530 Investment Governance in Superannuation,https://www.apra.gov.au/sites/default/files/2022-11/Prudential%20Practice%20Guide%20-%20Draft%20SPG%20530%20Investment%20Governance%20integrated%20version.pdf
Prudential Standard SPS 530 Investment Governance in Superannuation,https://www.apra.gov.au/sites/default/files/2022-07/Prudential%20Standard%20SPS%20530%20Investment%20Governance.pdf
Prudential Standard SPS 530 Investment Governance in Superannuation,https://www.apra.gov.au/sites/default/files/2022-07/Prudential%20Standard%20%28SPS%20530%29%20Investment%20Governance%20-%20marked%20up.pdf
Prudential Standard SPS 530 Investment Governance in Superannuation,https://www.apra.gov.au/sites/default/files/2022-07/Submission%20Actuaries%20Institute%2016%20February%202022.pdf
Prudential Standard SPS 530 Investment Governance in Superannuation,https://www.apra.gov.au/sites/default/files/2022-07/Submission%20Australian%20Council%20of%20Superannuation%20Investors%2016%20February%202022.pdf
Prudential Standard SPS 530 Investment Governance in Superannuation,https://www.apra.gov.au/sites/default/files/2022-07/Submission%20Australian%20Institute%20of%20Superannuation%20Trustees%2016%20February%202022.pdf
Prudential Standard SPS 530 Investment Governance in Superannuation,https://www.apra.gov.au/sites/default/files/2022-07/Submission%20Australian%20Investment%20Council%2016%20February%202022.pdf
Prudential Standard SPS 530 Investment Governance in Superannuation,https://www.apra.gov.au/sites/default/files/2022-07/Submission%20CPA%20Australia%20and%20Chartered%20Accountants%20ANZ%2018%20February%202022.pdf
Prudential Standard SPS 530 Investment Governance in Superannuation,https://www.apra.gov.au/sites/default/files/2022-07/Submission%20Financial%20Services%20Council%2016%20February%202022.pdf
Prudential Standard SPS 530 Investment Governance in Superannuation,https://www.apra.gov.au/sites/default/files/2022-07/Submission%20-%20Mercer%2016%20February%202022.pdf
Prudential Standard SPS 530 Investment Governance in Superannuation,https://www.apra.gov.au/sites/default/files/2022-07/Submission%20Principles%20for%20Responsible%20Investment%2016%20February%202022_0.pdf
Prudential Standard SPS 530 Investment Governance in Superannuation,https://www.apra.gov.au/sites/default/files/2022-07/Submission%20Responsible%20Investment%20Association%20Australasia%2015%20February%202022.pdf
Prudential Standard SPS 530 Investment Governance in Superannuation,https://www.apra.gov.au/sites/default/files/2022-07/Submission%20Scott%20Donald%2016%20February%202022.pdf
Prudential Standard SPS 530 Investment Governance in Superannuation,https://www.apra.gov.au/sites/default/files/2022-07/Submission%20the%20Conexus%20Institute%2016%20February%202022.pdf
Prudential Standard SPS 530 Investment Governance in Superannuation,https://www.apra.gov.au/sites/default/files/2021-09/Prudential%20Standard%20SPS%20530%20Investment%20Governance%20-%20marked%20up.pdf
Prudential Standard SPS 530 Investment Governance in Superannuation,https://www.apra.gov.au/sites/default/files/2021-09/Prudential%20Standard%20SPS%20530%20Investment%20Governance%20-%20clean%20.pdf
UK Procurement Policy Note (PPN 06/21),https://assets.publishing.service.gov.uk/media/62066d5ae90e077f7dec749e/PPN-0621-Taking-account-of-Carbon-Reduction-Plans-Jan22__1_.pdf
UK Procurement Policy Note (PPN 06/21),https://assets.publishing.service.gov.uk/media/62066d5ae90e077f7dec749e/PPN-0621-Taking-account-of-Carbon-Reduction-Plans-Jan22__1_.pdf
UK Procurement Policy Note (PPN 06/21),https://assets.publishing.service.gov.uk/government/uploads/system/uploads/attachment_data/file/1148143/Guidance-on-adopting-and-applying-PPN-06_21-_-Selection-Criteria-April-23.pdf
UK Procurement Policy Note (PPN 06/21),https://assets.publishing.service.gov.uk/government/uploads/system/uploads/attachment_data/file/1148143/Guidance-on-adopting-and-applying-PPN-06_21-_-Selection-Criteria-April-23.pdf
UK Procurement Policy Note (PPN 06/21),https://assets.publishing.service.gov.uk/media/60ba4d208fa8f57ce980b5b7/PPN_0621_Technical_standard_for_the_Completion_of_Carbon_Reduction_Plans__2_.pdf
UK Procurement Policy Note (PPN 06/21),https://assets.publishing.service.gov.uk/media/60ba4d208fa8f57ce980b5b7/PPN_0621_Technical_standard_for_the_Completion_of_Carbon_Reduction_Plans__2_.pdf
China National Emissions Trading Scheme (ETS),https://www.mee.gov.cn/xxgk2018/xxgk/xxgk01/202105/W020210519636656625912.pdf
China National Emissions Trading Scheme (ETS),https://www.mee.gov.cn/xxgk2018/xxgk/xxgk01/202105/W020210519636657102983.pdf
China National Emissions Trading Scheme (ETS),https://www.mee.gov.cn/xxgk2018/xxgk/xxgk01/202105/W020210519636657447133.pdf
Bank of China issued a transition bond,https://pic.bankofchina.com/bocappd/report/202101/P020210106328283485400.pdf
Bank of China issued a transition bond,https://pic.bankofchina.com/bocappd/report/202101/P020210106328539121164.pdf
Bank of China issued a transition bond,https://pic.bankofchina.com/bocappd/report/202101/P020210106328842685396.pdf
Budapest Stock Exchange ESG Reporting Guide,https://bse.hu/pfile/file?path=/site/Magyar/Dokumentumok/Tozsdetagoknak/T7_12.0_Simulation_Calendar_20230821_-_20231217_Version_20230802_BSE.pdf1
Budapest Stock Exchange ESG Reporting Guide,https://bse.hu/pfile/file?path=/site/Magyar/Dokumentumok/Kibocsatok/esg/ESG_Reporting_Guide_final_ENG.pdf2
European Commission’s Fit for 55 package,https://www4.unfccc.int/sites/ndcstaging/PublishedDocuments/European%20Union%20First/EU_NDC_Submission_December%202020.pdf
European Commission’s Fit for 55 package,https://ec.europa.eu/commission/presscorner/api/files/document/print/en/ip_21_3541/IP_21_3541_EN.pdf
Banco Central Do Brasil’s consultation No. 85/2021,https://www.bcb.gov.br/content/publicacoes/Documents/cadip/Manual_Cadip.pdf
Banco Central Do Brasil’s consultation No. 85/2021,https://www.bcb.gov.br/content/publicacoes/Documents/cadip/Manual_Cadip.pdf
Remarks by the Governor of the People’s Bank of China on green finance and climate policy,https://www.bis.org/review/r210416a.pdf
Reform Plan for the Environmental Information Disclosure Mechanism,https://www.mee.gov.cn/xxgk2018/xxgk/xxgk03/202105/W020210525651775162451.pdf
Shenzhen Stock Exchange guidelines on corporate bonds,http://docs.static.szse.cn/www/disclosure/notice/general/W020210713654171796934.pdf
Monetary Authority of Singapore’s Climate Strategy,https://www.mas.gov.sg/-/media/mas-media-library/publications/sustainability-report/infographic-for-mas-sustainability-report-2020_21.pdf
BaFin Guidelines on sustainable investment funds,https://www.bafin.de/SharedDocs/Downloads/DE/Konsultation/2021/dl_kon_13_21_WA4_Leitlinien_Investmentvermoegen.pdf;jsessionid=E267CC9C90C376D6B3A720FB8A2A67F2.internet951?__blob=publicationFile&v=2
BaFin Guidelines on sustainable investment funds,https://www.bafin.de/SharedDocs/Downloads/DE/Konsultation/2021/dl_kon_13_21_WA4_Nachhaltigkeits_Richtlinie_Stellungnahme_GDV.pdf;jsessionid=E267CC9C90C376D6B3A720FB8A2A67F2.internet951?__blob=publicationFile&v=2
BaFin Guidelines on sustainable investment funds,https://www.bafin.de/SharedDocs/Downloads/DE/Konsultation/2021/dl_kon_13_21_WA4_Nachhaltigkeits_Richtlinie_Stellungnahme_VOTUM.pdf;jsessionid=E267CC9C90C376D6B3A720FB8A2A67F2.internet951?__blob=publicationFile&v=2
BaFin Guidelines on sustainable investment funds,https://www.bafin.de/SharedDocs/Downloads/DE/Konsultation/2021/dl_kon_13_21_WA4_Nachhaltigkeits_Richtlinie_Stellungnahme_BVI.pdf;jsessionid=E267CC9C90C376D6B3A720FB8A2A67F2.internet951?__blob=publicationFile&v=2
BaFin Guidelines on sustainable investment funds,https://www.bafin.de/SharedDocs/Downloads/DE/Konsultation/2021/dl_kon_13_21_WA4_Nachhaltigkeits_Richtlinie_Stellungnahme_BdB_DSGV-VOEB.pdf;jsessionid=E267CC9C90C376D6B3A720FB8A2A67F2.internet951?__blob=publicationFile&v=2
BaFin Guidelines on sustainable investment funds,https://www.bafin.de/SharedDocs/Downloads/DE/Konsultation/2021/dl_kon_13_21_WA4_Nachhaltigkeits_Richtlinie_Stellungnahme_DWS.pdf;jsessionid=E267CC9C90C376D6B3A720FB8A2A67F2.internet951?__blob=publicationFile&v=2
BaFin Guidelines on sustainable investment funds,https://www.bafin.de/SharedDocs/Downloads/DE/Konsultation/2021/dl_kon_13_21_WA4_Nachhaltigkeits_Richtlinie_Deutsche_Boerse.pdf;jsessionid=E267CC9C90C376D6B3A720FB8A2A67F2.internet951?__blob=publicationFile&v=2
BaFin Guidelines on sustainable investment funds,https://www.bafin.de/SharedDocs/Downloads/DE/Konsultation/2021/dl_kon_13_21_WA4_Nachhaltigkeits_Richtlinie_RWE.pdf;jsessionid=E267CC9C90C376D6B3A720FB8A2A67F2.internet951?__blob=publicationFile&v=2
BaFin Guidelines on sustainable investment funds,https://www.bafin.de/SharedDocs/Downloads/DE/Konsultation/2021/dl_kon_13_21_WA4_Nachhaltigkeits_Richtlinie_BVR.pdf;jsessionid=E267CC9C90C376D6B3A720FB8A2A67F2.internet951?__blob=publicationFile&v=2
BaFin Guidelines on sustainable investment funds,https://www.bafin.de/SharedDocs/Downloads/DE/Konsultation/2021/dl_kon_13_21_WA4_Nachhaltigkeits_Richtlinie_Troeger.pdf;jsessionid=E267CC9C90C376D6B3A720FB8A2A67F2.internet951?__blob=publicationFile&v=2
BaFin Guidelines on sustainable investment funds,https://www.bafin.de/SharedDocs/Downloads/DE/Konsultation/2021/dl_kon_13_21_WA4_Nachhaltigkeits_Richtlinie_BAI.pdf;jsessionid=E267CC9C90C376D6B3A720FB8A2A67F2.internet951?__blob=publicationFile&v=2
BaFin Guidelines on sustainable investment funds,https://www.bafin.de/SharedDocs/Downloads/DE/Konsultation/2021/dl_kon_13_21_WA4_Nachhaltigkeits_Richtlinie_FNG.pdf;jsessionid=E267CC9C90C376D6B3A720FB8A2A67F2.internet951?__blob=publicationFile&v=2
BaFin Guidelines on sustainable investment funds,https://www.bafin.de/SharedDocs/Downloads/DE/Konsultation/2021/dl_kon_13_21_WA4_Nachhaltigkeits_Richtlinie_Apo_Asset_Management.pdf;jsessionid=E267CC9C90C376D6B3A720FB8A2A67F2.internet951?__blob=publicationFile&v=2
BaFin Guidelines on sustainable investment funds,https://www.bafin.de/SharedDocs/Downloads/DE/Konsultation/2021/dl_kon_13_21_WA4_Nachhaltigkeits_Richtlinie_Wilhelm_Freund.pdf;jsessionid=E267CC9C90C376D6B3A720FB8A2A67F2.internet951?__blob=publicationFile&v=2
BaFin Guidelines on sustainable investment funds,https://www.bafin.de/SharedDocs/Downloads/DE/Konsultation/2021/dl_kon_13_21_WA4_Nachhaltigkeits_Richtlinie_NABU.pdf;jsessionid=E267CC9C90C376D6B3A720FB8A2A67F2.internet951?__blob=publicationFile&v=2
BaFin Guidelines on sustainable investment funds,https://www.bafin.de/SharedDocs/Downloads/DE/Konsultation/2021/dl_kon_13_21_WA4_Nachhaltigkeits_Richtlinie_PRI.pdf;jsessionid=E267CC9C90C376D6B3A720FB8A2A67F2.internet951?__blob=publicationFile&v=2
BaFin Guidelines on sustainable investment funds,https://www.bafin.de/SharedDocs/Downloads/DE/Konsultation/2021/dl_kon_13_21_WA4_Nachhaltigkeits_Richtlinie_VAB.pdf;jsessionid=E267CC9C90C376D6B3A720FB8A2A67F2.internet951?__blob=publicationFile&v=2
BaFin Guidelines on sustainable investment funds,https://www.bafin.de/SharedDocs/Downloads/DE/Konsultation/2021/dl_kon_13_21_WA4_Nachhaltigkeits_Richtlinie_RI_Vermoegensbetreuung.pdf;jsessionid=E267CC9C90C376D6B3A720FB8A2A67F2.internet951?__blob=publicationFile&v=2
BaFin Guidelines on sustainable investment funds,https://www.bafin.de/SharedDocs/Downloads/DE/Konsultation/2021/dl_kon_13_21_WA4_Nachhaltigkeits_Richtlinie_Warburg_Invest.pdf;jsessionid=E267CC9C90C376D6B3A720FB8A2A67F2.internet951?__blob=publicationFile&v=2
BaFin Guidelines on sustainable investment funds,https://www.bafin.de/SharedDocs/Downloads/DE/Konsultation/2021/dl_kon_13_21_WA4_Nachhaltigkeits_Richtlinie_ZIA.pdf;jsessionid=E267CC9C90C376D6B3A720FB8A2A67F2.internet951?__blob=publicationFile&v=2
New York Stock Exchange ESG Guidance,https://about.bankofamerica.com/assets/pdf/BofA_ESG-10-reasons-you-should-care-about-ESG-Investing.pdf
Guangzhou Futures Exchange,https://www.hkex.com.hk/-/media/HKEX-Market/Join-Our-Markets/IPO/2022/HKEX_IPO_Express_Issue5_en.pdf
Guangzhou Futures Exchange,https://www.hkex.com.hk/-/media/HKEX-Market/Join-Our-Markets/IPO/Biotech-Newsletter/HKEX-Biotech-Newsletter-Issue-6-EN.pdf
Guangzhou Futures Exchange,https://www.hkex.com.hk/-/media/HKEX-Market/Listing/Rules-and-Guidance/Other-Resources/Listing-Policy-Panel-Report/lpp_report.pdf
Guangzhou Futures Exchange,https://www.hkex.com.hk/-/media/HKEX-Market/Products/Securities/Derivative-Warrants/Industry-Frequently-Asked-Questions-on-Issuers-Websites/FAQs.pdf
Guangzhou Futures Exchange,https://www.hkex.com.hk/-/media/HKEX-Market/Products/Securities/Debt-Securities/Information-for-Debt-Issues-to-Professional-Investors/Summary-of-Listing-Requirements-pdf/requirements.pdf
Guangzhou Futures Exchange,https://www.hkex.com.hk/-/media/HKEX-Market/Products/Securities/Debt-Securities/Information-for-Debt-Issues-to-Professional-Investors/faq.pdf
Guangzhou Futures Exchange,https://www.hkex.com.hk/-/media/HKEX-Market/Join-Our-Markets/IPO/2022/HKEX_IPO_Express_Issue5_en.pdf
Guangzhou Futures Exchange,https://www.hkex.com.hk/-/media/HKEX-Market/Join-Our-Markets/IPO/2022/HKEX_IPO_Express_Issue5_en.pdf
Guangzhou Futures Exchange,https://www.hkex.com.hk/-/media/HKEX-Market/Join-Our-Markets/IPO/Biotech-Newsletter/HKEX-Biotech-Newsletter-Issue-6-EN.pdf
Guangzhou Futures Exchange,https://www.hkex.com.hk/-/media/HKEX-Market/Join-Our-Markets/IPO/Biotech-Newsletter/HKEX-Biotech-Newsletter-Issue-6-EN.pdf
Guangzhou Futures Exchange,https://www.hkex.com.hk/-/media/HKEX-Market/Listing/Rules-and-Guidance/Other-Resources/Listing-Policy-Panel-Report/lpp_report.pdf
Guangzhou Futures Exchange,https://www.hkex.com.hk/-/media/HKEX-Market/Products/Securities/Derivative-Warrants/Industry-Frequently-Asked-Questions-on-Issuers-Websites/FAQs.pdf
Guangzhou Futures Exchange,https://www.hkex.com.hk/-/media/HKEX-Market/Products/Securities/Debt-Securities/Information-for-Debt-Issues-to-Professional-Investors/Summary-of-Listing-Requirements-pdf/requirements.pdf
Guangzhou Futures Exchange,https://www.hkex.com.hk/-/media/HKEX-Market/Products/Securities/Debt-Securities/Information-for-Debt-Issues-to-Professional-Investors/faq.pdf
Guangzhou Futures Exchange,https://www.hkex.com.hk/-/media/HKEX-Market/News/News-Release/2023/231020news/231020news_e.pdf
FINMA specifies transparency obligations for climate risks,https://www.finma.ch/~/media/finma/dokumente/dokumentencenter/myfinma/6finmapublic/finma-ein-portraet.pdf?sc_lang=en&hash=0CADEB898C65A2CEAF6A410126A5190A
FINMA specifies transparency obligations for climate risks,https://www.finma.ch/~/media/finma/dokumente/dokumentencenter/myfinma/finma-publikationen/risikomonitor/20191210-finma-risikomonitor-2019.pdf?sc_lang=en&hash=413A04057F7C677F5C952BE3344889EE
FINMA specifies transparency obligations for climate risks,https://www.finma.ch/en/~/media/finma/dokumente/dokumentencenter/anhoerungen/laufende-anhoerungen/20201110-klimabezogene-finanzrisiken/sn_anh20201110_rs16_01_rs16_02-klima.pdf?sc_lang=en&hash=DD03A8FA1BFFF3FBEBA7CBCBA3400F9B
FINMA specifies transparency obligations for climate risks,https://www.finma.ch/en/~/media/finma/dokumente/dokumentencenter/anhoerungen/laufende-anhoerungen/20201110-klimabezogene-finanzrisiken/sn_anh20201110_rs16_01_rs16_02-klima.pdf?sc_lang=en&hash=DD03A8FA1BFFF3FBEBA7CBCBA3400F9B
FINMA specifies transparency obligations for climate risks,https://www.finma.ch/de/~/media/finma/dokumente/dokumentencenter/anhoerungen/laufende-anhoerungen/20201110-klimabezogene-finanzrisiken/sn_anh20201110_rs16_01_rs16_02-klima.pdf?sc_lang=de&hash=BC65BA64D2ECE50DA846DFA49D58A989
FINMA specifies transparency obligations for climate risks,https://www.finma.ch/en/~/media/finma/dokumente/dokumentencenter/8news/medienmitteilungen/2021/05/20210531-mm-transparenzpflichten-zu-klimarisiken.pdf?sc_lang=en&hash=A9F570CB2C2617930D7B35702C55BB78
FINMA specifies transparency obligations for climate risks,https://www.finma.ch/en/~/media/finma/dokumente/dokumentencenter/8news/medienmitteilungen/2021/05/20210531-mm-transparenzpflichten-zu-klimarisiken.pdf?sc_lang=en&hash=A9F570CB2C2617930D7B35702C55BB78
FINMA specifies transparency obligations for climate risks,https://www.finma.ch/de/~/media/finma/dokumente/dokumentencenter/8news/medienmitteilungen/2021/05/20210531-mm-transparenzpflichten-zu-klimarisiken.pdf?sc_lang=de&hash=AC297097C86CB9089E82FEB9DD14C44B
FINMA specifies transparency obligations for climate risks,https://www.finma.ch/fr/~/media/finma/dokumente/dokumentencenter/8news/medienmitteilungen/2021/05/20210531-mm-transparenzpflichten-zu-klimarisiken.pdf?sc_lang=fr&hash=125948CF2B236937B7F4A734C897C6F4
FINMA specifies transparency obligations for climate risks,https://www.finma.ch/it/~/media/finma/dokumente/dokumentencenter/8news/medienmitteilungen/2021/05/20210531-mm-transparenzpflichten-zu-klimarisiken.pdf?sc_lang=it&hash=C35AC3527035BF72C1EF953C180BE9AA
FINMA specifies transparency obligations for climate risks,https://www.finma.ch/en/~/media/finma/dokumente/dokumentencenter/8news/medienmitteilungen/2021/05/20210531-mm-transparenzpflichten-zu-klimarisiken.pdf?sc_lang=en&hash=A9F570CB2C2617930D7B35702C55BB78
FINMA specifies transparency obligations for climate risks,https://www.finma.ch/en/~/media/finma/dokumente/dokumentencenter/anhoerungen/laufende-anhoerungen/20201110-klimabezogene-finanzrisiken/ab_rs16_01_16_02_20210506_de.pdf?sc_lang=en&hash=6F33C94D939C39B81B1EAD772BC5C64E
FINMA specifies transparency obligations for climate risks,https://www.finma.ch/en/~/media/finma/dokumente/dokumentencenter/anhoerungen/laufende-anhoerungen/20201110-klimabezogene-finanzrisiken/ab_rs16_01_16_02_20210506_de.pdf?sc_lang=en&hash=6F33C94D939C39B81B1EAD772BC5C64E
FINMA specifies transparency obligations for climate risks,https://www.finma.ch/de/~/media/finma/dokumente/dokumentencenter/anhoerungen/laufende-anhoerungen/20201110-klimabezogene-finanzrisiken/ab_rs16_01_16_02_20210506_de.pdf?sc_lang=de&hash=C05B00C8389BB9BC8DD56C2EE3841971
FINMA specifies transparency obligations for climate risks,https://www.finma.ch/fr/~/media/finma/dokumente/dokumentencenter/anhoerungen/laufende-anhoerungen/20201110-klimabezogene-finanzrisiken/ab_rs16_01_16_02_20210506_de.pdf?sc_lang=fr&hash=EA37228182E01D76F6DD05095CB54D79
FINMA specifies transparency obligations for climate risks,https://www.finma.ch/en/~/media/finma/dokumente/dokumentencenter/myfinma/rundschreiben/finma-rs-2016-01.pdf?sc_lang=en&hash=D411DB5EE94E16A385AA2A689D94AF94
FINMA specifies transparency obligations for climate risks,https://www.finma.ch/en/~/media/finma/dokumente/dokumentencenter/myfinma/rundschreiben/finma-rs-2016-01.pdf?sc_lang=en&hash=D411DB5EE94E16A385AA2A689D94AF94
FINMA specifies transparency obligations for climate risks,https://www.finma.ch/de/~/media/finma/dokumente/dokumentencenter/myfinma/rundschreiben/finma-rs-2016-01.pdf?sc_lang=de&hash=5FBF9A823AD28AA4DA72BF1B7650C133
FINMA specifies transparency obligations for climate risks,https://www.finma.ch/fr/~/media/finma/dokumente/dokumentencenter/myfinma/rundschreiben/finma-rs-2016-01.pdf?sc_lang=fr&hash=AD70A2D65E4A8EBC01A9A1447203B977
FINMA specifies transparency obligations for climate risks,https://www.finma.ch/it/~/media/finma/dokumente/dokumentencenter/myfinma/rundschreiben/finma-rs-2016-01.pdf?sc_lang=it&hash=F10957AC15673EAD3F0A2000ACE8D709
FINMA specifies transparency obligations for climate risks,https://www.finma.ch/en/~/media/finma/dokumente/dokumentencenter/myfinma/rundschreiben/finma-rs-2016-02-20210506.pdf?sc_lang=en&hash=1FD2028AA8E5CC7BE4FCC83C11ECC737
FINMA specifies transparency obligations for climate risks,https://www.finma.ch/en/~/media/finma/dokumente/dokumentencenter/myfinma/rundschreiben/finma-rs-2016-02-20210506.pdf?sc_lang=en&hash=1FD2028AA8E5CC7BE4FCC83C11ECC737
FINMA specifies transparency obligations for climate risks,https://www.finma.ch/de/~/media/finma/dokumente/dokumentencenter/myfinma/rundschreiben/finma-rs-2016-02-20210506.pdf?sc_lang=de&hash=9BD907FA081A1F709095D69E79B1F5E0
FINMA specifies transparency obligations for climate risks,https://www.finma.ch/fr/~/media/finma/dokumente/dokumentencenter/myfinma/rundschreiben/finma-rs-2016-02-20210506.pdf?sc_lang=fr&hash=7C6D6A3EE10FF510B9DBE399D9C699AA
FINMA specifies transparency obligations for climate risks,https://www.finma.ch/it/~/media/finma/dokumente/dokumentencenter/myfinma/rundschreiben/finma-rs-2016-02-20210506.pdf?sc_lang=it&hash=DB49541251E49AECBD75E99ADCA9FFB7
FINMA specifies transparency obligations for climate risks,https://www.finma.ch/en/~/media/finma/dokumente/dokumentencenter/myfinma/rundschreiben/finma-rs-2016-02-20210506.pdf?sc_lang=en&hash=1FD2028AA8E5CC7BE4FCC83C11ECC737
FINMA specifies transparency obligations for climate risks,https://www.finma.ch/en/~/media/finma/dokumente/dokumentencenter/anhoerungen/laufende-anhoerungen/20201110-klimabezogene-finanzrisiken/erl_rs16_01_16_02_20210506_de.pdf?sc_lang=en&hash=817CF8ABA78C54A34CDCC60DFE3FA4C2
FINMA specifies transparency obligations for climate risks,https://www.finma.ch/en/~/media/finma/dokumente/dokumentencenter/anhoerungen/laufende-anhoerungen/20201110-klimabezogene-finanzrisiken/erl_rs16_01_16_02_20210506_de.pdf?sc_lang=en&hash=817CF8ABA78C54A34CDCC60DFE3FA4C2
FINMA specifies transparency obligations for climate risks,https://www.finma.ch/de/~/media/finma/dokumente/dokumentencenter/anhoerungen/laufende-anhoerungen/20201110-klimabezogene-finanzrisiken/erl_rs16_01_16_02_20210506_de.pdf?sc_lang=de&hash=BD7EF7B395737D43E9ACE6097A7DD3CA
FINMA specifies transparency obligations for climate risks,https://www.finma.ch/fr/~/media/finma/dokumente/dokumentencenter/anhoerungen/laufende-anhoerungen/20201110-klimabezogene-finanzrisiken/erl_rs16_01_16_02_20210506_de.pdf?sc_lang=fr&hash=16A258173DBC9DE05C3070FEB9D4C2F7
Sustainable Finance Strategy,https://sustainable-finance-beirat.de/wp-content/uploads/2021/03/210319_SustainableFinanceCommiteeRecommendations.pdf
Sustainable Finance Strategy,https://www.bundesfinanzministerium.de/Content/EN/Standardartikel/Press_Room/Publications/Brochures/sustainable-finance-strategy.pdf?__blob=publicationFile&v=9
Assessment of Biodiversity-Related Financial Risks in France,https://publications.banque-france.fr/sites/default/files/medias/documents/wp826_0.pdf
UK Infrastructure Bank,https://assets.publishing.service.gov.uk/media/603e91718fa8f577c95c1495/UKIB_Policy_Design.pdf
UK Infrastructure Bank,https://assets.publishing.service.gov.uk/media/603e91718fa8f577c95c1495/UKIB_Policy_Design.pdf
Banking Package 2021,https://ec.europa.eu/commission/presscorner/api/files/document/print/en/ip_21_5401/IP_21_5401_EN.pdf
Speech by the Governor of the Bank of Spain: The banking industry and the challenges of the pandemic,https://www.bis.org/review/r210212a.pdf
ECB's detailed roadmap of climate change-related actions,https://www.ecb.europa.eu/press/pr/date/2021/html/ecb.pr210708_1_annex~f84ab35968.en.pdf
ECB's detailed roadmap of climate change-related actions,https://www.ecb.europa.eu/press/pr/date/2021/html/ecb.pr210708_1_annex~f84ab35968.en.pdf
ECB's detailed roadmap of climate change-related actions,https://www.ecb.europa.eu/press/pr/date/2021/html/ecb.pr210708_1_annex~f84ab35968.en.pdf?63dcca7fb03eb388e400f9957815c4e6
ECB's detailed roadmap of climate change-related actions,https://www.ecb.europa.eu/press/pr/date/2021/html/ecb.pr210708_1_annex~f84ab35968.pt.pdf?482459072814c8f37b07603383e617fa
ECB's detailed roadmap of climate change-related actions,https://www.ecb.europa.eu/press/pr/date/2021/html/ecb.pr210708_1_annex~f84ab35968.bg.pdf?04aebc449e1fbea3145aa12839e631cb
ECB's detailed roadmap of climate change-related actions,https://www.ecb.europa.eu/press/pr/date/2021/html/ecb.pr210708_1_annex~f84ab35968.cs.pdf?04aebc449e1fbea3145aa12839e631cb
ECB's detailed roadmap of climate change-related actions,https://www.ecb.europa.eu/press/pr/date/2021/html/ecb.pr210708_1_annex~f84ab35968.de.pdf?04aebc449e1fbea3145aa12839e631cb
ECB's detailed roadmap of climate change-related actions,https://www.ecb.europa.eu/press/pr/date/2021/html/ecb.pr210708_1_annex~f84ab35968.el.pdf?e2f647eae54b136127d3c93a478b1729
ECB's detailed roadmap of climate change-related actions,https://www.ecb.europa.eu/press/pr/date/2021/html/ecb.pr210708_1_annex~f84ab35968.es.pdf?04aebc449e1fbea3145aa12839e631cb
ECB's detailed roadmap of climate change-related actions,https://www.ecb.europa.eu/press/pr/date/2021/html/ecb.pr210708_1_annex~f84ab35968.et.pdf?04aebc449e1fbea3145aa12839e631cb
ECB's detailed roadmap of climate change-related actions,https://www.ecb.europa.eu/press/pr/date/2021/html/ecb.pr210708_1_annex~f84ab35968.fi.pdf?e2f647eae54b136127d3c93a478b1729
ECB's detailed roadmap of climate change-related actions,https://www.ecb.europa.eu/press/pr/date/2021/html/ecb.pr210708_1_annex~f84ab35968.fr.pdf?04aebc449e1fbea3145aa12839e631cb
ECB's detailed roadmap of climate change-related actions,https://www.ecb.europa.eu/press/pr/date/2021/html/ecb.pr210708_1_annex~f84ab35968.hr.pdf?e2f647eae54b136127d3c93a478b1729
ECB's detailed roadmap of climate change-related actions,https://www.ecb.europa.eu/press/pr/date/2021/html/ecb.pr210708_1_annex~f84ab35968.hu.pdf?8f08aaf77c9864d99aa71a8556817b08
ECB's detailed roadmap of climate change-related actions,https://www.ecb.europa.eu/press/pr/date/2021/html/ecb.pr210708_1_annex~f84ab35968.it.pdf?04aebc449e1fbea3145aa12839e631cb
ECB's detailed roadmap of climate change-related actions,https://www.ecb.europa.eu/press/pr/date/2021/html/ecb.pr210708_1_annex~f84ab35968.nl.pdf?04aebc449e1fbea3145aa12839e631cb
ECB's detailed roadmap of climate change-related actions,https://www.ecb.europa.eu/press/pr/date/2021/html/ecb.pr210708_1_annex~f84ab35968.pl.pdf?04aebc449e1fbea3145aa12839e631cb
ECB's detailed roadmap of climate change-related actions,https://www.ecb.europa.eu/press/pr/date/2021/html/ecb.pr210708_1_annex~f84ab35968.ro.pdf?04aebc449e1fbea3145aa12839e631cb
ECB's detailed roadmap of climate change-related actions,https://www.ecb.europa.eu/press/pr/date/2021/html/ecb.pr210708_1_annex~f84ab35968.sv.pdf?8f08aaf77c9864d99aa71a8556817b08
Guidance on preventing and combating greenwashing,https://www.finma.ch/~/media/finma/dokumente/dokumentencenter/myfinma/6finmapublic/finma-ein-portraet.pdf
Guidance on preventing and combating greenwashing,https://www.finma.ch/en/~/media/finma/dokumente/dokumentencenter/myfinma/4dokumentation/finma-aufsichtsmitteilungen/20211103-finma-aufsichtsmitteilung-05-2021.pdf?sc_lang=en&hash=7F911020E829EA5910FF903AF851B2F3
Guidance on preventing and combating greenwashing,https://www.finma.ch/en/~/media/finma/dokumente/dokumentencenter/myfinma/4dokumentation/finma-aufsichtsmitteilungen/20211103-finma-aufsichtsmitteilung-05-2021.pdf?sc_lang=en&hash=7F911020E829EA5910FF903AF851B2F3
Guidance on preventing and combating greenwashing,https://www.finma.ch/de/~/media/finma/dokumente/dokumentencenter/myfinma/4dokumentation/finma-aufsichtsmitteilungen/20211103-finma-aufsichtsmitteilung-05-2021.pdf?sc_lang=de&hash=7BBBCFAD39942ADE4FB8CAA876020CF4
Guidance on preventing and combating greenwashing,https://www.finma.ch/fr/~/media/finma/dokumente/dokumentencenter/myfinma/4dokumentation/finma-aufsichtsmitteilungen/20211103-finma-aufsichtsmitteilung-05-2021.pdf?sc_lang=fr&hash=BF4141A742B26EA50BB28F89476F7775
Guidance on preventing and combating greenwashing,https://www.finma.ch/it/~/media/finma/dokumente/dokumentencenter/myfinma/4dokumentation/finma-aufsichtsmitteilungen/20211103-finma-aufsichtsmitteilung-05-2021.pdf?sc_lang=it&hash=2F9EED916B0AB689271E7170F4908E8C
Guidance on preventing and combating greenwashing,https://www.finma.ch/en/~/media/finma/dokumente/dokumentencenter/myfinma/4dokumentation/finma-aufsichtsmitteilungen/20211103-finma-aufsichtsmitteilung-05-2021.pdf?sc_lang=en&hash=7F911020E829EA5910FF903AF851B2F3
Climate loans scheme,https://www.boj.or.jp/en/about/press/koen_2021/data/ko211005a.pdf
The European Union issued a sovereign green bond,https://ec.europa.eu/commission/presscorner/api/files/document/print/en/ip_21_5207/IP_21_5207_EN.pdf
The Economics of Biodiversity: The Dasgupta Review,https://assets.publishing.service.gov.uk/media/602e92b2e90e07660f807b47/The_Economics_of_Biodiversity_The_Dasgupta_Review_Full_Report.pdf
The Economics of Biodiversity: The Dasgupta Review,https://assets.publishing.service.gov.uk/media/602e92b2e90e07660f807b47/The_Economics_of_Biodiversity_The_Dasgupta_Review_Full_Report.pdf
The Economics of Biodiversity: The Dasgupta Review,https://assets.publishing.service.gov.uk/media/6014329ce90e076265e4d9ba/Dasgupta_Review_-_Abridged_Version.pdf
The Economics of Biodiversity: The Dasgupta Review,https://assets.publishing.service.gov.uk/media/6014329ce90e076265e4d9ba/Dasgupta_Review_-_Abridged_Version.pdf
The Economics of Biodiversity: The Dasgupta Review,https://assets.publishing.service.gov.uk/media/60182857d3bf7f70c2afe5bb/Dasgupta_Review_-_Headline_Messages.pdf
The Economics of Biodiversity: The Dasgupta Review,https://assets.publishing.service.gov.uk/media/60182857d3bf7f70c2afe5bb/Dasgupta_Review_-_Headline_Messages.pdf
The Economics of Biodiversity: The Dasgupta Review,https://assets.publishing.service.gov.uk/media/60183a48d3bf7f70bc2e1ece/The_Economics_of_Biodiversity_-_The_Dasgupta_Review_-_Reactions.pdf
The Economics of Biodiversity: The Dasgupta Review,https://assets.publishing.service.gov.uk/media/60183a48d3bf7f70bc2e1ece/The_Economics_of_Biodiversity_-_The_Dasgupta_Review_-_Reactions.pdf
The three European supervisory authorities published final report and drafts on disclosures under SFDR,https://www.esma.europa.eu/sites/default/files/library/jc_2021_03_joint_esas_final_report_on_rts_under_sfdr.pdf
The three European supervisory authorities published final report and drafts on disclosures under SFDR,https://www.esma.europa.eu/sites/default/files/sfdr_rts_consumer_testing_1_-_afm_0.pdf
The three European supervisory authorities published final report and drafts on disclosures under SFDR,https://www.esma.europa.eu/sites/default/files/sfdr_rts_consumer_testing_2_-_sgh.pdf
The three European supervisory authorities published final report and drafts on disclosures under SFDR,https://www.esma.europa.eu/sites/default/files/library/eba_bs_2020_633_letter_to_the_esas_on_sfdr.pdf
The three European supervisory authorities published final report and drafts on disclosures under SFDR,https://www.esma.europa.eu/sites/default/files/library/jc_2021_03_joint_esas_final_report_on_rts_under_sfdr.pdf
Bank of England’s approach to greening the Corporate Bond Purchase Scheme,https://www.bankofengland.co.uk/-/media/boe/files/paper/2021/options-for-greening-the-bank-of-englands-corporate-bond-purchase-scheme-discussion-paper.pdf#page=31
Bank of England’s approach to greening the Corporate Bond Purchase Scheme,https://www.bankofengland.co.uk/-/media/boe/files/paper/2021/options-for-greening-the-bank-of-englands-corporate-bond-purchase-scheme-discussion-paper.pdf#page=53
Bank of England’s approach to greening the Corporate Bond Purchase Scheme,https://www.bankofengland.co.uk/-/media/boe/files/markets/greening-cbps/percentage-of-firms-on-the-cbps-eligible-list-across-scorecard-categories.pdf
Bank of England’s approach to greening the Corporate Bond Purchase Scheme,https://www.bankofengland.co.uk/-/media/boe/files/paper/2021/options-for-greening-the-bank-of-englands-corporate-bond-purchase-scheme-discussion-paper.pdf#page=26
Assessment of Biodiversity Risks for the Dutch Financial Sector,https://www.dnb.nl/en/binaries/Indebted%20to%20nature%20_tcm47-389172.pdf
Brazilian Securities Commission(CVM)'s Resolution No. 59,https://conteudo.cvm.gov.br/export/sites/cvm/legislacao/resolucoes/anexos/001/resol059consolid.pdf
Brazilian Securities Commission(CVM)'s Resolution No. 59,https://conteudo.cvm.gov.br/export/sites/cvm/legislacao/resolucoes/anexos/001/resol059consolid.pdf
Brazilian Securities Commission(CVM)'s Resolution No. 59,https://conteudo.cvm.gov.br/export/sites/cvm/legislacao/resolucoes/anexos/001/resol059.pdf
Brazilian Securities Commission(CVM)'s Resolution No. 59,https://conteudo.cvm.gov.br/export/sites/cvm/legislacao/resolucoes/anexos/001/resol059.pdf
Financial Conduct Authority's ESG Strategy,http://www.un-documents.net/our-common-future.pdf
Financial Conduct Authority's ESG Strategy,https://www.theia.org/sites/default/files/2021-09/IMS%20report%202021.pdf
Financial Conduct Authority's ESG Strategy,https://assets.publishing.service.gov.uk/government/uploads/system/uploads/attachment_data/file/972445/CX_Letter_-_FCA_Remit_230321.pdf
Financial Conduct Authority's ESG Strategy,https://www.fca.org.uk/publication/discussion/dp18-08.pdf
Financial Conduct Authority's ESG Strategy,https://www.fca.org.uk/publication/discussion/dp21-2.pdf
Financial Conduct Authority's ESG Strategy,https://assets.publishing.service.gov.uk/government/uploads/system/uploads/attachment_data/file/971371/KalifaFintechReview_ExecSumm.pdf
Financial Conduct Authority's ESG Strategy,https://www.iosco.org/library/pubdocs/pdf/IOSCOPD678.pdf
Financial Conduct Authority's ESG Strategy,https://www.fca.org.uk/publication/discussion/dp21-2.pdf
Financial Conduct Authority's ESG Strategy,https://www.fca.org.uk/publication/correspondence/dear-chair-letter-authorised-esg-sustainable-investment-funds.pdf
Financial Conduct Authority's ESG Strategy,https://www.iosco.org/library/pubdocs/pdf/IOSCOPD681.pdf
Financial Conduct Authority's ESG Strategy,https://assets.bbhub.io/company/sites/60/2021/07/2021-Metrics_Targets_Guidance-1.pdf
Financial Conduct Authority's ESG Strategy,https://www.fca.org.uk/publication/discussion/dp19-01.pdf
Financial Conduct Authority's ESG Strategy,https://www.fca.org.uk/publication/fca/esg-strategy-upcoming-milestones.pdf
Financial Conduct Authority's ESG Strategy,https://www.fca.org.uk/publication/consultation/cp20-3.pdf
Financial Conduct Authority's ESG Strategy,https://assets.publishing.service.gov.uk/government/uploads/system/uploads/attachment_data/file/933782/FINAL_TCFD_REPORT.pdf
Financial Conduct Authority's ESG Strategy,https://www.fca.org.uk/publication/primary-market/tn-801-1.pdf
Financial Conduct Authority's ESG Strategy,https://www.fca.org.uk/publication/correspondence/dear-chair-letter-authorised-esg-sustainable-investment-funds.pdf
Financial Conduct Authority's ESG Strategy,https://custom.cvent.com/97711B9A58C347AD93190D15A5611618/files/a5ac5a7ef3ec4de5ac5ab7136fc6bcb1.pdf
Financial Conduct Authority's ESG Strategy,https://www.theia.org/sites/default/files/2020-11/Asset%20Management%20Taskforce_proof7.pdf
Financial Conduct Authority's ESG Strategy,https://s3-eu-west-2.amazonaws.com/lawcom-prod-storage-11jsxou24uy7q/uploads/2020/11/Law-Commission-Intermediated-Securities-Scoping-Paper-1.pdf
Financial Conduct Authority's ESG Strategy,https://www.fca.org.uk/publication/consultation/cp21-18.pdf
The Bank of England’s climate-related disclosure 2020,https://www.bankofengland.co.uk/-/media/boe/files/annual-report/2020/climate-related-financial-disclosure-report-2019-20.pdf?la=en&hash=5DA959C54540287A2E90C823807E089055E6721B
The Bank of Canada Conducted Climate-related Scenario Analysis,https://www.bankofcanada.ca/wp-content/uploads/2020/05/SDP-2020-3.pdf
The UK Stewardship Code,https://www.frc.org.uk/getattachment/5aae591d-d9d3-4cf4-814a-d14e156a1d87/Stewardship-Code_Dec-19-Final-Corrected.pdf
China's Administrative Measures for the Legal Disclosure of Enterprise Environmental Information,https://www.mee.gov.cn/xxgk2018/xxgk/xxgk02/202112/W020211221725272800656.pdf
Hong Kong Exchanges and Clearing Limited’s Sustainable and Green Exchange ‘STAGE’,https://www.hkex.com.hk/-/media/HKEX-Market/Join-Our-Markets/IPO/2022/HKEX_IPO_Express_Issue5_en.pdf
Hong Kong Exchanges and Clearing Limited’s Sustainable and Green Exchange ‘STAGE’,https://www.hkex.com.hk/-/media/HKEX-Market/Join-Our-Markets/IPO/Biotech-Newsletter/HKEX-Biotech-Newsletter-Issue-6-EN.pdf
Hong Kong Exchanges and Clearing Limited’s Sustainable and Green Exchange ‘STAGE’,https://www.hkex.com.hk/-/media/HKEX-Market/Listing/Rules-and-Guidance/Other-Resources/Listing-Policy-Panel-Report/lpp_report.pdf
Hong Kong Exchanges and Clearing Limited’s Sustainable and Green Exchange ‘STAGE’,https://www.hkex.com.hk/-/media/HKEX-Market/Products/Securities/Derivative-Warrants/Industry-Frequently-Asked-Questions-on-Issuers-Websites/FAQs.pdf
Hong Kong Exchanges and Clearing Limited’s Sustainable and Green Exchange ‘STAGE’,https://www.hkex.com.hk/-/media/HKEX-Market/Products/Securities/Debt-Securities/Information-for-Debt-Issues-to-Professional-Investors/Summary-of-Listing-Requirements-pdf/requirements.pdf
Hong Kong Exchanges and Clearing Limited’s Sustainable and Green Exchange ‘STAGE’,https://www.hkex.com.hk/-/media/HKEX-Market/Products/Securities/Debt-Securities/Information-for-Debt-Issues-to-Professional-Investors/faq.pdf
Hong Kong Exchanges and Clearing Limited’s Sustainable and Green Exchange ‘STAGE’,https://www.hkex.com.hk/-/media/HKEX-Market/Join-Our-Markets/IPO/2022/HKEX_IPO_Express_Issue5_en.pdf
Hong Kong Exchanges and Clearing Limited’s Sustainable and Green Exchange ‘STAGE’,https://www.hkex.com.hk/-/media/HKEX-Market/Join-Our-Markets/IPO/2022/HKEX_IPO_Express_Issue5_en.pdf
Hong Kong Exchanges and Clearing Limited’s Sustainable and Green Exchange ‘STAGE’,https://www.hkex.com.hk/-/media/HKEX-Market/Join-Our-Markets/IPO/Biotech-Newsletter/HKEX-Biotech-Newsletter-Issue-6-EN.pdf
Hong Kong Exchanges and Clearing Limited’s Sustainable and Green Exchange ‘STAGE’,https://www.hkex.com.hk/-/media/HKEX-Market/Join-Our-Markets/IPO/Biotech-Newsletter/HKEX-Biotech-Newsletter-Issue-6-EN.pdf
Hong Kong Exchanges and Clearing Limited’s Sustainable and Green Exchange ‘STAGE’,https://www.hkex.com.hk/-/media/HKEX-Market/Listing/Rules-and-Guidance/Other-Resources/Listing-Policy-Panel-Report/lpp_report.pdf
Hong Kong Exchanges and Clearing Limited’s Sustainable and Green Exchange ‘STAGE’,https://www.hkex.com.hk/-/media/HKEX-Market/Products/Securities/Derivative-Warrants/Industry-Frequently-Asked-Questions-on-Issuers-Websites/FAQs.pdf
Hong Kong Exchanges and Clearing Limited’s Sustainable and Green Exchange ‘STAGE’,https://www.hkex.com.hk/-/media/HKEX-Market/Products/Securities/Debt-Securities/Information-for-Debt-Issues-to-Professional-Investors/Summary-of-Listing-Requirements-pdf/requirements.pdf
Hong Kong Exchanges and Clearing Limited’s Sustainable and Green Exchange ‘STAGE’,https://www.hkex.com.hk/-/media/HKEX-Market/Products/Securities/Debt-Securities/Information-for-Debt-Issues-to-Professional-Investors/faq.pdf
Japan's Stewardship Code—Principles for Responsible Institutional Investors,https://www.fsa.go.jp/en/refer/councils/stewardship/20140407/01.pdf
Banco de México calls on financial sector to plan for environmental risks,https://www.greenfinanceplatform.org/sites/default/files/downloads/resource//Climate%20and%20Environmental%20Risks%20and%20Opportunities%20in%20Mexico%27s%20Financial%20System%20from%20Diagnosis%20to%20Action_UNEI.pdf
"Muscat Stock Exchange's division on ESG, Diversity and Inclusion",https://www.msx.om/msmdocs/downloads/en_1699964464840_%D9%85%D8%A4%D8%B4%D8%B1%20%D8%A7%D9%84%D8%B3%D9%86%D8%AF%D8%A7%D8%AA.pdf
"Muscat Stock Exchange's division on ESG, Diversity and Inclusion",https://www.msx.om/MSMDOCS/downloads/ESG-MSX-E.pdf
"Muscat Stock Exchange's division on ESG, Diversity and Inclusion",https://www.facebook.com/sharer/sharer.php?u=https%3A//www.msx.om//MSMDOCS/downloads/en_1683614240441_2-MSX-AR2022-ENGLISH.pdf
"Muscat Stock Exchange's division on ESG, Diversity and Inclusion",https://twitter.com/intent/tweet?text=https%3A//www.msx.om//MSMDOCS/downloads/en_1683614240441_2-MSX-AR2022-ENGLISH.pdf
"Muscat Stock Exchange's division on ESG, Diversity and Inclusion",https://www.linkedin.com/shareArticle?mini=true&url=https%3A//www.msx.om//MSMDOCS/downloads/en_1683614240441_2-MSX-AR2022-ENGLISH.pdf&title=&summary=&source=
"Muscat Stock Exchange's division on ESG, Diversity and Inclusion",https://wa.me/?text=https%3A//www.msx.om//MSMDOCS/downloads/en_1683614240441_2-MSX-AR2022-ENGLISH.pdf
"Muscat Stock Exchange's division on ESG, Diversity and Inclusion","javascript:BookView('/MSMDOCS/downloads/en_1683614240441_2-MSX-AR2022-ENGLISH.pdf','EN');"
"Muscat Stock Exchange's division on ESG, Diversity and Inclusion","javascript:BookView('/MSMDOCS/downloads/ar_1683614240454_1-MSX-AR2022-ARABIC.pdf','AR');"
"Muscat Stock Exchange's division on ESG, Diversity and Inclusion",https://www.facebook.com/sharer/sharer.php?u=https%3A//www.msx.om//MSMDOCS/downloads/en_1654681600987_MSX-AR-2021-ENGLISH%20new.pdf
"Muscat Stock Exchange's division on ESG, Diversity and Inclusion",https://twitter.com/intent/tweet?text=https%3A//www.msx.om//MSMDOCS/downloads/en_1654681600987_MSX-AR-2021-ENGLISH%20new.pdf
"Muscat Stock Exchange's division on ESG, Diversity and Inclusion",https://www.linkedin.com/shareArticle?mini=true&url=https%3A//www.msx.om//MSMDOCS/downloads/en_1654681600987_MSX-AR-2021-ENGLISH%20new.pdf&title=&summary=&source=
"Muscat Stock Exchange's division on ESG, Diversity and Inclusion",https://wa.me/?text=https%3A//www.msx.om//MSMDOCS/downloads/en_1654681600987_MSX-AR-2021-ENGLISH%20new.pdf
"Muscat Stock Exchange's division on ESG, Diversity and Inclusion","javascript:BookView('/MSMDOCS/downloads/en_1654681600987_MSX-AR-2021-ENGLISH new.pdf','EN');"
"Muscat Stock Exchange's division on ESG, Diversity and Inclusion","javascript:BookView('/MSMDOCS/downloads/ar_1654681601075_MSX-AR-2021-ARABIC.pdf','AR');"
"Muscat Stock Exchange's division on ESG, Diversity and Inclusion",https://www.facebook.com/sharer/sharer.php?u=https%3A//www.msx.om//MSMDOCS/downloads/en_1640064857724_MSM%20English%202020.pdf
"Muscat Stock Exchange's division on ESG, Diversity and Inclusion",https://twitter.com/intent/tweet?text=https%3A//www.msx.om//MSMDOCS/downloads/en_1640064857724_MSM%20English%202020.pdf
"Muscat Stock Exchange's division on ESG, Diversity and Inclusion",https://www.linkedin.com/shareArticle?mini=true&url=https%3A//www.msx.om//MSMDOCS/downloads/en_1640064857724_MSM%20English%202020.pdf&title=&summary=&source=
"Muscat Stock Exchange's division on ESG, Diversity and Inclusion",https://wa.me/?text=https%3A//www.msx.om//MSMDOCS/downloads/en_1640064857724_MSM%20English%202020.pdf
"Muscat Stock Exchange's division on ESG, Diversity and Inclusion","javascript:BookView('/MSMDOCS/downloads/en_1640064857724_MSM English 2020.pdf','EN');"
"Muscat Stock Exchange's division on ESG, Diversity and Inclusion","javascript:BookView('/MSMDOCS/downloads/ar_1640064857783_MSM Arabic 2020.pdf','AR');"
"Muscat Stock Exchange's division on ESG, Diversity and Inclusion",https://www.facebook.com/sharer/sharer.php?u=https%3A//www.msx.om//MSMDOCS/downloads/en_1591255877688_MSM%20Annual%20Report%20English_04062020.pdf
"Muscat Stock Exchange's division on ESG, Diversity and Inclusion",https://twitter.com/intent/tweet?text=https%3A//www.msx.om//MSMDOCS/downloads/en_1591255877688_MSM%20Annual%20Report%20English_04062020.pdf
"Muscat Stock Exchange's division on ESG, Diversity and Inclusion",https://www.linkedin.com/shareArticle?mini=true&url=https%3A//www.msx.om//MSMDOCS/downloads/en_1591255877688_MSM%20Annual%20Report%20English_04062020.pdf&title=&summary=&source=
"Muscat Stock Exchange's division on ESG, Diversity and Inclusion",https://wa.me/?text=https%3A//www.msx.om//MSMDOCS/downloads/en_1591255877688_MSM%20Annual%20Report%20English_04062020.pdf
"Muscat Stock Exchange's division on ESG, Diversity and Inclusion","javascript:BookView('/MSMDOCS/downloads/en_1591255877688_MSM Annual Report English_04062020.pdf','EN');"
"Muscat Stock Exchange's division on ESG, Diversity and Inclusion","javascript:BookView('/MSMDOCS/downloads/ar_1591255877750_MSM Annual Report Arabic_04052020.pdf','AR');"
"Muscat Stock Exchange's division on ESG, Diversity and Inclusion",https://www.facebook.com/sharer/sharer.php?u=https%3A//www.msx.om//MSMDOCS/downloads/en_1557373802902_MSM_Annual_Report_2018_En_85951.pdf
"Muscat Stock Exchange's division on ESG, Diversity and Inclusion",https://twitter.com/intent/tweet?text=https%3A//www.msx.om//MSMDOCS/downloads/en_1557373802902_MSM_Annual_Report_2018_En_85951.pdf
"Muscat Stock Exchange's division on ESG, Diversity and Inclusion",https://www.linkedin.com/shareArticle?mini=true&url=https%3A//www.msx.om//MSMDOCS/downloads/en_1557373802902_MSM_Annual_Report_2018_En_85951.pdf&title=&summary=&source=
"Muscat Stock Exchange's division on ESG, Diversity and Inclusion",https://wa.me/?text=https%3A//www.msx.om//MSMDOCS/downloads/en_1557373802902_MSM_Annual_Report_2018_En_85951.pdf
"Muscat Stock Exchange's division on ESG, Diversity and Inclusion","javascript:BookView('/MSMDOCS/downloads/en_1557373802902_MSM_Annual_Report_2018_En_85951.pdf','EN');"
"Muscat Stock Exchange's division on ESG, Diversity and Inclusion","javascript:BookView('/MSMDOCS/downloads/ar_1557373802933_MSM_Annual_Report_2018_Ar_85951.pdf','AR');"
"Muscat Stock Exchange's division on ESG, Diversity and Inclusion",https://www.facebook.com/sharer/sharer.php?u=https%3A//www.msx.om//MSMDOCS/downloads/en_1526884536330_MSM_Annual_Report_2017_En.pdf
"Muscat Stock Exchange's division on ESG, Diversity and Inclusion",https://twitter.com/intent/tweet?text=https%3A//www.msx.om//MSMDOCS/downloads/en_1526884536330_MSM_Annual_Report_2017_En.pdf
"Muscat Stock Exchange's division on ESG, Diversity and Inclusion",https://www.linkedin.com/shareArticle?mini=true&url=https%3A//www.msx.om//MSMDOCS/downloads/en_1526884536330_MSM_Annual_Report_2017_En.pdf&title=&summary=&source=
"Muscat Stock Exchange's division on ESG, Diversity and Inclusion",https://wa.me/?text=https%3A//www.msx.om//MSMDOCS/downloads/en_1526884536330_MSM_Annual_Report_2017_En.pdf
"Muscat Stock Exchange's division on ESG, Diversity and Inclusion","javascript:BookView('/MSMDOCS/downloads/en_1526884536330_MSM_Annual_Report_2017_En.pdf','EN');"
"Muscat Stock Exchange's division on ESG, Diversity and Inclusion","javascript:BookView('/MSMDOCS/downloads/ar_1526884674330_MSM_Annual_Report_2017_Ar.pdf','AR');"
"Muscat Stock Exchange's division on ESG, Diversity and Inclusion",https://www.facebook.com/sharer/sharer.php?u=https%3A//www.msx.om//MSMDOCS/downloads/en_1495513417938_MSM-English.pdf
"Muscat Stock Exchange's division on ESG, Diversity and Inclusion",https://twitter.com/intent/tweet?text=https%3A//www.msx.om//MSMDOCS/downloads/en_1495513417938_MSM-English.pdf
"Muscat Stock Exchange's division on ESG, Diversity and Inclusion",https://www.linkedin.com/shareArticle?mini=true&url=https%3A//www.msx.om//MSMDOCS/downloads/en_1495513417938_MSM-English.pdf&title=&summary=&source=
"Muscat Stock Exchange's division on ESG, Diversity and Inclusion",https://wa.me/?text=https%3A//www.msx.om//MSMDOCS/downloads/en_1495513417938_MSM-English.pdf
"Muscat Stock Exchange's division on ESG, Diversity and Inclusion","javascript:BookView('/MSMDOCS/downloads/en_1495513417938_MSM-English.pdf','EN');"
"Muscat Stock Exchange's division on ESG, Diversity and Inclusion","javascript:BookView('/MSMDOCS/downloads/ar_1493538159703_MSM-Arabic.pdf','AR');"
"Muscat Stock Exchange's division on ESG, Diversity and Inclusion",https://www.facebook.com/sharer/sharer.php?u=https%3A//www.msx.om//MSMDOCS/downloads/en_1459850029371_MSM%20AR%202015%20ENGLISH.pdf
"Muscat Stock Exchange's division on ESG, Diversity and Inclusion",https://twitter.com/intent/tweet?text=https%3A//www.msx.om//MSMDOCS/downloads/en_1459850029371_MSM%20AR%202015%20ENGLISH.pdf
"Muscat Stock Exchange's division on ESG, Diversity and Inclusion",https://www.linkedin.com/shareArticle?mini=true&url=https%3A//www.msx.om//MSMDOCS/downloads/en_1459850029371_MSM%20AR%202015%20ENGLISH.pdf&title=&summary=&source=
"Muscat Stock Exchange's division on ESG, Diversity and Inclusion",https://wa.me/?text=https%3A//www.msx.om//MSMDOCS/downloads/en_1459850029371_MSM%20AR%202015%20ENGLISH.pdf
"Muscat Stock Exchange's division on ESG, Diversity and Inclusion","javascript:BookView('/MSMDOCS/downloads/en_1459850029371_MSM AR 2015 ENGLISH.pdf','EN');"
"Muscat Stock Exchange's division on ESG, Diversity and Inclusion","javascript:BookView('/MSMDOCS/downloads/ar_1459850029387_MSM AR 2015 ARABIC.pdf','AR');"
"Muscat Stock Exchange's division on ESG, Diversity and Inclusion",https://www.facebook.com/sharer/sharer.php?u=https%3A//www.msx.om//MSMDOCS/downloads/en_1431584607422_English%20Inside.pdf
"Muscat Stock Exchange's division on ESG, Diversity and Inclusion",https://twitter.com/intent/tweet?text=https%3A//www.msx.om//MSMDOCS/downloads/en_1431584607422_English%20Inside.pdf
"Muscat Stock Exchange's division on ESG, Diversity and Inclusion",https://www.linkedin.com/shareArticle?mini=true&url=https%3A//www.msx.om//MSMDOCS/downloads/en_1431584607422_English%20Inside.pdf&title=&summary=&source=
"Muscat Stock Exchange's division on ESG, Diversity and Inclusion",https://wa.me/?text=https%3A//www.msx.om//MSMDOCS/downloads/en_1431584607422_English%20Inside.pdf
"Muscat Stock Exchange's division on ESG, Diversity and Inclusion","javascript:BookView('/MSMDOCS/downloads/en_1431584607422_English Inside.pdf','EN');"
"Muscat Stock Exchange's division on ESG, Diversity and Inclusion","javascript:BookView('/MSMDOCS/downloads/ar_1431584607453_Arabic Inside.pdf','AR');"
"Muscat Stock Exchange's division on ESG, Diversity and Inclusion",https://www.facebook.com/sharer/sharer.php?u=https%3A//www.msx.om//MSMDOCS/downloads/en_1394610991036_MSM%20Annual%20Report%202013%20En.pdf
"Muscat Stock Exchange's division on ESG, Diversity and Inclusion",https://twitter.com/intent/tweet?text=https%3A//www.msx.om//MSMDOCS/downloads/en_1394610991036_MSM%20Annual%20Report%202013%20En.pdf
"Muscat Stock Exchange's division on ESG, Diversity and Inclusion",https://www.linkedin.com/shareArticle?mini=true&url=https%3A//www.msx.om//MSMDOCS/downloads/en_1394610991036_MSM%20Annual%20Report%202013%20En.pdf&title=&summary=&source=
"Muscat Stock Exchange's division on ESG, Diversity and Inclusion",https://wa.me/?text=https%3A//www.msx.om//MSMDOCS/downloads/en_1394610991036_MSM%20Annual%20Report%202013%20En.pdf
"Muscat Stock Exchange's division on ESG, Diversity and Inclusion","javascript:BookView('/MSMDOCS/downloads/en_1394610991036_MSM Annual Report 2013 En.pdf','EN');"
"Muscat Stock Exchange's division on ESG, Diversity and Inclusion","javascript:BookView('/MSMDOCS/downloads/ar_1395043066485_MSM Annual Report 2013 En.pdf','AR');"
"Muscat Stock Exchange's division on ESG, Diversity and Inclusion",https://www.facebook.com/sharer/sharer.php?u=https%3A//www.msx.om//MSMDOCS/downloads/f6a0baae-40ea-4ed8-a25d-d1e1fd174a92.pdf
"Muscat Stock Exchange's division on ESG, Diversity and Inclusion",https://twitter.com/intent/tweet?text=https%3A//www.msx.om//MSMDOCS/downloads/f6a0baae-40ea-4ed8-a25d-d1e1fd174a92.pdf
"Muscat Stock Exchange's division on ESG, Diversity and Inclusion",https://www.linkedin.com/shareArticle?mini=true&url=https%3A//www.msx.om//MSMDOCS/downloads/f6a0baae-40ea-4ed8-a25d-d1e1fd174a92.pdf&title=&summary=&source=
"Muscat Stock Exchange's division on ESG, Diversity and Inclusion",https://wa.me/?text=https%3A//www.msx.om//MSMDOCS/downloads/f6a0baae-40ea-4ed8-a25d-d1e1fd174a92.pdf
"Muscat Stock Exchange's division on ESG, Diversity and Inclusion","javascript:BookView('/MSMDOCS/downloads/f6a0baae-40ea-4ed8-a25d-d1e1fd174a92.pdf','EN');"
"Muscat Stock Exchange's division on ESG, Diversity and Inclusion","javascript:BookView('/MSMDOCS/downloads/57d8fd7a-6b8d-41af-b369-1784b868ed7d.pdf','AR');"
"Muscat Stock Exchange's division on ESG, Diversity and Inclusion","javascript:BookView('/MSMDOCS/downloads/90371c90-60cc-4a19-ad4a-a8e96804d864.pdf','AR');"
"Muscat Stock Exchange's division on ESG, Diversity and Inclusion",https://www.facebook.com/sharer/sharer.php?u=https%3A//www.msx.om//MSMDOCS/downloads/5bcf9bf1-6383-4f09-8549-cba047f7dbbd.pdf
"Muscat Stock Exchange's division on ESG, Diversity and Inclusion",https://twitter.com/intent/tweet?text=https%3A//www.msx.om//MSMDOCS/downloads/5bcf9bf1-6383-4f09-8549-cba047f7dbbd.pdf
"Muscat Stock Exchange's division on ESG, Diversity and Inclusion",https://www.linkedin.com/shareArticle?mini=true&url=https%3A//www.msx.om//MSMDOCS/downloads/5bcf9bf1-6383-4f09-8549-cba047f7dbbd.pdf&title=&summary=&source=
"Muscat Stock Exchange's division on ESG, Diversity and Inclusion",https://wa.me/?text=https%3A//www.msx.om//MSMDOCS/downloads/5bcf9bf1-6383-4f09-8549-cba047f7dbbd.pdf
"Muscat Stock Exchange's division on ESG, Diversity and Inclusion","javascript:BookView('/MSMDOCS/downloads/5bcf9bf1-6383-4f09-8549-cba047f7dbbd.pdf','EN');"
"Muscat Stock Exchange's division on ESG, Diversity and Inclusion","javascript:BookView('/MSMDOCS/downloads/c99380b6-738e-4375-bbf9-17a41920d000.pdf','AR');"
"Muscat Stock Exchange's division on ESG, Diversity and Inclusion",https://www.facebook.com/sharer/sharer.php?u=https%3A//www.msx.om//MSMDOCS/downloads/49236f69-8033-4c65-afc4-4e5d943d3f4d.pdf
"Muscat Stock Exchange's division on ESG, Diversity and Inclusion",https://twitter.com/intent/tweet?text=https%3A//www.msx.om//MSMDOCS/downloads/49236f69-8033-4c65-afc4-4e5d943d3f4d.pdf
"Muscat Stock Exchange's division on ESG, Diversity and Inclusion",https://www.linkedin.com/shareArticle?mini=true&url=https%3A//www.msx.om//MSMDOCS/downloads/49236f69-8033-4c65-afc4-4e5d943d3f4d.pdf&title=&summary=&source=
"Muscat Stock Exchange's division on ESG, Diversity and Inclusion",https://wa.me/?text=https%3A//www.msx.om//MSMDOCS/downloads/49236f69-8033-4c65-afc4-4e5d943d3f4d.pdf
"Muscat Stock Exchange's division on ESG, Diversity and Inclusion","javascript:BookView('/MSMDOCS/downloads/49236f69-8033-4c65-afc4-4e5d943d3f4d.pdf','EN');"
"Muscat Stock Exchange's division on ESG, Diversity and Inclusion","javascript:BookView('/MSMDOCS/downloads/4dc9bb29-82ce-484b-b34f-f35ec81a31f9.pdf','AR');"
"Muscat Stock Exchange's division on ESG, Diversity and Inclusion",https://www.facebook.com/sharer/sharer.php?u=https%3A//www.msx.om//MSMDOCS/downloads/d4e284d3-2b7e-468c-b3a2-68a3c81ab22b.pdf
"Muscat Stock Exchange's division on ESG, Diversity and Inclusion",https://twitter.com/intent/tweet?text=https%3A//www.msx.om//MSMDOCS/downloads/d4e284d3-2b7e-468c-b3a2-68a3c81ab22b.pdf
"Muscat Stock Exchange's division on ESG, Diversity and Inclusion",https://www.linkedin.com/shareArticle?mini=true&url=https%3A//www.msx.om//MSMDOCS/downloads/d4e284d3-2b7e-468c-b3a2-68a3c81ab22b.pdf&title=&summary=&source=
"Muscat Stock Exchange's division on ESG, Diversity and Inclusion",https://wa.me/?text=https%3A//www.msx.om//MSMDOCS/downloads/d4e284d3-2b7e-468c-b3a2-68a3c81ab22b.pdf
"Muscat Stock Exchange's division on ESG, Diversity and Inclusion","javascript:BookView('/MSMDOCS/downloads/d4e284d3-2b7e-468c-b3a2-68a3c81ab22b.pdf','EN');"
"Muscat Stock Exchange's division on ESG, Diversity and Inclusion","javascript:BookView('/MSMDOCS/downloads/fec3d54c-c64c-4b20-9e7a-ed2611ca8aac.pdf','AR');"
"Muscat Stock Exchange's division on ESG, Diversity and Inclusion",https://www.msx.om//MSMDOCS/downloads/listingreqirmentsEn.pdf
"Muscat Stock Exchange's division on ESG, Diversity and Inclusion",https://www.msx.om//MSMDOCS/downloads/tradingrulesEn.pdf
"Muscat Stock Exchange's division on ESG, Diversity and Inclusion",https://www.msx.om//MSMDOCS/downloads/Clearanceandsettlementregulation_12Oct2011_En.pdf
"Muscat Stock Exchange's division on ESG, Diversity and Inclusion",https://www.msx.om//MSMDOCS/downloads/marketlawEn.pdf
"Muscat Stock Exchange's division on ESG, Diversity and Inclusion",https://www.msx.om/MSMDOCS/downloads/PrivacyPolicyen.pdf
"Muscat Stock Exchange's division on ESG, Diversity and Inclusion",https://www.msx.om/MSMDOCS/downloads/TipsandHintsen.pdf
"Muscat Stock Exchange's division on ESG, Diversity and Inclusion",https://www.msx.om/MSMDOCS/downloads/Disclaimeren.pdf
Technical Expert Group on Sustainable Finance Setup to Help Implement Measures in the European Commission's Action Plan on Financing Sustainable Growth,https://finance.ec.europa.eu/document/download/30c740c3-b60d-466f-a292-8b33dbe5f0e6_en?filename=191219-sustainable-finance-teg-extension_en.pdf
Technical Expert Group on Sustainable Finance Setup to Help Implement Measures in the European Commission's Action Plan on Financing Sustainable Growth,https://finance.ec.europa.eu/document/download/7c5ea78a-dc53-428c-ae80-2e44a6ff252d_en?filename=sustainable-finance-teg-frequently-asked-questions_en.pdf
Technical Expert Group on Sustainable Finance Setup to Help Implement Measures in the European Commission's Action Plan on Financing Sustainable Growth,https://finance.ec.europa.eu/document/download/065d5a35-f94e-48e5-b4eb-bf54318c91b3_en?filename=200426-sustainable-finance-teg-statement-recovery_en.pdf
Technical Expert Group on Sustainable Finance Setup to Help Implement Measures in the European Commission's Action Plan on Financing Sustainable Growth,https://finance.ec.europa.eu/document/download/42d22937-be40-43d5-b3a0-f5b664ed0ef3_en?filename=200715-sustainable-finance-teg-statement-resilience-recovery_en.pdf
Technical Expert Group on Sustainable Finance Setup to Help Implement Measures in the European Commission's Action Plan on Financing Sustainable Growth,https://finance.ec.europa.eu/document/download/9101b639-ebe5-413e-9c86-3e291722899e_en?filename=200309-sustainable-finance-teg-final-report-taxonomy_en.pdf
Technical Expert Group on Sustainable Finance Setup to Help Implement Measures in the European Commission's Action Plan on Financing Sustainable Growth,https://finance.ec.europa.eu/document/download/329ca214-8dbd-49c2-8cc4-1aa52301d66d_en?filename=200309-sustainable-finance-teg-final-report-taxonomy-annexes_en.pdf
Technical Expert Group on Sustainable Finance Setup to Help Implement Measures in the European Commission's Action Plan on Financing Sustainable Growth,https://finance.ec.europa.eu/document/download/4c13e7c0-01bd-4ce7-9a39-2ad8c232e2fe_en?filename=190618-sustainable-finance-teg-report-taxonomy_en.pdf
Technical Expert Group on Sustainable Finance Setup to Help Implement Measures in the European Commission's Action Plan on Financing Sustainable Growth,https://finance.ec.europa.eu/document/download/baa0fa7e-32f6-47c6-9663-feb4bce0c383_en?filename=200610-sustainable-finance-teg-taxonomy-green-bond-standard-faq_en.pdf
Technical Expert Group on Sustainable Finance Setup to Help Implement Measures in the European Commission's Action Plan on Financing Sustainable Growth,https://finance.ec.europa.eu/document/download/42d22937-be40-43d5-b3a0-f5b664ed0ef3_en?filename=200715-sustainable-finance-teg-statement-resilience-recovery_en.pdf
Technical Expert Group on Sustainable Finance Setup to Help Implement Measures in the European Commission's Action Plan on Financing Sustainable Growth,https://finance.ec.europa.eu/document/download/065d5a35-f94e-48e5-b4eb-bf54318c91b3_en?filename=200426-sustainable-finance-teg-statement-recovery_en.pdf
Technical Expert Group on Sustainable Finance Setup to Help Implement Measures in the European Commission's Action Plan on Financing Sustainable Growth,https://finance.ec.europa.eu/document/download/065d5a35-f94e-48e5-b4eb-bf54318c91b3_es?filename=200426-sustainable-finance-teg-statement-recovery_es.pdf
Technical Expert Group on Sustainable Finance Setup to Help Implement Measures in the European Commission's Action Plan on Financing Sustainable Growth,https://finance.ec.europa.eu/document/download/065d5a35-f94e-48e5-b4eb-bf54318c91b3_fr?filename=200426-sustainable-finance-teg-statement-recovery_fr.pdf
Technical Expert Group on Sustainable Finance Setup to Help Implement Measures in the European Commission's Action Plan on Financing Sustainable Growth,https://finance.ec.europa.eu/document/download/065d5a35-f94e-48e5-b4eb-bf54318c91b3_it?filename=200426-sustainable-finance-teg-statement-recovery_it.pdf
Technical Expert Group on Sustainable Finance Setup to Help Implement Measures in the European Commission's Action Plan on Financing Sustainable Growth,https://finance.ec.europa.eu/document/download/9101b639-ebe5-413e-9c86-3e291722899e_en?filename=200309-sustainable-finance-teg-final-report-taxonomy_en.pdf
Technical Expert Group on Sustainable Finance Setup to Help Implement Measures in the European Commission's Action Plan on Financing Sustainable Growth,https://finance.ec.europa.eu/document/download/329ca214-8dbd-49c2-8cc4-1aa52301d66d_en?filename=200309-sustainable-finance-teg-final-report-taxonomy-annexes_en.pdf
Technical Expert Group on Sustainable Finance Setup to Help Implement Measures in the European Commission's Action Plan on Financing Sustainable Growth,https://finance.ec.europa.eu/document/download/491464eb-8ef9-42f3-a514-56fc83bf194e_en?filename=200309-sustainable-finance-teg-green-bond-standard-usability-guide_en.pdf
Technical Expert Group on Sustainable Finance Setup to Help Implement Measures in the European Commission's Action Plan on Financing Sustainable Growth,https://finance.ec.europa.eu/document/download/7de76bb6-18ec-4df1-80ed-f39fa1b81d0a_en?filename=sustainable-finance-teg-subgroup-benchmarks-progress-report_en.pdf
Technical Expert Group on Sustainable Finance Setup to Help Implement Measures in the European Commission's Action Plan on Financing Sustainable Growth,https://finance.ec.europa.eu/document/download/3392d7a6-2784-44ce-bb21-9f4d577ecf51_en?filename=sustainable-finance-teg-subgroup-gbs-progress-report_en.pdf
Technical Expert Group on Sustainable Finance Setup to Help Implement Measures in the European Commission's Action Plan on Financing Sustainable Growth,https://finance.ec.europa.eu/document/download/d8051810-16b7-467a-badb-9aa5c6b80fbd_en?filename=sustainable-finance-teg-subgroup-taxonomy-progress-report_en.pdf
Technical Expert Group on Sustainable Finance Setup to Help Implement Measures in the European Commission's Action Plan on Financing Sustainable Growth,https://finance.ec.europa.eu/document/download/149d1c1e-f72f-4ed8-817e-3f104a0bcec3_en?filename=sustainable-finance-taxonomy-spotlight_en.pdf
Technical Expert Group on Sustainable Finance Setup to Help Implement Measures in the European Commission's Action Plan on Financing Sustainable Growth,https://finance.ec.europa.eu/document/download/c148fa16-f58c-4b9c-9f99-f5077d9870f4_en?filename=sustainable-finance-teg-outreach-plans_en.pdf
Technical Expert Group on Sustainable Finance Setup to Help Implement Measures in the European Commission's Action Plan on Financing Sustainable Growth,https://finance.ec.europa.eu/document/download/09e380aa-c472-4290-b6e9-0e105ea18839_en?filename=180730-sustainable-finance-teg-statement_en.pdf
Technical Expert Group on Sustainable Finance Setup to Help Implement Measures in the European Commission's Action Plan on Financing Sustainable Growth,https://finance.ec.europa.eu/document/download/7df9385c-a5a4-4fb2-95f7-c31c83d31cce_en?filename=180613-sustainable-finance-press-release_en.pdf
Technical Expert Group on Sustainable Finance Setup to Help Implement Measures in the European Commission's Action Plan on Financing Sustainable Growth,https://finance.ec.europa.eu/document/download/68ad091b-f6ff-4de9-bc4a-1abd31abaa30_en?filename=sustainable-finance-teg-members_en.pdf
Technical Expert Group on Sustainable Finance Setup to Help Implement Measures in the European Commission's Action Plan on Financing Sustainable Growth,https://finance.ec.europa.eu/document/download/7c5ea78a-dc53-428c-ae80-2e44a6ff252d_en?filename=sustainable-finance-teg-frequently-asked-questions_en.pdf
Johannesburg Stock Exchange's Guidances on Sustainability and Climate Disclosure,https://www.jse.co.za/form/sustainability-page-webform?url=https://www.jse.co.za/sites/default/files/media/documents//JSE%20Sustainability%20Disclosure%20Guidance%20June%202022.pdf
Johannesburg Stock Exchange's Guidances on Sustainability and Climate Disclosure,https://www.jse.co.za/form/sustainability-page-webform?url=https://www.jse.co.za/sites/default/files/media/documents//JSE%20Climate%20Disclosure%20Guidance_June%202022.pdf
Johannesburg Stock Exchange's Guidances on Sustainability and Climate Disclosure,https://www.jse.co.za/sites/default/files/media/documents/sustainability/PGM%201.0%20-%20ESG%20Exchange%20-%20Event%20Outline%2020220609.pdf
Johannesburg Stock Exchange's Guidances on Sustainability and Climate Disclosure,https://www.jse.co.za/sites/default/files/media/documents/jse-contact-list/JSE%20Contact%20List%202023.pdf
ACPR Recommendations for French Banking Institutions about Governance and Management of Climate-related Risks,https://acpr.banque-france.fr/sites/default/files/medias/documents/20200525_synthese_gouvernance_anglais.pdf
Discussion paper on ‘Climate Change and Principle-based Taxonomy’,https://www.bnm.gov.my/documents/20124/761679/Climate+Change+and+Principle-based+Taxonomy_Discussion+Paper.pdf/459228e8-d4ac-e8f4-e8da-33cda15bb76f?t=1578628525516
European Central Bank’s Corporate Sector Purchase Programme (CSPP) moves toward green assets,https://www.ecb.europa.eu/press/pr/date/2022/html/ecb.pr220704_annex~cb39c2dcbb.en.pdf
TCFD Guidance 2.0,https://tcfd-consortium.jp/pdf/en/news/20081201/TCFD%20Guidance%202_0_2_e.pdf
TCFD Guidance 2.0,https://tcfd-consortium.jp/pdf/en/news/20081201/TCFD_Guidance_2_0_Case_examples-e.pdf
TCFD Guidance 2.0,https://tcfd-consortium.jp/pdf/en/news/20081201/TCFD%20Guidance%202_0_summary_2_e.pdf
TCFD Guidance 2.0,https://tcfd-consortium.jp/pdf/en/news/20081201/TCFD_Guidance_2_0_message-e.pdf
Sustainable Finance Framework (Circular No. 1085) for banks,https://www.bsp.gov.ph/About%20the%20Bank/Strategic%20Communication%20Framework%20of%20the%20BSP.pdf
Sustainable Finance Framework (Circular No. 1085) for banks,https://www.bsp.gov.ph/About%20the%20Bank/BSP+Org+Structure.pdf
Sustainable Finance Framework (Circular No. 1085) for banks,https://www.bsp.gov.ph/PaymentAndSettlement/PhilPaSSParticipants.pdf
Sustainable Finance Framework (Circular No. 1085) for banks,https://www.bsp.gov.ph/Lists/Directories/Attachments/18/BDA.pdf
Sustainable Finance Framework (Circular No. 1085) for banks,https://www.bsp.gov.ph/Consumer%20Corner/1-FSF%20Advisory%20on%20Bank%20Deposits.pdf
Sustainable Finance Framework (Circular No. 1085) for banks,https://www.bsp.gov.ph/Consumer%20Corner/2-FSF%20Advisory%20on%20Practical%20Reminders...pdf
Sustainable Finance Framework (Circular No. 1085) for banks,https://www.bsp.gov.ph/Consumer%20Corner/3-Gusto%20mo%20bang%20mag-invest.pdf
Sustainable Finance Framework (Circular No. 1085) for banks,https://www.bsp.gov.ph/Consumer%20Corner/4-Online%20Banking%202021.pdf
Sustainable Finance Framework (Circular No. 1085) for banks,https://www.bsp.gov.ph/Consumer%20Corner/5-ATM_English_REVISED.pdf
Canadian Net-Zero Emissions Accountability Act (Bill C-12),https://parl.ca/Content/Bills/432/Government/C-12/C-12_1/C-12_1.PDF
New Zealand Mandatory TCFD Reporting,https://legislation.govt.nz/bill/government/2021/0030/latest/096be8ed81b52623.pdf
Consultation on mandatory climate risk governance and TCFD reporting requirements for pension funds,https://assets.publishing.service.gov.uk/media/5f45263ed3bf7f69a9d62658/tcfd-taking-action-on-climate-risk.pdf
Consultation on mandatory climate risk governance and TCFD reporting requirements for pension funds,https://assets.publishing.service.gov.uk/media/5f45263ed3bf7f69a9d62658/tcfd-taking-action-on-climate-risk.pdf
Consultation on mandatory climate risk governance and TCFD reporting requirements for pension funds,https://assets.publishing.service.gov.uk/media/5f465327d3bf7f3d62ae264e/impact-assessment-consultation-climate-change_risk.pdf
Consultation on mandatory climate risk governance and TCFD reporting requirements for pension funds,https://assets.publishing.service.gov.uk/media/5f465327d3bf7f3d62ae264e/impact-assessment-consultation-climate-change_risk.pdf
Cross-Agency Steering Group’s Strategic Plan to Strengthen Hong Kong’s Financial Ecosystem to Support a Greener and More Sustainable Future,https://www.hkma.gov.hk/media/eng/doc/key-information/press-release/2020/20201217e4a1.pdf
Cross-Agency Steering Group’s Strategic Plan to Strengthen Hong Kong’s Financial Ecosystem to Support a Greener and More Sustainable Future,https://www.hkma.gov.hk/media/eng/doc/key-information/press-release/2020/20201217e4a2.pdf
Sustainable Finance Guidelines,"https://www.sif.admin.ch/dam/sif/en/dokumente/finanzmarktpolitik/Nachhaltigkeit/bericht_sust_finance.pdf.download.pdf/Report%20Sustainable%20finance%20in%20Switzerland%20-%20Areas%20for%20action%20for%20a%20leading%20sustainable%20financial%20centre,%202022%E2%80%932025.pdf"
Sustainable Finance Guidelines,https://www.sif.admin.ch/dam/sif/en/dokumente/finanzmarktpolitik/Nachhaltigkeit/empfehlungen_tcfd.pdf.download.pdf/TCFD%20EN.pdf
Sustainable Finance Guidelines,https://www.sif.admin.ch/dam/sif/en/dokumente/Publicationen/10_jahre_sif.pdf.download.pdf/factsheet-10-years-SIF.pdf
Swiss Federal Council fleshes out proposals for sustainable Swiss financial centre,https://www.sif.admin.ch/dam/sif/en/dokumente/Publicationen/10_jahre_sif.pdf.download.pdf/factsheet-10-years-SIF.pdf
Japan’s Green Growth Strategy,https://www.meti.go.jp/press/2020/12/20201225012/20201225012-1.pdf
Japan’s Green Growth Strategy,https://www.meti.go.jp/press/2020/12/20201225012/20201225012-2.pdf
Japan’s Green Growth Strategy,https://www.meti.go.jp/press/2020/12/20201225012/20201225012-4.pdf
Japan’s Green Growth Strategy,https://www.meti.go.jp/press/2020/12/20201225012/20201225012-5.pdf
Japan’s Green Growth Strategy,https://www.meti.go.jp/press/2020/12/20201225012/20201225012-4.pdf
Japan’s Green Growth Strategy,https://www.meti.go.jp/press/2020/12/20201225012/20201225012-5.pdf
Climate Innovation Finance Strategy 2020,https://www.meti.go.jp/english/press/2020/pdf/0916_001a.pdf
Climate Innovation Finance Strategy 2020,https://www.meti.go.jp/english/press/2020/pdf/0916_001b.pdf
Climate Innovation Finance Strategy 2020,https://www.meti.go.jp/english/press/2020/pdf/0916_001c.pdf
A Framework for Assessing Financial Impacts of Physical Climate Change,https://www.bankofengland.co.uk/-/media/boe/files/prudential-regulation/publication/2019/a-framework-for-assessing-financial-impacts-of-physical-climate-change.pdf#page=5
A Framework for Assessing Financial Impacts of Physical Climate Change,https://www.bankofengland.co.uk/-/media/boe/files/prudential-regulation/publication/2019/a-framework-for-assessing-financial-impacts-of-physical-climate-change.pdf#page=6
A Framework for Assessing Financial Impacts of Physical Climate Change,https://www.bankofengland.co.uk/-/media/boe/files/prudential-regulation/publication/2019/a-framework-for-assessing-financial-impacts-of-physical-climate-change.pdf#page=7
A Framework for Assessing Financial Impacts of Physical Climate Change,https://www.bankofengland.co.uk/-/media/boe/files/prudential-regulation/publication/2019/a-framework-for-assessing-financial-impacts-of-physical-climate-change.pdf#page=10
A Framework for Assessing Financial Impacts of Physical Climate Change,https://www.bankofengland.co.uk/-/media/boe/files/prudential-regulation/publication/2019/a-framework-for-assessing-financial-impacts-of-physical-climate-change.pdf#page=27
A Framework for Assessing Financial Impacts of Physical Climate Change,https://www.bankofengland.co.uk/-/media/boe/files/prudential-regulation/publication/2019/a-framework-for-assessing-financial-impacts-of-physical-climate-change.pdf#page=34
A Framework for Assessing Financial Impacts of Physical Climate Change,https://www.bankofengland.co.uk/-/media/boe/files/prudential-regulation/publication/2019/a-framework-for-assessing-financial-impacts-of-physical-climate-change.pdf#page=75
A Framework for Assessing Financial Impacts of Physical Climate Change,https://www.bankofengland.co.uk/-/media/boe/files/prudential-regulation/publication/2019/a-framework-for-assessing-financial-impacts-of-physical-climate-change.pdf
General Insurance Stress Tests (GIST) Cover Natural Catastrophe Scenarios and Climate Change Risks,https://www.bankofengland.co.uk/-/media/boe/files/prudential-regulation/letter/2019/insurance-stress-test-2019.pdf
General Insurance Stress Tests (GIST) Cover Natural Catastrophe Scenarios and Climate Change Risks,https://www.bankofengland.co.uk/-/media/boe/files/prudential-regulation/letter/2019/life-insurance-stress-test-2019-scenario-specification-guidelines-and-instructions.pdf
General Insurance Stress Tests (GIST) Cover Natural Catastrophe Scenarios and Climate Change Risks,https://www.bankofengland.co.uk/-/media/boe/files/prudential-regulation/letter/2019/general-insurance-stress-test-2019-scenario-specification-guidelines-and-instructions.pdf
"Reserve Bank of India Guidelines on Lending to Priority Sectors, Including Renewable Energy",https://rbidocs.rbi.org.in/rdocs/notification/PDFs/NT393B81B166B6EA476BB2D1BF9AF0946AC0.PDF
"Reserve Bank of India Guidelines on Lending to Priority Sectors, Including Renewable Energy",https://rbidocs.rbi.org.in/rdocs/content/pdfs/Utkarsh30122022.pdf
The Climate Risk and Resilience Working Group of the United States' National Association of Insurance Commissioners,https://www.naic.org/documents/committees_cmtelist.pdf
Financial Stability Review - Greening the Financial System,https://www.greenfinanceplatform.org/sites/default/files/downloads/resource//financial_stability_review.pdf
Hungary Credit Institutions to Establish Environmental Risk Management Systems,https://www.mnb.hu/letoltes/green-finance-in-hungary-consultation-paper.pdf
The Bank of Canada Announced a Multi-Year Research Initiative on Climate-Related Risks in its 2019 Financial System Review,https://www.bankofcanada.ca/wp-content/uploads/2019/05/Financial-System-Review%E2%80%942019-Bank-of-Canada.pdf
The Bank of Canada Announced a Multi-Year Research Initiative on Climate-Related Risks in its 2019 Financial System Review,https://www.bankofcanada.ca/wp-content/uploads/2017/06/fsr-june17-macdonald.pdf
The Bank of Canada Announced a Multi-Year Research Initiative on Climate-Related Risks in its 2019 Financial System Review,https://www.bankofcanada.ca/wp-content/uploads/2015/12/fsr-december2015-cateau.pdf
The Bank of Canada Announced a Multi-Year Research Initiative on Climate-Related Risks in its 2019 Financial System Review,https://fin.gc.ca/activty/G7/pdf/G7-cyber-risk-management-gestion-risques-cybernetiques-eng.pdf
The Bank of Canada Announced a Multi-Year Research Initiative on Climate-Related Risks in its 2019 Financial System Review,https://www.federalreserve.gov/publications/files/financial-stability-report-201905.pdf
The Bank of Canada Announced a Multi-Year Research Initiative on Climate-Related Risks in its 2019 Financial System Review,http://assets.ibc.ca/Documents/Facts%20Book/Facts_Book/2018/IBC-Fact-Book-2018.pdf
The Bank of Canada Announced a Multi-Year Research Initiative on Climate-Related Risks in its 2019 Financial System Review,https://www.securities-administrators.ca/uploadedFiles/Industry_Resources/2019mars14-21-402-doc-cons-en.pdf
The Bank of Canada Announced a Multi-Year Research Initiative on Climate-Related Risks in its 2019 Financial System Review,https://www.bankofcanada.ca/wp-content/uploads/2016/10/cfif-survey-overview-031016.pdf
The Bank of Canada Announced a Multi-Year Research Initiative on Climate-Related Risks in its 2019 Financial System Review,https://www.bankofcanada.ca/wp-content/uploads/2017/06/fsr-june17-macdonald.pdf
Expert Panel on Sustainable Finance,https://www.fsa.go.jp/en/news/2020/20201225-2/1.pdf
Expert Panel on Sustainable Finance,https://www.fsa.go.jp/en/refer/legislation/legislation.pdf
The United Kingdom's Climate Financial Risk Forum,https://www.fca.org.uk/publication/corporate/cfrf-scenario-analysis-2023-learning-bienennial-exploratory-scenario-cbes.pdf
The United Kingdom's Climate Financial Risk Forum,https://www.fca.org.uk/publication/corporate/cfrf-guide-2023-scenario-analysis-guide-asset-managers.pdf
The United Kingdom's Climate Financial Risk Forum,https://www.fca.org.uk/publication/corporate/cfrf-climate-data-webinars-2023.pdf
The United Kingdom's Climate Financial Risk Forum,https://www.fca.org.uk/publication/corporate/cfrf-guide-2023-climate-disclosures-dashboard.pdf
The United Kingdom's Climate Financial Risk Forum,https://www.fca.org.uk/publication/corporate/cfrf-guide-2022-ddm-wg-framework-and-metrics-relating-green-transition.pdf
The United Kingdom's Climate Financial Risk Forum,https://www.fca.org.uk/publication/corporate/cfrf-guide-2022-transition-net-zero-mobilise-investment-climate-solutions.pdf.pdf
The United Kingdom's Climate Financial Risk Forum,https://www.fca.org.uk/publication/corporate/cfrf-guide-2022-transition-net-zero-managing-legal-risks.pdf
The United Kingdom's Climate Financial Risk Forum,https://www.fca.org.uk/publication/corporate/cfrf-guide-2022-transition-net-zero-carbon-budget-primer-financial-institutions.pdf
The United Kingdom's Climate Financial Risk Forum,https://www.fca.org.uk/publication/corporate/cfrf-guide-2022-scenario-analysis-physical-risk-underwriting-guide.pdf.pdf
The United Kingdom's Climate Financial Risk Forum,https://www.fca.org.uk/publication/corporate/cfrf-guide-2022-scenario-analysis-banking-guide.pdf
The United Kingdom's Climate Financial Risk Forum,https://www.fca.org.uk/publication/corporate/cfrf-guide-2022-scenario-analysis-in-financial-firms.pdf
The United Kingdom's Climate Financial Risk Forum,https://www.fca.org.uk/publication/corporate/cfrf-guide-2022-scenario-analysis-working-group-climate-litigation-risk-chapter.pdf
The United Kingdom's Climate Financial Risk Forum,https://www.fca.org.uk/publication/corporate/climate-financial-risk-forum-guide-2021-appetite-statements.pdf
The United Kingdom's Climate Financial Risk Forum,https://www.fca.org.uk/publication/corporate/climate-financial-risk-forum-guide-2021-risk-managment-use-cases.pdf
The United Kingdom's Climate Financial Risk Forum,https://www.fca.org.uk/publication/corporate/climate-financial-risk-forum-guide-2021-climate-risk-training.pdf
The United Kingdom's Climate Financial Risk Forum,https://www.fca.org.uk/publication/corporate/climate-financial-risk-forum-guide-2021-scenario-analysis.pdf
The United Kingdom's Climate Financial Risk Forum,https://www.fca.org.uk/publication/corporate/climate-financial-risk-forum-guide-2021-case-studies.pdf
The United Kingdom's Climate Financial Risk Forum,https://www.fca.org.uk/publication/corporate/climate-financial-risk-forum-guide-2021-disclosures-legal-risk.pdf
The United Kingdom's Climate Financial Risk Forum,https://www.fca.org.uk/publication/corporate/climate-financial-risk-forum-guide-2021-innovation.pdf
TCFD Consortium of Japan,https://tcfd-consortium.jp/pdf/about/2021_TCFD_Implementing_Guidance_2110_jp.pdf
TCFD Consortium of Japan,https://tcfd-consortium.jp/pdf/about/2021_TCFD_Metric_Guidance_2110_jp.pdf
TCFD Consortium of Japan,https://tcfd-consortium.jp/pdf/about/TCFDguide_3rd_EN.pdf
The United Kingdom's Green Finance Strategy,https://www.greenfinanceplatform.org/sites/default/files/downloads/policy-database//Green%20Finance%20Strategy-%20Transforming%20Finance%20for%20a%20Greener%20Future.pdf
The United Kingdom's Green Finance Strategy,https://www.greenfinanceplatform.org/sites/default/files/downloads/policy-database//Green%20Finance%20Strategy-%20Transforming%20Finance%20for%20a%20Greener%20Future.pdf
ESMA Technical Advice on Sustainability Considerations in the Credit Rating Market and ESMA Final Guidelines on Disclosure Requirements Applicable to Credit Ratings,https://www.esma.europa.eu/sites/default/files/library/esma33-9-321_technical_advice_on_sustainability_considerations_in_the_credit_rating_market.pdf
ESMA Technical Advice on Sustainability Considerations in the Credit Rating Market and ESMA Final Guidelines on Disclosure Requirements Applicable to Credit Ratings,https://www.esma.europa.eu/sites/default/files/library/esma33-9-320_final_report_guidelines_on_disclosure_requirements_applicable_to_credit_rating_agencies.pdf
ESMA Technical Advice on Sustainability Considerations in the Credit Rating Market and ESMA Final Guidelines on Disclosure Requirements Applicable to Credit Ratings,https://www.esma.europa.eu/sites/default/files/library/esma71-99-1199_press_release_for_cra_sustainability.pdf
ESMA Technical Advice on Sustainability Considerations in the Credit Rating Market and ESMA Final Guidelines on Disclosure Requirements Applicable to Credit Ratings,https://www.esma.europa.eu/sites/default/files/library/esma33-9-321_technical_advice_on_sustainability_considerations_in_the_credit_rating_market.pdf
ESMA Technical Advice on Sustainability Considerations in the Credit Rating Market and ESMA Final Guidelines on Disclosure Requirements Applicable to Credit Ratings,https://www.esma.europa.eu/sites/default/files/library/esma33-9-320_final_report_guidelines_on_disclosure_requirements_applicable_to_credit_rating_agencies.pdf
French Banking Groups Facing Climate Change-Related Risks,https://acpr.banque-france.fr/sites/default/files/medias/documents/as_101_climate_risk_banks_en.pdf
French Banking Groups Facing Climate Change-Related Risks,https://acpr.banque-france.fr/sites/default/files/medias/documents/as_101_climate_risk_banks_en.pdf#page=4
French Banking Groups Facing Climate Change-Related Risks,https://acpr.banque-france.fr/sites/default/files/medias/documents/as_101_climate_risk_banks_en.pdf
French Banking Groups Facing Climate Change-Related Risks,https://acpr.banque-france.fr/sites/default/files/medias/documents/as_101_climate_risk_banks_en.pdf
French Banking Groups Facing Climate Change-Related Risks,https://acpr.banque-france.fr/sites/default/files/medias/documents/as_101_climate_risk_banks_en.pdf
French Banking Groups Facing Climate Change-Related Risks,https://acpr.banque-france.fr/sites/default/files/medias/documents/as_101_climate_risk_banks_en.pdf
European Commission Draft Rules Aim to Ensure That Investment Firms and Insurance Distributors Consider Sustainability When Advising Clients,https://ec.europa.eu/commission/presscorner/api/files/document/print/en/mex_19_101/MEX_19_101_EN.pdf
Hong Kong Green Bond,https://www.climatebonds.net/files/reports/hk_briefing_cbi_hkma_final_25feb2019.pdf
European Parliament legislative resolution of 18 April 2019 on the proposal for a regulation of the European Parliament and of the Council on disclosures relating to sustainable investments and sustainability risks and amending Directive (EU) 2016/2341,https://www.europarl.europa.eu/doceo/document/TA-8-2019-0435_EN.pdf
Roadmap for Aligning the Moroccan Financial Sector with Sustainable Development,https://www.bkam.ma/en/content/download/462869/3754811/Feuille+de+route+pour+l'alignement+du+secteur+financier+avec+le+developpement+durbale-ANG_finale.pdf
New Investment Guidelines for Sweden’s Pension Fund Include Higher Ambition Level on Sustainability,http://www.ap3.se/wp-content/uploads/2019/01/AP-Funds-common-core-values-for-managing-funds.pdf
New Investment Guidelines for Sweden’s Pension Fund Include Higher Ambition Level on Sustainability,http://www.ap3.se/wp-content/uploads/2019/01/AP-Funds-common-guidelines-reporting-on-how-the-objective-has-been-achieved.pdf
New Investment Guidelines for Sweden’s Pension Fund Include Higher Ambition Level on Sustainability,http://www.ap3.se/wp-content/uploads/2019/01/AP-Funds-common-guidelines-assets-should-not-be-invested-in.pdf
Morocco's Sustainable Insurance Strategy,https://www.greenfinanceplatform.org/sites/default/files/downloads/resource//sustainable%20insurance.pdf
BaFin Perspectives Special Study on Sustainability Issues,https://www.bafin.de/SharedDocs/Downloads/EN/BaFinPerspektiven/2019/bp_19-2_sustainable_finance_en.pdf?__blob=publicationFile&v=2
EU Sub-group on ESG Disclosures for Insurance-Based Investment Products,https://www.europarl.europa.eu/doceo/document/TA-8-2019-0435_EN.pdf
The Central Bank of Hungary’s Green Program,https://www.mnb.hu/letoltes/green-recommendation-vol2-no-10-2022-viii2.pdf
The Central Bank of Hungary’s Green Program,https://www.mnb.hu/letoltes/20220718-green-finance-report-2022-3.pdf
The Central Bank of Hungary’s Green Program,https://www.mnb.hu/letoltes/tcfd-jelente-s-2022-en.pdf
The Central Bank of Hungary’s Green Program,https://www.mnb.hu/letoltes/recommendations-report-deloitte-sustainable-capital-market.pdf
The Central Bank of Hungary’s Green Program,https://www.mnb.hu/letoltes/stress-test-main-results-en-09-12-21.pdf
The Central Bank of Hungary’s Green Program,https://www.mnb.hu/letoltes/preferential-capital-requirements-for-green-corporate-and-municipal-financing-summary.pdf
The Central Bank of Hungary’s Green Program,https://www.mnb.hu/letoltes/sustainability-and-central-bank-policy-green-aspects-of-the-magyar-nemzeti-bank-s-monetary-policy-toolkit.pdf
The Central Bank of Hungary’s Green Program,https://www.mnb.hu/letoltes/mnb-reflections-on-mainstreaming-the-transition-to-a-net-zero-economy.pdf
The Central Bank of Hungary’s Green Program,https://www.mnb.hu/letoltes/zold-ajanlas-en.pdf
The Central Bank of Hungary’s Green Program,https://www.mnb.hu/letoltes/20210303-zold-penzugyi-jelentes-angol.pdf
The Central Bank of Hungary’s Green Program,https://mnb.hu/letoltes/20210121-financing-the-hungarian-renewable-energy-sector.pdf
The Central Bank of Hungary’s Green Program,https://www.mnb.hu/letoltes/opportunities-for-jump-starting-the-green-bond-market-in-hungary.pdf
The Central Bank of Hungary’s Green Program,https://www.mnb.hu//letoltes/notice-preferential-green-capital-requirement.pdf
The Central Bank of Hungary’s Green Program,https://www.mnb.hu/letoltes/green-retail-lending-in-hungary.pdf
The Central Bank of Hungary’s Green Program,https://www.mnb.hu/letoltes/green-finance-in-hungary-consultation-paper.pdf
The Central Bank of Hungary’s Green Program,https://www.mnb.hu/letoltes/mnb-green-program-en.pdf
The Central Bank of Hungary’s Green Program,https://mnb.hu/letoltes/2022-green-finance-conference-agenda-honlapra.pdf
The Central Bank of Hungary’s Green Program,https://mnb.hu/letoltes/green-finance-conference-preliminary-agenda.pdf
The Central Bank of Hungary’s Green Program,https://www.mnb.hu/letoltes/agenda-green-conference-12-october.pdf
The Central Bank of Hungary’s Green Program,https://www.mnb.hu/letoltes/green-finance-conference-presentations.pdf
Singapore's Green Investments Programme,https://www.mas.gov.sg/-/media/mas/news/media-releases/2019/infographic-on-mas-green-finance-initiatives.pdf
Singapore's Green Finance Action Plan,https://www.mas.gov.sg/-/media/mas-media-library/development/sustainable-finance/finz-action-plan-infographic-fa.pdf
Review of Issuers' Disclosure of Climate-Related Risks and Financial Impacts (CSA Staff Notice 51-354),https://www.osc.ca/sites/default/files/pdfs/irps/csa_20180405_climate-change-related-disclosure-project.pdf
The Reserve Bank of Australia's Deputy Governor Calls for Incorporating Climate Models in Economic Modelling,https://www.rba.gov.au/speeches/2019/pdf/sp-dg-2019-03-12.pdf
The Reserve Bank of Australia's Deputy Governor Calls for Incorporating Climate Models in Economic Modelling,https://www.rba.gov.au/publications/confs/1994/pdf/gruen-shuetrim.pdf
"Environmental, Social, and Governance (ESG) Disclosure Requirements Included in Amendment to the United Kingdom's Occupational Pension Schemes Regulation",https://www.legislation.gov.uk/uksi/2019/982/pdfs/uksi_20190982_en.pdf
"Environmental, Social, and Governance (ESG) Disclosure Requirements Included in Amendment to the United Kingdom's Occupational Pension Schemes Regulation",https://www.legislation.gov.uk/uksi/2019/982/contents/made/data.pdf
"Environmental, Social, and Governance (ESG) Disclosure Requirements Included in Amendment to the United Kingdom's Occupational Pension Schemes Regulation",https://www.legislation.gov.uk/uksi/2019/982/made/data.pdf
Green Bond Grant Scheme,http://gia.info.gov.hk/general/201806/15/P2018061500373_286122_1_1529034245441.pdf
Green Bond Grant Scheme,http://gia.info.gov.hk/general/201806/15/P2018061500373_286122_1_1529034245441.pdf
Green Bond Grant Scheme,http://gia.info.gov.hk/general/201806/15/P2018061500373_286122_1_1529034245441.pdf
Green Bond Grant Scheme,http://gia.info.gov.hk/general/201806/15/P2018061500373_286122_1_1529034245441.pdf
"Nasdaq Copenhagen's Environmental, Social, and Governance (ESG) Data Portal",https://www.nasdaq.com/docs/2019/11/26/2019-ESG-Reporting-Guide.pdf
"Nasdaq Copenhagen's Environmental, Social, and Governance (ESG) Data Portal",https://www.nasdaq.com/docs/2020/04/02/ESG%20Data%20Portal%20Investor.pdf
Sustainable Finance Protocol,https://s26.q4cdn.com/426641508/files/doc_downloads/Nahila-Supervielle-Covid.pdf
Sustainable Finance Protocol,https://s26.q4cdn.com/426641508/files/doc_downloads/Nahila-Supervielle-Covid.pdf
Sustainable Finance Protocol,https://s26.q4cdn.com/426641508/files/doc_downloads/Nahila-Supervielle-Covid.pdf
Warsaw Stock Exchange ESG Index,https://gpwbenchmark.pl/pub/BENCHMARK/files/PDF/opis_indeksow/IndicesGPWB_0923.pdf
Australian Sustainable Finance Initiative,https://www.asfi.org.au/s/ASFI-Privacy-Policy-January-2023.pdf
Green Finance Network Japan,https://www.jpx.co.jp/english/equities/products/tpbm/green-and-social-bonds/b5b4pj00000247t6-att/fa_180629.pdf
Italy Introduces Regulation that Highlights the Importance of Environmental and Social Factors in Insurance Undertakings (No. 38/2018),https://www.ivass.it/normativa/nazionale/secondaria-ivass/regolamenti/2018/n38/Relazione_regolamento_38_2018.pdf?language_id=3
Italy Introduces Regulation that Highlights the Importance of Environmental and Social Factors in Insurance Undertakings (No. 38/2018),https://www.ivass.it/normativa/nazionale/secondaria-ivass/regolamenti/2018/n38/Regolamento_38_2018_All1.pdf?language_id=3
Italy Introduces Regulation that Highlights the Importance of Environmental and Social Factors in Insurance Undertakings (No. 38/2018),https://www.ivass.it/normativa/nazionale/secondaria-ivass/regolamenti/2018/n38/Regolamento_38_2018_All3.pdf?language_id=3
Italy Introduces Regulation that Highlights the Importance of Environmental and Social Factors in Insurance Undertakings (No. 38/2018),https://www.ivass.it/footer/Social_media_policy_IVASS_en.pdf?language_id=3
Guide for Environmental and Social risk management,https://www.bcp.gov.py/userfiles/files/Arancel_Nacional_Vigente_Decreto_6897_22_VII_Enmienda_2022.pdf
Guide for Environmental and Social risk management,https://www.bcp.gov.py/userfiles/files/el_guarani_70.pdf
Guide for Environmental and Social risk management,https://www.bcp.gov.py/userfiles/files/Res_N_8_Acta_N_78_Fecha_22112018.pdf
Belgium has Issued an EUR 4.5 Billion Green Bond,https://www.climatebonds.net/files/files/Sovereign_Briefing2017.pdf
Amendment to Regulation 2016/1011 Introduces a Framework for European Union (EU) Climate Transition and Paris-Aligned Benchmarks,https://www.europarl.europa.eu/doceo/document/TA-8-2019-0237_EN.pdf
The European Commission's Action Plan on Financing Sustainable Growth,http://ec.europa.eu/environment/circular-economy/implementation_report.pdf
The European Commission's Action Plan on Financing Sustainable Growth,https://www.imf.org/external/pubs/ft/sdn/2014/sdn1402.pdf
The European Commission's Action Plan on Financing Sustainable Growth,https://www.imf.org/external/pubs/ft/sdn/2014/sdn1402.pdf
The European Commission's Action Plan on Financing Sustainable Growth,https://www.esrb.europa.eu/pub/pdf/asc/Reports_ASC_6_1602.pdf
The European Commission's Action Plan on Financing Sustainable Growth,https://www.esrb.europa.eu/pub/pdf/asc/Reports_ASC_6_1602.pdf
The National Stock Exchange of Costa Rica Launched Initiatives to Develop the Green Bond Market,https://www.bolsacr.com/sites/default/files/32/spo-bnfondos_informe_final.pdf
Maldives Green Fund,https://www.finance.gov.mv/public/attachments/0d39RfQPOPRjcY27UbcUmiT0EydLbZjrtesE8UKB.pdf
Maldives Green Fund,https://www.finance.gov.mv/public/attachments/0d39RfQPOPRjcY27UbcUmiT0EydLbZjrtesE8UKB.pdf
Maldives Green Fund,https://www.finance.gov.mv/public/attachments/bf5QvBCRR5eeGhcUHQWjDcj6vszvkQ4vENjzl940.pdf
Maldives Green Fund,https://www.finance.gov.mv/public/attachments/14fOHblWPDSteb8AxGnUBO11WFjJrxCk4IDOSyx0.pdf
Maldives Green Fund,https://www.finance.gov.mv/public/attachments/JIOyTFqsvmO9z2Yn56ZM21ol9wwt9nACfow7T1jy.pdf
Maldives Green Fund,https://www.finance.gov.mv/public/attachments/L3P3o5vFufPGXrQIWJzzlLyBisHk8aE0CUqhUxH8.pdf
Maldives Green Fund,https://www.finance.gov.mv/public/attachments/3NIxlgdmWyIVwgWI2wrBHBXTsw5SqgSImgd4KPHP.pdf
Maldives Green Fund,https://www.finance.gov.mv/public/attachments/DZ8OSrjbphIojojKlBFD2SUOzMnl2tTv8vcFchLz.pdf
Maldives Green Fund,https://www.finance.gov.mv/public/attachments/e5SAHTR00qgZgSvEg5mIntexECN1zUccxHbJV02Z.pdf
Maldives Green Fund,https://www.finance.gov.mv/public/attachments/Kip8CsTdikD6lmaCw5oH9tujgWeEm6kIkJkebbLG.pdf
Maldives Green Fund,https://www.finance.gov.mv/public/attachments/cH2WI3sOOT4u5XCp1wpUlPJ9vkRrRp3mlQ0VbftY.pdf
Maldives Green Fund,https://www.finance.gov.mv/public/attachments/vg6NGDEW4YmsMXzKOd7hpzfwLqXQyvnQanurL1K5.pdf
Maldives Green Fund,https://www.finance.gov.mv/public/attachments/GawqL8QIpXXqO80CfJocXla8Hbki1dpKtWmq0asS.pdf
Maldives Green Fund,https://www.finance.gov.mv/public/attachments/Cvg5gBuqyYIvkMS20SWOvuSFCG9zjJuIH25fab7u.pdf
Maldives Green Fund,https://www.finance.gov.mv/public/attachments/VBxvTXfPSCyRKtTCA7XluTsiQENzYmrtOSsYGxWG.pdf
Maldives Green Fund,https://www.finance.gov.mv/public/attachments/NFVt8jAuFddcdrwOLRai6DwglKrnxBytEuh67HpG.pdf
Maldives Green Fund,https://www.finance.gov.mv/public/attachments/3JptyiL9fdpL1Jg6DUTXBorHZWNLao6I5E7e4UMy.pdf
Maldives Green Fund,https://www.finance.gov.mv/public/attachments/a93QzAzNwAedW0Ithq4iurCsZuXFZqicQettpG8S.pdf
Maldives Green Fund,https://www.finance.gov.mv/public/attachments/odoMcrkCEQxBDlBjzM5pdjBd3hVo56QQTh8zRD7P.pdf
Maldives Green Fund,https://www.finance.gov.mv/public/attachments/RsLW6dnCRTFUvuNUnJKQEaVLlgHuSQppO8a9MGJC.pdf
Maldives Green Fund,https://www.finance.gov.mv/public/attachments/UkOBSO0SnQuj3g2C7fOz9YRZhplOsLZj5GSnV8a4.pdf
Maldives Green Fund,https://www.finance.gov.mv/public/attachments/q0uLXSXGtl5pDgYKXMA9jST9wu692RhYIbAO710E.pdf
Maldives Green Fund,https://www.finance.gov.mv/public/attachments/COakmpNXfZ5EhK1pTzS08F1egFBFARvJgOgsU5h2.pdf
Maldives Green Fund,https://www.finance.gov.mv/public/attachments/uQ5IZYU0cFY6BNwF6pNZFBna40NS8YMCphHNerZx.pdf
Maldives Green Fund,https://www.finance.gov.mv/public/attachments/k3bCDzrIgj9jYUGyLRqWHFZoJmdF7zJsiGNZlQZj.pdf
Maldives Green Fund,https://www.finance.gov.mv/public/attachments/uasy9Y9BM4k2vXaPr1d3FgMyfIsYtIXfdIwh8nF2.pdf
Maldives Green Fund,https://www.finance.gov.mv/public/attachments/CZulKyvyscun4ArkE5cHeaiXBvdlXyg31uR7oArU.pdf
Maldives Green Fund,https://www.finance.gov.mv/public/attachments/8keI75LYqzyq6F8qWEAaOSVeFGgCYLmEtgE376h9.pdf
Maldives Green Fund,https://www.finance.gov.mv/public/attachments/v5d3lKg952N3EfgCCu1dl3LDLfZ4dmSzEshGsCcI.pdf
Maldives Green Fund,https://www.finance.gov.mv/public/attachments/wAIGnW3zEufOVfdeohj18owJQ6Nhg0Je4EDQnVGA.pdf
Maldives Green Fund,https://www.finance.gov.mv/public/attachments/afjgEF54TRIRUm9Ddbfnllb6mRIP3wxJc7u4JPWr.pdf
Maldives Green Fund,https://www.finance.gov.mv/public/attachments/IDd3IecYxhwLLM7fmFBDK5CuZIEeiSyGlVUASaas.pdf
Maldives Green Fund,https://www.finance.gov.mv/public/attachments/HfUnNnZuLeCVQrXYyzikqEnO6fnLLAdPzqClvJaC.pdf
Maldives Green Fund,https://www.finance.gov.mv/public/attachments/wV2KK7P7l0AankA8zXDYx44aLWZGffoWg0kviRPw.pdf
Maldives Green Fund,https://www.finance.gov.mv/public/attachments/EggCSAh8En1EDYjQnti1CN8SEa98En8qNZvXn8kF.pdf
Maldives Green Fund,https://www.finance.gov.mv/public/attachments/uQuCTbo8yo9DxBafOtzmaCKqESLuoiLuyLzDYIWp.pdf
Maldives Green Fund,https://www.finance.gov.mv/public/attachments/yPHXbdMHFvECQqLylbmbSt2eYpEUPCdyWJ5wHvyR.pdf
Maldives Green Fund,https://www.finance.gov.mv/public/attachments/FU0gmyMnMufZjxVMguRLGe1t4BzJOMRcUTr2xZi5.pdf
Maldives Green Fund,https://www.finance.gov.mv/public/attachments/4giFCLpvFuKLmUGliK7ckeES4nWcT8Q3pcC4QAB6.pdf
Maldives Green Fund,https://www.finance.gov.mv/public/attachments/7ssm2fqKI1r91Kvh9n4MI1QD1VeRmSjVk6ohfKcO.pdf
Maldives Green Fund,https://www.finance.gov.mv/public/attachments/ChqhC1KzmBSgdo4FpAX3X8XoobmYPhPr7apaVIDc.pdf
Maldives Green Fund,https://www.finance.gov.mv/public/attachments/JL79HbNE3OYjFVSIyPxgRL5F9z6eF7NOe9M97DGu.pdf
Maldives Green Fund,http://www.finance.gov.mv/public/attachments/fSHZwJTGSQFEbxb7J0znk5kRewbUrfneo9GrIK5c.pdf
Maldives Green Fund,http://www.finance.gov.mv/public/attachments/sr9avXvp1Iq8dZNjCpmxR6ZtEIeC5tPbfsu2z7Xe.pdf
Maldives Green Fund,http://www.finance.gov.mv/public/attachments/ZBOfwanUEO71wsf3nNjQuoUswPvVZL9bmZtYpgki.pdf
Maldives Green Fund,http://www.finance.gov.mv/public/attachments/n4i9DRuXhrWyqsWYhPXPup9IrRoZg9VzZNM1kOwI.pdf
Maldives Green Fund,http://www.finance.gov.mv/public/attachments/8VM4I9zbPuR5LDm0luqExyOQ8Z7UvKvSEA71toUS.pdf
Maldives Green Fund,http://www.finance.gov.mv/public/attachments/cwFuwMJ4kXFU0Ioue4B2sjjDYbJwFRoXUB1UHFCG.pdf
Maldives Green Fund,http://www.finance.gov.mv/public/attachments/8Re89Z0iYG0SQtLZrjOrvhkFPXpse9We9XmEz95u.pdf
Maldives Green Fund,http://www.finance.gov.mv/public/attachments/tlymA2wnLbPTxvlOfpuh7EO0vViL8L5Ya71IVz0J.pdf
Maldives Green Fund,http://www.finance.gov.mv/public/attachments/1vKDeOoMhgsDFV6dfSDxNFsFiEoNFadsbWFKEtzp.pdf
Maldives Green Fund,http://www.finance.gov.mv/public/attachments/0x1D0MMEGdQIlU7Q0ezZtBsTg44UredeUiZHxSti.pdf
Maldives Green Fund,http://www.finance.gov.mv/public/attachments/Q7qn0d0KEd7VNj5iBFhAKjlZOayDrnDyHXEBZ8Nu.pdf
Maldives Green Fund,http://www.finance.gov.mv/public/attachments/3UBsylPJbbBe8HA1MN9W3kQyzNHw2xHnp2ZJKAiO.pdf
Maldives Green Fund,http://www.finance.gov.mv/public/attachments/ds2FDTsmhHRKBWhO9aKvD1Fdxv88DlF6Kyi4f7OU.pdf
Maldives Green Fund,http://www.finance.gov.mv/public/attachments/j5Rtr95iFP3SoARmwAPJJ4I9cJmWDDERJZipxkJ1.pdf
Vienna Stock Exchange’s Green and Social Bonds Platform,https://adtarget.com.tr/adtarget-privacy-policy-2020.pdf
Vienna Stock Exchange’s Green and Social Bonds Platform,https://adtarget.com.tr/adtarget-privacy-policy-2020.pdf
Vienna Stock Exchange’s Green and Social Bonds Platform,https://www.alkimi.org/docs/privacy-notice.pdf
Vienna Stock Exchange’s Green and Social Bonds Platform,https://www.alkimi.org/docs/privacy-notice.pdf
Vienna Stock Exchange’s Green and Social Bonds Platform,https://appush.com/wp-content/uploads/2022/06/Platform-Privacy-Policy-Appush.pdf
Vienna Stock Exchange’s Green and Social Bonds Platform,https://appush.com/wp-content/uploads/2022/06/Platform-Privacy-Policy-Appush.pdf
Vienna Stock Exchange’s Green and Social Bonds Platform,https://public.arcspire.io/privacy.pdf
Vienna Stock Exchange’s Green and Social Bonds Platform,https://public.arcspire.io/privacy.pdf
Vienna Stock Exchange’s Green and Social Bonds Platform,https://www.audio-cc.com/audiocc_privacy_policy.pdf
Vienna Stock Exchange’s Green and Social Bonds Platform,https://www.audio-cc.com/audiocc_privacy_policy.pdf
Vienna Stock Exchange’s Green and Social Bonds Platform,https://en.betweenx.com/pdata.pdf
Vienna Stock Exchange’s Green and Social Bonds Platform,https://en.betweenx.com/pdata.pdf
Vienna Stock Exchange’s Green and Social Bonds Platform,https://www.bidtheatre.com/resource/LIA_ferq.pdf
Vienna Stock Exchange’s Green and Social Bonds Platform,https://collector.brandmetrics.com/brandmetrics_privacypolicy.pdf
Vienna Stock Exchange’s Green and Social Bonds Platform,https://collector.brandmetrics.com/brandmetrics_privacypolicy.pdf
Vienna Stock Exchange’s Green and Social Bonds Platform,https://www.businessclick.com/documents/Privacy_Policy.pdf
Vienna Stock Exchange’s Green and Social Bonds Platform,https://www.businessclick.com/documents/Privacy_Policy.pdf#page=7
Vienna Stock Exchange’s Green and Social Bonds Platform,https://castoola.com/wp-content/uploads/2022/01/castoola_pp_06.01.2022.pdf
Vienna Stock Exchange’s Green and Social Bonds Platform,https://castoola.com/wp-content/uploads/2022/01/castoola_pp_06.01.2022.pdf
Vienna Stock Exchange’s Green and Social Bonds Platform,https://www.cnd-motionmedia.de/media/pdf/datenschutz_b2b.pdf
Vienna Stock Exchange’s Green and Social Bonds Platform,https://www.cnd-motionmedia.de/media/pdf/datenschutz_b2b.pdf
Vienna Stock Exchange’s Green and Social Bonds Platform,https://cdnx.exponential.com/wp-content/uploads/2018/04/Balancing-Assessment-for-Legitimate-Interest-Publishers-v2.pdf
Vienna Stock Exchange’s Green and Social Bonds Platform,https://holid.io/assets/documents/Holid_Privacy_Policy.pdf
Vienna Stock Exchange’s Green and Social Bonds Platform,https://holid.io/assets/documents/Holid_Privacy_Policy.pdf
Vienna Stock Exchange’s Green and Social Bonds Platform,https://cdn.hubvisor.io/assets/policy.pdf
Vienna Stock Exchange’s Green and Social Bonds Platform,https://www.justtag.com/POLITYKA_PRYWATNOSCI.pdf
Vienna Stock Exchange’s Green and Social Bonds Platform,https://www.justtag.com/POLITYKA_PRYWATNOSCI.pdf
Vienna Stock Exchange’s Green and Social Bonds Platform,https://www.marketperf.com/assets/images/app/marketperf/pdf/privacy-policy.pdf
Vienna Stock Exchange’s Green and Social Bonds Platform,https://www.marketperf.com/assets/images/app/marketperf/pdf/privacy-policy.pdf
Vienna Stock Exchange’s Green and Social Bonds Platform,https://www.pinpoll.com/pdf/data-protection-declaration.pdf
Vienna Stock Exchange’s Green and Social Bonds Platform,https://www.pinpoll.com/pdf/data-protection-declaration.pdf
Vienna Stock Exchange’s Green and Social Bonds Platform,https://f.hubspotusercontent40.net/hubfs/2364596/Legal/2021-02-16%20Legitimate%20Interests.pdf
Vienna Stock Exchange’s Green and Social Bonds Platform,https://go.rakutenadvertising.com/hubfs/Services-Privacy-Policy-English.pdf
Vienna Stock Exchange’s Green and Social Bonds Platform,https://roivenue.com/wp-content/uploads/2022/04/Privacy-Policy-Roivenue.pdf
Vienna Stock Exchange’s Green and Social Bonds Platform,https://roivenue.com/wp-content/uploads/2022/04/Privacy-Policy-Roivenue.pdf
Vienna Stock Exchange’s Green and Social Bonds Platform,http://scattered.pl/PrivacyPolicyV1.pdf
Vienna Stock Exchange’s Green and Social Bonds Platform,http://scattered.pl/PrivacyPolicyV1.pdf
Vienna Stock Exchange’s Green and Social Bonds Platform,https://www.smartmeanalytics.com/_next/static/e18aa096eb299626.pdf
Vienna Stock Exchange’s Green and Social Bonds Platform,https://smartframe.io/wp-content/uploads/2023/07/Legitimate-Interest-Assessment.pdf
Vienna Stock Exchange’s Green and Social Bonds Platform,https://synkd.life/privacypolicy.pdf
Vienna Stock Exchange’s Green and Social Bonds Platform,https://synkd.life/privacypolicy.pdf
Vienna Stock Exchange’s Green and Social Bonds Platform,https://vrtcal.com/docs/PrivacyPolicy-Advertising.pdf
Vienna Stock Exchange’s Green and Social Bonds Platform,https://vrtcal.com/docs/PrivacyPolicy-Advertising.pdf
Vienna Stock Exchange’s Green and Social Bonds Platform,https://mobupps.com/pdf/Mobupps_Privacy_policy.pdf
Vienna Stock Exchange’s Green and Social Bonds Platform,https://mobupps.com/pdf/Mobupps_Privacy_policy.pdf
Vienna Stock Exchange’s Green and Social Bonds Platform,https://analights.com/docs/analights-consent-to-the-processing-of-personal-data-en.pdf
Vienna Stock Exchange’s Green and Social Bonds Platform,https://www.wienerborse.at/uploads/u/cms/files/issuers/bonds/rules-vienna-esg-segment.pdf
Vienna Stock Exchange’s Green and Social Bonds Platform,https://www.wienerborse.at/uploads/u/cms/files/issuers/bonds/rules-vienna-esg-segment.pdf
Vienna Stock Exchange’s Green and Social Bonds Platform,https://www.wienerborse.at/uploads/u/cms/files/issuers/bonds/letter-of-commitment-vienna-esg-segment.pdf
Fiji has Issued a USD 50 Million Green Bond,https://www.climatebonds.net/files/files/Sovereign_Briefing2017.pdf
Germany's State of North-Rhine Westphalia has Issued Three Sustainability Bonds,https://www.climatebonds.net/files/files/Sovereign_Briefing2017.pdf
Pilot tests to analyse the climate alignment of financial portfolios,https://www.bafu.admin.ch/dam/bafu/en/dokumente/klima/externe-studien-berichte/pacta-climate-test-switzerland-2022.pdf.download.pdf/PACTA_Climate_Test_Switzerland_2022.pdf
Pilot tests to analyse the climate alignment of financial portfolios,https://www.bafu.admin.ch/dam/bafu/en/dokumente/klima/fachinfo-daten/pacta-test-zusammenfassung-2022.pdf.download.pdf/DEF_EN_Summary_PACTA%20Climate%20Test%20Switzerland_'Aiming%20higher'_Nov%202022.pdf
Pilot tests to analyse the climate alignment of financial portfolios,https://www.bafu.admin.ch/dam/bafu/en/dokumente/klima/externe-studien-berichte/def-bridging-the-gap-pacta-2020-switzerland-november-2020.pdf.download.pdf/DEF_Bridging_the_Gap_PACTA_2020_Switzerland_november_2020.pdf
Pilot tests to analyse the climate alignment of financial portfolios,https://www.bafu.admin.ch/dam/bafu/de/dokumente/klima/externe-studien-berichte/DEF_Bericht%20Immobilienteil%20von%20PACTA%202020_Bridging%20the%20gap_Deutsch_Nov%202020.pdf.download.pdf/DEF_Bericht%20Immobilienteil%20von%20PACTA%202020_Bridging%20the%20gap_Deutsch_Nov%202020.pdf
Pilot tests to analyse the climate alignment of financial portfolios,https://www.bafu.admin.ch/dam/bafu/de/dokumente/klima/fachinfo-daten/bundesrat_2021-11-17_postulat_19-3966.pdf.download.pdf/Bundesrat_2021-11-17_Postulat_19-3966_DE.pdf
Pilot tests to analyse the climate alignment of financial portfolios,https://www.bafu.admin.ch/dam/bafu/de/dokumente/klima/externe-studien-berichte/DEF_Methodenbericht%20zum%20Immobilientool%20BAFU_WP_15.07.2020.pdf.download.pdf/DEF_Methodenbericht%20zum%20Immobilientool%20BAFU_WP_15.07.2020.pdf
Pilot tests to analyse the climate alignment of financial portfolios,https://www.bafu.admin.ch/dam/bafu/en/dokumente/klima/fachinfo-daten/klimavertraeglichkeitsanalyse.pdf.download.pdf/EN_2ii_Out_of_the_fog_v0_full_report_October_2017.pdf
Pilot tests to analyse the climate alignment of financial portfolios,https://www.bafu.admin.ch/dam/bafu/de/dokumente/klima/externe-studien-berichte/Klimafreundliche_Investitionsstrategien_und_Performance.pdf.download.pdf/Klimafreundliche_Investitionsstrategien_und_Performance.pdf
Pilot tests to analyse the climate alignment of financial portfolios,https://www.bafu.admin.ch/dam/bafu/en/dokumente/klima/externe-studien-berichte/Klimafreundliche_Investitionsstrategien_und_Performance_Zusammenfassung.pdf.download.pdf/EN_DEF_Zusammenfassung_07.11.2016_Klimafreundliche_Investitionsstrategie....pdf
Pilot tests to analyse the climate alignment of financial portfolios,https://www.bafu.admin.ch/dam/bafu/de/dokumente/klima/externe-studien-berichte/Klimafreundliche_Investitionsstrategien_und_Performance.pdf.download.pdf/Klimafreundliche_Investitionsstrategien_und_Performance.pdf
Pilot tests to analyse the climate alignment of financial portfolios,https://www.bafu.admin.ch/dam/bafu/de/dokumente/klima/externe-studien-berichte/kohlenstoffrisikenfuerdenfinanzplatzschweiz.pdf.download.pdf/kohlenstoffrisikenfuerdenfinanzplatzschweiz.pdf
Pilot tests to analyse the climate alignment of financial portfolios,https://www.bafu.admin.ch/dam/bafu/en/dokumente/klima/externe-studien-berichte/Trails_for_Climate_Disclosure_a_regulatory_review.pdf.download.pdf/2ii_Trails_v1.pdf
Pilot tests to analyse the climate alignment of financial portfolios,https://www.bafu.admin.ch/dam/bafu/en/dokumente/klima/externe-studien-berichte/measuring_progressongreeningfinancialmarkets.pdf.download.pdf/measuring_progressongreeningfinancialmarkets.pdf
Nigeria has Issued a USD 29.7 Million Green Bond,https://www.climatebonds.net/files/files/Sovereign_Briefing2017.pdf
"Japan's Guidebook on Environmental, Social, and Governance (ESG) Investment",https://www.env.go.jp/content/900453308.pdf
South Africa Sustainable Finance Initiative,http://www.treasury.gov.za/comm_media/press/2021/2021101501%20Media%20Statement%20-%20Publication%20of%20updated%20technical%20paper%20and%20comments%20matrix%20Financing%20a%20Sustainable%20Economy.pdf
South Africa Sustainable Finance Initiative,https://sustainablefinanceinitiative.org.za/wp-content/uploads/2021/10/2021101501-Media-Statement-Publication-of-updated-technical-paper-and-comments-matrix-Financing-a-Sustainable-Economy.pdf
South Africa Sustainable Finance Initiative,https://sustainablefinanceinitiative.org.za/wp-content/uploads/2021/10/2021101501-Annexure-A-_Financing-a-Sustainable-Economy-Technical-Paper_Comment-Matrix.pdf
South Africa Sustainable Finance Initiative,https://sustainablefinanceinitiative.org.za/wp-content/uploads/2021/10/2021101501-Financing-a-Sustainable-Economy.pdf
South Africa Sustainable Finance Initiative,https://sustainablefinanceinitiative.org.za/wp-content/uploads/2021/10/2021101501-Financing-a-Sustainable-Economy.pdf
South Africa Sustainable Finance Initiative,https://sustainablefinanceinitiative.org.za/wp-content/downloads/Sustainability_technical_paper_2020.pdf
France has Issued an EUR 7.5 Billion Green Bond,https://www.climatebonds.net/files/files/Sovereign_Briefing2017.pdf
Stocktake and Review of Sustainable Finance Opportunities for Argentina,https://www.greenfinanceplatform.org/sites/default/files/downloads/resource//Capitalizing_Sustainable_Finance_in_Argentina.pdf
Code 13: Governance and administration of occupational trust-based schemes providing money purchase benefits,https://assets.publishing.service.gov.uk/government/uploads/system/uploads/attachment_data/file/557888/charge-cap-guidance.pdf
Egypt's Corporate Governance Code,https://www.ecgi.global/sites/default/files/codes/documents/egyptian_cg_code_august_2016.pdf
Egypt's Corporate Governance Code,https://www.ecgi.global/sites/default/files/codes/documents/egypt_cg_code.pdf
"Victoria, Australia has Issued a USD 225 Million Green Bond",https://www.climatebonds.net/files/files/Sovereign_Briefing2017.pdf
EUR 750 Million Sovereign Green Bond Issued by Poland,https://www.climatebonds.net/files/files/Sovereign_Briefing2017.pdf
Italian National Dialogue on Sustainable Finance,https://www.greenfinanceplatform.org/sites/default/files/downloads/policy-database//ITALY%29%20Financing%20the%20Future%20-%20Report%20of%20the%20Italian%20national%20dialogue%20on%20sustainable%20finance.pdf
Italian National Dialogue on Sustainable Finance,https://www.greenfinanceplatform.org/sites/default/files/downloads/policy-database//ITALY%29%20Financing%20the%20Future%20-%20Report%20of%20the%20Italian%20national%20dialogue%20on%20sustainable%20finance.pdf
Greek Law 4403/2016 on the Publication of Non-Financial Information,https://www.hellenicparliament.gr/UserFiles/c8827c35-4399-4fbb-8ea6-aebdc768f4f7/9608738.pdf
Greek Law 4403/2016 on the Publication of Non-Financial Information,https://www.hellenicparliament.gr/UserFiles/c8827c35-4399-4fbb-8ea6-aebdc768f4f7/9608743.pdf
Greek Law 4403/2016 on the Publication of Non-Financial Information,https://www.hellenicparliament.gr/UserFiles/c8827c35-4399-4fbb-8ea6-aebdc768f4f7/9608746.pdf
Greek Law 4403/2016 on the Publication of Non-Financial Information,https://www.hellenicparliament.gr/UserFiles/c8827c35-4399-4fbb-8ea6-aebdc768f4f7/9608749.pdf
Greek Law 4403/2016 on the Publication of Non-Financial Information,https://www.hellenicparliament.gr/UserFiles/c8827c35-4399-4fbb-8ea6-aebdc768f4f7/9608752.pdf
Greek Law 4403/2016 on the Publication of Non-Financial Information,https://www.hellenicparliament.gr/UserFiles/c8827c35-4399-4fbb-8ea6-aebdc768f4f7/9608750.pdf
Greek Law 4403/2016 on the Publication of Non-Financial Information,https://www.hellenicparliament.gr/UserFiles/2f026f42-950c-4efc-b950-340c4fb76a24/p-enokat-eis-synoliko.pdf
Greek Law 4403/2016 on the Publication of Non-Financial Information,https://www.hellenicparliament.gr/UserFiles/7b24652e-78eb-4807-9d68-e9a5d4576eff/p-enokat-prakt.pdf
Greek Law 4403/2016 on the Publication of Non-Financial Information,https://www.hellenicparliament.gr/UserFiles/7b24652e-78eb-4807-9d68-e9a5d4576eff/p-odigia-epist.pdf
Greek Law 4403/2016 on the Publication of Non-Financial Information,https://www.hellenicparliament.gr/UserFiles/18a4e643-1429-4e6b-a317-d7c6a29adabf/9637620.pdf
Greek Law 4403/2016 on the Publication of Non-Financial Information,https://www.hellenicparliament.gr/UserFiles/bcc26661-143b-4f2d-8916-0e0e66ba4c50/p-enokat-pap.pdf
Greek Law 4403/2016 on the Publication of Non-Financial Information,https://www.hellenicparliament.gr/UserFiles/bbb19498-1ec8-431f-82e6-023bb91713a9/9628517.pdf
Greek Law 4403/2016 on the Publication of Non-Financial Information,https://www.hellenicparliament.gr/UserFiles/bbb19498-1ec8-431f-82e6-023bb91713a9/9628539.pdf
Greek Law 4403/2016 on the Publication of Non-Financial Information,https://www.hellenicparliament.gr/UserFiles/bbb19498-1ec8-431f-82e6-023bb91713a9/9628546.pdf
Greek Law 4403/2016 on the Publication of Non-Financial Information,https://www.hellenicparliament.gr/UserFiles/bbb19498-1ec8-431f-82e6-023bb91713a9/9628544.pdf
Greek Law 4403/2016 on the Publication of Non-Financial Information,https://www.hellenicparliament.gr/UserFiles/bbb19498-1ec8-431f-82e6-023bb91713a9/9628547.pdf
Greek Law 4403/2016 on the Publication of Non-Financial Information,https://www.hellenicparliament.gr/UserFiles/bbb19498-1ec8-431f-82e6-023bb91713a9/9629208.pdf
Greek Law 4403/2016 on the Publication of Non-Financial Information,https://www.hellenicparliament.gr/UserFiles/bbb19498-1ec8-431f-82e6-023bb91713a9/9633221.pdf
Greek Law 4403/2016 on the Publication of Non-Financial Information,https://www.hellenicparliament.gr/UserFiles/bbb19498-1ec8-431f-82e6-023bb91713a9/9633233.pdf
Greek Law 4403/2016 on the Publication of Non-Financial Information,https://www.hellenicparliament.gr/UserFiles/bbb19498-1ec8-431f-82e6-023bb91713a9/9635122.pdf
Greek Law 4403/2016 on the Publication of Non-Financial Information,https://www.hellenicparliament.gr/UserFiles/bbb19498-1ec8-431f-82e6-023bb91713a9/9635124.pdf
Greek Law 4403/2016 on the Publication of Non-Financial Information,https://www.hellenicparliament.gr/UserFiles/bbb19498-1ec8-431f-82e6-023bb91713a9/9635255.pdf
Greek Law 4403/2016 on the Publication of Non-Financial Information,https://www.hellenicparliament.gr/UserFiles/bbb19498-1ec8-431f-82e6-023bb91713a9/9636418.pdf
Greek Law 4403/2016 on the Publication of Non-Financial Information,https://www.hellenicparliament.gr/UserFiles/bbb19498-1ec8-431f-82e6-023bb91713a9/9636468.pdf
Greek Law 4403/2016 on the Publication of Non-Financial Information,https://www.hellenicparliament.gr/UserFiles/bbb19498-1ec8-431f-82e6-023bb91713a9/9636641.pdf
Greek Law 4403/2016 on the Publication of Non-Financial Information,https://www.hellenicparliament.gr/UserFiles/bbb19498-1ec8-431f-82e6-023bb91713a9/9636644.pdf
Mongolia's Green Development Policy and Action Plan,https://www.greenfinanceplatform.org/sites/default/files/downloads/policy-database//MONGOLIA%29%20Action%20Plan%2C%20Green%20Development%20Policy%20of%20Mongolia.pdf
Mongolia's Green Development Policy and Action Plan,https://www.greenfinanceplatform.org/sites/default/files/downloads/policy-database//MONGOLIA%29%20Action%20Plan%2C%20Green%20Development%20Policy%20of%20Mongolia.pdf
The California Lending for Energy and Environmental Needs (CLEEN) Center,https://cdn.ibank.ca.gov/wp-content/uploads/2023/09/IBankClimateFinancingFactSheet.pdf
"A Bulletin Issued by the United States Department of Labor Clarifies that Environmental, Social, and Governance (ESG) Factors Can Be Part of Investment Decision Making",https://www.govinfo.gov/content/pkg/FR-2015-10-26/pdf/2015-27146.pdf
"A Bulletin Issued by the United States Department of Labor Clarifies that Environmental, Social, and Governance (ESG) Factors Can Be Part of Investment Decision Making",http://www.archives.gov/federal-register/write/handbook/ddh.pdf
"A Bulletin Issued by the United States Department of Labor Clarifies that Environmental, Social, and Governance (ESG) Factors Can Be Part of Investment Decision Making",https://www.govinfo.gov/content/pkg/FR-2015-10-26/pdf/2015-27146.pdf
"A Bulletin Issued by the United States Department of Labor Clarifies that Environmental, Social, and Governance (ESG) Factors Can Be Part of Investment Decision Making",https://public-inspection.federalregister.gov/2015-27146.pdf?1445526923
Guidelines for Information Disclosure on Securities Market (Circular 155/2015/TT-BTC),https://ssc.gov.vn/ssc/contentattachfile/idcplg?dID=103390&dDocName=APPSSCGOVVN162103170&Rendition=No.155-2015-TT-BTC&filename=C155mf6Oct15DisclosureInformationSecurities%20(ban%20day%20du).pdf
California has Issued a USD 300 Million Green Bond,https://www.climatebonds.net/files/files/Sovereign_Briefing2017.pdf
Revisions to Financial Condition Examiners Handbook,https://content.naic.org/sites/default/files/inline-files/2023%20E-Financial%20Examiners%20Handbook%20TG_3.pdf
Revisions to Financial Condition Examiners Handbook,https://content.naic.org/sites/default/files/call_materials/FEHTG%2011.13.23%20Meeting%20Materials.pdf
Revisions to Financial Condition Examiners Handbook,https://content.naic.org/sites/default/files/inline-files/cmte_e_fehtg_exam_handbook_amendment_procedures.pdf
Revisions to Financial Condition Examiners Handbook,https://content.naic.org/sites/default/files/inline-files/Financial%20Examiners%20Comp%20and%20GERP%20Rates%202023%20%28FEHTG%20Page%29.pdf
Revisions to Financial Condition Examiners Handbook,https://content.naic.org/sites/default/files/inline-files/committees_e_examover_fehtg_Custodial_or_Safekeeping_Agreements.pdf
Revisions to Financial Condition Examiners Handbook,https://content.naic.org/sites/default/files/inline-files/committees_e_examover_fehtg_related_fin_cond_exam_hdbk_rev_form.pdf
Revisions to Financial Condition Examiners Handbook,https://content.naic.org/sites/default/files/inline-files/account_manager_rbc_updates_hard_card_1.pdf
Revisions to Financial Condition Examiners Handbook,https://content.naic.org/sites/default/files/documents/committee-list.pdf
"Germany's Act on the Supervision of Insurance Undertakings Requires Pension Funds to Report on Ethical, Social, and Ecological Considerations",https://www.bafin.de/SharedDocs/Downloads/EN/Aufsichtsrecht/dl_vag_en_va.pdf?__blob=publicationFile&v=2
Flood Re Makes the Flood Cover Part of Household Insurance Policies More Affordable,https://www.floodre.co.uk/wp-content/uploads/Prevention-of-Modern-Slavery-and-Human-Trafficking-Policy.pdf
Natural Capital Financing Facility,https://www.eib.org/attachments/cef-final-recipients-2022.pdf
Natural Capital Financing Facility,https://www.eib.org/attachments/documents/innovfin_final_recipients_2022_en.pdf
Natural Capital Financing Facility,https://www.eib.org/attachments/ncff-financed-projects-en.pdf
Natural Capital Financing Facility,https://www.eib.org/attachments/ncff-ta-operations-en.pdf
Natural Capital Financing Facility,https://www.eib.org/attachments/pj/ncff-invest-nature-report-en.pdf
Natural Capital Financing Facility,https://www.eib.org/attachments/pf4ee_support_beneficiaries.pdf
New York's Green Bank to Increase Investments in Clean Energy Markets,https://greenbank.ny.gov/-/media/Project/Greenbank/Files/NYGB_Quarterly_Report_PSC_Jun_2023_230831_vf.pdf
New York's Green Bank to Increase Investments in Clean Energy Markets,https://greenbank.ny.gov/-/media/Project/Nyserda/Files/Publications/Case-Studies/RiseBoro.pdf
Sustainable Finance Guiding Principles Adopted by Kenya's Banking Industry,https://www.kba.co.ke/wp-content/uploads/2023/09/Bank-and-Branches-July-2023v.pdf
Sustainable Finance Guiding Principles Adopted by Kenya's Banking Industry,https://www.kba.co.ke/wp-content/uploads/2022/05/Branches_list-2022.pdf
"CODIM Pronouncement no. 13 and 14, 2012",https://www.codim.org.br/Arquivos/Download/245-PO-CODIM-N26-Divulgacao-da-Saida-de-Exec-Relev-da-Cia-20200205.pdf
"CODIM Pronouncement no. 13 and 14, 2012",https://www.codim.org.br/Arquivos/Download/229-po-codim-n25-preview-20190801.pdf
"CODIM Pronouncement no. 13 and 14, 2012",https://www.codim.org.br/Arquivos/Download/166-PO-CODIM-N21-Segmentacao-da-Comunicacao-com-o-Publico-do-Mercado-de-Capitais-20170119.pdf
"CODIM Pronouncement no. 13 and 14, 2012",https://www.codim.org.br/Arquivos/Download/158-PO-CODIM-N17-Relacionamento-da-Companhia-com-Imprensa-R1-Comparativo-20150910.pdf
"CODIM Pronouncement no. 13 and 14, 2012",https://www.codim.org.br/Arquivos/Download/155-PO-CODIM-N16-Informacao-Relevante-nao-Divulgada-ao-Mercado-R1-Comparativo-20150910.pdf
"CODIM Pronouncement no. 13 and 14, 2012",https://www.codim.org.br/Arquivos/Download/153-PO-CODIM-N15-Codigo-de-Conduta-da-Companhia-R1-Comparativo-20151008.pdf
"CODIM Pronouncement no. 13 and 14, 2012",https://www.codim.org.br/Arquivos/Download/175-PO-N14-Melhores-Prat-Div-de-Inf-Sustentabilidade-R2.pdf
"CODIM Pronouncement no. 13 and 14, 2012",https://www.codim.org.br/Arquivos/Download/173-PO-N14-Melhores-Prat-Div-de-Inf-Sustentabilidade-Comparativo.pdf
"CODIM Pronouncement no. 13 and 14, 2012",https://www.codim.org.br/Arquivos/Download/151-PO-CODIM-N14-Melhores-Praticas-de-Divulgacao-de-Informacoes-sobre-Sustentabilidade-R1-Comparativo-20151210.pdf
"CODIM Pronouncement no. 13 and 14, 2012",https://www.codim.org.br/Arquivos/Download/174-PO-N13-Elaboracao-e-Divulgacao-do-Relatorio-Anual-R2.pdf
"CODIM Pronouncement no. 13 and 14, 2012",https://www.codim.org.br/Arquivos/Download/172-PO-N13-Elaboracao-Divulgacao-do-Relatorio-Anual-Comparativo.pdf
"CODIM Pronouncement no. 13 and 14, 2012",https://www.codim.org.br/Arquivos/Download/148-PO-CODIM-N13-Elaboracao-e-Divulgacao-do-Relatorio-Anual-R1-Comparativo-20151112.pdf
"CODIM Pronouncement no. 13 and 14, 2012",https://www.codim.org.br/Arquivos/Download/146-PO-CODIM-N12-Comunicacao-Eletronica-E-mail-R1-Comparativo-20150902.pdf
"CODIM Pronouncement no. 13 and 14, 2012",https://www.codim.org.br/Arquivos/Download/144-PO-CODIM-N11-Periodo-de-Silencio-em-Ofertas-Publicas-Manifestacao-na-Midia-RI-Comparativo-20150910.pdf
"CODIM Pronouncement no. 13 and 14, 2012",https://www.codim.org.br/Arquivos/Download/141-PO-CODIM-N10-Comunicacao-Eletronica-Website-de-RI-R1-Comparativo-20150910.pdf
"CODIM Pronouncement no. 13 and 14, 2012",https://www.codim.org.br/Arquivos/Download/139-PO-CODIM-N09-Instrucoes-Preparativas-para-o-Formulario-de-Referencia-R1-Comparativo-20150910.pdf
"CODIM Pronouncement no. 13 and 14, 2012",https://www.codim.org.br/Arquivos/Download/136-PO-CODIM-N08-Melhores-Praticas-de-Divulgacao-de-Resultados-Periodicos-R1-Comparativo-20151112.pdf
"CODIM Pronouncement no. 13 and 14, 2012",https://www.codim.org.br/Arquivos/Download/134-PO-CODIM-N07-Periodo-de-Silencio-antes-da-Divulgacao-Publica-das-Demonstracoes-Contabeis-R1-Comparativo-20150910.pdf
"CODIM Pronouncement no. 13 and 14, 2012",https://www.codim.org.br/Arquivos/Download/132-PO-CODIM-N06-Release-R1-Comparativo-20151023.pdf
"CODIM Pronouncement no. 13 and 14, 2012",https://www.codim.org.br/Arquivos/Download/130-PO-CODIM-N05-Ato-ou-Fato-Relevante-R1-Comparativo-20150910.pdf
"CODIM Pronouncement no. 13 and 14, 2012",https://www.codim.org.br/Arquivos/Download/128-PO-CODIM-N04-Guidance-R1-Comparativo-20150910.pdf
"CODIM Pronouncement no. 13 and 14, 2012",https://www.codim.org.br/Arquivos/Download/126-PO-CODIM-N03-Reunioes-Restritas-R1-Comparativo-20150910.pdf
"CODIM Pronouncement no. 13 and 14, 2012",https://www.codim.org.br/Arquivos/Download/121-PO-CODIM-N02-Apresentacoes-Publicas-Periodicas-R1-Comparativo-20151008.pdf
"CODIM Pronouncement no. 13 and 14, 2012",https://www.codim.org.br/Arquivos/Download/120-PO-CODIM-N01-Teleconferencias-R1-Comparativo-20151112.pdf
Japan Green Fund (Japan Green Finance Organisation),http://greenfinance.jp/news/case20230823.pdf
Japan Green Fund (Japan Green Finance Organisation),http://greenfinance.jp/news/case20230706.pdf
Japan Green Fund (Japan Green Finance Organisation),http://greenfinance.jp/news/case20230627.pdf
Japan Green Fund (Japan Green Finance Organisation),http://greenfinance.jp/news/case20230526.pdf
Japan Green Fund (Japan Green Finance Organisation),http://greenfinance.jp/news/case20230331.pdf
Japan Green Fund (Japan Green Finance Organisation),http://greenfinance.jp/news/rkouhu_r4_2.pdf
Japan Green Fund (Japan Green Finance Organisation),http://greenfinance.jp/news/bkouhu_r4_2.pdf
Japan Green Fund (Japan Green Finance Organisation),http://greenfinance.jp/news/r4pkoubo.pdf
Japan Green Fund (Japan Green Finance Organisation),http://greenfinance.jp/news/chiiki_r4.pdf
Japan Green Fund (Japan Green Finance Organisation),http://greenfinance.jp/news/case20220601.pdf
Japan Green Fund (Japan Green Finance Organisation),http://greenfinance.jp/news/rkouhu_r4.pdf
Japan Green Fund (Japan Green Finance Organisation),http://greenfinance.jp/news/bkouhu_r4.pdf
Japan Green Fund (Japan Green Finance Organisation),https://greenfinance.jp/example/case20220428.pdf
Japan Green Fund (Japan Green Finance Organisation),http://greenfinance.jp/news/case20220331-2.pdf
Hawaii's Green Infrastructure Authority Makes Clean Energy Investments More Accessible and Affordable,https://gems.hawaii.gov/wp-content/uploads/2017/11/17.11.14-HGIA-State-of-Green-Banks-Nationwide.pdf
Hawaii's Green Infrastructure Authority Makes Clean Energy Investments More Accessible and Affordable,https://gems.hawaii.gov/wp-content/uploads/2017/11/State-of-the-Solar-Industry-GEMS-2017-Nov.pdf
Hawaii's Green Infrastructure Authority Makes Clean Energy Investments More Accessible and Affordable,https://gems.hawaii.gov/wp-content/uploads/2017/11/The-State-of-GEMS_11-14-17.pdf
Hawaii's Green Infrastructure Authority Makes Clean Energy Investments More Accessible and Affordable,https://gems.hawaii.gov/wp-content/uploads/2017/05/HGIA_Audit_06-30-2015.pdf
Hawaii's Green Infrastructure Authority Makes Clean Energy Investments More Accessible and Affordable,https://gems.hawaii.gov/wp-content/uploads/2017/05/HGIA_Audit_06-30-2016.pdf
National Impact Initiative,http://www.opic.gov/sites/default/files/files/OPIC_2012_Final.pdf
FIji's Agriculture and Renewable Energy Loans Ratio,https://www.rbf.gov.fj/wp-content/uploads/2012/02/Press-Release-No-6-RBF-Introduces-Agriculture-and-Renewable-Energy-Loans-Ratio.pdf
Norway Adopts Amendment to the Accounting Act of 1998 that Requires Corporate Social Responsibility (CSR) Reporting by Large Companies,https://www.regjeringen.no/contentassets/7a38def698b64488a427633f4dc2592b/en-gb/pdfs/stm201320140021000engpdfs.pdf
St. Vincent and the Grenadines National Economic and Social Development Plan 2013 - 2025,https://finance.gov.vc/finance/images/PDF/nesdppart1.pdf
St. Vincent and the Grenadines National Economic and Social Development Plan 2013 - 2025,https://finance.gov.vc/finance/images/PDF/nesdppart2.pdf
Law 1523/2012 Expands the Role of Colombia's National Fund for Disaster Risk Management (FNGRD),https://www.oecd-ilibrary.org/deliver/eeb81954-en.pdf?itemId=%2Fcontent%2Fpublication%2Feeb81954-en&mimeType=pdf
Law 1523/2012 Expands the Role of Colombia's National Fund for Disaster Risk Management (FNGRD),https://www.oecd-ilibrary.org/foreword_8199bbc3-en.pdf?itemId=%2Fcontent%2Fcomponent%2F8199bbc3-en&mimeType=pdf
Law 1523/2012 Expands the Role of Colombia's National Fund for Disaster Risk Management (FNGRD),https://www.oecd-ilibrary.org/acronyms-and-abbreviations_12aeabbd-en.pdf?itemId=%2Fcontent%2Fcomponent%2F12aeabbd-en&mimeType=pdf
Law 1523/2012 Expands the Role of Colombia's National Fund for Disaster Risk Management (FNGRD),https://www.oecd-ilibrary.org/executive-summary_2eba6e56-en.pdf?itemId=%2Fcontent%2Fcomponent%2F2eba6e56-en&mimeType=pdf
Law 1523/2012 Expands the Role of Colombia's National Fund for Disaster Risk Management (FNGRD),https://www.oecd-ilibrary.org/assessment-and-recommendations_baac4746-en.pdf?itemId=%2Fcontent%2Fcomponent%2Fbaac4746-en&mimeType=pdf
Law 1523/2012 Expands the Role of Colombia's National Fund for Disaster Risk Management (FNGRD),https://www.oecd-ilibrary.org/national-context-for-disaster-risk-management-in-colombia_8a68d6d6-en.pdf?itemId=%2Fcontent%2Fcomponent%2F8a68d6d6-en&mimeType=pdf
Law 1523/2012 Expands the Role of Colombia's National Fund for Disaster Risk Management (FNGRD),https://www.oecd-ilibrary.org/colombia-s-strategic-framework-for-disaster-risk-governance_ac20a9c8-en.pdf?itemId=%2Fcontent%2Fcomponent%2Fac20a9c8-en&mimeType=pdf
Law 1523/2012 Expands the Role of Colombia's National Fund for Disaster Risk Management (FNGRD),https://www.oecd-ilibrary.org/disaster-risk-identification-and-assessment-in-colombia_57d2d1a7-en.pdf?itemId=%2Fcontent%2Fcomponent%2F57d2d1a7-en&mimeType=pdf
Law 1523/2012 Expands the Role of Colombia's National Fund for Disaster Risk Management (FNGRD),https://www.oecd-ilibrary.org/disaster-risk-reduction-in-colombia_0697460c-en.pdf?itemId=%2Fcontent%2Fcomponent%2F0697460c-en&mimeType=pdf
Law 1523/2012 Expands the Role of Colombia's National Fund for Disaster Risk Management (FNGRD),https://www.oecd-ilibrary.org/disaster-preparedness-and-response-in-colombia_529133b5-en.pdf?itemId=%2Fcontent%2Fcomponent%2F529133b5-en&mimeType=pdf
Law 1523/2012 Expands the Role of Colombia's National Fund for Disaster Risk Management (FNGRD),https://www.oecd-ilibrary.org/disaster-recovery-and-reconstruction-in-colombia_9cf613fe-en.pdf?itemId=%2Fcontent%2Fcomponent%2F9cf613fe-en&mimeType=pdf
Law 1523/2012 Expands the Role of Colombia's National Fund for Disaster Risk Management (FNGRD),https://www.oecd-ilibrary.org/stakeholder-interviewees_f322a290-en.pdf?itemId=%2Fcontent%2Fcomponent%2Ff322a290-en&mimeType=pdf
Law 1523/2012 Expands the Role of Colombia's National Fund for Disaster Risk Management (FNGRD),https://www.oecd-ilibrary.org/list-of-respondents-to-the-questionnaire_777e34e7-en.pdf?itemId=%2Fcontent%2Fcomponent%2F777e34e7-en&mimeType=pdf
Law 1523/2012 Expands the Role of Colombia's National Fund for Disaster Risk Management (FNGRD),https://www.oecd-ilibrary.org/questionnaires_4136692f-en.pdf?itemId=%2Fcontent%2Fcomponent%2F4136692f-en&mimeType=pdf
Law Commission Report,https://www.gov.uk/government/uploads/system/uploads/attachment_data/file/367070/bis-14-1157-implementation-of-the-kay-review-progress-report.pdf
Law Commission Report,https://s3-eu-west-2.amazonaws.com/cloud-platform-e218f50a4812967ba1215eaecede923f/uploads/sites/30/2015/03/kay-review-of-equity-markets-final-report.pdf
Law Commission Report,https://s3-eu-west-2.amazonaws.com/cloud-platform-e218f50a4812967ba1215eaecede923f/uploads/sites/30/2015/03/equity-markets-support-growth-response-to-kay-review.pdf
Law Commission Report,https://s3-eu-west-2.amazonaws.com/cloud-platform-e218f50a4812967ba1215eaecede923f/uploads/sites/30/2015/03/kay_final_terms_of_reference.pdf
Law Commission Report,https://cloud-platform-e218f50a4812967ba1215eaecede923f.s3.amazonaws.com/uploads/sites/30/2015/03/lc350_fiduciary_duties.pdf
Law Commission Report,https://cloud-platform-e218f50a4812967ba1215eaecede923f.s3.amazonaws.com/uploads/sites/30/2015/03/lc350_fiduciary_duties_summary.pdf
Law Commission Report,https://cloud-platform-e218f50a4812967ba1215eaecede923f.s3.amazonaws.com/uploads/sites/30/2015/03/lc350_fiduciary_duties_guidance.pdf
Law Commission Report,https://cloud-platform-e218f50a4812967ba1215eaecede923f.s3.amazonaws.com/uploads/sites/30/2015/03/cp215_fiduciary_duties.pdf
Law Commission Report,https://cloud-platform-e218f50a4812967ba1215eaecede923f.s3.amazonaws.com/uploads/sites/30/2015/03/cp215_fiduciary_duties_summary_web.pdf
Law Commission Report,https://cloud-platform-e218f50a4812967ba1215eaecede923f.s3.amazonaws.com/uploads/sites/30/2015/03/cp215_fiduciary_duties_responses.pdf
Law Commission Report,https://cloud-platform-e218f50a4812967ba1215eaecede923f.s3.amazonaws.com/uploads/sites/30/2015/06/kay-review-of-equity-markets-final-report.pdf
Law Commission Report,https://cloud-platform-e218f50a4812967ba1215eaecede923f.s3.amazonaws.com/uploads/sites/30/2015/06/bis-14-1157-implementation-of-the-kay-review-progress-report.pdf
Law Commission Report,https://cloud-platform-e218f50a4812967ba1215eaecede923f.s3.amazonaws.com/uploads/sites/30/2015/06/equity-markets-support-growth-response-to-kay-review.pdf
Law Commission Report,https://cloud-platform-e218f50a4812967ba1215eaecede923f.s3.amazonaws.com/uploads/sites/30/2015/06/kay_final_terms_of_reference.pdf
German Sustainability Code,https://www.nachhaltigkeitsrat.de/wp-content/uploads/2018/03/The_SustainabilityCode_2017.pdf
German Sustainability Code,https://www.nachhaltigkeitsrat.de/wp-content/uploads/2018/05/RNE_Sustainability_Code_Higher_Education_Institutions.pdf
German Sustainability Code,http://dip21.bundestag.de/dip21/btd/18/114/1811450.pdf
National Strategy for Climate Change and Low Carbon Development,https://www.greenfinanceplatform.org/sites/default/files/downloads/policy-database//RWANDA%29%20Green%20Growth%20and%20Climate%20Resilience%20-%20National%20Strategy%20for%20Climate%20Change%20and%20Low%20Carbon%20Development.pdf
National Strategy for Climate Change and Low Carbon Development,https://www.greenfinanceplatform.org/sites/default/files/downloads/policy-database//RWANDA%29%20Green%20Growth%20and%20Climate%20Resilience%20-%20National%20Strategy%20for%20Climate%20Change%20and%20Low%20Carbon%20Development.pdf
Ethiopia’s Climate Resilient Green Economy Strategy 2011,https://www.greenfinanceplatform.org/sites/default/files/downloads/policy-database//ETHIOPIA%29%20Ethiopia%27s%20Climate-Resilient%20Green%20Economy%20-%20Green%20Economy%20Strategy.pdf
Ethiopia’s Climate Resilient Green Economy Strategy 2011,https://www.greenfinanceplatform.org/sites/default/files/downloads/policy-database//ETHIOPIA%29%20Ethiopia%27s%20Climate-Resilient%20Green%20Economy%20-%20Green%20Economy%20Strategy.pdf
The UK's Climate Change Act of 2008,https://www.legislation.gov.uk/ukpga/2008/27/pdfs/ukpga_20080027_en.pdf
The UK's Climate Change Act of 2008,https://www.legislation.gov.uk/ukpga/2008/27/contents/data.pdf
The UK's Climate Change Act of 2008,https://www.legislation.gov.uk/ukpga/2008/27/data.pdf
Mexican Pension Funds Regulator (CONSAR) Issues Rule With Obligation to Analyse Companies’ Social Responsibility,https://www.gob.mx/cms/uploads/attachment/file/561772/CUF_compilada_20200303_.pdf
Mexican Pension Funds Regulator (CONSAR) Issues Rule With Obligation to Analyse Companies’ Social Responsibility,https://www.gob.mx/cms/uploads/attachment/file/790900/CUF_COMPILADA__20230111.pdf
Mexican Pension Funds Regulator (CONSAR) Issues Rule With Obligation to Analyse Companies’ Social Responsibility,https://www.gob.mx/cms/uploads/attachment/file/789100/SHCP_MODIFICACIONES_a_la_CUF_20221227.pdf
Mexican Pension Funds Regulator (CONSAR) Issues Rule With Obligation to Analyse Companies’ Social Responsibility,https://www.gob.mx/cms/uploads/attachment/file/768163/CUF_20220927.pdf
Mexican Pension Funds Regulator (CONSAR) Issues Rule With Obligation to Analyse Companies’ Social Responsibility,https://www.gob.mx/cms/uploads/attachment/file/713446/MODIFICACIO_N_Disposiciones_CUF_20220329.pdf
Mexican Pension Funds Regulator (CONSAR) Issues Rule With Obligation to Analyse Companies’ Social Responsibility,https://www.gob.mx/cms/uploads/attachment/file/702706/CUF_20220203.pdf
Mexican Pension Funds Regulator (CONSAR) Issues Rule With Obligation to Analyse Companies’ Social Responsibility,https://www.gob.mx/cms/uploads/attachment/file/576397/cuf_07_sept_20.pdf
Mexican Pension Funds Regulator (CONSAR) Issues Rule With Obligation to Analyse Companies’ Social Responsibility,https://www.gob.mx/cms/uploads/attachment/file/542141/Modificaciones_CUF_20200303.pdf
Mexican Pension Funds Regulator (CONSAR) Issues Rule With Obligation to Analyse Companies’ Social Responsibility,https://www.gob.mx/cms/uploads/attachment/file/494598/CUF_18_sept_2019.pdf
Mexican Pension Funds Regulator (CONSAR) Issues Rule With Obligation to Analyse Companies’ Social Responsibility,https://www.gob.mx/cms/uploads/attachment/file/495757/Requisitos_mi_nimos_que_debera_n_cumplir_los_Custodios_23092019.pdf
Mexican Pension Funds Regulator (CONSAR) Issues Rule With Obligation to Analyse Companies’ Social Responsibility,https://www.gob.mx/cms/uploads/attachment/file/676520/Esce_fijos_calc_del_Diferencial_del_CVaR_y__PID.pdf
Mexican Pension Funds Regulator (CONSAR) Issues Rule With Obligation to Analyse Companies’ Social Responsibility,https://www.gob.mx/cms/uploads/attachment/file/790900/CUF_COMPILADA__20230111.pdf
Mexican Pension Funds Regulator (CONSAR) Issues Rule With Obligation to Analyse Companies’ Social Responsibility,https://www.gob.mx/cms/uploads/attachment/file/730050/SHCP_Disposiciones_para_el_procedimiento_de_construccio_n_IRN_de_SIEFORES.pdf
Mexican Pension Funds Regulator (CONSAR) Issues Rule With Obligation to Analyse Companies’ Social Responsibility,https://www.gob.mx/cms/uploads/attachment/file/730050/SHCP_Disposiciones_para_el_procedimiento_de_construccio_n_IRN_de_SIEFORES.pdf
Mexican Pension Funds Regulator (CONSAR) Issues Rule With Obligation to Analyse Companies’ Social Responsibility,https://www.gob.mx/cms/uploads/attachment/file/871273/CUO_COMPILADA_20231017.pdf
Mexican Pension Funds Regulator (CONSAR) Issues Rule With Obligation to Analyse Companies’ Social Responsibility,https://www.gob.mx/cms/uploads/attachment/file/848505/Modificaciones_CUO_20230808.pdf
Mexican Pension Funds Regulator (CONSAR) Issues Rule With Obligation to Analyse Companies’ Social Responsibility,https://www.gob.mx/cms/uploads/attachment/file/754977/Modificacio_n_CUO_20220823.pdf
Mexican Pension Funds Regulator (CONSAR) Issues Rule With Obligation to Analyse Companies’ Social Responsibility,https://www.gob.mx/cms/uploads/attachment/file/693306/CUO_20221301_4_.pdf
Mexican Pension Funds Regulator (CONSAR) Issues Rule With Obligation to Analyse Companies’ Social Responsibility,https://www.gob.mx/cms/uploads/attachment/file/649054/MODIFICACIONES_CUO_20210629.pdf
Mexican Pension Funds Regulator (CONSAR) Issues Rule With Obligation to Analyse Companies’ Social Responsibility,https://www.gob.mx/cms/uploads/attachment/file/600859/modif_cuo_10_12_20.pdf
Mexican Pension Funds Regulator (CONSAR) Issues Rule With Obligation to Analyse Companies’ Social Responsibility,https://www.gob.mx/cms/uploads/attachment/file/594000/modif__y_adicio_a_dispo__en_materi_de_opera__sar_23-11_20.pdf
Mexican Pension Funds Regulator (CONSAR) Issues Rule With Obligation to Analyse Companies’ Social Responsibility,https://www.gob.mx/cms/uploads/attachment/file/552394/modifCUO15-05-20.pdf
Mexican Pension Funds Regulator (CONSAR) Issues Rule With Obligation to Analyse Companies’ Social Responsibility,https://www.gob.mx/cms/uploads/attachment/file/515513/MODIFICACIONES_a_las_disposiciones_de_cara_cter_general_en_materia_de_ope....pdf
Mexican Pension Funds Regulator (CONSAR) Issues Rule With Obligation to Analyse Companies’ Social Responsibility,https://www.gob.mx/cms/uploads/attachment/file/494383/MODIFICACIONES__CUO_20190913.pdf
Mexican Pension Funds Regulator (CONSAR) Issues Rule With Obligation to Analyse Companies’ Social Responsibility,https://www.gob.mx/cms/uploads/attachment/file/469867/Modificaciones_CUO_20190618.pdf
Mexican Pension Funds Regulator (CONSAR) Issues Rule With Obligation to Analyse Companies’ Social Responsibility,https://www.gob.mx/cms/uploads/attachment/file/447024/MODIFICACIONES_Y_ADICIONES_CUO_20190320.pdf
Mexican Pension Funds Regulator (CONSAR) Issues Rule With Obligation to Analyse Companies’ Social Responsibility,https://www.gob.mx/cms/uploads/attachment/file/413783/2018_1116_MODIFICACIONES_y_adiciones_a_las_Disposiciones_materia_de_operaciones_de_los_SAR.pdf
Mexican Pension Funds Regulator (CONSAR) Issues Rule With Obligation to Analyse Companies’ Social Responsibility,https://www.gob.mx/cms/uploads/attachment/file/239114/Modificaciones_a_las_Disposiciones_de_cara_cter_general_en_materia_de_operaciones_SAR_20170704.pdf
Mexican Pension Funds Regulator (CONSAR) Issues Rule With Obligation to Analyse Companies’ Social Responsibility,http://www.gob.mx/cms/uploads/attachment/file/159016/18_10_2016.pdf
Mexican Pension Funds Regulator (CONSAR) Issues Rule With Obligation to Analyse Companies’ Social Responsibility,http://www.gob.mx/cms/uploads/attachment/file/159015/25_08_2016.pdf
Mexican Pension Funds Regulator (CONSAR) Issues Rule With Obligation to Analyse Companies’ Social Responsibility,http://www.gob.mx/cms/uploads/attachment/file/110157/CUO_2a_modi_29062016_DOF.pdf
Mexican Pension Funds Regulator (CONSAR) Issues Rule With Obligation to Analyse Companies’ Social Responsibility,http://www.gob.mx/cms/uploads/attachment/file/85493/CUO_20160421.pdf
Mexican Pension Funds Regulator (CONSAR) Issues Rule With Obligation to Analyse Companies’ Social Responsibility,http://www.gob.mx/cms/uploads/attachment/file/113079/Disposiciones_en_materia_de_operaciones_SAR_20151228.pdf
Mexican Pension Funds Regulator (CONSAR) Issues Rule With Obligation to Analyse Companies’ Social Responsibility,https://www.gob.mx/cms/uploads/attachment/file/871273/CUO_COMPILADA_20231017.pdf
Mexican Pension Funds Regulator (CONSAR) Issues Rule With Obligation to Analyse Companies’ Social Responsibility,https://www.gob.mx/cms/uploads/attachment/file/446645/DISPOSICIONES_MODELOS_NOVEDODOS_20190311.pdf
Mexican Pension Funds Regulator (CONSAR) Issues Rule With Obligation to Analyse Companies’ Social Responsibility,https://www.gob.mx/cms/uploads/attachment/file/446645/DISPOSICIONES_MODELOS_NOVEDODOS_20190311.pdf
Mexican Pension Funds Regulator (CONSAR) Issues Rule With Obligation to Analyse Companies’ Social Responsibility,https://www.gob.mx/cms/uploads/attachment/file/446644/DISPOSICIONES_PROGRAMAS_DE_AUTOCORRECCIO_N_20190311.pdf
Mexican Pension Funds Regulator (CONSAR) Issues Rule With Obligation to Analyse Companies’ Social Responsibility,https://www.gob.mx/cms/uploads/attachment/file/446644/DISPOSICIONES_PROGRAMAS_DE_AUTOCORRECCIO_N_20190311.pdf
Mexican Pension Funds Regulator (CONSAR) Issues Rule With Obligation to Analyse Companies’ Social Responsibility,https://www.gob.mx/cms/uploads/attachment/file/446643/LINEAMIENTOS_DIVULGACION_SANCIONES_LFINTECH_20190312.pdf
Mexican Pension Funds Regulator (CONSAR) Issues Rule With Obligation to Analyse Companies’ Social Responsibility,https://www.gob.mx/cms/uploads/attachment/file/446643/LINEAMIENTOS_DIVULGACION_SANCIONES_LFINTECH_20190312.pdf
Mexican Pension Funds Regulator (CONSAR) Issues Rule With Obligation to Analyse Companies’ Social Responsibility,https://www.gob.mx/cms/uploads/attachment/file/560387/Circular_de_Servicio_compilada_20200625.pdf
Mexican Pension Funds Regulator (CONSAR) Issues Rule With Obligation to Analyse Companies’ Social Responsibility,https://www.gob.mx/cms/uploads/attachment/file/560387/Circular_de_Servicio_compilada_20200625.pdf
Mexican Pension Funds Regulator (CONSAR) Issues Rule With Obligation to Analyse Companies’ Social Responsibility,https://www.gob.mx/cms/uploads/attachment/file/785518/SHCP_MODIFICACIONES_a_las_Disposiciones_de_cara_cter_general_en_materia_de_servicio_a_los_usuarios_de_los_SAR.pdf
Mexican Pension Funds Regulator (CONSAR) Issues Rule With Obligation to Analyse Companies’ Social Responsibility,https://www.gob.mx/cms/uploads/attachment/file/413449/2018_1116_DISPOSICIONES_de_cara_cter_gral_en_materia_de_servicio_a_los_Usuarios_de_los_SAR.pdf
Mexican Pension Funds Regulator (CONSAR) Issues Rule With Obligation to Analyse Companies’ Social Responsibility,https://www.gob.mx/cms/uploads/attachment/file/428629/Modificaciones_Circular_Servicio_20190117.pdf
Mexican Pension Funds Regulator (CONSAR) Issues Rule With Obligation to Analyse Companies’ Social Responsibility,https://www.gob.mx/cms/uploads/attachment/file/517704/Modificaciones_Disposiciones_en_materia_de_servicio_a_usuarios_de_los_SAR__agosto_.pdf
Mexican Pension Funds Regulator (CONSAR) Issues Rule With Obligation to Analyse Companies’ Social Responsibility,https://www.gob.mx/cms/uploads/attachment/file/517705/Modificaciones_Disposiciones_en_materia_de_servicio_a_usuarios_de_los_SAR__diciembre_.pdf
Mexican Pension Funds Regulator (CONSAR) Issues Rule With Obligation to Analyse Companies’ Social Responsibility,https://www.gob.mx/cms/uploads/attachment/file/546946/MODIFICACION_SERVICIOS__130420.pdf
Mexican Pension Funds Regulator (CONSAR) Issues Rule With Obligation to Analyse Companies’ Social Responsibility,https://www.gob.mx/cms/uploads/attachment/file/560387/Circular_de_Servicio_compilada_20200625.pdf
Mexican Pension Funds Regulator (CONSAR) Issues Rule With Obligation to Analyse Companies’ Social Responsibility,https://www.gob.mx/cms/uploads/attachment/file/705407/Circular_de_Servicio_compilada_20220222.pdf
Mexican Pension Funds Regulator (CONSAR) Issues Rule With Obligation to Analyse Companies’ Social Responsibility,https://www.gob.mx/cms/uploads/attachment/file/785519/Circular_de_Servicio_compilada_20221214_1_web.pdf
Mexican Pension Funds Regulator (CONSAR) Issues Rule With Obligation to Analyse Companies’ Social Responsibility,https://www.gob.mx/cms/uploads/attachment/file/348174/DISPOSICIONES_de_cara_cter_general_aplicables_a_las_sociedades_controladoras_de_grupos_financieros_y_subcontroladoras_que_regulan_las_materias_que_corresponden_de_manera_conjunta_a_las_Comisiones_Nacionales_Supervisoras.pdf
Mexican Pension Funds Regulator (CONSAR) Issues Rule With Obligation to Analyse Companies’ Social Responsibility,https://www.gob.mx/cms/uploads/attachment/file/348174/DISPOSICIONES_de_cara_cter_general_aplicables_a_las_sociedades_controladoras_de_grupos_financieros_y_subcontroladoras_que_regulan_las_materias_que_corresponden_de_manera_conjunta_a_las_Comisiones_Nacionales_Supervisoras.pdf
Mexican Pension Funds Regulator (CONSAR) Issues Rule With Obligation to Analyse Companies’ Social Responsibility,https://www.gob.mx/cms/uploads/attachment/file/692750/Resolucio_n_Sociedades_Controladoras_de_Grupos_Financieros.pdf
Mexican Pension Funds Regulator (CONSAR) Issues Rule With Obligation to Analyse Companies’ Social Responsibility,http://www.gob.mx/cms/uploads/attachment/file/169394/Disposiciones_Generales-Contralores_Normativos..pdf
Mexican Pension Funds Regulator (CONSAR) Issues Rule With Obligation to Analyse Companies’ Social Responsibility,http://www.gob.mx/cms/uploads/attachment/file/169394/Disposiciones_Generales-Contralores_Normativos..pdf
Mexican Pension Funds Regulator (CONSAR) Issues Rule With Obligation to Analyse Companies’ Social Responsibility,https://www.gob.mx/cms/uploads/attachment/file/791529/Modificaciones_CUCN_DOF_20221229.pdf
Mexican Pension Funds Regulator (CONSAR) Issues Rule With Obligation to Analyse Companies’ Social Responsibility,https://www.gob.mx/cms/uploads/attachment/file/791530/DISPOSICIONES_APLICABLES_A_LOS_CONTRALORES_NORMATIVOS_Compilada_20221229.pdf
Mexican Pension Funds Regulator (CONSAR) Issues Rule With Obligation to Analyse Companies’ Social Responsibility,https://www.gob.mx/cms/uploads/attachment/file/621945/compi_regis_contab.pdf
Mexican Pension Funds Regulator (CONSAR) Issues Rule With Obligation to Analyse Companies’ Social Responsibility,https://www.gob.mx/cms/uploads/attachment/file/779225/Modificaciones_disposiciones_contabilidad_20221122.pdf
Mexican Pension Funds Regulator (CONSAR) Issues Rule With Obligation to Analyse Companies’ Social Responsibility,https://www.gob.mx/cms/uploads/attachment/file/693801/14_de_diciembre_de_2021.pdf
Mexican Pension Funds Regulator (CONSAR) Issues Rule With Obligation to Analyse Companies’ Social Responsibility,https://www.gob.mx/cms/uploads/attachment/file/594111/dispo_carac__general_sobre_registro_de_contabili_24-11-20.pdf
Mexican Pension Funds Regulator (CONSAR) Issues Rule With Obligation to Analyse Companies’ Social Responsibility,https://www.gob.mx/cms/uploads/attachment/file/559800/CONSAR_-_Adicio_n_disposiciones_contabilidad.pdf
Mexican Pension Funds Regulator (CONSAR) Issues Rule With Obligation to Analyse Companies’ Social Responsibility,https://www.gob.mx/cms/uploads/attachment/file/559802/23_23-X-2019__SHCP-CONSAR_CIRCULAR_ESTADOS_FINANCIEROS.pdf
Mexican Pension Funds Regulator (CONSAR) Issues Rule With Obligation to Analyse Companies’ Social Responsibility,https://www.gob.mx/cms/uploads/attachment/file/779226/Disposiciones_contabilidad_COMPILADA_20221122.pdf
Mexican Pension Funds Regulator (CONSAR) Issues Rule With Obligation to Analyse Companies’ Social Responsibility,https://www.gob.mx/cms/uploads/attachment/file/647111/SHCP_Disposiciones_de_carac_gene_aplicables_a_los__retiros_programados.pdf
Mexican Pension Funds Regulator (CONSAR) Issues Rule With Obligation to Analyse Companies’ Social Responsibility,https://www.gob.mx/cms/uploads/attachment/file/779219/DISPOSICIONES_RETIROS_PROGRAMADOS_20221116.pdf
Mexican Pension Funds Regulator (CONSAR) Issues Rule With Obligation to Analyse Companies’ Social Responsibility,https://www.gob.mx/cms/uploads/attachment/file/647111/SHCP_Disposiciones_de_carac_gene_aplicables_a_los__retiros_programados.pdf
Mexican Pension Funds Regulator (CONSAR) Issues Rule With Obligation to Analyse Companies’ Social Responsibility,https://www.gob.mx/cms/uploads/attachment/file/704664/Disposiciones_Agentes_Promotores_Compilada_20220222.pdf
Mexican Pension Funds Regulator (CONSAR) Issues Rule With Obligation to Analyse Companies’ Social Responsibility,https://www.gob.mx/cms/uploads/attachment/file/704663/MODIFICACIO_N_Disposiciones_de_Agentes_Promotores_20220222.pdf
Mexican Pension Funds Regulator (CONSAR) Issues Rule With Obligation to Analyse Companies’ Social Responsibility,http://www.gob.mx/cms/uploads/attachment/file/64260/MODIFICACION_Disposiciones_de_Agentes_Promotores_20151228.pdf
Mexican Pension Funds Regulator (CONSAR) Issues Rule With Obligation to Analyse Companies’ Social Responsibility,http://www.gob.mx/cms/uploads/attachment/file/64261/DISPOSICIONES_de_agentes_promotores.pdf
Mexican Pension Funds Regulator (CONSAR) Issues Rule With Obligation to Analyse Companies’ Social Responsibility,https://www.gob.mx/cms/uploads/attachment/file/704664/Disposiciones_Agentes_Promotores_Compilada_20220222.pdf
Mexican Pension Funds Regulator (CONSAR) Issues Rule With Obligation to Analyse Companies’ Social Responsibility,https://www.gob.mx/cms/uploads/attachment/file/602217/CIRCULAR_DE_PUBLICIDAD_COMPILADO_20201222.pdf
Mexican Pension Funds Regulator (CONSAR) Issues Rule With Obligation to Analyse Companies’ Social Responsibility,https://www.gob.mx/cms/uploads/attachment/file/602050/SHCP_CONSAR_-_Modificaciones_disposiciones_publicidad.pdf
Mexican Pension Funds Regulator (CONSAR) Issues Rule With Obligation to Analyse Companies’ Social Responsibility,https://www.gob.mx/cms/uploads/attachment/file/466422/modif_public_31_mayo_2019.pdf
Mexican Pension Funds Regulator (CONSAR) Issues Rule With Obligation to Analyse Companies’ Social Responsibility,https://www.gob.mx/cms/uploads/attachment/file/387525/6_sep_2018.pdf
Mexican Pension Funds Regulator (CONSAR) Issues Rule With Obligation to Analyse Companies’ Social Responsibility,https://www.gob.mx/cms/uploads/attachment/file/282024/Disposiciones_Publicidad_y_Promocio_n_SAR_20171215.pdf
Mexican Pension Funds Regulator (CONSAR) Issues Rule With Obligation to Analyse Companies’ Social Responsibility,https://www.gob.mx/cms/uploads/attachment/file/602217/CIRCULAR_DE_PUBLICIDAD_COMPILADO_20201222.pdf
Mexican Pension Funds Regulator (CONSAR) Issues Rule With Obligation to Analyse Companies’ Social Responsibility,https://www.gob.mx/cms/uploads/attachment/file/850372/COMPILACIO_N_RI_20230815_115900_final.pdf
Mexican Pension Funds Regulator (CONSAR) Issues Rule With Obligation to Analyse Companies’ Social Responsibility,https://www.gob.mx/cms/uploads/attachment/file/850371/SHCP_Modificaciones_DCG_Re_gimen_de_Inversio_n.pdf
Mexican Pension Funds Regulator (CONSAR) Issues Rule With Obligation to Analyse Companies’ Social Responsibility,https://www.gob.mx/cms/uploads/attachment/file/736251/Acuerdo_RI_20220621.pdf
Mexican Pension Funds Regulator (CONSAR) Issues Rule With Obligation to Analyse Companies’ Social Responsibility,https://www.gob.mx/cms/uploads/attachment/file/637436/SHCP-Modificaciones_Re_gimen_Inversio_n_CONSAR_20210506.pdf
Mexican Pension Funds Regulator (CONSAR) Issues Rule With Obligation to Analyse Companies’ Social Responsibility,https://www.gob.mx/cms/uploads/attachment/file/850372/COMPILACIO_N_RI_20230815_115900_final.pdf
Mexican Pension Funds Regulator (CONSAR) Issues Rule With Obligation to Analyse Companies’ Social Responsibility,https://www.gob.mx/cms/uploads/attachment/file/263936/Relacio_n_de_Pai_ses_Elegibles_para_Inversiones_13102017.pdf
Mexican Pension Funds Regulator (CONSAR) Issues Rule With Obligation to Analyse Companies’ Social Responsibility,https://www.gob.mx/cms/uploads/attachment/file/566272/indi_referencia.pdf
Mexican Pension Funds Regulator (CONSAR) Issues Rule With Obligation to Analyse Companies’ Social Responsibility,http://www.gob.mx/cms/uploads/attachment/file/64318/Disposiciones_aplicables_a_planes_de_pensiones.pdf
Mexican Pension Funds Regulator (CONSAR) Issues Rule With Obligation to Analyse Companies’ Social Responsibility,http://www.gob.mx/cms/uploads/attachment/file/64320/Disposiciones_aplicables_a_planes_de_pensiones.pdf
Mexican Pension Funds Regulator (CONSAR) Issues Rule With Obligation to Analyse Companies’ Social Responsibility,http://www.gob.mx/cms/uploads/attachment/file/104905/DECRETO_Modificaciones_Plan_de_pensiones.pdf
Mexican Pension Funds Regulator (CONSAR) Issues Rule With Obligation to Analyse Companies’ Social Responsibility,https://www.gob.mx/cms/uploads/attachment/file/322714/Modificaciones_Disposiciones_Planes_de_Pensiones_20180502.pdf
Mexican Pension Funds Regulator (CONSAR) Issues Rule With Obligation to Analyse Companies’ Social Responsibility,https://www.gob.mx/cms/uploads/attachment/file/322715/COMPILADA_Disposiciones_Planes_de_Pensiones_20180502.pdf
Mexican Pension Funds Regulator (CONSAR) Issues Rule With Obligation to Analyse Companies’ Social Responsibility,https://www.gob.mx/cms/uploads/attachment/file/691132/RP_RE_20211231_.pdf
Mexican Pension Funds Regulator (CONSAR) Issues Rule With Obligation to Analyse Companies’ Social Responsibility,https://www.gob.mx/cms/uploads/attachment/file/504627/SHCP-CONSAR_Re_gimen_patrimonial_AFORES__SIEFORES__PENSIONISSSTE_y_Reserv....pdf
Mexican Pension Funds Regulator (CONSAR) Issues Rule With Obligation to Analyse Companies’ Social Responsibility,https://www.gob.mx/cms/uploads/attachment/file/691112/Regimen_Patrimonial_y_Reserva_Especial.pdf
Mexican Pension Funds Regulator (CONSAR) Issues Rule With Obligation to Analyse Companies’ Social Responsibility,https://www.gob.mx/cms/uploads/attachment/file/737606/Disposiciones_Re_gimen_Patrimonial_compilada_20211231.pdf
Mexican Pension Funds Regulator (CONSAR) Issues Rule With Obligation to Analyse Companies’ Social Responsibility,https://www.gob.mx/cms/uploads/attachment/file/743579/CAR_criterios_RE_29062022_VPF_publicacio_n_2_.pdf
Mexican Pension Funds Regulator (CONSAR) Issues Rule With Obligation to Analyse Companies’ Social Responsibility,http://www.gob.mx/cms/uploads/attachment/file/116055/DISPOSICIONES_COMISIONES_PROCESAR_20160603.pdf
Mexican Pension Funds Regulator (CONSAR) Issues Rule With Obligation to Analyse Companies’ Social Responsibility,http://www.gob.mx/cms/uploads/attachment/file/116055/DISPOSICIONES_COMISIONES_PROCESAR_20160603.pdf
Mexican Pension Funds Regulator (CONSAR) Issues Rule With Obligation to Analyse Companies’ Social Responsibility,http://www.gob.mx/cms/uploads/attachment/file/64351/Circular_CONSAR_16-2.pdf
Mexican Pension Funds Regulator (CONSAR) Issues Rule With Obligation to Analyse Companies’ Social Responsibility,http://www.gob.mx/cms/uploads/attachment/file/64361/Circular_CONSAR_16-2.pdf
Mexican Pension Funds Regulator (CONSAR) Issues Rule With Obligation to Analyse Companies’ Social Responsibility,https://www.gob.mx/cms/uploads/attachment/file/860612/Circular_19_30__20231002_C.pdf
Mexican Pension Funds Regulator (CONSAR) Issues Rule With Obligation to Analyse Companies’ Social Responsibility,https://www.gob.mx/cms/uploads/attachment/file/846097/CIRCULAR_19-29_20230707.pdf
Mexican Pension Funds Regulator (CONSAR) Issues Rule With Obligation to Analyse Companies’ Social Responsibility,https://www.gob.mx/cms/uploads/attachment/file/746519/Circular_19-28_20220725.pdf
Mexican Pension Funds Regulator (CONSAR) Issues Rule With Obligation to Analyse Companies’ Social Responsibility,https://www.gob.mx/cms/uploads/attachment/file/702341/Circular_19-27_20220204.pdf
Mexican Pension Funds Regulator (CONSAR) Issues Rule With Obligation to Analyse Companies’ Social Responsibility,https://www.gob.mx/cms/uploads/attachment/file/644961/Circular_19-26_20210531.pdf
Mexican Pension Funds Regulator (CONSAR) Issues Rule With Obligation to Analyse Companies’ Social Responsibility,https://www.gob.mx/cms/uploads/attachment/file/601909/Circular_19-25_17_12_20.pdf
Mexican Pension Funds Regulator (CONSAR) Issues Rule With Obligation to Analyse Companies’ Social Responsibility,https://www.gob.mx/cms/uploads/attachment/file/516798/Circular_CONSAR_19-24.pdf
Mexican Pension Funds Regulator (CONSAR) Issues Rule With Obligation to Analyse Companies’ Social Responsibility,https://www.gob.mx/cms/uploads/attachment/file/500138/Circular_CONSAR_19-23__20191008.pdf
Mexican Pension Funds Regulator (CONSAR) Issues Rule With Obligation to Analyse Companies’ Social Responsibility,http://www.gob.mx/cms/uploads/attachment/file/64408/Circular_CONSAR_19-08.pdf
Mexican Pension Funds Regulator (CONSAR) Issues Rule With Obligation to Analyse Companies’ Social Responsibility,http://www.gob.mx/cms/uploads/attachment/file/64420/Circular_CONSAR_19-09.pdf
Mexican Pension Funds Regulator (CONSAR) Issues Rule With Obligation to Analyse Companies’ Social Responsibility,http://www.gob.mx/cms/uploads/attachment/file/64424/Circular_CONSAR_19-10.pdf
Mexican Pension Funds Regulator (CONSAR) Issues Rule With Obligation to Analyse Companies’ Social Responsibility,http://www.gob.mx/cms/uploads/attachment/file/64430/Circular_CONSAR_19-11.pdf
Mexican Pension Funds Regulator (CONSAR) Issues Rule With Obligation to Analyse Companies’ Social Responsibility,http://www.gob.mx/cms/uploads/attachment/file/64440/Circular_CONSAR_19-12.pdf
Mexican Pension Funds Regulator (CONSAR) Issues Rule With Obligation to Analyse Companies’ Social Responsibility,http://www.gob.mx/cms/uploads/attachment/file/64485/Circular_CONSAR_19-13-Parte1.pdf
Mexican Pension Funds Regulator (CONSAR) Issues Rule With Obligation to Analyse Companies’ Social Responsibility,http://www.gob.mx/cms/uploads/attachment/file/64488/Circular_CONSAR_19-13-Parte2.pdf
Mexican Pension Funds Regulator (CONSAR) Issues Rule With Obligation to Analyse Companies’ Social Responsibility,http://www.gob.mx/cms/uploads/attachment/file/64489/Circular_CONSAR_19-13-Parte3.pdf
Mexican Pension Funds Regulator (CONSAR) Issues Rule With Obligation to Analyse Companies’ Social Responsibility,http://www.gob.mx/cms/uploads/attachment/file/64490/Circular_CONSAR_19-13-Parte4.pdf
Mexican Pension Funds Regulator (CONSAR) Issues Rule With Obligation to Analyse Companies’ Social Responsibility,http://www.gob.mx/cms/uploads/attachment/file/64491/Circular_CONSAR_19-14.pdf
Mexican Pension Funds Regulator (CONSAR) Issues Rule With Obligation to Analyse Companies’ Social Responsibility,http://www.gob.mx/cms/uploads/attachment/file/64495/CIRCULAR__CONSAR_19-15-Parte1.pdf
Mexican Pension Funds Regulator (CONSAR) Issues Rule With Obligation to Analyse Companies’ Social Responsibility,http://www.gob.mx/cms/uploads/attachment/file/64497/CIRCULAR__CONSAR_19-15-Parte2.pdf
Mexican Pension Funds Regulator (CONSAR) Issues Rule With Obligation to Analyse Companies’ Social Responsibility,http://www.gob.mx/cms/uploads/attachment/file/64497/CIRCULAR__CONSAR_19-15-Parte2.pdf
Mexican Pension Funds Regulator (CONSAR) Issues Rule With Obligation to Analyse Companies’ Social Responsibility,http://www.gob.mx/cms/uploads/attachment/file/64498/CIRCULAR__CONSAR_19-15-Parte3.pdf
Mexican Pension Funds Regulator (CONSAR) Issues Rule With Obligation to Analyse Companies’ Social Responsibility,http://www.gob.mx/cms/uploads/attachment/file/64503/CIRCULAR_CONSAR_19-16-Parte1.pdf
Mexican Pension Funds Regulator (CONSAR) Issues Rule With Obligation to Analyse Companies’ Social Responsibility,http://www.gob.mx/cms/uploads/attachment/file/64505/CIRCULAR_CONSAR_19-16-Parte2.pdf
Mexican Pension Funds Regulator (CONSAR) Issues Rule With Obligation to Analyse Companies’ Social Responsibility,http://www.gob.mx/cms/uploads/attachment/file/64505/CIRCULAR_CONSAR_19-16-Parte2.pdf
Mexican Pension Funds Regulator (CONSAR) Issues Rule With Obligation to Analyse Companies’ Social Responsibility,http://www.gob.mx/cms/uploads/attachment/file/64505/CIRCULAR_CONSAR_19-16-Parte2.pdf
Mexican Pension Funds Regulator (CONSAR) Issues Rule With Obligation to Analyse Companies’ Social Responsibility,http://www.gob.mx/cms/uploads/attachment/file/64507/CIRCULAR_CONSAR_19-17-Parte1.pdf
Mexican Pension Funds Regulator (CONSAR) Issues Rule With Obligation to Analyse Companies’ Social Responsibility,http://www.gob.mx/cms/uploads/attachment/file/64508/CIRCULAR_CONSAR_19-17-Parte2.pdf
Mexican Pension Funds Regulator (CONSAR) Issues Rule With Obligation to Analyse Companies’ Social Responsibility,http://www.gob.mx/cms/uploads/attachment/file/64508/CIRCULAR_CONSAR_19-17-Parte2.pdf
Mexican Pension Funds Regulator (CONSAR) Issues Rule With Obligation to Analyse Companies’ Social Responsibility,http://www.gob.mx/cms/uploads/attachment/file/64509/CIRCULAR_CONSAR_19-17-Parte3.pdf
Mexican Pension Funds Regulator (CONSAR) Issues Rule With Obligation to Analyse Companies’ Social Responsibility,http://www.gob.mx/cms/uploads/attachment/file/64509/CIRCULAR_CONSAR_19-17-Parte3.pdf
Mexican Pension Funds Regulator (CONSAR) Issues Rule With Obligation to Analyse Companies’ Social Responsibility,http://www.gob.mx/cms/uploads/attachment/file/64510/CIRCULAR_CONSAR_19-17-Parte4.pdf
Mexican Pension Funds Regulator (CONSAR) Issues Rule With Obligation to Analyse Companies’ Social Responsibility,http://www.gob.mx/cms/uploads/attachment/file/64510/CIRCULAR_CONSAR_19-17-Parte4.pdf
Mexican Pension Funds Regulator (CONSAR) Issues Rule With Obligation to Analyse Companies’ Social Responsibility,http://www.gob.mx/cms/uploads/attachment/file/64511/CIRCULAR_CONSAR_19-17-Parte5.pdf
Mexican Pension Funds Regulator (CONSAR) Issues Rule With Obligation to Analyse Companies’ Social Responsibility,http://www.gob.mx/cms/uploads/attachment/file/64511/CIRCULAR_CONSAR_19-17-Parte5.pdf
Mexican Pension Funds Regulator (CONSAR) Issues Rule With Obligation to Analyse Companies’ Social Responsibility,http://www.gob.mx/cms/uploads/attachment/file/101486/Circular_CONSAR_19-18.pdf
Mexican Pension Funds Regulator (CONSAR) Issues Rule With Obligation to Analyse Companies’ Social Responsibility,https://www.gob.mx/cms/uploads/attachment/file/255047/Circular_CONSAR_19-19_20170906.pdf
Mexican Pension Funds Regulator (CONSAR) Issues Rule With Obligation to Analyse Companies’ Social Responsibility,https://www.gob.mx/cms/uploads/attachment/file/312941/Circular_CONSAR_19-20_20180315.pdf
Mexican Pension Funds Regulator (CONSAR) Issues Rule With Obligation to Analyse Companies’ Social Responsibility,https://www.gob.mx/cms/uploads/attachment/file/439448/18-enero-19.pdf
Mexican Pension Funds Regulator (CONSAR) Issues Rule With Obligation to Analyse Companies’ Social Responsibility,https://www.gob.mx/cms/uploads/attachment/file/466005/CIRCULAR_CONSAR_19-22_20190531.pdf
Mexican Pension Funds Regulator (CONSAR) Issues Rule With Obligation to Analyse Companies’ Social Responsibility,https://www.gob.mx/cms/uploads/attachment/file/860613/CIRCULAR_CONSAR_19-8_Compilacio_n_a_Circular_19-30_C-Parte_1.pdf
Mexican Pension Funds Regulator (CONSAR) Issues Rule With Obligation to Analyse Companies’ Social Responsibility,https://www.gob.mx/cms/uploads/attachment/file/860613/CIRCULAR_CONSAR_19-8_Compilacio_n_a_Circular_19-30_C-Parte_1.pdf
Mexican Pension Funds Regulator (CONSAR) Issues Rule With Obligation to Analyse Companies’ Social Responsibility,https://www.gob.mx/cms/uploads/attachment/file/860614/CIRCULAR_CONSAR_19-8_Compilacio_n_a_Circular_19-30_C-Parte_2.pdf
Mexican Pension Funds Regulator (CONSAR) Issues Rule With Obligation to Analyse Companies’ Social Responsibility,http://www.gob.mx/cms/uploads/attachment/file/64512/Circular_CONSAR_54-01.pdf
Mexican Pension Funds Regulator (CONSAR) Issues Rule With Obligation to Analyse Companies’ Social Responsibility,http://www.gob.mx/cms/uploads/attachment/file/64514/Circular_CONSAR_54-01.pdf
Mexican Pension Funds Regulator (CONSAR) Issues Rule With Obligation to Analyse Companies’ Social Responsibility,http://www.gob.mx/cms/uploads/attachment/file/101525/Reglas_prudenciales_en_materia_de_administracion_de_riesgos.pdf
Mexican Pension Funds Regulator (CONSAR) Issues Rule With Obligation to Analyse Companies’ Social Responsibility,https://www.gob.mx/cms/uploads/attachment/file/850373/Blanco.pdf
Austrian Eco-label (Österreichisches Umweltzeichen) Guideline UZ 49,https://www.umweltzeichen.at/file/Guideline/UZ%2049/Long/UZ49%20Sustainable%20Financial%20Products%202020_EN.pdf
Bangladesh's Policy Guidelines on Green Banking,"javascript:showpdf('annual/green_banking/2012/g_speech.pdf','Governor Speech');"
Bangladesh's Policy Guidelines on Green Banking,"javascript:showpdf('annual/green_banking/2012/dg_speech.pdf','Governor Speech');"
Bangladesh's Policy Guidelines on Green Banking,"javascript:showpdf('annual/green_banking/2012/full_rpt.pdf','Report 2012');"
"Guidelines on Disclosing How Investments Take Into Account Labour Standards or Environmental, Social, or Ethical Considerations (Regulatory Guide 65)",https://download.asic.gov.au/media/1239069/rg65-published-30-november-2011.pdf
The Canadian Environmental Protection Act Requires Large Emitters to Report Greenhouse Gas Emissions,https://laws-lois.justice.gc.ca/PDF/C-15.31.pdf
Brazil's National Electrical Energy Agency's (ANEEL) Requirements for Annual Sustainability Reporting (Despacho 3034/2006),https://www2.aneel.gov.br/aplicacoes/leitura_arquivo/arquivos/MANUAL-ONS-Cont-Vers%C3%A3o15-01-03FINAL.pdf
Brazil's National Electrical Energy Agency's (ANEEL) Requirements for Annual Sustainability Reporting (Despacho 3034/2006),https://www2.aneel.gov.br/aplicacoes/leitura_arquivo/arquivos/Manual%20do%20Programa%20Regular%20de%20Fiscaliza%C3%A7%C3%A3o%20no%20ONS%20-%20Revis%C3%A3o%201.pdf
Brazil's National Electrical Energy Agency's (ANEEL) Requirements for Annual Sustainability Reporting (Despacho 3034/2006),https://www2.aneel.gov.br/aplicacoes/leitura_arquivo/arquivos/Resolucao444.pdf
Brazil's National Electrical Energy Agency's (ANEEL) Requirements for Annual Sustainability Reporting (Despacho 3034/2006),https://www2.aneel.gov.br/aplicacoes/leitura_arquivo/arquivos/Manual-02-2008-despacho-1618-2008.pdf
Brazil's National Electrical Energy Agency's (ANEEL) Requirements for Annual Sustainability Reporting (Despacho 3034/2006),https://www2.aneel.gov.br/aplicacoes/leitura_arquivo/arquivos/Manual-10-2008-despacho-3466-e-3467-de-2008.pdf
Brazil's National Electrical Energy Agency's (ANEEL) Requirements for Annual Sustainability Reporting (Despacho 3034/2006),https://www2.aneel.gov.br/aplicacoes/leitura_arquivo/arquivos/Manual-01-2009-despacho-4815-de-2008.pdf
Brazil's National Electrical Energy Agency's (ANEEL) Requirements for Annual Sustainability Reporting (Despacho 3034/2006),https://www2.aneel.gov.br/aplicacoes/leitura_arquivo/arquivos/Manual-02-1-2009-desp627-2009-res367-2009.pdf
Brazil's National Electrical Energy Agency's (ANEEL) Requirements for Annual Sustainability Reporting (Despacho 3034/2006),https://www2.aneel.gov.br/aplicacoes/leitura_arquivo/arquivos/resolucao668.pdf
Brazil's National Electrical Energy Agency's (ANEEL) Requirements for Annual Sustainability Reporting (Despacho 3034/2006),https://www2.aneel.gov.br/aplicacoes/leitura_arquivo/arquivos/Resolucao339.pdf
Brazil's National Electrical Energy Agency's (ANEEL) Requirements for Annual Sustainability Reporting (Despacho 3034/2006),https://www2.aneel.gov.br/aplicacoes/leitura_arquivo/arquivos/res473.pdf
Brazil's National Electrical Energy Agency's (ANEEL) Requirements for Annual Sustainability Reporting (Despacho 3034/2006),https://www2.aneel.gov.br/aplicacoes/leitura_arquivo/arquivos/des657.pdf
Brazil's National Electrical Energy Agency's (ANEEL) Requirements for Annual Sustainability Reporting (Despacho 3034/2006),https://www2.aneel.gov.br/aplicacoes/leitura_arquivo/arquivos/Resolucao219-2006.pdf
Brazil's National Electrical Energy Agency's (ANEEL) Requirements for Annual Sustainability Reporting (Despacho 3034/2006),https://www2.aneel.gov.br/aplicacoes/leitura_arquivo/arquivos/Despacho-3073-2006-public1.pdf
Brazil's National Electrical Energy Agency's (ANEEL) Requirements for Annual Sustainability Reporting (Despacho 3034/2006),https://www2.aneel.gov.br/aplicacoes/leitura_arquivo/arquivos/Despacho-3073-2006-public2.pdf
Brazil's National Electrical Energy Agency's (ANEEL) Requirements for Annual Sustainability Reporting (Despacho 3034/2006),https://www2.aneel.gov.br/aplicacoes/leitura_arquivo/arquivos/Despacho-294-2008-Alteracao-MCSE.pdf
Brazil's National Electrical Energy Agency's (ANEEL) Requirements for Annual Sustainability Reporting (Despacho 3034/2006),https://www2.aneel.gov.br/aplicacoes/leitura_arquivo/arquivos/Despacho-1618-2008.pdf
Brazil's National Electrical Energy Agency's (ANEEL) Requirements for Annual Sustainability Reporting (Despacho 3034/2006),https://www2.aneel.gov.br/aplicacoes/leitura_arquivo/arquivos/Despacho-3466-2008.pdf
Brazil's National Electrical Energy Agency's (ANEEL) Requirements for Annual Sustainability Reporting (Despacho 3034/2006),https://www2.aneel.gov.br/aplicacoes/leitura_arquivo/arquivos/Despacho-3467-2008.pdf
Brazil's National Electrical Energy Agency's (ANEEL) Requirements for Annual Sustainability Reporting (Despacho 3034/2006),https://www2.aneel.gov.br/aplicacoes/leitura_arquivo/arquivos/Despacho-4815-2008-Mcse.pdf
Brazil's National Electrical Energy Agency's (ANEEL) Requirements for Annual Sustainability Reporting (Despacho 3034/2006),https://www2.aneel.gov.br/aplicacoes/leitura_arquivo/arquivos/Despacho-627-2009-Alteracao-MCSE.pdf
Brazil's National Electrical Energy Agency's (ANEEL) Requirements for Annual Sustainability Reporting (Despacho 3034/2006),https://www2.aneel.gov.br/aplicacoes/leitura_arquivo/arquivos/Resolucao370-2009.pdf
"Belgium's Law on Supplementary Pensions Requires Disclosure of Social, Environmental, and Ethical Criteria",https://www.simplexeb.be/sites/default/files/2023-10/Simplex%20EBI_privacy%20verklaring_EN_0.pdf
Spain's Resolution of 25 March 2002 Requires Companies to Include Environment Impact Information in their Annual Accounts,https://www.boe.es/boe/dias/2002/04/04/pdfs/A12831-12834.pdf
Pension Fund Disclosure Requirements to Include ESG Factors (Pensionskassengesetz – PKG 2005),https://www.ris.bka.gv.at/GeltendeFassung/Bundesnormen/10007055/PKG%2c%20Fassung%20vom%2020.11.2023.pdf
Pension Fund Disclosure Requirements to Include ESG Factors (Pensionskassengesetz – PKG 2005),https://www.ris.bka.gv.at/Dokumente/BgblPdf/1990_281_0/1990_281_0.pdf
Pension Fund Disclosure Requirements to Include ESG Factors (Pensionskassengesetz – PKG 2005),https://www.ris.bka.gv.at/Dokumente/BgblPdf/1991_10_0/1991_10_0.pdf
Pension Fund Disclosure Requirements to Include ESG Factors (Pensionskassengesetz – PKG 2005),https://www.ris.bka.gv.at/Dokumente/BgblPdf/1992_20_0/1992_20_0.pdf
Pension Fund Disclosure Requirements to Include ESG Factors (Pensionskassengesetz – PKG 2005),https://www.ris.bka.gv.at/Dokumente/BgblPdf/1992_209_0/1992_209_0.pdf
Pension Fund Disclosure Requirements to Include ESG Factors (Pensionskassengesetz – PKG 2005),https://www.ris.bka.gv.at/Dokumente/BgblPdf/1993_532_0/1993_532_0.pdf
Pension Fund Disclosure Requirements to Include ESG Factors (Pensionskassengesetz – PKG 2005),https://www.ris.bka.gv.at/Dokumente/BgblPdf/1996_755_0/1996_755_0.pdf
Pension Fund Disclosure Requirements to Include ESG Factors (Pensionskassengesetz – PKG 2005),https://www.ris.bka.gv.at/Dokumente/BgblPdf/1997_64_1/1997_64_1.pdf
Pension Fund Disclosure Requirements to Include ESG Factors (Pensionskassengesetz – PKG 2005),https://www.ris.bka.gv.at/Dokumente/BgblPdf/1998_126_1/1998_126_1.pdf
Pension Fund Disclosure Requirements to Include ESG Factors (Pensionskassengesetz – PKG 2005),https://www.ris.bka.gv.at/Dokumente/BgblPdf/1999_127_1/1999_127_1.pdf
Pension Fund Disclosure Requirements to Include ESG Factors (Pensionskassengesetz – PKG 2005),https://www.ris.bka.gv.at/Dokumente/BgblPdf/2000_73_1/2000_73_1.pdf
Pension Fund Disclosure Requirements to Include ESG Factors (Pensionskassengesetz – PKG 2005),https://www.ris.bka.gv.at/Dokumente/BgblPdf/2000_142_1/2000_142_1.pdf
Pension Fund Disclosure Requirements to Include ESG Factors (Pensionskassengesetz – PKG 2005),https://www.ris.bka.gv.at/Dokumente/BgblPdf/2001_97_1/2001_97_1.pdf
Pension Fund Disclosure Requirements to Include ESG Factors (Pensionskassengesetz – PKG 2005),https://www.ris.bka.gv.at/Dokumente/BgblPdf/2002_9_1/2002_9_1.pdf
Pension Fund Disclosure Requirements to Include ESG Factors (Pensionskassengesetz – PKG 2005),https://www.ris.bka.gv.at/Dokumente/BgblPdf/2002_14_2/2002_14_2.pdf
Pension Fund Disclosure Requirements to Include ESG Factors (Pensionskassengesetz – PKG 2005),https://www.ris.bka.gv.at/Dokumente/BgblPdf/2003_71_1/2003_71_1.pdf
Pension Fund Disclosure Requirements to Include ESG Factors (Pensionskassengesetz – PKG 2005),https://www.ris.bka.gv.at/Dokumente/BgblPdf/2003_80_1/2003_80_1.pdf
Pension Fund Disclosure Requirements to Include ESG Factors (Pensionskassengesetz – PKG 2005),https://www.ris.bka.gv.at/Dokumente/BgblPdf/2003_135_1/2003_135_1.pdf
Pension Fund Disclosure Requirements to Include ESG Factors (Pensionskassengesetz – PKG 2005),https://www.ris.bka.gv.at/Dokumente/BgblPdf/1996_755_0/1996_755_0.pdf
Pension Fund Disclosure Requirements to Include ESG Factors (Pensionskassengesetz – PKG 2005),https://www.ris.bka.gv.at/Dokumente/BgblPdf/1998_126_1/1998_126_1.pdf
Pension Fund Disclosure Requirements to Include ESG Factors (Pensionskassengesetz – PKG 2005),https://www.ris.bka.gv.at/Dokumente/BgblPdf/1994_194_0/1994_194_0.pdf
Pension Fund Disclosure Requirements to Include ESG Factors (Pensionskassengesetz – PKG 2005),https://www.ris.bka.gv.at/Dokumente/BgblPdf/1955_189_0/1955_189_0.pdf
Pension Fund Disclosure Requirements to Include ESG Factors (Pensionskassengesetz – PKG 2005),https://www.ris.bka.gv.at/Dokumente/BgblPdf/1999_58_1/1999_58_1.pdf
Pension Fund Disclosure Requirements to Include ESG Factors (Pensionskassengesetz – PKG 2005),https://www.ris.bka.gv.at/Dokumente/BgblPdf/2001_154_1/2001_154_1.pdf
Pension Fund Disclosure Requirements to Include ESG Factors (Pensionskassengesetz – PKG 2005),https://www.ris.bka.gv.at/Dokumente/BgblPdf/1955_189_0/1955_189_0.pdf
Pension Fund Disclosure Requirements to Include ESG Factors (Pensionskassengesetz – PKG 2005),https://www.ris.bka.gv.at/Dokumente/BgblPdf/2003_80_1/2003_80_1.pdf
Pension Fund Disclosure Requirements to Include ESG Factors (Pensionskassengesetz – PKG 2005),https://www.ris.bka.gv.at/Dokumente/BgblPdf/1996_755_0/1996_755_0.pdf
Pension Fund Disclosure Requirements to Include ESG Factors (Pensionskassengesetz – PKG 2005),https://www.ris.bka.gv.at/Dokumente/BgblPdf/1972_273_0/1972_273_0.pdf
Pension Fund Disclosure Requirements to Include ESG Factors (Pensionskassengesetz – PKG 2005),https://www.ris.bka.gv.at/Dokumente/BgblPdf/1997_64_1/1997_64_1.pdf
Pension Fund Disclosure Requirements to Include ESG Factors (Pensionskassengesetz – PKG 2005),https://www.ris.bka.gv.at/Dokumente/BgblPdf/2001_97_1/2001_97_1.pdf
Pension Fund Disclosure Requirements to Include ESG Factors (Pensionskassengesetz – PKG 2005),https://www.ris.bka.gv.at/Dokumente/BgblPdf/2001_97_1/2001_97_1.pdf
Pension Fund Disclosure Requirements to Include ESG Factors (Pensionskassengesetz – PKG 2005),https://www.ris.bka.gv.at/Dokumente/BgblPdf/2001_97_1/2001_97_1.pdf
Pension Fund Disclosure Requirements to Include ESG Factors (Pensionskassengesetz – PKG 2005),https://www.ris.bka.gv.at/Dokumente/BgblPdf/2000_142_1/2000_142_1.pdf
Pension Fund Disclosure Requirements to Include ESG Factors (Pensionskassengesetz – PKG 2005),https://www.ris.bka.gv.at/Dokumente/BgblPdf/2003_97_1/2003_97_1.pdf
Pension Fund Disclosure Requirements to Include ESG Factors (Pensionskassengesetz – PKG 2005),https://www.ris.bka.gv.at/Dokumente/BgblPdf/1992_20_0/1992_20_0.pdf
Pension Fund Disclosure Requirements to Include ESG Factors (Pensionskassengesetz – PKG 2005),https://www.ris.bka.gv.at/Dokumente/BgblPdf/1996_755_0/1996_755_0.pdf
Pension Fund Disclosure Requirements to Include ESG Factors (Pensionskassengesetz – PKG 2005),https://www.ris.bka.gv.at/Dokumente/BgblPdf/1991_198_0/1991_198_0.pdf
Pension Fund Disclosure Requirements to Include ESG Factors (Pensionskassengesetz – PKG 2005),https://www.ris.bka.gv.at/Dokumente/BgblPdf/1991_93_0/1991_93_0.pdf
Pension Fund Disclosure Requirements to Include ESG Factors (Pensionskassengesetz – PKG 2005),https://www.ris.bka.gv.at/Dokumente/BgblPdf/1997_64_1/1997_64_1.pdf
Pension Fund Disclosure Requirements to Include ESG Factors (Pensionskassengesetz – PKG 2005),https://www.ris.bka.gv.at/Dokumente/BgblPdf/1998_126_1/1998_126_1.pdf
Pension Fund Disclosure Requirements to Include ESG Factors (Pensionskassengesetz – PKG 2005),https://www.ris.bka.gv.at/Dokumente/BgblPdf/1998_126_1/1998_126_1.pdf
Pension Fund Disclosure Requirements to Include ESG Factors (Pensionskassengesetz – PKG 2005),https://www.ris.bka.gv.at/Dokumente/BgblPdf/1999_127_1/1999_127_1.pdf
Pension Fund Disclosure Requirements to Include ESG Factors (Pensionskassengesetz – PKG 2005),https://www.ris.bka.gv.at/Dokumente/BgblPdf/2000_73_1/2000_73_1.pdf
Pension Fund Disclosure Requirements to Include ESG Factors (Pensionskassengesetz – PKG 2005),https://www.ris.bka.gv.at/Dokumente/BgblPdf/2000_73_1/2000_73_1.pdf
Pension Fund Disclosure Requirements to Include ESG Factors (Pensionskassengesetz – PKG 2005),https://www.ris.bka.gv.at/Dokumente/BgblPdf/2000_142_1/2000_142_1.pdf
Pension Fund Disclosure Requirements to Include ESG Factors (Pensionskassengesetz – PKG 2005),https://www.ris.bka.gv.at/Dokumente/BgblPdf/2001_97_1/2001_97_1.pdf
Pension Fund Disclosure Requirements to Include ESG Factors (Pensionskassengesetz – PKG 2005),https://www.ris.bka.gv.at/Dokumente/BgblPdf/2001_97_1/2001_97_1.pdf
Pension Fund Disclosure Requirements to Include ESG Factors (Pensionskassengesetz – PKG 2005),https://www.ris.bka.gv.at/Dokumente/BgblPdf/2001_97_1/2001_97_1.pdf
Pension Fund Disclosure Requirements to Include ESG Factors (Pensionskassengesetz – PKG 2005),https://www.ris.bka.gv.at/Dokumente/BgblPdf/2001_97_1/2001_97_1.pdf
Pension Fund Disclosure Requirements to Include ESG Factors (Pensionskassengesetz – PKG 2005),https://www.ris.bka.gv.at/Dokumente/BgblPdf/2002_9_1/2002_9_1.pdf
Pension Fund Disclosure Requirements to Include ESG Factors (Pensionskassengesetz – PKG 2005),https://www.ris.bka.gv.at/Dokumente/BgblPdf/2002_9_1/2002_9_1.pdf
Pension Fund Disclosure Requirements to Include ESG Factors (Pensionskassengesetz – PKG 2005),https://www.ris.bka.gv.at/Dokumente/BgblPdf/2003_71_1/2003_71_1.pdf
Pension Fund Disclosure Requirements to Include ESG Factors (Pensionskassengesetz – PKG 2005),https://www.ris.bka.gv.at/Dokumente/BgblPdf/2003_80_1/2003_80_1.pdf
Pension Fund Disclosure Requirements to Include ESG Factors (Pensionskassengesetz – PKG 2005),https://www.ris.bka.gv.at/Dokumente/BgblPdf/2003_135_1/2003_135_1.pdf
Pension Fund Disclosure Requirements to Include ESG Factors (Pensionskassengesetz – PKG 2005),https://www.ris.bka.gv.at/Dokumente/BgblPdf/1997_75_2/1997_75_2.pdf
Pension Fund Disclosure Requirements to Include ESG Factors (Pensionskassengesetz – PKG 2005),https://www.ris.bka.gv.at/Dokumente/BgblPdf/1998_444_2/1998_444_2.pdf
Pension Fund Disclosure Requirements to Include ESG Factors (Pensionskassengesetz – PKG 2005),https://www.ris.bka.gv.at/Dokumente/BgblPdf/1990_281_0/1990_281_0.pdf
Pension Fund Disclosure Requirements to Include ESG Factors (Pensionskassengesetz – PKG 2005),https://www.ris.bka.gv.at/Dokumente/BgblPdf/1990_281_0/1990_281_0.pdf
Pension Fund Disclosure Requirements to Include ESG Factors (Pensionskassengesetz – PKG 2005),https://www.ris.bka.gv.at/Dokumente/BgblPdf/1990_281_0/1990_281_0.pdf
Pension Fund Disclosure Requirements to Include ESG Factors (Pensionskassengesetz – PKG 2005),https://www.ris.bka.gv.at/Dokumente/BgblPdf/1990_281_0/1990_281_0.pdf
Pension Fund Disclosure Requirements to Include ESG Factors (Pensionskassengesetz – PKG 2005),https://www.ris.bka.gv.at/Dokumente/BgblPdf/1990_281_0/1990_281_0.pdf
Pension Fund Disclosure Requirements to Include ESG Factors (Pensionskassengesetz – PKG 2005),https://www.ris.bka.gv.at/Dokumente/BgblPdf/1990_281_0/1990_281_0.pdf
Pension Fund Disclosure Requirements to Include ESG Factors (Pensionskassengesetz – PKG 2005),https://www.ris.bka.gv.at/Dokumente/BgblPdf/1990_281_0/1990_281_0.pdf
Pension Fund Disclosure Requirements to Include ESG Factors (Pensionskassengesetz – PKG 2005),https://www.ris.bka.gv.at/Dokumente/BgblPdf/1990_281_0/1990_281_0.pdf
Pension Fund Disclosure Requirements to Include ESG Factors (Pensionskassengesetz – PKG 2005),https://www.ris.bka.gv.at/Dokumente/BgblPdf/1990_281_0/1990_281_0.pdf
Pension Fund Disclosure Requirements to Include ESG Factors (Pensionskassengesetz – PKG 2005),https://www.ris.bka.gv.at/Dokumente/BgblPdf/1990_281_0/1990_281_0.pdf
Pension Fund Disclosure Requirements to Include ESG Factors (Pensionskassengesetz – PKG 2005),https://www.ris.bka.gv.at/Dokumente/BgblPdf/1990_281_0/1990_281_0.pdf
Zimbabwe’s Environmental Management Act (Chapter 20:27),https://www.law.co.zw/download/environmental-management-actchapter-2027/?wpdmdl=396&refresh=655ad0b30b5331700450483&ind=0&filename=2027updated.pdf
