Title,PDF Link
India's Union Budget 2022-23: Climate Budget and Green Bonds,https://www.indiabudget.gov.in/doc/budget_speech.pdf
Canadian Securities Administrators' Staff Notice 81-334 ESG-Related Investment Fund Disclosure,https://www.osc.ca/sites/default/files/2022-01/csa_20220119_81-334_esg-related-investement-fund-disclosure.pdf
Information disclosure and transparency rules for Mongolian issuers,https://mse.mn/uploads/laws/%D2%AE%D0%BD%D1%8D%D1%82%20%D1%86%D0%B0%D0%B0%D1%81%20%D0%B3%D0%B0%D1%80%D0%B3%D0%B0%D0%B3%D1%87%D0%B0%D0%B0%D1%81%20%D0%BE%D0%BB%D0%BE%D0%BD%20%D0%BD%D0%B8%D0%B9%D1%82%D1%8D%D0%B4%20%D1%85%D2%AF%D1%80%D0%B3%D1%8D%D1%85%20%D0%BC%D1%8D%D0%B4%D1%8D%D1%8D%D0%BB%D0%BB%D0%B8%D0%B9%D0%BD%20%D0%B6%D1%83%D1%80%D0%B0%D0%BC.pdf
ATHEX - ESG Reporting Guide 2022,https://www.athexgroup.gr/documents/10180/6599246/ESG+Reporting+Guide+2022-2202.pdf/d5fe6a40-c493-46a7-b307-37494b6ca49d
Call for evidence on market characteristics for ESG rating providers in the EU﻿,https://www.esma.europa.eu/sites/default/files/library/esma80-416-250_call_for_evidence_on_market_characteristics_for_esg_rating_providers_in_the_eu.pdf
Integrated financial products: Review of managed fund documentation,https://www.fma.govt.nz/assets/Guidance/Disclosure-framework-for-integrated-financial-products.pdf
Integrated financial products: Review of managed fund documentation,https://www.fma.govt.nz/assets/Reports/Integrated-financial-products-Review-of-managed-fund-documentation.pdf
Philippine Sustainable Finance Roadmap and Guiding Principles,https://www.bsp.gov.ph/Regulations/Issuances/2022/CL-2022-011.pdf
Qatar Central Bank's plan on green finance,http://www.qcb.gov.qa/Arabic/Publications/ReportsAndStatements/Documents/QCB%20Financial%20Stability%20Report%202020.pdf
Qatar Central Bank's plan on green finance,http://www.qcb.gov.qa/English/AboutQCB/Documents/The%20Second%20Strategic%20plan%202017-2022%20english.pdf
U.S. Securities and Exchange Commission's Staff Report on Nationally Recognized Statistical Rating Organizations,https://www.sec.gov/files/2022-ocr-staff-report.pdf
ECB Occasional Paper Series: Disclosure of climate change risk in credit ratings,https://www.ecb.europa.eu/pub/pdf/scpops/ecb.op303~eaa6fe6583.en.pdf?26d23c18fd6af8516a0d3b1c86384422
The Companies and LLPs (Climate-related Financial Disclosure) Regulations 2022,https://assets.publishing.service.gov.uk/government/uploads/system/uploads/attachment_data/file/1056085/mandatory-climate-related-financial-disclosures-publicly-quoted-private-cos-llps.pdf
A standard on climate-related risk disclosure for US insurance companies,https://content.naic.org/sites/default/files/inline-files/2022ProposedClimateRiskSurvey_0.pdf?msclkid=e24cf6f2b47211eca09ac1c752e22857
The Enhancement and Standardization of Climate-Related Disclosures for Investors,https://www.sec.gov/rules/proposed/2022/33-11042.pdf
ESMA Sustainable Finance Roadmap 2022-2024,https://www.esma.europa.eu/sites/default/files/library/esma30-379-1051_sustainable_finance_roadmap.pdf
Mongolia Monetary Policy Guidelines for 2022,https://www.mongolbank.mn/documents/guidelinesproject/2022.pdf
Regulatory technical standards on sustainability-related disclosure,https://ec.europa.eu/finance/docs/level-2-measures/C_2022_1931_1_EN_ACT_part1_v6%20(1).pdf
Indonesia Green Taxonomy Edition 1.0,https://www.ojk.go.id/keuanganberkelanjutan/Uploads/Content/Regulasi/Regulasi_22012011321251.pdf
Framework for a Just Transition in South Africa: Draft for Discussion,https://pccommissionflow.imgix.net/uploads/images/South-Africas-Just-Transition-Framework-for-Stakeholder-Consultation-Feb-2022_2022-02-23-092221_xtvt.pdf
Rules on corporate sustainability reporting directive (CSRD),https://www.consilium.europa.eu/media/57644/st10835-xx22.pdf
India's International Sustainability Platform on ESG,https://static.nseindia.com/s3fs-public/2022-04/PR_cc_22042022_0.pdf
Bucharest Stock Exchange's ESG Reporting Guidelines,https://bvb.ro/info/Rapoarte/Ghiduri/ESG_Reporting_Guidelines.pdf
Rwanda Sustainable Finance Roadmap,https://rfl.rw/docs/KIFCSustainableFinanceRoadmap.pdf
EBA Discussion paper on the role of environmental risks in the prudential framework,https://www.eba.europa.eu/sites/default/documents/files/document_library/Publications/Discussions/2022/Discussion%20paper%20on%20the%20role%20of%20environmental%20risk%20in%20the%20prudential%20framework/1031947/Discussion%20paper%20on%20role%20of%20ESG%20risks%20in%20prudential%20framework.pdf
Tel Aviv Stock Exchange (TASE) Sustainability Report 2021,https://info.tase.co.il/Eng/Lists/gen_res/1330_tase_esg_reports/File_1330_202112_tase_ESG_report_eng.pdf
Sri Lanka Green Finance Taxonomy,https://www.cbsl.gov.lk/sites/default/files/cbslweb_documents/sl_green_finance_taxonomy.pdf
SDGs & Sustainability - Pakistan Banking Sector Perspective,https://www.ukifc.com/wp-content/uploads/2022/03/SDGs-Sustainability-Pakistan.pdf
Enhancement and Standardization of Climate-Related Disclosures for Investors,https://www.sec.gov/rules/proposed/2022/33-11042.pdf
Bill on the Climate Risk Disclosure Act of 2021,https://financialservices.house.gov/uploadedfiles/02.25_bills-1173ih.pdf
EFRAG recommendations on the development of EU sustainability reporting standards,https://www.efrag.org/Assets/Download?assetUrl=%2Fsites%2Fwebpublishing%2FSiteAssets%2FEFRAG%2520PTF-NFRS_MAIN_REPORT.pdf
EFRAG recommendations on the development of EU sustainability reporting standards,https://www.efrag.org/Assets/Download?assetUrl=%2Fsites%2Fwebpublishing%2FSiteAssets%2FJean-Paul%20Gauz%C3%A8s%20-%20Ad%20Personam%20Mandate%20-%20Final%20Report%20-%2005-03-2021.pdf
ACPR Main scenarios and assumptions of the climate pilot exercise,https://acpr.banque-france.fr/sites/default/files/medias/documents/20200717_main_assumptions_and_scenarios_of_the_acpr_climate_pilot_exercise.pdf
Enhanced Disclosures by Certain Investment Advisers and Investment Companies about ESG Investment Practices,https://www.sec.gov/rules/proposed/2022/ia-6034.pdf
"Circular to Management Companies of SFC-Authorized Unit Trusts and Mutual Funds on Green or Environmental, Social, and Governance (ESG) Funds",https://www.sfc.hk/web/EN/files/ER/PDF/SFCs%20Strategic%20Framework%20for%20Green%20Finance%20-%20Final%20Report%20(21%20Sept%202018....pdf
"Circular to Management Companies of SFC-Authorized Unit Trusts and Mutual Funds on Green or Environmental, Social, and Governance (ESG) Funds",https://www.sfc.hk/web/doc/EN/intermediaries/products/handBooks/Eng_UT.pdf
Banque de France’s Climate Change Centre,https://www.banque-france.fr/sites/default/files/medias/documents/cp_ra_isr_et_ccc_engl.pdf
2024 Climate Risk Stress Testing Exercise by the Bank Negara of Malaysia,https://www.bnm.gov.my/documents/20124/3770663/DP_2024_CRST.pdf
Banque de France responsible investment policy 2021,https://www.banque-france.fr/sites/default/files/medias/documents/responsible_investment_policy_reinforcing_exclusions_with_regard_to_fossil_fuels.pdf
UK Government Green Gilt issuance,https://assets.publishing.service.gov.uk/government/uploads/system/uploads/attachment_data/file/998127/20210630_UK_Government_Green_Financing_Framework_Final.pdf
Development of a first national Green Finance Taxonomy for South Africa,http://www.treasury.gov.za/publications/other/Sustainability%20technical%20paper%202020.pdf
Development of a first national Green Finance Taxonomy for South Africa,https://sustainablefinanceinitiative.org.za/wp-content/downloads/SA-Green-Finance-Taxonomy-1st-Edition-Final-01-04-2022.pdf
Law 57-07 on incentives for development of renewable energy sources and its special regimes,https://www.cne.gob.do/wp-content/uploads/2015/11/Ley-No.-57-07-Sobre-Incentivos-al-Desarrollo-de-Energ--as-Renovables.pdf
Italy issued a sovereign green bond,https://www.mef.gov.it/en/focus/documents/btp_green/Green-Bond-FrameWork_ENG-.pdf
Italy issued a sovereign green bond,https://www.mef.gov.it/ufficio-stampa/comunicati/2021/documenti/comunicato_0040-en.pdf
Switzerland became an official supporter of the TCFD,https://assets.bbhub.io/company/sites/60/2021/01/Press-release-TCFD-SwitzerlandV3.pdf
Department of Labor’s Statement Regarding Enforcement of its Final Rules on ESG Investments and Proxy Voting by Employee Benefit Plans,https://www.govinfo.gov/content/pkg/FR-2020-11-13/pdf/2020-24515.pdf
Department of Labor’s Statement Regarding Enforcement of its Final Rules on ESG Investments and Proxy Voting by Employee Benefit Plans,https://www.govinfo.gov/content/pkg/FR-2020-12-16/pdf/2020-27465.pdf
Department of Labor’s Statement Regarding Enforcement of its Final Rules on ESG Investments and Proxy Voting by Employee Benefit Plans,https://www.dol.gov/sites/dolgov/files/ebsa/laws-and-regulations/laws/erisa/statement-on-enforcement-of-final-rules-on-esg-investments-and-proxy-voting.pdf
Amendments to the Federal Proxy Rules Governing Proxy Voting Advice,https://www.sec.gov/rules/final/2022/34-95266.pdf
Spain to issue a sovereign green bond,https://www.tesoro.es/sites/default/files/estrategia/Estrategia_ES.pdf
France issued a second sovereign green bond,https://www.aft.gouv.fr/files/archives/attachments/25562.pdf
The EU Platform on Sustainable Finance advises on transition finance,https://ec.europa.eu/info/sites/info/files/business_economy_euro/banking_and_finance/documents/210118-commission-request-transition-financing_en.pdf
"Guide for Reporting and Voluntary Disclosure of Environmental, Social and Corporate Governance Factors (ASG)",https://www.panabolsa.com/biblioteca/Sostenibilidad/Guias_Sostenibilidad/Guia_para_el_Reporte_y_Divulgacion_Voluntaria_de_Factores_ASG_v1.pdf
Danmarks Nationalbanks’ climate and sustainability work,https://www.nationalbanken.dk/en/publications/Documents/2021/06/ANALYSIS%20No.%2013%20-%20Flood%20risk%20can%20potentially%20affect%20a%20large%20share%20of%20credit%20institutions%E2%80%99%20exposures%20.pdf
Danmarks Nationalbanks’ climate and sustainability work,https://www.nationalbanken.dk/en/publications/Documents/2021/07/ANALYSIS_No.%2019_Climate%20change%20and%20the%20role%20of%20central%20banks.pdf
Pakistan issued first green bond,http://www.wapda.gov.pk/images/phocadownloadapp/InverstorCorner-greenBond-2021/wapda%20green%20bond%20framework%20draft%20final%20v17.pdf
Pakistan issued first green bond,http://www.wapda.gov.pk/images/phocadownloadapp/wapda%20green%20bond.pdf
The Green Finance Industry Taskforce’s implementation guide for climate-related disclosures by FIs,https://abs.org.sg/docs/library/fostering-green-finance-solutions-white-paper.pdf
The Green Finance Industry Taskforce’s implementation guide for climate-related disclosures by FIs,https://abs.org.sg/docs/library/financial-institutions-climate-related-disclosure-document.pdf
Revisions of Japan’s Corporate Governance Code and Guidelines for Investor and Company Engagement,https://www.fsa.go.jp/en/news/2021/20210406/01.pdf
EU’s Strategy for Financing the Transition to a Sustainable Economy,https://ec.europa.eu/finance/docs/law/210704-communication-sustainable-finance-strategy_en.pdf
Platform on Sustainable Finance’s draft report on an extended taxonomy to support economic transition,https://ec.europa.eu/info/sites/default/files/business_economy_euro/banking_and_finance/documents/sustainable-finance-platform-report-taxonomy-extension-july2021_en.pdf
SFD Circular No. 1,https://www.bb.org.bd/mediaroom/circulars/gbcrd/jan112021sfd01.pdf
Speech of the Governor of the National Bank of Romania on investment finance in Romania,https://www.bis.org/review/r200305a.pdf
ECB Monetary Policy Strategy,https://www.ecb.europa.eu/press/pr/date/2021/html/ecb.pr210708_1_annex~f84ab35968.en.pdf
DNB Sustainable Finance Strategy 2021-2025,https://www.dnb.nl/media/pf5a4wmp/sustainable-finance-strategy-dnb-13-7-2021.pdf
Government commits to ‘nature-positive’ future in response to Dasgupta review,https://assets.publishing.service.gov.uk/government/uploads/system/uploads/attachment_data/file/993290/MASTER_Dasgupta_Response__web.pdf
Prudential Practice Guide CPG 229 Climate Change Financial Risks (CPG 229),https://www.apra.gov.au/sites/default/files/2021-04/Draft%20CPG%20229%20Climate%20Change%20Financial%20Risks_1.pdf
Bank of Japan introduces fund-provisioning measure to address climate change,https://www.boj.or.jp/en/announcements/release_2021/k210618a.pdf
Resolutions on ESG disclosure,https://enterprise.press/wp-content/uploads/2021/07/PRL-FRA.docx.pdf
Bank of Japan introduces fund-provisioning measure to address climate change,https://www.boj.or.jp/en/announcements/release_2021/rel210716b.pdf
Slovenia’s Sustainability Bond,https://www.gov.si/assets/ministrstva/MF/Zakladnistvo/Dolg-RS/Slovenian-Sovereign-Sustainability-Bond-Framework.pdf
ACPR’s results of the 2020 climate pilot exercise,https://acpr.banque-france.fr/sites/default/files/medias/documents/20210504_as_pilot_exercise_climat_change.pdf
ESG Reporting Guidelines,https://www.gpw.pl/pub/GPW/ESG/ESG_Reporting_Guidelines.pdf
Reserve Bank of Zimbabwe’s objective of supporting sustainable economic growth,https://www.rbz.co.zw/documents/press/2021/February/Monetary-Policy-Statement-18-February-2021.pdf
The Occupational Pension Schemes (Climate Change Governance and Reporting) Regulations 2021,https://assets.publishing.service.gov.uk/government/uploads/system/uploads/attachment_data/file/994910/government-response-taking-action-on-climate-risk-improving-governance-and-reporting-by-occupational-pension-schemes.pdf
Magyar Nemzeti Bank’s Monetary Policy Toolkit,https://www.mnb.hu/letoltes/sustainability-and-central-bank-policy-green-aspects-of-the-magyar-nemzeti-bank-s-monetary-policy-toolkit.pdf
The Occupational Pension Schemes (Climate Change Governance and Reporting) Regulations 2021,https://assets.publishing.service.gov.uk/government/uploads/system/uploads/attachment_data/file/992080/ops-climate-change-governance-and-reporting-regulations.pdf
HKMA’s Guideline on the Green and Sustainable Finance Grant Scheme,https://www.hkma.gov.hk/media/eng/doc/key-information/press-release/2021/20210504e4a1.pdf
FCA consultation on enhancing climate-related disclosures,https://assets.publishing.service.gov.uk/government/uploads/system/uploads/attachment_data/file/933783/FINAL_TCFD_ROADMAP.pdf
FCA consultation on enhancing climate-related disclosures,https://www.fca.org.uk/publication/consultation/cp21-17.pdf
Bank of England monetary policy to include environmental and climate goals,https://assets.publishing.service.gov.uk/government/uploads/system/uploads/attachment_data/file/965782/2021_MPC_remit_FINAL_1_March_.pdf
Australia’s Long-Term Emissions Reduction Plan,https://www.industry.gov.au/sites/default/files/October%202021/document/australias-long-term-emissions-reduction-plan.pdf
Bank of England monetary policy to include environmental and climate goals,https://assets.publishing.service.gov.uk/government/uploads/system/uploads/attachment_data/file/966161/Budget_2021_Web_accessible.pdf
Singapore’s National Environment Agency issued a green bond,https://www.nea.gov.sg/docs/default-source/default-document-library/second-party-opinion.pdf
Net Zero Strategy: Build Back Greener,https://assets.publishing.service.gov.uk/government/uploads/system/uploads/attachment_data/file/1028157/net-zero-strategy.pdf
Federal Insurance Office Request for Information on the Insurance Sector and Climate-Related Financial Risks,https://www.govinfo.gov/content/pkg/FR-2021-08-31/pdf/2021-18713.pdf
Indonesia issued a sovereign SDG Bond,https://www.bi.go.id/en/iru/highlight-news/Documents/Press%20Release%20-%20RoI%20Issues%20Inaugural%20EUR500%20Million%20SDG%20Through%20SEC-Registered%20Shelf%20Take-Down.pdf
APRA Climate Vulnerability Assessment,https://www.apra.gov.au/sites/default/files/2021-09/Climate%20Vulnerability%20Assessment_1.pdf
Boursa Kuwait ESG reporting Guide,https://www.boursakuwait.com.kw/api/documents/boursa/1630909195602.pdf
Climate Change Financing Framework,https://mof.gov.np/uploads/document/file/CCFF_FINAL_Web_20180222050438.pdf
Banking on Equality Policy: Reducing the Gender Gap in Financial Inclusion,https://www.sbp.org.pk/acd/2021/C1-Annex-C.pdf
The Long-Term Strategy of the United States,https://www.whitehouse.gov/wp-content/uploads/2021/10/US-Long-Term-Strategy.pdf
SGX RegCo’s roadmap for climate-related disclosure,https://api2.sgx.com/sites/default/files/2021-08/Consultation%20Paper%20on%20Climate%20and%20Diversity%20-%20The%20Way%20Forward.pdf
Prudence and Loyalty in Selecting Plan Investments and Exercising Shareholder Rights,https://www.dol.gov/sites/dolgov/files/EBSA/about-ebsa/our-activities/resource-center/fact-sheets/notice-of-proposed-rulemaking-on-prudence-and-loyalty-in-selecting-plan-investments-and-exercising-shareholder-rights.pdf
ECB's detailed roadmap of climate change-related actions,https://www.ecb.europa.eu/press/pr/date/2021/html/ecb.pr210708_1_annex~f84ab35968.en.pdf
ECB's detailed roadmap of climate change-related actions,https://www.ecb.europa.eu/press/pr/date/2022/html/ecb.pr220704_annex~cb39c2dcbb.en.pdf
Guía de Reporte y Divulgación de Sostenibilidad para Emisores en Chile (Guide on Sustainability Disclosure),https://servicioscms.bolsadesantiago.com/Corporativo/Documentos/Relacionado/Guia%20de%20Reporte%20de%20Sostenibilidad%20Chile_GRI%20y%20Bolsa%20de%20Santiago.pdf
"Report on Social, Environmental and Climate-related Risks and Opportunities",https://www.bcb.gov.br/content/publications/report-risk-opportunity/Report_social_environmental_climate_risks_opportunities_0921.pdf
Serbia issued a Sovereign Green Bond,http://www.javnidug.gov.rs/upload/Eurobond/2021/09.09/Serbia%20Green%20Bond%20Framework_vf.pdf
Biden Administration Roadmap to Build an Economy Resilient to Climate Change Impacts,https://www.whitehouse.gov/wp-content/uploads/2021/10/Climate-Finance-Report.pdf
Carrying out 2022 ECB Climate Risk Stress Test,https://www.bankingsupervision.europa.eu/ecb/pub/pdf/ssm.macrofinancialscenariosclimateriskstresstest2022~bcac934986.en.pdf
Carrying out 2022 ECB Climate Risk Stress Test,https://www.bankingsupervision.europa.eu/press/letterstobanks/shared/pdf/2021/ssm.2021_letter_on_participation_in_the_2022_ECB_climate_risk_stress_test~48b409406e.en.pdf
ECB economy-wide climate stress test,https://www.ecb.europa.eu/pub/pdf/scpops/ecb.op281~05a7735b1c.en.pdf
The Climate and Equitable Jobs Act,https://ilga.gov/legislation/publicacts/102/PDF/102-0662.pdf
New York Federal Reserve Bank Climate Stress Testing,https://www.newyorkfed.org/medialibrary/media/research/staff_reports/sr977.pdf
Government of Uzbekistan issued a sovereign green bond,https://www.mf.uz/media/file_en/dmo/SDG_Bond_Framework.pdf
Greening Finance: A roadmap to Sustainable Investing,https://assets.publishing.service.gov.uk/government/uploads/system/uploads/attachment_data/file/1026224/CCS0821102722-006_Green_Finance_Paper_2021_v5_Bookmarked_48PP.pdf
Costa Rica's law to promote investment in sustainable development through the capital market,https://unfccc.int/sites/default/files/resource/NationalDecarbonizationPlan.pdf
Costa Rica's law to promote investment in sustainable development through the capital market,https://cambioclimatico.go.cr/wp-content/uploads/2022/04/NAP_Documento-2022-2026_VC.pdf
Costa Rica's law to promote investment in sustainable development through the capital market,http://www.digeca.go.cr/sites/default/files/documentos/politica_nacional_de_produccion_y_consumo_sostenibles.pdf
Costa Rica's law to promote investment in sustainable development through the capital market,https://www.bolsacr.com/sites/default/files/sites/default/files/Prensa/ComunicadosPrensa/cp_emisiones_tematicas.pdf
Basic Guidelines on Climate Transition Finance,https://www.fsa.go.jp/news/r2/singi/20210507_2/04.pdf
Republic of Benin issued a sovereign green bond,https://odd.finances.bj/wp-content/uploads/sites/13/2021/07/SDG-Bond-Framework-BENIN_english_final-version.pdf
Securities and Exchange Commission’s Division of Corporation Finance sample letter to companies regarding climate change disclosures,https://www.sec.gov/rules/interp/2010/33-9106.pdf
Climate Changed 2021 and Beyond,https://www.rbnz.govt.nz/-/media/ReserveBank/Files/Publications/Financial-stability/climate-change/climate-change-report-2021.pdf?revision=7402a2b1-533a-484e-a1a1-cdc06ba484a1
HKEX' Guidance on Climate Disclosures for Reporting on TCFD recommendations,https://www.hkex.com.hk/-/media/HKEX-Market/Listing/Rules-and-Guidance/Environmental-Social-and-Governance/Reports-on-ESGPD/esgreport_2020_2021.pdf
HKEX' Guidance on Climate Disclosures for Reporting on TCFD recommendations,https://www.hkex.com.hk/-/media/HKEX-Market/Listing/Rules-and-Guidance/Environmental-Social-and-Governance/Exchanges-guidance-materials-on-ESG/guidance_climate_disclosures.pdf
The Monetary Authority of Singapore Consults on Environmental Risk Management Guidelines for Financial Institutions,https://www.mas.gov.sg/-/media/MAS/News/Media-Releases/2020/ENRM_Infographic_June24.pdf
Saudi Exchange's ESG Disclosure Guidelines,https://www.saudiexchange.sa/wps/wcm/connect/d0922cd6-e0bf-4554-ad4d-03f0c2eea5ad/ESG_Disclosure_Guidelines_EN.pdf?MOD=AJPERES&CVID=nPgykfJ
"Further strengthening the Kazakhstan’s programming capacity, institutional support for the enhancement of GCF direct access and development of green finance system",https://www.greenclimate.fund/sites/default/files/document/kazakhstan-igtipc.pdf
"FCA's Policy Statement 21/24: Enhancing climate-related disclosures by asset managers, life insurers and regulated pension providers",https://www.fca.org.uk/publication/policy/ps21-23.pdf
"FCA's Policy Statement 21/24: Enhancing climate-related disclosures by asset managers, life insurers and regulated pension providers",https://www.fca.org.uk/publication/policy/ps21-24.pdf
European Central Bank's Report on the supervisory review of banks’ approaches to manage climate and environmental risks,https://www.bankingsupervision.europa.eu/ecb/pub/pdf/ssm.202011finalguideonclimate-relatedandenvironmentalrisks~58213f6564.en.pdf
European Central Bank's Report on the supervisory review of banks’ approaches to manage climate and environmental risks,https://www.bankingsupervision.europa.eu/ecb/pub/pdf/ssm.202111guideonclimate-relatedandenvironmentalrisks~4b25454055.en.pdf
Japan's Stewardship Code—Principles for Responsible Institutional Investors,https://www.fsa.go.jp/en/refer/councils/stewardship/20170529/01.pdf
Pilot Climate Risk Stress Test on the Hong Kong banking sector,https://www.hkma.gov.hk/media/eng/doc/key-functions/banking-stability/Pilot_banking_sector_climate_risk_stress_test.pdf
Principles for Adopting Sustainable Investing in the Investment and Risk Management Processes of Hong Kong's MPF Funds,https://www.mpfa.org.hk/-/media/files/information-centre/legislation-and-regulations/circulars/mpf/20211126/cir-20211126.pdf
Japan's Green Bond Guidelines,http://www.env.go.jp/en/policy/economy/gb/en_greenbond_guideline2017.pdf
Japan's Green Bond Guidelines,http://www.env.go.jp/policy/guidelines_set_version_with%20cover.pdf
Johannesburg Stock Exchange's Guidances on Sustainability and Climate Disclosure,https://www.jse.co.za/sites/default/files/media/documents//JSE%20Sustainability%20Disclosure%20Guidance%20June%202022.pdf
Johannesburg Stock Exchange's Guidances on Sustainability and Climate Disclosure,https://www.jse.co.za/sites/default/files/media/documents//JSE%20Climate%20Disclosure%20Guidance_June%202022.pdf
Hong Kong Stock Exchange’s Guide for Board and Directors ‘Leadership Role and Accountability in ESG’,https://www.hkex.com.hk/-/media/HKEX-Market/News/Market-Consultations/2016-Present/May-2019-Review-of-ESG-Guide/Consultation-Paper/cp201905.pdf
Hong Kong Stock Exchange’s Guide for Board and Directors ‘Leadership Role and Accountability in ESG’,https://www.hkex.com.hk/-/media/HKEX-Market/News/Market-Consultations/2016-Present/May-2019-Review-of-ESG-Guide/Conclusions-(December-2019)/cp201905cc.pdf?la=en
United Arab Emirates Guiding Principles on Sustainable Finance,https://www.adgm.com/documents/fsra/sustainable-finance/abu-dhabi-sustainable-finance-guiding-principles.pdf?la=en&hash=94CC2FE187660C45C522EE845670A6E3
HKEX's Net-Zero Guide for Business,https://www.hkex.com.hk/-/media/HKEX_Common/Market/Stage/Resources-Library/Guidance-Materials/HKEX-Net-Zero-Guide_E.pdf
Egypt’s Ministry of Finance to issue Sovereign Bonds,http://enterprise.press/wp-content/uploads/2019/11/%D8%A7%D9%84%D8%B1%D9%82%D8%A7%D8%A8%D8%A9-%D8%A7%D9%84%D9%85%D8%A7%D9%84%D9%8A%D8%A9-%D8%AA%D8%B9%D9%81%D9%89-%D9%85%D9%8F%D8%B5%D8%AF%D9%90%D8%B1%D9%89-%D8%A7%D9%84%D8%B3%D9%86%D8%AF%D8%A7%D8%AA-%D8%A7%D9%84%D8%AE%D8%B6%D8%B1%D8%A7%D8%A1-%D9%85%D9%86-50-%D9%85%D9%86-%D9%85%D9%82%D8%A7%D8%A8%D9%84-%D8%A7%D9%84%D8%AE%D8%AF%D9%85%D8%A7%D8%AA-%D9%88%D8%A7%D9%84%D9%81%D8%AD%D8%B5.pdf
People's Bank of China Green Bond Endorsed Project Catalogue (2020 Edition),https://www.hkgreenfinance.org/wp-content/uploads/2020/06/Attachment-1-Draft-for-Public-Consultation-of-Green-Bond-Endorsed-Project-Catalogue-2020-.pdf
Indonesia's Sustainable Finance Roadmap Phase II (2021 - 2025),https://www.ojk.go.id/Files/box/keuangan-berkelanjutan/roadmap-keuangan-berkelanjutan.pdf
Indonesia's Sustainable Finance Roadmap Phase II (2021 - 2025),https://www.ojk.go.id/id/berita-dan-kegiatan/publikasi/Documents/Pages/Roadmap-Keuangan-Berkelanjutan-Tahap-II-%282021-2025%29/Roadmap%20Keuangan%20Berkelanjutan%20Tahap%20II%20%282021-2025%29.pdf
Indonesia Stock Exchange's ESG Sector Leaders and ESG Quality 45 indices,https://www.idx.co.id/media/11192/4-appendix-index-guide-esgqkehati_revapr22.pdf
Indonesia Stock Exchange's ESG Sector Leaders and ESG Quality 45 indices,https://www.idx.co.id/media/11191/4-appendix-index-guide-esgskehati_apr22.pdf
German Finance Agency launched first Green Federal Bond,https://www.deutsche-finanzagentur.de/fileadmin/user_upload/institutionelle-investoren/pdf/GreenBondFramework.pdf
German Finance Agency launched first Green Federal Bond,https://www.deutsche-finanzagentur.de/fileadmin/user_upload/pressemeldungen/en/2020/2020-09-02_pm09_First_Green_Federal_bond.pdf
Abu Dhabi Sustainable Finance Declaration,https://www.adgm.com/documents/fsra/sustainable-finance/abu-dhabi-sustainable-finance-declaration-2-20200115.pdf
Nairobi Securities Exchange (NSE)'s ESG Disclosures Guidance Manual,https://www.nse.co.ke/wp-content/uploads/NSE-ESG-Disclosures-Guidance-Manual.pdf
Sustainability Bond Framework,https://environnement.public.lu/dam-assets/documents/developpement-durable/loi-du-25-juin-2004-pdf.pdf
Sustainability Bond Framework,https://environnement.public.lu/dam-assets/actualites/2020/05/Integrierter-nationaler-Energie-und-Klimaplan-Luxemburgs-2021-2030-endgultige-Fassung.pdf
Sustainability Bond Framework,https://gouvernement.lu/dam-assets/documents/actualites/2020/09-septembre/02-cadre-obligations-durables/20200831-Luxembourg-Sustainability-Bond-Framework.pdf
The Reserve Bank of New Zealand’s Governor calls for mandatory disclosure of climate risk,https://www.rbnz.govt.nz/-/media/ReserveBank/Files/Publications/Speeches/2020/speech2020-28-05.pdf?revision=98453320-7b1b-4c05-b01e-24c4b01adc4f
Tunis Stock Exchange's ESG Reporting Guide,http://www.bvmt.com.tn/sites/default/files/actualites/tunis-stock-exchange-publishes-esg-environmental-social-and-governance-reporting-guide.pdf
Spanish Treasury's funding strategy on green bond issuance,https://www.tesoro.es/sites/default/files/estrategia/220110_estrategia_en.pdf
The European Central Bank published a draft guide on climate-related and environmental risks,https://www.bankingsupervision.europa.eu/legalframework/publiccons/pdf/climate-related_risks/ssm.202005_draft_guide_on_climate-related_and_environmental_risks.en.pdf
Sweden’s Sovereign Green Bond Framework,https://www.government.se/49bcc9/contentassets/ed959d7b700e429a98cc85bdb64ef1af/swedens-sovereign-green-bond-framework.pdf
Guidance on Climate-Related Risk Management,https://www.centralbank.go.ke/wp-content/uploads/2021/10/Guidance-on-Climate-Related-Risk-Management.pdf
PAS 7341:2020 Responsible and sustainable investment management – Specification Responsible and sustainable investment management - Specification,https://www.bsigroup.com/globalassets/localfiles/en-gb/pas/pas-7341-responsible-and-sustainable-investment-management.pdf
Launch of the Sustainability Dimension of the Central Bank of Brazil’s Agenda,https://www.bcb.gov.br/content/about/presentationstexts/Agenda_BC_Sustainability_%20Opening_Speech_DepGovernor_Fernanda_Nechio_September_2020.pdf
The EU Plan for the Economic Recovery,https://www.consilium.europa.eu/media/45109/210720-euco-final-conclusions-en.pdf
Launch of the Sustainability Dimension of the Central Bank of Brazil’s Agenda,https://www.bcb.gov.br/content/about/presentationstexts/BCB_Agenda_BChashtag_Sustainability_Dimension_Sep2020.pdf
Mongolia Green Taxonomy,https://www.ifc.org/wps/wcm/connect/0c296cd3-be1e-4e2f-a6cb-f507ad7bdfe9/Mongolia+Green+Taxanomy+ENG+PDF+for+publishing.pdf?MOD=AJPERES&CVID=nikyhIh
Bank of Russia Recommendations for the Implementation of the Principles for Responsible Investment,https://www.cbr.ru/statichtml/file/59420/20200715_in_06_28-111.pdf
Bank of Russia Recommendations for the Implementation of the Principles for Responsible Investment,http://www.cbr.ru/content/document/file/112325/in-06-28_111_e.pdf
Sustainable Finance Framework (Circular No. 1085) for banks,http://www.bsp.gov.ph/downloads/regulations/attachments/2020/c1085.pdf
Practical Handbook for ESG Disclosure,https://www.jpx.co.jp/english/corporate/sustainability/esg-investment/handbook/b5b4pj000003dkeo-att/handbook.pdf
The Financial Market Commission’s Strategy for Addressing Climate Change in financial markets,http://www.cmfchile.cl/portal/principal/605/articles-29872_informe_doc.pdf
Managing Climate Risk in the U.S. Financial System,https://www.cftc.gov/sites/default/files/2020-09/9-9-20%20Report%20of%20the%20Subcommittee%20on%20Climate-Related%20Market%20Risk%20-%20Managing%20Climate%20Risk%20in%20the%20U.S.%20Financial%20System%20for%20posting.pdf
ESG Reporting Guide,https://www.bahrainbourse.com/resources/files/Sustainability/ESG_11%20June%202020.pdf
Stewardship Principles for Institutional Investors,https://cgc.twse.com.tw/docs/Revision%20of%20Stewardship%20Principles%20for%20Institutional%20Investors-20200810.pdf
TCFD Guidance 2.0,https://tcfd-consortium.jp/pdf/en/news/20081201/TCFD_Guidance_2_0_message-e.pdf
Swiss National Bank Monetary policy meeting December 2020,https://www.snb.ch/en/mmr/speeches/id/ref_20201217_tjn/source/ref_20201217_tjn.en.pdf
New Zealand Mandatory TCFD Reporting,https://www.productivity.govt.nz/assets/Documents/lowemissions/4e01d69a83/Productivity-Commission_Low-emissions-economy_Final-Report_FINAL_2.pdf
Roadmap for Sustainable Finance in Sri Lanka,https://www.ifc.org/wps/wcm/connect/87a7846c-9810-4016-b87f-9988c3836e04/Sri+Lanka+Sustainable+Finance+Roadmap+FINAL+08.04.19.pdf?MOD=AJPERES&CVID=mFYxdmQ
Russian Green Finance Guidelines,https://veb.ru/files/?file=2d22e1e1576a8770c1171f13deae297f.pdf
Russian Green Finance Guidelines,https://veb.ru/files/?file=6c8da95d7f0ad3826ba1a01c9e18caee.pdf
Cross-Agency Steering Group’s Strategic Plan to Strengthen Hong Kong’s Financial Ecosystem to Support a Greener and More Sustainable Future,https://www.hkma.gov.hk/media/eng/doc/key-information/press-release/2020/20201217e4a1.pdf
Consultation on Corporate Responsibility and ESG Risk Disclosures,http://www.isa.gov.il/sites/ISAEng/1489/Calls_for_Comments/Documents/ESG_Risk_Disclosures.pdf
ESG Reporting and Disclosure Principles,https://www.nbg.gov.ge/uploads/legalacts/fts/eng/215_04_eng.pdf
ESG Reporting and Disclosure Principles,https://www.nbg.gov.ge/uploads/esg/nbg_principles_on_esg_disclosure.pdf
The South African Economic Reconstruction and Recovery Plan,https://www.gov.za/sites/default/files/gcis_document/202010/south-african-economic-reconstruction-and-recovery-plan.pdf
Kingdom of Thailand’s Sustainable Financing Framework,https://www.pdmo.go.th/pdmomedia/documents/2020/Jul/KOT%20Sustainable%20Financing%20Framework.pdf
U.S. Fed says climate poses financial stability risks,https://www.federalreserve.gov/publications/files/financial-stability-report-20201109.pdf
Study of reporting practices of 10 French institutions using the TCFD Framework,https://www.amf-france.org/fr/sites/default/files/private/2020-12/tcfd-climate-reporting-in-the-financial-sector_5.pdf
Kingdom of Thailand’s first Sustainability Bond Issuance,https://media.thaigov.go.th/uploads/document/142/2020/08/pdf/Doc_20200814165831000000.pdf
NZ SuperFund Climate Change Report 2020,https://www.nzsuperfund.nz/assets/Uploads/NZSF-Climate-Change-Report-2020-Final-v2.pdf
National Guidelines for Responsible Business Conduct,http://www.mca.gov.in/Ministry/pdf/NationalGuildeline_15032019.pdf
FRC Future of Corporate Reporting Consultation,https://www.frc.org.uk/getattachment/cf85af97-4bd2-4780-a1ec-dc03b6b91fbf/Future-of-Corporate-Reporting-FINAL.pdf
Sustainable Finance Policy,https://www.bb.org.bd/mediaroom/circulars/gbcrd/dec312020sfd06.pdf
Supervisory Statement (SS3/19) on Enhancing Banks’ and Insurers’ Approaches to Managing the Financial Risks from Climate Change,http://www.legislation.gov.uk/ukpga/2006/46/pdfs/ukpga_20060046_en.pdf
Sustainable Finance Policy,https://www.bb.org.bd/mediaroom/circulars/gbcrd/dec312020sfd05.pdf
Supervisory Statement (SS3/19) on Enhancing Banks’ and Insurers’ Approaches to Managing the Financial Risks from Climate Change,https://www.bankofengland.co.uk/-/media/boe/files/prudential-regulation/supervisory-statement/2019/ss319.pdf?la=en&hash=7BA9824BAC5FB313F42C00889D4E3A6104881C44
Internal Review of Impacts of Climate Change on Supervisory Guidance,https://www.apra.gov.au/sites/default/files/cps_220_april_2018_version.pdf
Internal Review of Impacts of Climate Change on Supervisory Guidance,https://www.apra.gov.au/sites/default/files/sps_220_risk_management_december_2018_2.pdf
Internal Review of Impacts of Climate Change on Supervisory Guidance,https://www.apra.gov.au/sites/default/files/climate_change_awareness_to_action_march_2019.pdf
Antigua and Barbuda' Climate Resilience and Development Fund,https://ab.gov.ag/pdf/budget/Budget_Speech_2020.pdf
Mexico issued a sovereign SDG bond,https://www.finanzaspublicas.hacienda.gob.mx/work/models/Finanzas_Publicas/docs/ori/Espanol/SDG/UMS-SDG_Sustainable_Bond_Framework.pdf
Mexico issued a sovereign SDG bond,https://www.finanzaspublicas.hacienda.gob.mx/work/models/Finanzas_Publicas/docs/ori/Espanol/SDG/UMS_IP_SDG_Bond.pdf
French Insurers Facing Climate Change Risk,https://acpr.banque-france.fr/sites/default/files/medias/documents/as_102_climate_change_insurers_en.pdf
Guatemala issued a sovereign social bond,https://dcp-web.minfin.gob.gt/Sie_Abrir_Archivo.aspx?file=C%3A%5C%5CPublicaciones%5C%5CSistemas%5C%5CDCP-WEB%5C%5CDocumentos%5C%5COffering%5C%5COffering%20Circular%202020.pdf
"Amendment to the UK's Pensions Act Requires Disclosure on Social, Environmental, and Ethical Considerations",http://www.legislation.gov.uk/uksi/1999/3259/pdfs/uksi_19993259_en.pdf
Green Protocol,https://cdn.www.gob.pe/uploads/document/file/1418924/Convenio%20Protocolo%20Verde.pdf.pdf
General Insurance Stress Tests (GIST) Cover Natural Catastrophe Scenarios and Climate Change Risks,https://www.bankofengland.co.uk/-/media/boe/files/prudential-regulation/letter/2016/general-insurance-stress-test-2015.pdf
General Insurance Stress Tests (GIST) Cover Natural Catastrophe Scenarios and Climate Change Risks,https://www.bankofengland.co.uk/-/media/boe/files/prudential-regulation/letter/2017/general-insurance-stress-test-2017-feedback.pdf
General Insurance Stress Tests (GIST) Cover Natural Catastrophe Scenarios and Climate Change Risks,https://www.bankofengland.co.uk/-/media/boe/files/prudential-regulation/letter/2019/general-insurance-stress-test-2019-scenario-specification-guidelines-and-instructions-draft.pdf
General Insurance Stress Tests (GIST) Cover Natural Catastrophe Scenarios and Climate Change Risks,https://www.bankofengland.co.uk/-/media/boe/files/prudential-regulation/letter/2019/insurance-stress-test-2019.pdf
Guide for the Preparation of ESG Reports for Issuers in Colombia,https://bvcsostenible.bvc.com.co/ckfinder/userfiles/files/SUSTAINABILITY%20GUIDANCE%20-%20GRI%20BVC(1).pdf
Guide for the Preparation of ESG Reports for Issuers in Colombia,https://bvcsostenible.bvc.com.co/ckfinder/userfiles/files/SUSTAINABILITY%20GUIDANCE%20-%20GRI%20BVC(1).pdf
The Strategy for the Development of Ireland's International Financial Services Sector to 2025,https://assets.gov.ie/24482/278893738e764db79c43eada83c030e3.pdf
Clean Energy Finance Corporation (CEFC) Investment Policies,https://www.cefc.com.au/media/ftabo3hq/cefc-investment-policies-aug-2020.pdf
Sustainability Guide for Companies,https://www.borsaistanbul.com/files/Surdurulebilirlik_Rehberi_2020.pdf
The Kenya Green Bond Programme,https://www.icmagroup.org/assets/documents/Regulatory/Green-Bonds/Kenya-Policy-Guidance-Note-for-Green-Bonds-260219.pdf
Brazilian Resolution 3.792/2009 Requires Pension Funds to State Whether They Consider Environmental and Social Issues in Investment Decisions,http://www.previc.gov.br/regulacao/normas/resolucoes/resolucoes-cmn/resolucao-cmn-no-3-792-de-28-de-setembro-de-2009.pdf/view
Canada's Expert Panel on Sustainable Finance,http://publications.gc.ca/collections/collection_2019/eccc/En4-350-2-2019-eng.pdf
Unified Directive 2077-2,https://www.nrb.org.np/contents/uploads/2020/09/Unified-Directives-2077-2.pdf
Egyptian Insurance Industry to Develop National Sustainable Insurance Roadmap by 2020,https://www.unepfi.org/psi/wp-content/uploads/2019/08/1st-PSI-Egyptian-Market-Event-Outcome-doc-May-2019.pdf
Australian Sustainable Finance Roadmap,https://static1.squarespace.com/static/5c982bfaa5682794a1f08aa3/t/5fcdb70bfe657040d5b08594/1607317288512/Australian+Sustainable+Finance+Roadmap.pdf
2050 Carbon Neutral Strategy of the Republic of Korea,https://unfccc.int/sites/default/files/resource/LTS1_RKorea.pdf
Proposed Amendment to Regulation No. 1092/2010 Would Direct the European Systemic Risk Board to Monitor and Assess Environmental and Social Risks,https://www.esrb.europa.eu/shared/pdf/ESRB-en.pdf
Proposed Amendment to Regulation No. 1092/2010 Would Direct the European Systemic Risk Board to Monitor and Assess Environmental and Social Risks,http://www.europarl.europa.eu/doceo/document/TA-8-2019-0375_EN.pdf?redirect
"Guidelines on Disclosure Requirements Applicable to Credit Ratings Include Environmental, Social, and Governance (ESG) Considerations",https://www.esma.europa.eu/sites/default/files/library/esma33-9-320_final_report_guidelines_on_disclosure_requirements_applicable_to_credit_rating_agencies.pdf
Regulation (EU) 2019/1238 on a Pan-European Personal Pension Product (PEPP),https://www.ohchr.org/Documents/Publications/GuidingPrinciplesBusinessHR_EN.pdf
The Dutch Authority for the Financial Markets' 2019 Agenda - Supervision in Transition,https://finnius.com/wp-content/uploads/2019/01/agenda-management-summary.pdf
Technical Advice to the European Commission on Integrating Sustainability Risks and Factors into the Markets in Financial Instruments Directive II (MiFID II),https://www.esma.europa.eu/sites/default/files/library/esma35-43-1737_final_report_on_integrating_sustainability_risks_and_factors_in_the_mifid_ii.pdf
EBA 2020 mandates to consider ESG factors,https://eba.europa.eu/sites/default/documents/files/documents/10180/2970032/4c85f578-fe16-4cd7-920a-bbe0ac54b9eb/EBA%202020%20Work%20Programme.pdf
Russia’s Environmental Permitting Regime is Revised in Government Decree No. 143,http://extwprlegs1.fao.org/docs/pdf/rus52751E.pdf
Russia’s Environmental Permitting Regime is Revised in Government Decree No. 143,http://static.government.ru/media/files/oW18NknulFxSfFF8js6hRjPxMTH2oUlb.pdf
Technical Advice on the Integration of Sustainability Risks in Insurance Undertakings and Products in the European Union,https://eiopa.europa.eu/Publications/EIOPA-BoS-19-172_Final_Report_Technical_advice_for_the_integration_of_sustainability_risks_and_factors.pdf
The Central Bank of Hungary’s Green Program,https://www.mnb.hu/letoltes/mnb-green-program-en.pdf
Opinion on Sustainability within Solvency II – Integrating Climate Risks in Investment and Underwriting Practices of (Re)insurers,https://eiopa.europa.eu/Publications/Consultations/EIOPA-BoS-19-241_Consultation_Paper_on_an_opinion_%20on_sustainability_in_Solvency_II.pdf
Widening of the Protection Gap for Natural Catastrophe Risks in the European Union Discussed at Workshop on Sustainable Finance,https://eiopa.europa.eu/Publications/2019-06-11%20SustainableFinanceWorkshopSummary.pdf
Phase 2 of the Reserve Bank Act Review Considers How Climate Risks Could Affect Financial Stability,https://treasury.govt.nz/sites/default/files/2019-06/rbnz-safeguarding-future-financial-system-2a.pdf
Ghana Sustainable Banking Principles,https://www.bog.gov.gh/wp-content/uploads/2019/12/Ghana-Sustainable-Banking-Principles-and-Guidelines-Book-1.pdf
"Specifications for 2019 Stress Test of Institutions for Occupational Retirement Provision (IORPs) Include Environmental, Social, and Governance Risks",https://www.esrb.europa.eu/shared/pdf/ESRB-en.pdf
"Specifications for 2019 Stress Test of Institutions for Occupational Retirement Provision (IORPs) Include Environmental, Social, and Governance Risks",https://eiopa.europa.eu/Publications/Surveys/Stress%20test%20specifications.pdf
"Guidelines for the issuance of Social, Green and Sustainable Securities",https://www.climatebonds.net/files/files/2019-08%20PA%20CIFI.pdf
The European Investment Bank's Draft Energy Lending Policy,https://www.eib.org/attachments/draft-energy-lending-policy-26-07-19-en.pdf
Roadmap for Sustainable Finance In Georgia,https://www.nbg.gov.ge/uploads/finstability/roadmap/sustainable_finance_roadmap_eng.pdf
Indonesia's Green Bond and Green Sukuk Framework Helped Catalyse USD 2 Billion in Green Projects,http://www.djppr.kemenkeu.go.id/uploads/files/dmodata/in/6Publikasi/Offering%20Circular/ROI%20Green%20Bond%20and%20Green%20Sukuk%20Framework.pdf
Eswatini's National Development Plan 2019/20 - 2021/22,https://www.gov.sz/images/CabinetMinisters/STRATEGIC-ROADMAP-2018-2023---MAY-2019.pdf
Eswatini's National Development Plan 2019/20 - 2021/22,https://www.gov.sz/images/CabinetMinisters/NDP-2019-20-to-2021-22-final.pdf
Australia Updates Guidance on Climate-Related Disclosure,https://download.asic.gov.au/media/1247147/rg247.pdf
Australia Updates Guidance on Climate-Related Disclosure,https://download.asic.gov.au/media/1247147/rg247.pdf
Australia Updates Guidance on Climate-Related Disclosure,https://download.asic.gov.au/media/4871341/rep593-published-20-september-2018.pdf
Indonesia Issued US$1.25 Billion Green Sukuk,https://www.climatebonds.net/files/files/Sovereign_Briefing2017.pdf
"Environmental, Social, and Governance (ESG) Disclosure Requirements Included in Amendment to the United Kingdom's Occupational Pension Schemes Regulation",http://www.legislation.gov.uk/uksi/2018/988/made/data.pdf
Review of the Impact of Climate Change on the UK Banking Sector,https://www.bankofengland.co.uk/-/media/boe/files/prudential-regulation/report/transition-in-thinking-the-impact-of-climate-change-on-the-uk-banking-sector.pdf?la=en&hash=A0C99529978C94AC8E1C6B4CE1EECD8C05CBF40D
Financial Stability Report - Article on Climate-Related Risks and Sustainable Finance,https://www.nbb.be/doc/ts/publications/fsr/fsr_2019.pdf
Changes to Iceland's Act on Natural Catastrophe Insurance (Act 55/1992) in 2018 Include Increased Minimum Deductibles and Requirement to Repair,https://nti.is/UserFiles/Documents/Renewal%202019%20-%20%C3%AD%20loka%C3%BAtg%C3%A1fu%2017.9.2018.pdf
The United Kingdom's Green Finance Task Force Issued Recommendations on Accelerating Green Finance,https://assets.publishing.service.gov.uk/government/uploads/system/uploads/attachment_data/file/703816/green-finance-taskforce-accelerating-green-finance-report.pdf
Rio Declaration on Climate Risk Transparency by the Brazilian Insurance Industry,https://www.unepfi.org/psi/wp-content/uploads/2018/05/Rio-declaration-on-climate-risk-transparency-English.pdf
Luxembourg Establishes the World's First Legal Framework for Green Covered Bonds,https://www.nordlb.lu/page/docManager/docs/582/2019.10%20Moodys%20assigns%20provisional%20Rating%20Aa3%20for%20NORDLB%20CBBs%20Renewable%20Energy%20Covered%20Bonds.pdf
Luxembourg Establishes the World's First Legal Framework for Green Covered Bonds,http://data.legilux.public.lu/file/eli-etat-leg-loi-2018-06-22-a521-jo-fr-pdf.pdf
"Brazil's Investment Rules of Occupational Pension Funds Requires Asset Managers to Consider Environmental, Social, and Governance (ESG) Risks",https://www.bcb.gov.br/pre/normativos/busca/downloadNormativo.asp?arquivo=/Lists/Normativos/Attachments/50598/Res_4661_v1_O.pdf
"Voluntary Disclosure of Environmental, Social, and Governance (ESG) Information in Brazil – Updates on ""Report or Explain for Sustainability or Integrated Reports""",http://www.sseinitiative.org/wp-content/uploads/2016/07/BMFBOVESPA-Communication-to-Stakeholders-July2016-1.pdf
Guidelines for Corporate Governance of Listed Companies in China,https://ecgi.global/sites/default/files/codes/documents/2018_code-_chinese.pdf
Survey Finds Increasing Awareness of and Action on Climate-Related Financial Risks by Australian Regulated Entities,https://www.apra.gov.au/sites/default/files/climate_change_awareness_to_action_march_2019.pdf
Sustainability Disclosure Guide for Boursa Kuwait Listed Issuers,https://www.newkuwait.gov.kw/image/NewKuwait_CampaignLaunchEvent.pdf
Sustainability Disclosure Guide for Boursa Kuwait Listed Issuers,https://cis.boursakuwait.com.kw/Portal/BoursaReports/BKSustainability2017.pdf
Responsible Investment Charter of the Banque de France,https://www.banque-france.fr/sites/default/files/media/2018/03/29/818080_-charte-invest_en_2018_03_28_12h12m41.pdf
Memorandums on Climate Change and the Duties of Company Directors in Australia,https://cpd.org.au/wp-content/uploads/2019/03/Noel-Hutley-SC-and-Sebastian-Hartford-Davis-Opinion-2019-and-2016_pdf.pdf
Japan Corporate Governance Code,https://www.fsa.go.jp/en/refer/councils/corporategovernance/20150306-1/01.pdf
Japan Corporate Governance Code,https://www.jpx.co.jp/english/news/1020/b5b4pj000000jvxr-att/20180601.pdf
Japan Corporate Governance Code,https://www.jpx.co.jp/english/news/1020/b5b4pj000000jvxr-att/20180601.pdf
Banque de France's 2018 Responsible Investment Report Shows Strong Non-Financial Performance,https://www.banque-france.fr/sites/default/files/media/2019/03/26/banque-de-france-responsible-investment-report-2018_0.pdf
Bangladesh's Green Transformation Fund (GTF),https://bb.org.bd/mediaroom/circulars/fepd/jun262019fepdl14e.pdf
Myanmar Climate Change Strategy,https://myanmar.un.org/sites/default/files/2019-11/MyanmarClimateChangeStrategy_2019.pdf
Japan's Environmental Reporting Guidelines,https://www.env.go.jp/policy/j-hiroba/kigyo/2018Guidelines_E20190412.pdf
Irish Sovereign Green Bond Framework,https://www.ntma.ie/uploads/general/Irish-Sovereign-Green-Bond-Framework.pdf
Zimbabwe’s National Climate Change Response Strategy,http://ncuwash.org/newfour/wp-content/uploads/2017/08/Climate-Change-Response-Strategy.pdf
Egypt’s Financial Regulatory Authority Green Bond Guidelines,http://enterprise.press/wp-content/uploads/2018/06/Green-bonds-En.pdf
Egypt’s Financial Regulatory Authority Green Bond Guidelines,https://www.fra.gov.eg/content/efsa_ar/pool_extra_efsa/UG43029UG43030.pdf
"Draft Amendment to Delegated Regulation 2017/2359 Aims to Integrate Environmental, Social, and Governance (ESG) Considerations into Advice on Insurance-Based Investment Products",https://ec.europa.eu/finance/docs/level-2-measures/idd-delegated-act-2018_en.pdf
Indonesia Sustainable Finance Initiative,https://www.ojk.go.id/Files/box/keuangan-berkelanjutan/roadmap-keuangan-berkelanjutan.pdf
Guideline on Environmental & Social Risk Management (ESRM) For Banks and Financial Institutions,https://www.ifc.org/wps/wcm/connect/45b458ae-0866-4e37-9a56-23bd672e221f/NEPAL+NRB+ESRM+Guidelines+May2018.pdf?MOD=AJPERES&CVID=mfwNzvB
Technical Advice on Amendments to European Directives (2009/65/EC and 2011/61/EU) to Integrate Sustainability Risks,https://www.esma.europa.eu/sites/default/files/library/esma34-45-569_consultation_paper_on_integrating_sustainability_risks_and_factors_in_the_ucits_directive_and_aifmd.pdf
"Draft Amendment to Delegated Regulation 2017/565 Aims to Integrate Environmental, Social, and Governance (ESG) Considerations into Investment Advice and Portfolio Management",https://ec.europa.eu/finance/docs/level-2-measures/mifid-delegated-act-2018_en.pdf
Joint Statement in Support of a Sustainable Financial System for Australia and New Zealand,https://www.unepfi.org/wordpress/wp-content/uploads/2018/07/Statement-for-a-Sustainable-Finance-Roadmap-July-2018-FINAL-WEB.pdf
China Promotes Green Finance in Five Pilot Zones,https://www.climatebonds.net/files/files/2019-06%20CN%20Jiangxi%20Province.pdf
Seychelles’ Sovereign Blue Bond,https://www.climatebonds.net/files/files/2018-11%20SC%20Republic%20of%20Seychelles.pdf
Clarifying and Strengthening Trustees' Investment Duties,https://assets.publishing.service.gov.uk/government/uploads/system/uploads/attachment_data/file/739331/response-clarifying-and-strengthening-trustees-investment-duties.pdf
"Guidelines on green, social and sustainable bonds",http://marrakechpledge.com/wp-content/uploads/2017/11/AMMC-BROCHURE-VGB.pdf
"Guidelines on green, social and sustainable bonds",http://www.ammc.ma/sites/default/files/AMMC_%20Guide%20sur%20les%20Green%2C%20Social%20and%20Sustainability%20Bonds.pdf
The European Commission's Action Plan on Financing Sustainable Growth,https://ec.europa.eu/info/sites/info/files/180131-sustainable-finance-final-report_en.pdf
The European Commission's Action Plan on Financing Sustainable Growth,https://ec.europa.eu/info/sites/info/files/business_economy_euro/banking_and_finance/documents/190618-sustainable-finance-teg-report-taxonomy_en.pdf
The European Commission's Action Plan on Financing Sustainable Growth,https://ec.europa.eu/info/sites/info/files/business_economy_euro/banking_and_finance/documents/190930-sustainable-finance-teg-final-report-climate-benchmarks-and-disclosures_en.pdf
The European Commission's Action Plan on Financing Sustainable Growth,https://ec.europa.eu/info/sites/info/files/business_economy_euro/banking_and_finance/documents/190618-sustainable-finance-teg-report-green-bond-standard_en.pdf
The European Commission's Action Plan on Financing Sustainable Growth,https://ec.europa.eu/info/sites/info/files/business_economy_euro/banking_and_finance/documents/190110-sustainable-finance-teg-report-climate-related-disclosures_en.pdf
Policy brief “Green finance: the agenda for Russia”,https://www.minfin.ru/common/upload/20181102_Green_finance.pdf
Bursa Malaysia Sustainability Reporting Guide,https://www.bursamalaysia.com/sites/5bb54be15f36ca0af339077a/content_entry5ce3b5005b711a1764454c1a/5ce3c83239fba2627b286508/files/bursa_malaysia_sustainability_reporting_guide-final.pdf?1570701456
Survey Finds Swedish Banks Have Made Progress on Sustainable Lending but Further Improvements are Needed,https://www.fi.se/contentassets/3dcce69634c749cbac3109cd60ce1dc8/sustainability_perspectives_credit_granting.pdf
Survey Finds Swedish Banks Have Made Progress on Sustainable Lending but Further Improvements are Needed,https://www.fi.se/contentassets/0b4a8facaf6b4e4ead9021898b6fe929/hallbarhetspersp-kreditgivn-foretag-uppfolj-eng.pdf
Ontario Green Bank Regulation (Reg. 46/17: Ontario Climate Change Solutions Deployment Corporation),http://www.applications.ene.gov.on.ca/ccap/products/CCAP_ENGLISH.pdf
The Government of the Republic of Lithuania issued a Sovereign Green Bond,https://www.climatebonds.net/files/files/2018-05%20LT%20Republic%20of%20Lithuania.pdf
The City of Reykjavík Green Bond Framework,https://reykjavik.is/sites/default/files/2020-04_reykjavik_green_bond_annual_impact_report_published.pdf
The City of Reykjavík Green Bond Framework,https://reykjavik.is/sites/default/files/reykjavik_green_bond_framework_2019_-_baeklingur.pdf
The National Stock Exchange of Costa Rica Launched Initiatives to Develop the Green Bond Market,https://bolsacr.com/sites/default/files/239/estandar_bonos_verdes_bnv.pdf
Amman Stock Exchange Guidance on Sustainability Reporting,https://www.exchange.jo/sites/default/files/2018-11/Sustainability%201_9.pdf
Amman Stock Exchange Guidance on Sustainability Reporting,https://www.exchange.jo/sites/default/files/2018-11/Sustainability%202_1.pdf
Amman Stock Exchange Guidance on Sustainability Reporting,https://www.exchange.jo/sites/default/files/2018-11/Guidance%20on%20Sustainability%20Repoting%202018.pdf
Sustainability Disclosure Guidelines,https://www.nse.com.ng/regulation-site/IssuersRules/Sustainability%20Disclosure%20Guidelines.pdf
Mexico's Green Bonds Principles,https://www.bmv.com.mx/docs-pub/MI_EMPRESA_EN_BOLSA/CTEN_MINGE/GREEN_BONDS_PRIN_MX2.pdf
Voluntary Guide for Creating Sustainability Reports,https://www.bolsacr.com/sites/default/files/32/guia_voluntaria_para_la_creacion_de_reportes_sostenibilidad.pdf
Guidance for listed companies on reporting ESG information to investors,https://www.bse.co.bw/wp-content/uploads/2021/02/BSE_Guidance-for-Listed-Companies-on-Reporting-ESG-Information-to-Invest....pdf
Recommendation from the High Level Meeting on ESG Finance: Toward becoming a big power in ESG finance,http://www.env.go.jp/policy/Summary%5BPDF%20573KB%5D.pdf
Recommendation from the High Level Meeting on ESG Finance: Toward becoming a big power in ESG finance,http://www.env.go.jp/policy/01_Recommendation(full).pdf
Investment Guidelines for Mexico's Retirement Funds Administrators,https://www.gob.mx/cms/uploads/attachment/file/285768/Disposiciones_RI_20180105.pdf
Solactive oekom ESG Fossil Free Eurozone 50 Index,https://www.solactive.com/wp-content/uploads/solactiveip/de/Factsheet_(de)_DE000SLA3K57.pdf
Solactive oekom ESG Fossil Free Eurozone 50 Index,https://www.solactive.com/wp-content/uploads/2017/04/2017_04_06_SOESG50-Leitfaden-6.pdf
Maldives Green Fund,http://extwprlegs1.fao.org/docs/pdf/mdv130814.pdf
Australian Asset Owner Stewardship Code,https://acsi.org.au/wp-content/uploads/2020/01/AAOSC_-The_Code.pdf
Climate Finance Facility,https://www.dbsa.org/EN/About-Us/Publications/Documents/Revised%20ESS%20Framework_CFF%2021052018.pdf
National Policy on Climate Finance,http://www.environment.go.ke/wp-content/uploads/2018/05/The-National-Climate-Finance-Policy-Kenya-2017-1.pdf
Corporate Governance Guide for Banks,https://static.s123-cdn-static-d.com/uploads/829489/normal_5c014a7b5ea02.pdf
Germany's Renewable Energy Act (Erneuerbare-Energien-Gesetz),http://www.gesetze-im-internet.de/eeg_2014/EEG_2017.pdf
Indonesia's Clean Energy Handbook for Financial Service Institutions,https://www.ojk.go.id/Files/box/keuangan-berkelanjutan/buku-energi-bersih-en.pdf
Chile's National Action Plan on Business and Human Rights,https://mk0globalnapshvllfq4.kinstacdn.com/wp-content/uploads/2017/11/national-action-plan-on-business-and-human-rights_.pdf
Green Bond Framework,https://www.climatebonds.net/files/files/UNEP%20Nigeria%20Green%20Bond%20Framework.pdf
French Strategy for Green Finance,https://www.i4ce.org/wp-core/wp-content/uploads/2017/12/EXECUTIVE-SUMMARY-finance-verte-sircom-v3.pdf
Mexico’s Catastrophe Bonds Provide Financial Protection Against Losses From Covered Natural Disasters,https://www.gfdrr.org/sites/default/files/publication/FONDEN_paper_M4.pdf
Green Banking Guidelines,https://www.ifc.org/wps/wcm/connect/ce18b318-4d4c-4f13-b4a0-0fd489f78d63/Pakistan_GreenBankingGuidelines_October2017.pdf?MOD=AJPERES&CVID=lYBRGy0
Morocco's Framework Partnership Agreement Aims to Promote Investments in the Environment and Sustainable Development,https://wedocs.unep.org/bitstream/handle/20.500.11822/22914/Annual%20overview%202017.pdf?sequence=2&isAllowed=y
First Green Bond issuance on the Moroccan Market,http://www.ammc.ma/sites/default/files/CP_PP_MASEN_EN.pdf
Cambodia's National Environment Strategy and Action Plan (NESAP) 2016-2023,https://www.adb.org/sites/default/files/publication/470846/cambodia-environment-strategy-action-plan.pdf
Assessment of Climate-Related Risks for the Dutch Financial Sector,https://www.dnb.nl/media/r40dgfap/waterproof-an-exploration-of-climate-related-risks-for-the-dutch-financial-sector.pdf
Framework of the Guyana Green State Development Strategy and Financing Mechanisms,https://www.greengrowthknowledge.org/sites/default/files/Framework%20for%20Guyana%20Green%20State%20Development%20Strategy%2028-03-17.pdf
Issuance of Green Sukuk in Malaysia,https://www.theacmf.org/images/downloads/pdf/AGBS2018.pdf
Investment Governance Code for Institutional Investors,https://ecgi.global/sites/default/files/codes/documents/ICodeBookEN%202017.pdf
Île-de-France has Issued EUR 2.7 Billion Through Green and Sustainability Bonds Between 2012 and 2017,http://www.iledefrance.fr/sites/default/files/medias/2019/05/Reporting%20ISR%20EN%202014.pdf
Île-de-France has Issued EUR 2.7 Billion Through Green and Sustainability Bonds Between 2012 and 2017,http://www.iledefrance.fr/sites/default/files/2019-05/reporting_isr_en_2016.pdf
Île-de-France has Issued EUR 2.7 Billion Through Green and Sustainability Bonds Between 2012 and 2017,http://www.iledefrance.fr/sites/default/files/2019-05/reporting_isr-en-2017.pdf
Île-de-France has Issued EUR 2.7 Billion Through Green and Sustainability Bonds Between 2012 and 2017,https://www.iledefrance.fr/sites/default/files/medias/2019/05/Green%20and%20sustainability%20framework.pdf
A Guide on Sustainability Reporting in Chile,https://sseinitiative.org/wp-content/uploads/2014/08/2017-Design-and-Construction-of-Sustainability-Reports-Santiago-Exchange.pdf
Stewardship Code for Institutional Investors,http://kenyalaw.org/kl/fileadmin/pdfdownloads/Acts/TheCompaniesAct_No17of2015_RevisedCompressed.pdf
Stewardship Code for Institutional Investors,https://www.manifest.co.uk/wp-content/uploads/2017/06/Stewardship-Code-for-Institutional-Investors-Gazetted.pdf
Italy's National Energy Strategy 2017,https://www.mise.gov.it/images/stories/documenti/testo_della_StrategiaEnergeticaNazionale_2017.pdf
Listing Rules for the Kazakhstan Stock Exchange Require Disclosure of Environmental and Social Information,http://kase.kz/files/normative_base/listing_rules_eng.pdf
Bali Center for Sustainable Finance to Support Sustainable Development Program,https://www.ojk.go.id/en/berita-dan-kegiatan/siaran-pers/Documents/Pages/Press-Release-OJK-Launches-Bali-Center-for-Sustainable-Finance-to-Support-Sustainable-Development-Program/SP%2079-ENGLISH.pdf
Sustainability and Diversity Improvement Act 257/ME (Nachhaltigkeits- und Diversitätsverbesserungsgesetz),https://www.ris.bka.gv.at/Dokumente/BgblAuth/BGBLA_2017_I_20/BGBLA_2017_I_20.pdfsig
Green Bond Guidelines Issued by China's National Development and Reform Commission (NDRC),http://cjs.ndrc.gov.cn/zcfg/201601/W020160108524131094428.pdf
Indonesia's Regulation on the Application of Sustainable Finance (No. 51/POJK.03/2017),https://www.ojk.go.id/id/kanal/perbankan/regulasi/peraturan-ojk/Documents/Pages/POJK-Penerapan-Keuangan-Berkelanjutan-bagi-Lembaga-Jasa-Keuangan%2c-Emiten%2c-dan-Perusahaan-Publik/SAL%20POJK%2051%20-%20keuangan%20berkelanjutan.pdf
Collaborative Initiative for Green Finance in Singapore,http://unepinquiry.org/wp-content/uploads/2017/11/Collaborative-Initiative-for-Green-Finance-in-Singapore.pdf
Indonesia's Regulation on the Issuance and the Terms of Green Bond (No. 60/POJK.04/2017) Sets Standards for Green Bond Issuance,https://www.iced.or.id/wp-content/uploads/2018/02/English-SAL-POJK-60-Green-Bond.pdf
Companies Number 3 Law of 2017,https://www.mof.gov.cy/mof/gpo/gpo.nsf/All/320B28F66161A6BBC225813300289029/$file/4603%202%206%202017%20PARARTHMA%201o%20MEROS%20I.pdf
Act No. 563/1991 Coll. on accounting,https://www.mof.gov.cy/mof/gpo/gpo.nsf/All/320B28F66161A6BBC225813300289029/$file/4603%202%206%202017%20PARARTHMA%201o%20MEROS%20I.pdf
Working Paper on the Potential Impacts of Climate Change on Central Banks' Monetary and Financial Stability Objectives,https://www.bankofengland.co.uk/-/media/boe/files/working-paper/2016/lets-talk-about-the-weather-the-impact-of-climate-change-on-central-banks.pdf?la=en&hash=C49212AE5F68EC6F9E5AA71AC404B72CDC4D7574
Sustainable Banking Protocol,https://www.ifc.org/wps/wcm/connect/3148ae43-c611-402b-bb7c-9ce28d467d11/Ecuador+Sustainable+Finance+Protocol+%28Spanish+only%29.pdf?MOD=AJPERES&CVID=lDu0jcd
Guidelines for Observation and Exclusion from the Government Pension Fund Global (as Amended in 2016),https://www.regjeringen.no/contentassets/7c9a364d2d1c474f8220965065695a4a/guidelines_observation_exclusion2016.pdf
"Environmental, Social, and Governance (ESG) Reporting Guide—An Appendix to the Rules Governing the Listing of Securities on the Stock Exchange of Hong Kong",https://en-rules.hkex.com.hk/sites/default/files/net_file_store/new_rulebooks/c/o/consol_mb.pdf
Circular on Lending Transactions of Credit Institutions and/or Foreign Bank Branches with Customers (Circular 39/2016/TT-NHNN),https://www.ifc.org/wps/wcm/connect/e39a6557-4cad-49fc-b00c-c64708a5747b/Vietnam+Circular+Dec+2016.pdf?MOD=AJPERES&CVID=lJ4Edqf
Singapore Stewardship Principles for Responsible Investors,http://www.stewardshipasia.com.sg/sites/default/files/2020-09/Section%202%20-%20SSP%20%28Full%20Document%29.pdf
Survey of Environmental Practices of Brazilian Insurance Companies,https://www.unepfi.org/psi/wp-content/uploads/2018/05/Rio-declaration-on-climate-risk-transparency-English.pdf
Survey of Environmental Practices of Brazilian Insurance Companies,https://www.unepfi.org/psi/wp-content/uploads/2017/08/Sustainable_Insurance_The_Emerging_Agenda.pdf
King IV Code on Corporate Governance in South Africa,https://cdn.ymaws.com/www.iodsa.co.za/resource/collection/684B68A7-B768-465C-8214-E3A007F15A5A/IoDSA_King_IV_Report_-_WebVersion.pdf
"Too Late, Too Sudden: The Impact of a Low-Carbon Transition on Systemic Risk",https://www.esrb.europa.eu/pub/pdf/asc/Reports_ASC_6_1602.pdf
Green Finance Task Force - Green Finance Hub Report,http://www.fsdc.org.hk/sites/default/files/Green%20Finance%20Report-English.pdf
Bangladesh Sets Green Finance Minimum Target at 5% for Banks and Financial Institutions,https://www.bb.org.bd/mediaroom/circulars/gbcrd/sep042014gbcrd04.pdf
"The Finnish Accounting Act, as Amended in 2016, Requires Large Public Interest Entities to Report on Non-Financial Issues",https://www.finlex.fi/en/laki/kaannokset/1997/en19971336.pdf
Public Consultation on Long-Term and Sustainable Investments,http://ec.europa.eu/information_society/newsroom/image/document/2016-44/feedback_final_pc_30068_en_19173.pdf
Principles of Responsible Ownership,https://www.sfc.hk/web/EN/files/ER/PDF/Principles%20of%20Responsible%20Ownership_Eng.pdf
Cambodian Sustainable Finance Initiative,https://www.ifc.org/wps/wcm/connect/8ce9ddc0-2422-4e69-aa8b-e4f3c8cc3eec/Cambodia+SF+Principles+-+Implementation+Guidelines.pdf?MOD=AJPERES&CVID=mGdMKuz
Morocco has Established a Scheme to Cover the Consequences of Catastrophic Events (Law No. 110-14),http://www.sgg.gov.ma/Portals/0/lois/Loi_110.14_Fr.pdf?ver=2017-02-28-151836-543
Corporate Governance Regulation,https://ecgi.global/sites/default/files/codes/documents/costa-rica-reglamento-gobierno-corporativo-1.pdf
"Review of Russia's Financial Market Regulation, Including Provisions on Green Bonds",http://www.cbr.ru/finmarkets/files/development/review_160217.pdf
Legal Guide to Do Business in Colombia,https://www.investincolombia.com.co/images/Adjuntos/Legal_Guide_to_Do_Business_in_Colombia_2.pdf
Assessment of Climate Change and Financial Stability,https://www.fi.se/contentassets/df3648b6cbf448ca822d3469eca4dea3/climat-change-financial-stability-sweden.pdf
Climate Change Fund under the Climate Change Act 2016,http://kenyalaw.org/kl/fileadmin/pdfdownloads/Acts/ClimateChangeActNo11of2016.pdf
China's 13th Five Year Plan (2016-2020) Includes Recommendations from the Green Finance Task Force,https://www.unepfi.org/fileadmin/communications/EstablishingChinasGreenFinancialSystem.pdf
Time for Transition: An Exploratory Study of the Transition to a Carbon-Neutral Economy,https://www.dnb.nl/en/binaries/tt_tcm47-338545.pdf
"Australia's Environmental, Social, and Governance (ESG) Reporting Guide",https://www.asx.com.au/documents/asx-compliance/esg_reporting_guide_mar14.pdf
"Australia's Environmental, Social, and Governance (ESG) Reporting Guide",https://www.asx.com.au/documents/asx-compliance/acsi-fsc-esg-reporting-guide-final-2015.pdf
The Impact of Climate Change on the UK Insurance Sector,https://www.bankofengland.co.uk/-/media/boe/files/prudential-regulation/publication/impact-of-climate-change-on-the-uk-insurance-sector.pdf
Spain Updates Good Governance Code of Listed Companies with Corporate Social Responsibility Recommendations,http://www.cnmv.es/DocPortal/Publicaciones/CodigoGov/Good_Governanceen.pdf
Vanuatu Infrastructure Strategic Investment Plan,http://prdrse4all.spc.int/system/files/119-visip_2015-2024_report_web.pdf
Sustainability Amendments to Malaysia's Main Market Listing Requirements,http://www.bursamalaysia.com/misc/system/assets/15709/Main%20Circular_Issuance%20(Sustainability)_fair.pdf
Warehouse for Energy Efficiency Loans (WHEEL),https://www.climateworks.org/wp-content/uploads/2017/01/EPC-WHEEL-Report.pdf
Disaster Risk Finance and Insurance Strategy,http://mddb.apec.org/Documents/2015/FMP/SFOM13/15_sfom13_023.pdf
Sustainability Amendments to Malaysia's Main Market Listing Requirements,http://www.bursamalaysia.com/misc/system/assets/3805/Main_PN9_CA_fair_31Dec2017.pdf
Vnesheconombank (VEB) Sustainability Roadmap,https://xn--90ab5f.xn--p1ai/files/?file=9930af9b237c91cec9bed1452ec4d19d.pdf
The Brazilian Securities Commission (CVM) Instruction No. 480/2009 Requires Listed Companies to Include Environmental Information in their Annual Reports,http://www.cvm.gov.br/export/sites/cvm/subportal_ingles/menu/investors/anexos/CVMInstruction480.pdf
Dutch Pensions Act Requires Funds to Report on Environmental and Social Issues (Article 135),http://mcpf.nl/wp-content/uploads/2016/01/Code_of_the_Dutch_Pension_Funds.pdf
Directive on Promoting Green Credit Growth and Environmental and Social Risks Management in Credit Granting Activities,https://www.ifc.org/wps/wcm/connect/758c9ed5-cf12-4f15-b0a5-952dcae9b0c4/Directive+on+Green+Credit+and+E%26S+Risk+management.pdf?MOD=AJPERES&CVID=kOkF7YL
Norges Bank's Principles for Responsible Investment Management,https://www.ohchr.org/documents/publications/GuidingprinciplesBusinesshr_eN.pdf
Norges Bank's Principles for Responsible Investment Management,http://www.oecd.org/daf/inv/mne/48004323.pdf
Norges Bank's Principles for Responsible Investment Management,https://www.regjeringen.no/globalassets/upload/fin/statens-pensjonsfond/gpfg-management-mandate-14-april-2015.pdf
Norges Bank's Principles for Responsible Investment Management,https://www.nbim.no/contentassets/151eed8a37194491a5f462307fc49be1/executive-board-principles-for-responsible-investments---21-june-2017-fi....pdf
Resolution 4.327/2014: Financial Institutions Socio-Environmental Responsibility,https://www.bcb.gov.br/pre/normativos/res/2014/pdf/res_4327_v1_O.pdf
Mongolian Sustainable Finance Principles and Sector Guidelines,https://www.ifc.org/wps/wcm/connect/05296e6c-86e0-4475-ae0e-20200dca900b/MBA_Principles-and-Guidance-Notes-Mongolia_Final.pdf?MOD=AJPERES&CVID=kKZr0cX
Regulation on Socio-environmental Risk Management of Financial Firms in Peru (SBS N°01-2015),https://www.ifc.org/wps/wcm/connect/77cd8c3a-752c-47a2-87b9-82d0cb7c0636/SBN_Role+of+Enhanced+Due+Diligence.pdf?MOD=AJPERES&CVID=kWtGStK
France's Energy and Ecological Transition for Climate Label,https://www.ecologique-solidaire.gouv.fr/sites/default/files/The%20Energy%20and%20Ecological%20Transition%20for%20the%20Climate%20Label.pdf
Panama's Strategic Framework for the Financial Management of Disaster Risk,http://documents.worldbank.org/curated/en/749931468332707560/pdf/94987-REVISED-WP-PUBLIC.pdf
Environmental and Social Risk Management of Financial Institutions in Peru (Resolution 1928/2015),https://www.ifc.org/wps/wcm/connect/ca2b24bc-1aa9-41a2-9eb3-abc3219ebcd2/SBN_Regulation+for+Social+and+Environmental+Risk+Management.pdf?MOD=AJPERES&CVID=kWtGcPU
Corporate Social Responsibility (CSR) Implementation Guide for Canadian Business,https://www.ic.gc.ca/eic/site/csr-rse.nsf/vwapj/CSRImplementationGuide.pdf/$file/CSRImplementationGuide.pdf
A 2015 Report has Proposed a Roadmap to Finance a Low-Carbon Economy in France,https://www.i4ce.org/wp-core/wp-content/uploads/2015/06/ExSum-Report-Canfin-Grandjean_ENG.pdf
Peru Adopts Resolution that Includes Mandatory Sustainability Reporting (Resolución SMV Nº 033-2015-SMV/01),http://www.smv.gob.pe/sil/RGG0211199800000007.pdf
"The Corporate Social Responsibility (CSR) Strategy, 2019-2025, of De Nederlandsche Bank (DNB)",https://www.dnb.nl/en/binaries/DNB%20CSR%20strategy%202019%20-%202025_tcm47-382852.pdf
New York's Green Bank to Increase Investments in Clean Energy Markets,https://greenbank.ny.gov/-/media/greenbanknew/files/nygb-2019-business-plan.pdf
Natural Capital Financing Facility,https://www.eib.org/attachments/documents/ncff_contact_form_en.pdf
Russia's Code of Corporate Governance (Article 69) Recommends Joint Stock Companies to Assess Financial and Non-Financial Risks,https://www.ebrd.com/downloads/legal/corporate/russia_code.pdf
The Argentine Securities Commission (regulated under Law N° 26.831) is Among the Few Market Regulators with Sustainability in its Mandate,http://www.mae.com.ar/Anuncios/Normas_CNV_toc_2013.pdf
Resource Efficiency and Fiduciary Duties of Investors,https://ec.europa.eu/environment/enveco/resource_efficiency/pdf/FiduciaryDuties.pdf
Singapore's Code of Corporate Governance 2012 Revision Includes Sustainability Issues,https://www.mas.gov.sg/-/media/MAS/resource/fin_development/corporate_governance/CG-Code-2001-Code.pdf
Singapore's Code of Corporate Governance 2012 Revision Includes Sustainability Issues,https://www.mas.gov.sg/-/media/MAS/resource/fin_development/corporate_governance/CG-Code-2005-Code.pdf
Singapore's Code of Corporate Governance 2012 Revision Includes Sustainability Issues,https://www.mas.gov.sg/-/media/MAS/resource/fin_development/corporate_governance/CGCRevisedCodeofCorporateGovernance3May2012.pdf
Singapore's Code of Corporate Governance 2012 Revision Includes Sustainability Issues,https://www.mas.gov.sg/-/media/MAS/resource/fin_development/corporate_governance/CGCRevisedCodeofCorporateGovernance3May2012.pdf
"Amendment to the Companies Act of 2006 Includes New Environmental, Social, and Governance (ESG) Disclosure Requirements",http://www.legislation.gov.uk/ukpga/2006/46/data.pdf
"Amendment to the Companies Act of 2006 Includes New Environmental, Social, and Governance (ESG) Disclosure Requirements",https://www.legislation.gov.uk/uksi/2013/1970/made/data.pdf
"Danish Corporate Reporting on Human Rights and Climate (Financial Statements Act, Amendment 2012)",http://csrgov.dk/file/557863/implementation-of-eu-directive.pdf
Pakistan's Corporate Social Responsibility Voluntary Guidelines,https://www.sustainablebankingnetwork.org/upload/file/2019/0819/1566184721324559.pdf
Hawaii's Green Infrastructure Authority Makes Clean Energy Investments More Accessible and Affordable,https://gems.hawaii.gov/wp-content/uploads/2019/08/Residential-Non-Residential-FAQs_rev-8-2019.pdf
National Impact Initiative,https://fas.org/sgp/crs/misc/R41456.pdf
The European Investment Bank's (EIB's) Energy Lending Criteria Include an Emission Performance Standard,https://www.eib.org/attachments/consultations/elp_methodology_emission_performance_standard_20130722_en.pdf
The European Investment Bank's (EIB's) Energy Lending Criteria Include an Emission Performance Standard,https://www.eib.org/attachments/strategies/eib_energy_lending_criteria_en.pdf
"Australia's Green Bank—the Clean Energy Finance Corporation, Facilitates Increased Investments in Emissions Reduction",https://annualreport2019.cefc.com.au/media/1428/cefc_annual_report_2018-19.pdf
Vermont Clean Energy Loan Fund,http://www.leg.state.vt.us/docs/2014/Bills/H-0395/ACT0087%20As%20Enacted.pdf
Notification on Monitoring and Reporting of Turkey's Greenhouse Gas Emissions,http://extwprlegs1.fao.org/docs/pdf/tur151469.pdf
The Kay Review of UK Equity Markets and Long-Term Decision-Making Finds that Short-termism is an Underlying Problem,https://assets.publishing.service.gov.uk/government/uploads/system/uploads/attachment_data/file/253454/bis-12-917-kay-review-of-equity-markets-final-report.pdf
White Paper on Financing Ecological Transition,http://www.consultations-publiques.developpement-durable.gouv.fr/IMG/pdf/131220-Ifte_LB-v_okPostCabPostPLF_UK-Clean_RetourDGT_ValidationsJ_retourDGT2_Propre.pdf
"The Brazilian Circular on Internal Process of Capital Adequacy Assessment (No. 3,547/2011) Requires Banks to Include Social and Environmental Risks When Assessing Their Capital Needs",https://www.bcb.gov.br/ingles/norms/brprudential/Circular3547.pdf
India's Companies Act of 2013 Includes Provisions on Corporate Social Responsibility,http://www.mca.gov.in/Ministry/pdf/CompaniesAct2013.pdf
Corporate Responsibility Regulation in Indonesia (Regulation No. 47/2012),http://ditjenpp.kemenkumham.go.id/arsip/ln/2012/pp47-2012bt.pdf
"European Commission's Investment Plan for Europe, or 'Juncker Plan'",https://ec.europa.eu/commission/sites/beta-political/files/invest_eu-2019-10-brochure_en.pdf
"Brazil's Resolution (4,008/2011) on Financing Climate Mitigation and Adaptation Projects",https://www.bcb.gov.br/pre/normativos/busca/downloadNormativo.asp?arquivo=/Lists/Normativos/Attachments/49332/Res_4008_v1_O.pdf
Prudential Practice Guide on Investment Governance (SPG 530),https://www.apra.gov.au/sites/default/files/prudential-practice-guide-spg-530-investment-governance.pdf
Indonesia's Green Lending Model Guidelines for Mini Hydro Power Plant Projects,https://www.iced.or.id/wp-content/uploads/2017/03/Modul-03-Pembiayaan-Pembangkit-Listrik-Tenaga-Mini-Hidro.pdf
Indonesia's Green Lending Model Guidelines for Mini Hydro Power Plant Projects,http://documents.worldbank.org/curated/en/819461487145062821/pdf/112817-WP-Indonesia-Towards-a-Sustainable-Financial-System-PUBLIC.pdf
Indonesia's Green Lending Model Guidelines for Mini Hydro Power Plant Projects,https://www.ojk.go.id/Files/box/keuangan-berkelanjutan/buku-energi-bersih.pdf
Nigerian Sustainable Banking Principles and Guidance Note,https://www.cbn.gov.ng/out/2012/ccd/circular-nsbp.pdf
Colombia's Protocol Verde (Green Protocol),https://www.asobancaria.com/wp-content/uploads/2017/11/Protocolo-Verde-Colombia.pdf
Principles for Financial Action Towards a Sustainable Society,https://www.env.go.jp/en/policy/finance/principles/financial_action.pdf
National Climate Change Investment Plan,https://www.lse.ac.uk/GranthamInstitute/wp-content/uploads/laws/8198.pdf
China's Green Credit Statistics System,http://www.cbrc.gov.cn/chinese/files/2018/DD114DBE72084577BBB4392A38E65FFE.pdf
"India's National Voluntary Guidelines on Social, Environmental, and Economic Responsibilities of Business",http://www.mca.gov.in/Ministry/latestnews/CSR_Voluntary_Guidelines_24dec2009.pdf
"India's National Voluntary Guidelines on Social, Environmental, and Economic Responsibilities of Business",http://www.mca.gov.in/Ministry/latestnews/National_Voluntary_Guidelines_2011_12jul2011.pdf
Pakistani Regulation (General Order: SRO 983(I)) Requires Public Companies to Disclose Corporate Social Responsibility (CSR) Activities,https://jamapunji.pk/sites/default/files/CSR.pdf
Malaysian Green Technology Corporation,https://www.mestecc.gov.my/web/wp-content/uploads/2019/04/9.-Green-Technology-Master-Plan-Malaysia-2017-2030-English.pdf
Bangladesh's Refinancing Scheme for Renewable Energy and Green Financing,https://www.bb.org.bd/pub/research/workingpaper/wp1618.pdf
National Disaster Risk Reduction and Management Law (Republic Act 10121),http://www.ndrrmc.gov.ph/attachments/article/95/Implementing_Rules_and_Regulartion_RA_10121.pdf
"Russia’s Regulation on Information Disclosure (Order 11-46/pz-n, 2011)",https://www.globalreporting.org/resourcelibrary/Carrots-and-Sticks.pdf
Law on Limited Liability Companies (40/2007) Requires Reporting on Environmental and Social Responsibility,https://cdn.indonesia-investments.com/documents/Company-Law-Indonesia-Law-No.-40-of-2007-on-Limited-Liability-Companies-Indonesia-Investments.pdf
Sustainability Fund Act of Brunei,https://www.mofe.gov.bn/Shared%20Documents/investment%20legislation/Cap208.pdf
Spain's Sustainable Economy Law Requires Disclosure of Annual Sustainability Reports,https://www.boe.es/boe/dias/2011/03/05/pdfs/BOE-A-2011-4117.pdf
Principles of Corporate Governance of State-Owned Enterprises (Resolution of the Cabinet Council 49/2007),https://dre.pt/application/dir/pdf1sdip/2007/03/06200/17731776.pdf
Framework Act on Low Carbon,http://extwprlegs1.fao.org/docs/pdf/kor100522.pdf
Brazil's Green Protocol,https://www.bndes.gov.br/SiteBNDES/export/sites/default/bndes_pt/Galerias/Arquivos/empresa/download/ProtocoloVerde.pdf/
Coverage Limits Increase for Switzerland’s Mandatory Insurance Against Damage by Natural Disasters for Chattels and Buildings,https://www.finma.ch/FinmaArchiv/bpv/download/e/eElementarschaden.pdf
Amendment to South Africa's Pension Funds Act of 1956 (Amendment of Regulation 28),http://content.momentum.co.za/Content/regulation-28/reg-28-budget-2011.pdf
Shanghai Municipal Local Standards on Corporate Social Responsibility,http://www.pdi.org.cn/UP_data/magazine/file/149256.pdf
Report on the Russian largest companies’ investments in green projects as per the Regulations on information disclosure No. 11-46/пз-н,https://www.minfin.ru/common/upload/library/2018/06/main/2018_calc.pdf
Guidance Regarding Disclosures Related to Climate Change in the United States,https://www.sec.gov/rules/interp/2010/33-9106.pdf
National Policy of Combating Climate Change,https://www.pacificclimatechange.net/sites/default/files/documents/Samoa_CC_Policy.pdf
Saudi Arabia's Risk Management Regulation Includes Provisions on Disaster Risk Management for Insurance Companies,http://www.sama.gov.sa/en-US/Laws/InsuranceRulesAndRegulations/IIR_4600_C_RiskManaRegu_En_2008_12_29_V2.pdf
Protocolo de Intenções pela Responsabilidade Socioambiental,https://www.bndes.gov.br/SiteBNDES/export/sites/default/bndes_pt/Galerias/Arquivos/empresa/download/ProtocoloVerde.pdf/
Italy's Regulation (N. 35/2010) Includes Provisions on Ethical and Socially Responsible Finance,https://www.ivass.it/normativa/nazionale/secondaria-ivass/regolamenti/2010/n35/Regulation_n._35_of_26_May_2010-en.pdf?language_id=3
Indonesia's Rule on the Obligation to Submit an Annual Report for Issuers or Public Companies (Rule X.K.6) Requires Reporting on Social Responsibility,http://www.ojk.go.id/Files/regulation/capital-market/bap-rules/is-pc/12/XK6.pdf
"Belgium's Law on Collective Investment Portfolio Management Requires Disclosure of Social, Environmental, and Ethical Considerations",https://www.imf.org/external/pubs/ft/scr/2013/cr13136.pdf
Environmental Investment Fund of Namibia Act 13 of 2001,https://www.lac.org.na/laws/annoSTAT/Environmental%20Investment%20Fund%20of%20Namibia%20Act%2013%20of%202001.pdf
Kazakhstan's Code on Corporate Governance,https://www.ebrd.com/downloads/legal/corporate/kazak_code.pdf
[former] IIRC,http://www.integratedreporting.org/wp-content/uploads/2022/07/VRF-ITP-GettingStartedGuide.pdf
[former] IIRC,http://www.integratedreporting.org/wp-content/uploads/2022/07/VRF-ITP-GettingStartedGuide.pdf
CDP,https://cdn.cdp.net/cdp-production/comfy/cms/files/files/000/007/937/original/CDP_Cyber_Essentials_Certificate_2022-23.pdf
EMAS,https://green-business.ec.europa.eu/system/files/2023-07/EMAS%20presentation%20for%20organisations_2022.pdf
EU Taxonomy,https://ec.europa.eu/info/sites/info/files/business_economy_euro/banking_and_finance/documents/200309-sustainable-finance-teg-final-report-taxonomy_en.pdf
EU Taxonomy,http://www.fao.org/3/I8661EN/i8661en.pdf
EU Taxonomy,http://www.fao.org/3/I8661EN/i8661en.pdf
EU Taxonomy,http://www.fao.org/3/I8661EN/i8661en.pdf
EU Taxonomy,http://www.fao.org/3/I8661EN/i8661en.pdf
EU Taxonomy,https://www.foresteurope.org/docs/MC/MC_helsinki_resolutionH1.pdf
EU Taxonomy,https://foresteurope.org/wp-content/uploads/2016/10/MC_lisbon_resolutionL2_with_annexes.pdf
EU Taxonomy,https://www.foresteurope.org/docs/MC/MC_helsinki_resolutionH1.pdf
EU Taxonomy,https://foresteurope.org/wp-content/uploads/2016/10/MC_lisbon_resolutionL2_with_annexes.pdf
EU Taxonomy,https://www.foresteurope.org/docs/MC/MC_helsinki_resolutionH1.pdf
EU Taxonomy,https://foresteurope.org/wp-content/uploads/2016/10/MC_lisbon_resolutionL2_with_annexes.pdf
EU Taxonomy,https://www.ramsar.org/sites/default/files/documents/pdf/guide/guide-restoration.pdf
EU Taxonomy,https://www.ramsar.org/sites/default/files/documents/pdf/res/key_res_viii_14_e.pdf
EU Taxonomy,https://eippcb.jrc.ec.europa.eu/sites/default/files/2019-11/lvic_aaf.pdf
EU Taxonomy,http://www.fao.org/3/I8661EN/i8661en.pdf
EU Taxonomy,https://www.etsi.org/deliver/etsi_es/203100_203199/203199/01.03.00_50/es_203199v010300m.pdf
EU Taxonomy,https://ec.europa.eu/research/participants/data/ref/h2020/other/wp/2016-2017/annexes/h2020-wp1617-annex-ga_en.pdf
EU Taxonomy,http://www.fao.org/3/I8661EN/i8661en.pdf
EU Taxonomy,http://www.fao.org/3/I8661EN/i8661en.pdf
EU Taxonomy,http://www.fao.org/3/I8661EN/i8661en.pdf
EU Taxonomy,http://www.fao.org/3/I8661EN/i8661en.pdf
EU Taxonomy,https://www.foresteurope.org/docs/MC/MC_helsinki_resolutionH1.pdf
EU Taxonomy,https://foresteurope.org/wp-content/uploads/2016/10/MC_lisbon_resolutionL2_with_annexes.pdf
EU Taxonomy,https://www.foresteurope.org/docs/MC/MC_helsinki_resolutionH1.pdf
EU Taxonomy,https://foresteurope.org/wp-content/uploads/2016/10/MC_lisbon_resolutionL2_with_annexes.pdf
EU Taxonomy,https://www.foresteurope.org/docs/MC/MC_helsinki_resolutionH1.pdf
EU Taxonomy,https://foresteurope.org/wp-content/uploads/2016/10/MC_lisbon_resolutionL2_with_annexes.pdf
EU Taxonomy,https://eippcb.jrc.ec.europa.eu/sites/default/files/2019-11/lvic-s_bref_0907.pdf
EU Taxonomy,https://eippcb.jrc.ec.europa.eu/sites/default/files/2019-11/lvic-s_bref_0907.pdf
EU Taxonomy,https://eippcb.jrc.ec.europa.eu/sites/default/files/2019-11/lvic_aaf.pdf
EU Taxonomy,https://eippcb.jrc.ec.europa.eu/sites/default/files/2019-11/pol_bref_0807.pdf
EU Taxonomy,https://www.icnirp.org/cms/upload/publications/ICNIRPemfgdl.pdf
EU Taxonomy,https://www.ipcc-nggip.iges.or.jp/public/2019rf/pdf/5_Volume5/19R_V5_6_Ch06_Wastewater.pdf
EU Taxonomy,https://www.ipcc-nggip.iges.or.jp/public/2019rf/pdf/5_Volume5/19R_V5_6_Ch06_Wastewater.pdf
EU Taxonomy,https://ec.europa.eu/research/participants/data/ref/h2020/other/wp/2016-2017/annexes/h2020-wp1617-annex-ga_en.pdf
GRI,https://www.globalreporting.org/media/wtaf14tw/a-short-introduction-to-the-gri-standards.pdf
Hong Kong,https://www.hkex.com.hk/-/media/HKEX-Market/News/Market-Consultations/2016-Present/April-2021-Review-of-CG-Code-and-LR/Consultation-Paper/cp202104.pdf
Hong Kong,https://assets.bbhub.io/company/sites/60/2020/10/FINAL-2017-TCFD-Report-11052018.pdf
ISSB,https://www.ifrs.org/content/dam/ifrs/about-us/legal-and-governance/constitution-docs/ifrs-foundation-constitution-2021.pdf
ISSB,https://www.ifrs.org/content/dam/ifrs/about-us/legal-and-governance/legal-docs/trade-mark-guidelines.pdf
Malaysia,https://www.bnm.gov.my/documents/20124/2294076/WWF_BCG_Net_Zero_Study.pdf
New Zealand,https://legislation.govt.nz/act/public/2021/0039/latest/096be8ed81b59fc7.pdf
PAS 2050 & 2060 (BSI),https://www.bsigroup.com/globalassets/localfiles/en-gb/about-bsi/social-responsibility/modern-slavery-statement-2023.pdf
PCAF,https://carbonaccountingfinancials.com/files/downloads/PCAF_OperatingModel_03.pdf
PCAF,https://www.parisalignedinvestment.org/media/2021/03/PAII-Net-Zero-Investment-Framework_Implementation-Guide.pdf
SBTi,https://sciencebasedtargets.org/resources/files/Commitment-Compliance-Policy.pdf
Singapore,https://api2.sgx.com/sites/default/files/2023-05/SGX%20Core%20ESG%20Metrics_for%20website%20%28updated%20Apr2023%29.pdf
TCFD,https://assets.bbhub.io/company/sites/60/2023/09/2023-Status-Report.pdf
TCFD,https://assets.bbhub.io/company/sites/60/2021/07/2021-Metrics_Targets_Guidance-1.pdf
TCFD,https://assets.bbhub.io/company/sites/60/2021/07/2021-TCFD-Implementing_Guidance.pdf
TCFD,https://assets.bbhub.io/company/sites/60/2021/10/FINAL-2017-TCFD-Report.pdf
Thailand,https://sseinitiative.org/wp-content/uploads/2019/11/Thailand_SET.pdf
Thailand,https://media.set.or.th/set/Documents/2023/Jun/SD_Highlight_2022_ENG.pdf
USA,https://www.congress.gov/117/bills/hr2570/BILLS-117hr2570rh.pdf
Australian Securities Exchange,https://sseinitiative.org/wp-content/uploads/2019/10/Australia-ASX.pdf
Australian Securities Exchange,https://www2.asx.com.au/content/dam/asx/about/media-releases/2022/41-22-august-asx-2022-annual-report.pdf
Australian Securities Exchange,https://www2.asx.com.au/content/dam/asx/annual-reports/asx-annual-report-2020.pdf
Australian Securities Exchange,https://www2.asx.com.au/content/dam/asx/about/media-releases/2021/25-19-aug-asx-limited-2021-appendix-4e-and-annual-report.pdf
Australian Securities Exchange,https://www.asx.com.au/documents/asx-compliance/cgc-principles-and-recommendations-3rd-edn.pdf
Australian Securities Exchange,https://www.asx.com.au/documents/asx-compliance/acsi-fsc-esg-reporting-guide-final-2015.pdf
Australian Securities Exchange,https://www.asx.com.au/documents/investor-relations/asx-annual-report-2016.pdf
Bahrain Bourse,https://sseinitiative.org//wp-content/uploads/2019/11/Bahrain-BahrainBourse.pdf
Bahrain Bourse,https://bahrainbourse.com/resources/files/Sustainability/BHB_SustainabilityReport_2021_EN.pdf
Bahrain Bourse,https://bahrainbourse.com/resources/files/Sustainability/sustainability%20report_2020_en.pdf
Bahrain Bourse,https://www.bahrainbourse.com/resources/files/Sustainability/Sustainability%20Report%20EN.pdf
Bahrain Bourse,https://www.bahrainbourse.com/resources/files/Sustainability/ESG_Guide_2%20Jan%202023.pdf
Dhaka Stock Exchange,https://sseinitiative.org/wp-content/uploads/2019/11/Bangladesh-Dhaka-Stock-Exchange.pdf
Dhaka Stock Exchange,https://www.dsebd.org/pdf/DSE%20GRI%20Guidance%20Document%20Final.pdf
Dhaka Stock Exchange,https://www.dsebd.org/pdf/20-05-2018.pdf
Dhaka Stock Exchange,https://www.dsebd.org/pdf/01aug18.pdf
Euronext Brussels,https://sseinitiative.org/wp-content/uploads/2019/10/Belgium-Euronext-Brussels.pdf
Euronext Brussels,https://sseinitiative.org/wp-content/uploads/EUR_2022_URD_MEL-2.pdf
Euronext Brussels,https://www.europarl.europa.eu/RegData/etudes/BRIE/2021/654213/EPRS_BRI(2021)654213_EN.pdf
Euronext Brussels,https://sseinitiative.org/wp-content/uploads/2022/05/Euronext-ESG-guide-2022.pdf
Botswana Stock Exchange,https://sseinitiative.org/wp-content/uploads/2019/11/Botswana-BSE-2.pdf
Botswana Stock Exchange,https://www.bse.co.bw/wp-content/uploads/2021/02/BSE_Guidance-for-Listed-Companies-on-Reporting-ESG-Information-to-Invest....pdf
Botswana Stock Exchange,http://bse.co.bw/wp-content/uploads/2022/01/SADC-Green-Bond-Study-Workshop-Report.pdf
B3,https://sseinitiative.org/wp-content/uploads/2019/09/Brazil-BMFBovespa.pdf
B3,https://www.b3.com.br/data/files/1A/D7/91/AF/132F561060F89E56AC094EA8/Guia-para-empresas-listadas.pdf
B3,http://www.bmf.com.br/portal/pages/newsletter/bmfbovespa/Folheto_ESG_B3_Bi.pdf
TMX Group Inc.,https://sseinitiative.org//wp-content/uploads/2019/11/Canada-TMX.pdf
TMX Group Inc.,https://hausercenter.org/iri/wp-content/uploads/2011/08/CSR-Disclosure-Updates-4-18-14.pdf
TMX Group Inc.,https://www.osc.gov.on.ca/documents/en/Securities-Category5/csa_20101027_51-333_environmental-reporting.pdf
TMX Group Inc.,https://sseinitiative.org/wp-content/uploads/2021/03/UN-SSE-Gender-Equality-Policy-Brief.pdf
Bolsa de Comercio de Santiago,https://sseinitiative.org/wp-content/uploads/2019/11/Chile-Bolsa-de-Comercio-de-Santiago.pdf
Bolsa de Comercio de Santiago,https://cibe.bolsadesantiago.com/Documentos/Noticias/Avisos%20Generales/Memoria%20Bolsa%202022.pdf
Bolsa de Comercio de Santiago,https://cibe.bolsadesantiago.com/Documentos/Noticias/Avisos%20Generales/Memoria%20Bolsa%202021.pdf
Bolsa de Comercio de Santiago,https://cibe.bolsadesantiago.com/Documentos/Noticias/Avisos%20Generales/memoria%20bolsa%202020.pdf
Bolsa de Comercio de Santiago,https://cibe.bolsadesantiago.com/Documentos/Noticias/Avisos%20Generales/Memoria%20bolsa%202019.pdf
Bolsa de Comercio de Santiago,https://cibe.bolsadesantiago.com/Documentos/Noticias/Avisos%20Generales/Memoria%20Anual%202018.pdf
Bolsa de Comercio de Santiago,https://cibe.bolsadesantiago.com/Documentos/Noticias/Avisos%20Generales/Memoria%20BCS%202017.pdf
Bolsa de Comercio de Santiago,https://servicioscms.bolsadesantiago.com/Corporativo/Documentos/Relacionado/Guia%20de%20Reporte%20de%20Sostenibilidad%20Chile_GRI%20y%20Bolsa%20de%20Santiago.pdf
Bolsa de Comercio de Santiago,https://servicioscms.bolsadesantiago.com/noticias/SiteAssets/Paginas/Forms/EditForm/Gui%CC%81a%20Sostenibilidad%20de%20Emisores%20Bolsa%20de%20Santiago.pdf
Bolsa de Comercio de Santiago,https://sseinitiative.org/wp-content/uploads/2014/08/2017-Design-and-Construction-of-Sustainability-Reports-Santiago-Exchange.pdf
Bolsa de Comercio de Santiago,https://servicioscms.bolsadesantiago.com/Corporativo/Documentos/Relacionado/4%20-%20Gu%C3%ADa%20de%20Inversi%C3%B3n%20Responsable%20-%20Bolsa%20de%20Santiago%20(2017).pdf
Shanghai Stock Exchange,https://sseinitiative.org/wp-content/uploads/2019/11/China-Shanghai-Stock-Exchange.pdf
Shanghai Stock Exchange,http://english.sse.com.cn/news/newsrelease/a/20230425/b4870f1189eb9b4ac8a639dab9142ac6.pdf
Shanghai Stock Exchange,http://www.sse.com.cn/aboutus/socialresponsibility/download/c/5702535.pdf
Shanghai Stock Exchange,http://www.sse.com.cn/services/greensecurities/report/c/5705112.pdf
Shanghai Stock Exchange,http://www.sse.com.cn/aboutus/socialresponsibility/download/c/5122392.pdf
Shanghai Stock Exchange,http://www.sse.com.cn/aboutus/socialresponsibility/download/c/4766349.pdf
Shanghai Stock Exchange,http://www.sse.com.cn/aboutus/socialresponsibility/download/c/4509994.pdf
Shenzhen Stock Exchange,https://sseinitiative.org/wp-content/uploads/2019/11/China-Shenzhen-Stock-Exchange.pdf
Hong Kong Exchanges and Clearing Limited,https://sseinitiative.org/wp-content/uploads/2019/11/China-HKEX.pdf
Hong Kong Exchanges and Clearing Limited,https://www.hkex.com.hk/-/media/HKEX-Market/News/Market-Consultations/2016-Present/April-2023-Climate-related-Disclosures/Consultation-Paper/cp202304.pdf
Hong Kong Exchanges and Clearing Limited,https://www.hsi.com.hk/static/uploads/contents/en/news/pressRelease/20180810T000000.pdf
Hong Kong Exchanges and Clearing Limited,https://sseinitiative.org/wp-content/uploads/2022/05/HKEX-Disclaimer-for-the-Consolidated-Main-Board-Listing-Rules.pdf
Bolsa de Valores de Colombia,https://sseinitiative.org/wp-content/uploads/2019/11/Colombia-BVC.pdf
Bolsa Nacional de Valores,https://sseinitiative.org/wp-content/uploads/2019/11/Costa-Rica-BNV.pdf
Bolsa Nacional de Valores,https://www.bolsacr.com/sites/default/files/29/p_memoria_de_sostenibilidad_2018_bnv.pdf
Bolsa Nacional de Valores,https://bolsacr.com/sites/default/files/239/estandar_bonos_verdes_bnv.pdf
Nasdaq Copenhagen,https://sseinitiative.org/wp-content/uploads/2019/11/Denmark-Nasdaq-Copenhagen.pdf
Nasdaq Copenhagen,https://business.nasdaq.com/Docs/Nasdaq%20UNGC%20COP%202014%20RevFinal.pdf
Egyptian Exchange,https://sseinitiative.org/wp-content/uploads/2019/11/Egypt-Egyptian-ExchangeEGXpdf.pdf
Nasdaq Tallinn,https://sseinitiative.org/wp-content/uploads/2019/11/Estonia-Nasdaq-Tallinn.pdf
Nasdaq Helsinki,https://sseinitiative.org/wp-content/uploads/2019/11/Finland-Nasdaq-Helsinki.pdf
Euronext Paris,https://sseinitiative.org/wp-content/uploads/2019/11/France-Euronext-Paris.pdf
Euronext Paris,https://www.diplomatie.gouv.fr/IMG/pdf/Mandatory_reporting_built_on_consensus_in_France.pdf
Euronext Paris,https://sseinitiative.org/wp-content/uploads/2022/05/Euronext-ESG-guide-2022.pdf
Deutsche Börse,https://sseinitiative.org/wp-content/uploads/2019/11/Germany-Deutsche-Boerse.pdf
Deutsche Börse,https://deutsche-boerse.com/dbg/dispatch/en/binary/gdb_content_pool/imported_files/public_files/10_downloads/33_going_being_public/10_products/Communicating_sustainibility.pdf
Deutsche Börse,https://www2.deloitte.com/content/dam/Deloitte/global/Documents/Risk/gx-risk-women-in-the-boardroom-sixth-edition.pdf
Deutsche Börse,https://www.dcgk.de/files/dcgk/usercontent/en/download/code/191216_German_Corporate_Governance_Code.pdf
Ghana Stock Exchange,https://sseinitiative.org/wp-content/uploads/2022/06/GSE-Sustainable-Stock-Exchanges-Questionnaire.pdf
Ghana Stock Exchange,https://gse.com.gh/wp-content/uploads/2022/11/GSE-ESG-DISCLOSURES-GUIDANCE-MANUAL-1-1.pdf
Athens Exchange Group,https://sseinitiative.org/wp-content/uploads/2019/11/Greece-Athens-Stock-Exchange-ATHEX-2.pdf
Athens Exchange Group,https://www.europarl.europa.eu/RegData/etudes/STUD/2021/700556/IPOL_STU(2021)700556_EN.pdf
Budapest Stock Exchange,https://sseinitiative.org/wp-content/uploads/2019/11/Hungary-Budapest-Stock-Exchange.pdf
Budapest Stock Exchange,https://sseinitiative.org/wp-content/uploads/2021/04/ESG-Reporting-Guide_final_ENG.pdf
Nasdaq Iceland,https://sseinitiative.org/wp-content/uploads/2019/11/Iceland-Nadaq-Iceland.pdf
Bombay Stock Exchange,https://sseinitiative.org/wp-content/uploads/2019/10/India-BSE.pdf
Bombay Stock Exchange,https://www.bseindia.com/downloads1/BSE_Annual_Report_2017_18.pdf
Bombay Stock Exchange,https://www.bseindia.com/downloads1/BSEs_Guidance_doc_on_ESG.pdf
National Stock Exchange of India,https://sseinitiative.org/wp-content/uploads/2019/11/India-National-Stock-Exchange-of-India-NSE.pdf
National Stock Exchange of India,https://static.nseindia.com//s3fs-public/inline-files/NSE%20Annual%20Report%202022-23_0.pdf
National Stock Exchange of India,https://sseinitiative.org/wp-content/uploads/2016/03/SEBI-format-for-Business-Responsibility-Report-2015.pdf
National Stock Exchange of India,https://static.nseindia.com/s3fs-public/inline-files/ESG%2050%20Companies%20NSE%2011Jul2020.pdf
National Stock Exchange of India,https://static.nseindia.com//s3fs-public/inline-files/Emerge%20Brochure.pdf
Indonesia Stock Exchange,https://sseinitiative.org/wp-content/uploads/2019/11/Indonesia-IDX.pdf
Indonesia Stock Exchange,https://www.ojk.go.id/id/regulasi/Documents/Pages/Bentuk-dan-Isi-Laporan-Tahunan--Emiten-atau-Perusahaan-Publik/SEOJK%20-%2016%20-%202021.pdf
Indonesia Stock Exchange,https://www.idx.co.id/media/7503/i-v_kep-00059_bei_07-2019.pdf
Euronext Dublin,https://sseinitiative.org//wp-content/uploads/2019/11/Ireland-Euronext-Dublin.pdf
Euronext Dublin,https://www.europarl.europa.eu/RegData/etudes/BRIE/2021/654213/EPRS_BRI(2021)654213_EN.pdf
Euronext Dublin,https://sseinitiative.org/wp-content/uploads/2022/05/Euronext-ESG-guide-2022.pdf
Borsa Italiana (Euronext),https://sseinitiative.org//wp-content/uploads/2019/11/Italy-BorsaItaliana.pdf
Borsa Italiana (Euronext),https://www.europarl.europa.eu/RegData/etudes/BRIE/2021/654213/EPRS_BRI(2021)654213_EN.pdf
Borsa Italiana (Euronext),https://sseinitiative.org/wp-content/uploads/2022/05/Euronext-ESG-guide-2022.pdf
Borsa Italiana (Euronext),https://www.borsaitaliana.it/azioni/mercati/mercati-landingpage/slidedoc.en.pdf
Japan Exchange Group,https://sseinitiative.org/wp-content/uploads/Japan-JPX.pdf
Japan Exchange Group,https://sseinitiative.org/wp-content/uploads/Japan-JPX.pdf
Japan Exchange Group,https://www.jpx.co.jp/english/corporate/investor-relations/ir-library/integrated-report/tvdivq0000008t9q-att/JPXReport2021_A4.pdf
Japan Exchange Group,https://www.jpx.co.jp/english/corporate/investor-relations/ir-library/integrated-report/tvdivq0000008t9q-att/JPXReport2020.pdf
Japan Exchange Group,https://www.jpx.co.jp/english/corporate/investor-relations/ir-library/integrated-report/tvdivq0000008t9q-att/JPXReport2019.pdf
Japan Exchange Group,https://www.jpx.co.jp/english/corporate/investor-relations/ir-library/integrated-report/tvdivq0000008t9q-att/JPXReport2018_English.pdf
Japan Exchange Group,https://www.jpx.co.jp/english/corporate/investor-relations/ir-library/integrated-report/tvdivq0000008t9q-att/JPXReport2017_English.pdf
Japan Exchange Group,https://www.jpx.co.jp/english/corporate/investor-relations/ir-library/integrated-report/tvdivq0000008t9q-att/JPXreport2016e_all.pdf
Japan Exchange Group,https://www.env.go.jp/en/policy/economy/erg2007.pdf
Japan Exchange Group,https://www.jpx.co.jp/corporate/sustainability/esg-investment/handbook/nlsgeu000004n8p1-att/handbook.pdf
Japan Exchange Group,https://www.jpx.co.jp/english/corporate/news/news-releases/0060/b5b4pj000002wxpa-att/SSE_Initiatives_j.pdf
Japan Exchange Group,https://www.jpx.co.jp/english/corporate/sustainability/esgknowledgehub/p1j4l40000000thn-att/p1j4l40000000tlh.pdf
Amman Stock Exchange,https://sseinitiative.org/wp-content/uploads/2019/11/Jordan-Amman-Stock-Exchange.pdf
Amman Stock Exchange,https://www.exchange.jo/sites/default/files/2021-11/Annual%20Report%202020.pdf
Amman Stock Exchange,https://www.exchange.jo/sites/default/files/2022-10/Annual%20report%202021.pdf
Amman Stock Exchange,https://ase.com.jo/sites/default/files/2022-10/Guidance%20on%20Sustainability%20Reporting.pdf
Amman Stock Exchange,https://www.exchange.jo/sites/default/files/2018-11/Sustainability%201_9.pdf
Amman Stock Exchange,https://www.exchange.jo/sites/default/files/2018-11/Sustainability%202_1.pdf
Kazakhstan Stock Exchange,https://sseinitiative.org/wp-content/uploads/2019/11/Kazakhstan-KASE.pdf
Kazakhstan Stock Exchange,https://kase.kz/files/normative_base/rules_emitent_eng.pdf
Kazakhstan Stock Exchange,https://kase.kz/files/normative_base/met_ekolog_soc_eng.pdf
Nairobi Securities Exchange,https://sseinitiative.org/wp-content/uploads/2019/11/Kenya-Nairobi-Securities-Exchange.pdf
Nairobi Securities Exchange,https://www.nse.co.ke/wp-content/uploads/NSE-Annual-Report-2022-Integrated-Report.pdf
Nairobi Securities Exchange,https://sseinitiative.org/wp-content/uploads/2021/12/NSE-ESG-Disclosures-Guidance.pdf
Nairobi Securities Exchange,https://sseinitiative.org/wp-content/uploads/2021/12/NSE-ESG-Disclosures-Guidance.pdf
Nairobi Securities Exchange,https://www.nse.co.ke/digitalacademy/wp-content/uploads/sites/4/2023/01/2023-Training-Calendar-Final.pdf
Nairobi Securities Exchange,https://www.nse.co.ke/wp-content/uploads/gbpk-background-document-2.pdf
Boursa Kuwait,https://sseinitiative.org//wp-content/uploads/2019/11/Kuwait-Boursa-Kuwait.pdf
Boursa Kuwait,https://www.boursakuwait.com.kw/api/documents/boursa/1681627414107.pdf
Boursa Kuwait,https://www.boursakuwait.com.kw/api/documents/boursa/1649054880123.pdf
Boursa Kuwait,https://www.boursakuwait.com.kw/api/documents/boursa/1630909195602.pdf
Boursa Kuwait,https://cis.boursakuwait.com.kw/Portal/BoursaReports/BKSustainability2017.pdf
Boursa Kuwait,https://cis.boursakuwait.com.kw/Portal/BoursaReports/BKSustainabilityE.pdf
Boursa Kuwait,https://cis.boursakuwait.com.kw/Portal/BoursaReports/BKSustainabilityE.pdf
Nasdaq Riga,https://sseinitiative.org//wp-content/uploads/2019/11/Latvia-Nasdaq-Riga.pdf
Nasdaq Riga,https://business.nasdaq.com/media/2017%20Nasdaq%20Sustainability%20Report%20Digital%20ver%202_tcm5044-50886.pdf
Nasdaq Riga,https://files.shareholder.com/downloads/NDAQ/6080571804x0x935088/840666D1-613E-4C65-BBC3-F04DC78ABDC3/2017_proxy.pdf
Nasdaq Riga,https://business.nasdaq.com/Docs/Nasdaq%20UNGC%20COP%202014%20RevFinal.pdf
Nasdaq Vilnius,https://sseinitiative.org//wp-content/uploads/2019/11/Lithuania-Nasdaq-Vilnius.pdf
Nasdaq Vilnius,https://business.nasdaq.com/media/2017%20Nasdaq%20Sustainability%20Report%20Digital%20ver%202_tcm5044-50886.pdf
Nasdaq Vilnius,https://files.shareholder.com/downloads/NDAQ/6080571804x0x935088/840666D1-613E-4C65-BBC3-F04DC78ABDC3/2017_proxy.pdf
Nasdaq Vilnius,https://business.nasdaq.com/Docs/Nasdaq%20UNGC%20COP%202014%20RevFinal.pdf
Bursa Malaysia,https://sseinitiative.org/wp-content/uploads/2019/11/Malaysia-BursaMalaysia.pdf
Bursa Malaysia,https://www.bursamalaysia.com/sites/5d809dcf39fba22790cad230/assets/640ad76039fba203314fc5a2/Bursa_SR22_Hi_Res_.pdf
Bolsa Mexicana de Valores,https://sseinitiative.org/wp-content/uploads/2019/10/Mexico-BVM.pdf
Bolsa Mexicana de Valores,https://www.bmv.com.mx/docs-pub/SERVICIOS_EMISORAS/3q2wk7r8jj6746k46q1n.pdf
Bolsa Mexicana de Valores,https://sseinitiative.org/wp-content/uploads/2016/04/Codigo_de_Mejores_Practicas_Corporativas_CCE_2010-1.pdf
Bolsa Mexicana de Valores,https://www.bmv.com.mx/docs-pub/MI_EMPRESA_EN_BOLSA/CTEN_MINGE/GREEN_BONDS_PRIN_MX2.pdf
Bourse de Casablanca,https://sseinitiative.org/wp-content/uploads/2019/11/Morocco-CasablancaExchange.pdf
Bourse de Casablanca,https://www.ammc.ma/sites/default/files/Circulaire%20AMMC%20n%C2%B0%2003-19%20_op%C3%A9rations_%20et%20_informations_%20financi%C3%A8res.pdf
Bourse de Casablanca,https://www.casablanca-bourse.com/BourseWeb/UserFiles/File/2017/Mai/Guide%20RSEESGVersion%20soumise%20consultation.pdf
Bourse de Casablanca,https://www.casablanca-bourse.com/BourseWeb/UserFiles/File/rapports_annuels/2016/Rapport_Annue_%20UK_2016_site.pdf
Euronext Amsterdam,https://sseinitiative.org/wp-content/uploads/2019/11/Netherlands-Euronext-Amsterdam.pdf
Euronext Amsterdam,https://www.europarl.europa.eu/RegData/etudes/BRIE/2021/654213/EPRS_BRI(2021)654213_EN.pdf
Euronext Amsterdam,https://sseinitiative.org/wp-content/uploads/2022/05/Euronext-ESG-guide-2022.pdf
New Zealand Stock Exchange,https://sseinitiative.org/wp-content/uploads/2019/11/New-Zealand-NZX.pdf
New Zealand Stock Exchange,https://s3-ap-southeast-2.amazonaws.com/nzx-prod-c84t3un4/comfy/cms/files/files/000/003/239/original/FINAL_NZX_Annual_Report_2017.pdf
New Zealand Stock Exchange,https://s3-ap-southeast-2.amazonaws.com/nzx-prod-c84t3un4/comfy/cms/files/files/000/002/924/original/NZX_ESG_Guidance_Note_-_11_December_2017_%28final_for_publication%29.pdf
New Zealand Stock Exchange,https://s3-ap-southeast-2.amazonaws.com/nzx-prod-c84t3un4/comfy/cms/files/files/000/003/239/original/FINAL_NZX_Annual_Report_2017.pdf
New Zealand Stock Exchange,https://s3-ap-southeast-2.amazonaws.com/nzx-prod-c84t3un4/comfy/cms/files/files/000/003/239/original/FINAL_NZX_Annual_Report_2017.pdf
Nigerian Exchange,https://sseinitiative.org/wp-content/uploads/2019/11/Nigeria-Nigerian-Stock-Exchange-SSE.pdf
Nigerian Exchange,https://www.nse.com.ng/aboutus-site/Corporate-Social-Responsibility-site/PublishingImages/about-us/corporate-social-responsibility/marketplace/COMMUNIQUE%20%282%29.pdf
Macedonian Stock Exchange,https://sseinitiative.org//wp-content/uploads/2019/11/Macedonia-Macedonian-Stock-Exchange.pdf
Macedonian Stock Exchange,https://sseinitiative.org/wp-content/uploads/2019/11/MSE-ESG-Reporting-Guide.pdf
Oslo Børs (Euronext),https://sseinitiative.org/wp-content/uploads/2019/11/Norway-Oslo-Bors.pdf
Oslo Børs (Euronext),https://sseinitiative.org/wp-content/uploads/2022/05/Euronext-ESG-guide-2022.pdf
Muscat Stock Exchange,https://sseinitiative.org/wp-content/uploads/2022/03/Oman-Muscat-Stock-Exchange.pdf
Muscat Stock Exchange,https://www.msx.om/MSMDOCS/downloads/en_1683614240441_2-MSX-AR2022-ENGLISH.pdf
Muscat Stock Exchange,https://www.msx.om/MSMDOCS/downloads/ESG-MSX-E.pdf
Muscat Stock Exchange,https://www.msx.om/msmdocs/downloads/MSX%20Sustainability%20Initiative.pdf
Muscat Stock Exchange,https://www.msm.gov.om/MSMDOCS/downloads/en_1349586496956_MSM%20Bro%20New%20Pages.pdf
Latin American Stock Exchange,https://sseinitiative.org/wp-content/uploads/2019/11/Panama-BVP.pdf
Latin American Stock Exchange,https://www.latinexbolsa.com/biblioteca/Sostenibilidad/Reportes/Sustainability%20Report%20Latinex%202022.pdf
Latin American Stock Exchange,https://www.panabolsa.com/biblioteca/Sostenibilidad/Guias_Sostenibilidad/Guia_para_el_Reporte_y_Divulgacion_Voluntaria_de_Factores_ASG_v1.pdf
Latin American Stock Exchange,https://www.latinexbolsa.com/biblioteca/Sostenibilidad/Guias_Sostenibilidad/Guide%20for%20the%20Voluntary%20Reporting%20and%20Disclosure%20of%20ESG%20Factors.pdf
Latin American Stock Exchange,https://www.panabolsa.com/es/wp-content/uploads/2019/10/Guia-para-Emision-de-Valores-Negociables-SVS.pdf
Latin American Stock Exchange,https://www.panabolsa.com/es/wp-content/uploads/2019/10/2019-10-23-Guidelines-for-the-Issuance-of-SGS-Securities.pdf
Group BVL,https://sseinitiative.org/wp-content/uploads/2022/08/Bolsa-Valores-Lima-Commitment-Letter-SSE.pdf
Group BVL,https://www.smv.gob.pe/sil/RGG0211199800000007.pdf
Group BVL,https://www.bvl.com.pe/ipgc/PIR_guia.pdf
Group BVL,https://www.bvl.com.pe/ipgc/MetodologiadeCalculo.pdf
Group BVL,https://sseinitiative.org/wp-content/uploads/2017/06/MILA_-Comunicado-Indice-ESG.pdf
Group BVL,"https://s3.us-east-1.amazonaws.com/site.documents.cdn.prod.bvl.com.pe/Gu%C3%ADa_de_Bonos_Sociales,_Sustentables_y_Alineados_a_los_ODS_de_las_Naciones_Unidas_para_el_Per%C3%BA.pdf"
Group BVL,https://documents.bvl.com.pe/hhii/BVL013/20211220172155//EXPBAM02.pdf
Group BVL,https://s3.us-east-1.amazonaws.com/site.documents.cdn.prod.bvl.com.pe/Segunda_Opinion_BonoSostenible2019-COFIDE.pdf
Group BVL,https://documents.bvl.com.pe/hhii/L01785/20211223175847//EXPBAM1BC01.pdf
Group BVL,https://s3.us-east-1.amazonaws.com/site.documents.cdn.prod.bvl.com.pe/BVL_-_socialReport.pdf
Group BVL,https://s3.us-east-1.amazonaws.com/site.documents.cdn.prod.bvl.com.pe/CajaArequipa-Segunda_Opinion.pdf
Group BVL,https://s3.us-east-1.amazonaws.com/site.documents.cdn.prod.bvl.com.pe/COFIDE_Segunda_Opinion.pdf
Group BVL,https://www.bvl.com.pe/BonosVerdesReporte.pdf
Group BVL,https://www.bvl.com.pe/BonosVerdesReporte_Vigeo.pdf
Group BVL,https://www.bvl.com.pe/scr/english/ppt/brochure.pdf
Group BVL,https://sseinitiative.org/wp-content/uploads/2017/06/BVL_Certificado-huella-carbono.pdf
Group BVL,https://sseinitiative.org/wp-content/uploads/2017/06/BVL_LVDM2016.pdf
Group BVL,https://sseinitiative.org/wp-content/uploads/2017/06/BVL_LVDM2015.pdf
Group BVL,https://sseinitiative.org/wp-content/uploads/2017/06/BVL_LVDM2014.pdf
Philippine Stock Exchange,http://www.sseinitiative.org/wp-content/uploads/2019/05/Philippines-PSE.pdf
Philippine Stock Exchange,https://documents.pse.com.ph/wp-content/uploads/sites/14/2023/05/2022-Sustainability-Report-Philippine-Stock-Exchange-Inc.-Final.pdf
Philippine Stock Exchange,https://documents.pse.com.ph/wp-content/uploads/sites/14/2022/10/SR-2021-FINAL-1.pdf
Philippine Stock Exchange,https://documents.pse.com.ph/wp-content/uploads/sites/14/2021/09/PSE-Sustainability-Report-2020_publicatione.pdf
Philippine Stock Exchange,https://documents.pse.com.ph/wp-content/uploads/sites/14/2021/09/PSE-Sustainability-Report-2019-Final_0629.pdf
Philippine Stock Exchange,https://documents.pse.com.ph/wp-content/uploads/sites/14/2020/06/2018-PSE-Digital-Sustainability-Report.pdf
Philippine Stock Exchange,https://documents.pse.com.ph/wp-content/uploads/sites/14/2020/06/2017-PSE-Sustainability-Report.pdf
Philippine Stock Exchange,https://www.sec.gov.ph/wp-content/uploads/2019/11/2016_memo_circular_no.19.pdf
Philippine Stock Exchange,https://www.sec.gov.ph/wp-content/uploads/2020/02/2018NOTICE_5thSEC-PSECGFORUM_NEWforREGISTRATION.pdf
Philippine Stock Exchange,https://www.sec.gov.ph/wp-content/uploads/2019/11/2016_memo_circular_no.19.pdf
Warsaw Stock Exchange,https://sseinitiative.org/wp-content/uploads/2019/11/Poland-WSE.pdf
Warsaw Stock Exchange,https://www.gpw.pl/pub/files/PDF/csr/Strategia_CSR_GPW_en.pdf
Warsaw Stock Exchange,https://www.gpw.pl/pub/GPW/ESG/ESG_Reporting_Guidelines.pdf
Warsaw Stock Exchange,https://www.gpw.pl/pub/GPW/files/PDF/RI/2018_03_GPW_Fact_sheet_EN.pdf
Euronext Lisbon,https://sseinitiative.org/wp-content/uploads/2019/11/Portugal-Euronext-Lisbon.pdf
Euronext Lisbon,https://www.europarl.europa.eu/RegData/etudes/BRIE/2021/654213/EPRS_BRI(2021)654213_EN.pdf
Euronext Lisbon,https://sseinitiative.org/wp-content/uploads/2022/05/Euronext-ESG-guide-2022.pdf
Qatar Stock Exchange,https://sseinitiative.org/wp-content/uploads/2019/11/Qatar-Qatar-Stock-Exchange.pdf
Qatar Stock Exchange,https://sseinitiative.org/wp-content/uploads/2015/11/Guidance-on-ESG-Reporting.pdf
Bucharest Stock Exchange,https://sseinitiative.org/wp-content/uploads/2019/11/Romania-BVB.pdf
Bucharest Stock Exchange,https://sseinitiative.org/wp-content/uploads/2022/07/BVB-ESG_Reporting_Guidelines.pdf
Bucharest Stock Exchange,https://www.bvb.ro/info/Rapoarte/Diverse/ENG_Corporate%20Governance%20Code_WEB_revised.pdf
Moscow Exchange,https://sseinitiative.org/wp-content/uploads/2019/11/Russia-MoscowExchangeMOEX.pdf
Moscow Exchange,https://fs.moex.com/f/16010/mosbirzha-esg-rus-book-1012.pdf
Saudi Exchange,https://sseinitiative.org/wp-content/uploads/2019/11/Saudi-Arabia-Tadawul-Stock-Exchange.pdf
Saudi Exchange,https://saudire.net/images/ESG/ESG_report_Ar_2020.pdf
Johannesburg Stock Exchange,https://sseinitiative.org/wp-content/uploads/2019/11/SouthAfrica-JohannesburgStockExchange.pdf
Johannesburg Stock Exchange,https://group.jse.co.za/sites/default/files/media/documents/JSE%20Ltd%20-%20Sustainability%20Report%202022%20-%20as%20published_0.pdf
Johannesburg Stock Exchange,https://www.jse.co.za/sites/default/files/media/documents//JSE%20Sustainability%20Recommended%20Disclosures%20and%20Metrics_FA_.pdf
Johannesburg Stock Exchange,https://www.jse.co.za/sites/default/files/media/documents//JSE%20Climate%20Disclosure%20Guidance%202021_SPS.pdf
Johannesburg Stock Exchange,https://www.jse.co.za/sites/default/files/media/documents//JSE%20Climate%20Disclosure%20Guidance%202021_SPS.pdf
Singapore Exchange,https://api2.sgx.com/sites/default/files/2022-09/FY%202022%20Annual%20Report%20%28Sustainability%20Report%20pages%2044-82%29_0.pdf
Singapore Exchange,https://api2.sgx.com/sites/default/files/2018-07/Sustainability%20Reporting%20Guide%20%28220218%29.pdf
Bolsas y Mercados Españoles,https://sseinitiative.org/wp-content/uploads/2020/01/Spain-Bolsas-y-Mercados-Espan%CC%83oles.pdf
Bolsas y Mercados Españoles,https://www.bolsasymercados.es/docs/inf_legal/ing/economico/2021/NonFinancialInfo_2021.pdf
Bolsas y Mercados Españoles,https://www.bolsasymercados.es/docs/inf_legal/ing/economico/2021/NonFinancialInfo_2021.pdf
Bolsas y Mercados Españoles,https://www.bolsasymercados.es/docs/BME/docsSubidos/Estudios-Articulos/BME-voluntary-guidance-sustainability-information-listed-companies.pdf
Bolsas y Mercados Españoles,https://www.bolsamadrid.es/docs/Indices/Ibex/Criterios_FTSE4GOODIBEX_ESP.pdf
Bolsas y Mercados Españoles,https://www.coe.int/t/pace/campaign/stopviolence/Source/spain_constitutionalact3_2007_en.pdf
Bolsas y Mercados Españoles,https://www.bolsasymercados.es/docs/inf_legal/ing/economico/2021/NonFinancialInfo_2021.pdf
Bolsas y Mercados Españoles,https://www.bolsasymercados.es/docs/BME/docsSubidos/Comunicacion_Media/BME-overview.pdf
Colombo Stock Exchange,https://sseinitiative.org/wp-content/uploads/2019/11/Sri-Lanka-CSE.pdf
Colombo Stock Exchange,https://cdn.cse.lk/pdf/sustainability-document.pdf
Colombo Stock Exchange,https://cdn.cse.lk/pdf/Corporate_Governance_Code_2013_book.pdf
Colombo Stock Exchange,https://cdn.cse.lk/cms-internal/news/jpCwsV3taSrLrBPm_25Apr2023160233GMT_1682438553143.pdf
Colombo Stock Exchange,https://www.cse.lk/pdf/CSE_Annual_Report_2014.pdf
Nasdaq Stockholm,https://sseinitiative.org/wp-content/uploads/2019/11/Sweden-Nasdaq-Stockholm.pdf
Nasdaq Stockholm,https://www.lacp.com/2017vision/pdf/12755.pdf
Nasdaq Stockholm,https://business.nasdaq.com/Docs/Nasdaq%20UNGC%20COP%202014%20RevFinal.pdf
SIX Swiss Exchange,https://sseinitiative.org/wp-content/uploads/2022/01/Switzerland-SIX-1.pdf
SIX Swiss Exchange,https://www.six-group.com/dam/download/report/annual/2015/six-annual-report-2015-en.pdf
SIX Swiss Exchange,https://www.newsd.admin.ch/newsd/message/attachments/70878.pdf
SIX Swiss Exchange,https://www.newsd.admin.ch/newsd/message/attachments/70879.pdf
SIX Swiss Exchange,https://www.ser-ag.com/dam/downloads/publication/obligations/guidelines/standards-sustainability-en.pdf
SIX Swiss Exchange,https://www.six-group.com/dam/download/sites/exchange-services/investor-relations-handbook/investor-relations-handbook-en.pdf
SIX Swiss Exchange,https://www.world-exchanges.org/storage/app/media/WFE%20Annual%20Sustainability%20Survey%202021%20Final.pdf
Stock Exchange of Thailand,https://sseinitiative.org/wp-content/uploads/2019/11/Thailand_SET.pdf
Stock Exchange of Thailand,https://media.set.or.th/set/Documents/2023/Jun/SD_Highlight_2022_ENG.pdf
Borsa İstanbul,https://sseinitiative.org/wp-content/uploads/2019/11/Turkey-Borsa-Istanbul.pdf
Borsa İstanbul,https://www.borsaistanbul.com/files/bist-2020-integrated-annual-reportand-financial-statements.pdf
Borsa İstanbul,https://cmb.gov.tr/data/6281521a1b41c617eced0ee8/ab21a9093d112e6f9dea44abbd3c4341.pdf
Borsa İstanbul,https://cmb.gov.tr/data/6281521a1b41c617eced0ee8/3606055f44464de4b6fe9dad9f1cec7b.pdf
Borsa İstanbul,https://www.borsaistanbul.com/files/Surdurulebilirlik_Rehberi_2020.pdf
Borsa İstanbul,https://www.borsaistanbul.com/files/sirketler-Icin-Entegre-raporlama-rehberi.pdf
Borsa İstanbul,https://www.borsaistanbul.com/files/iklim-raporlama-rehberi.pdf
Borsa İstanbul,https://spk.gov.tr/data/6231ce881b41c612808a3a1c/b2d06c64099c9e7e8877743afc7d2484.pdf
Bourse des Valeurs Mobilières de Tunis,https://sseinitiative.org/wp-content/uploads/2019/11/Tunisia-Tunis-Stock-Exchange.pdf
Abu Dhabi Securities Exchange,https://sseinitiative.org/wp-content/uploads/2019/11/United-Arab-Emirates_Abu-Dhabi-Securities-Exchange.pdf
Dubai Financial Market,https://sseinitiative.org/wp-content/uploads/2019/11/United-Arab-Emirates-DFM.pdf
Dubai Financial Market,https://sseinitiative.org/wp-content/uploads/7th-February-2023-DFM-hosted-ESG-workshop-in-collaboration-with-Hawkamah-and-Middle-East-Investor-Relations-Association.pdf
Euronext London,https://sseinitiative.org/wp-content/uploads/2019/11/UK-Euronext-London.pdf
Euronext London,https://sseinitiative.org/wp-content/uploads/2022/05/Euronext-ESG-guide-2022.pdf
London Stock Exchange,https://sseinitiative.org/wp-content/uploads/2019/11/UK-LSE.pdf
London Stock Exchange,https://sseinitiative.org/wp-content/uploads/2016/07/LSEG-Corporate-Responsibility-Report-31Dec2015.pdf
London Stock Exchange,https://assets.publishing.service.gov.uk/government/uploads/system/uploads/attachment_data/file/206241/bis-13-889-companies-act-2006-draft-strategic-and-directors-report-regulations-2013.pdf
London Stock Exchange,https://www.lseg.com/sites/default/files/content/GReen/LSEG_Guide_to_ESG_Reporting_2020.pdf
London Stock Exchange,https://docs.londonstockexchange.com/sites/default/files/documents/LSE_guide_to_climate_reporting_final_0.pdf
London Stock Exchange,https://www.lseg.com/sites/default/files/content/documents/20170403%20Green%20Bonds.pdf
London Stock Exchange,https://docs.londonstockexchange.com/sites/default/files/documents/LSE_guide_to_climate_reporting_final_0.pdf
Nasdaq,https://sseinitiative.org/wp-content/uploads/2019/11/USA-NASDAQ.pdf
Nasdaq,https://business.nasdaq.com/media/2017%20Nasdaq%20Sustainability%20Report%20Digital%20ver%202_tcm5044-50886.pdf
Nasdaq,https://www.nasdaq.com/docs/2019/11/26/2019-ESG-Reporting-Guide.pdf
Nasdaq,https://business.nasdaq.com/media/Nasdaq%20UNGC%20COP%202014%20RevFinal_tcm5044-19892.pdf
NYSE,https://www.intercontinentalexchange.com/publicdocs/2018_CR_Report.pdf
NYSE,https://www.ice.com/publicdocs/2019_CRR.pdf
NYSE,https://www.ice.com/publicdocs/2019_CRR.pdf
Hanoi Stock Exchange,https://ssc.gov.vn/ssc/contentattachfile/idcplg?dID=103390&dDocName=APPSSCGOVVN162103170&Rendition=No.155-2015-TT-BTC&filename=C155mf6Oct15DisclosureInformationSecurities%20(ban%20day%20du).pdf
Ho Chi Minh Stock Exchange,https://sseinitiative.org/wp-content/uploads/2019/11/Vietnam-HOSE.pdf
Ho Chi Minh Stock Exchange,https://ssc.gov.vn/ssc/contentattachfile/idcplg?dID=103390&dDocName=APPSSCGOVVN162103170&Rendition=No.155-2015-TT-BTC&filename=C155mf6Oct15DisclosureInformationSecurities%20(ban%20day%20du).pdf
Ho Chi Minh Stock Exchange,https://sseinitiative.org/wp-content/uploads/2014/08/20161212_ES-Disclosure-Guideline-ENGLISH.pdf
Ho Chi Minh Stock Exchange,https://www.giz.de/de/downloads/VietNam-GreenGrowth-Strategy.pdf
The 12th United Nations Global Compact–Accenture CEO Study,https://info.unglobalcompact.org/l/591891/ompact-Accenture-CEO-Study-pdf/58c97n
The 12th United Nations Global Compact–Accenture CEO Study,https://info.unglobalcompact.org/l/591891/n6PO-CEO-Study-Infographic-pdf/58c97r
The 12th United Nations Global Compact–Accenture CEO Study,https://info.unglobalcompact.org/l/591891/CDDZP-CEO-Study-Slideshare-pdf/58c97v
Business Dilemmas Forum: Navigating Expectations for Societal Leadership,https://ungc-communications-assets.s3.amazonaws.com/docs/publications/UNGC%20Business%20Dilemmas%20Forum%20Summary.pdf
Communication on Progress Guidebook,https://storage.pardot.com/591891/1677164626UVOSM5Bv/UNGC_CoP_GuideBook__Feb2023_.pdf
"CORPORATE CLIMATE TARGET SETTING, ACTION AND GLOBAL COLLABORATION TOWARDS A NET-ZERO FUTURE - ACCELERATE 2030 AGENDA FOR SUSTAINABLE DEVELOPMENT THROUGH GLOBAL DEVELOPMENT INITIATIVE",https://ungc-communications-assets.s3.amazonaws.com/docs/publications/CORPORATE%20CLIMATE%20TARGET%20SETTING.pdf
CoP Policy,https://ungc-communications-assets.s3.us-west-2.amazonaws.com/docs/about_the_gc/CoP-faq.pdf
CEO Statement of Continued Support,https://ungc-communications-assets.s3.amazonaws.com/docs/publications/CEO%20Statement%20of%20Continued%20Support%20%5BJan2023%5D_German.pptx.pdf
Just Transition and Renewable Energy: A Business Brief,https://info.unglobalcompact.org/l/591891/able-Energy-Business-Brief-pdf/58cd4n
Just Transition and Renewable Energy: A Business Brief,https://info.unglobalcompact.org/l/591891/justa-y-energ--a-renovable-pdf/58cd4r
CFO ACTION ON CORPORATE INVESTMENT AND FINANCE FOR SUSTAINABLE DEVELOPMENT,https://ungc-communications-assets.s3.amazonaws.com/docs/publications/FINAL_CFO%20Action.pdf
Just Transition in Supply Chains: A Business Brief,https://info.unglobalcompact.org/l/591891/pply-Chains-Business-Brief-pdf/58ckh5
Just Transition in Supply Chains: A Business Brief,https://info.unglobalcompact.org/l/591891/-in-Supply-Chains-FINAL-ES-pdf/58ckh8
Forward Faster Action Guides,https://ungc-communications-assets.s3.amazonaws.com/docs/publications/Arabic-Forward%20Faster%20FAQ%202023.pdf
CEO Water Mandate: 2022 Impact Report,https://ceowatermandate.org/wp-content/uploads/2023/07/CEO-Water-Mandate-2022-Impact-Report.pdf
Water Resilience Coalition: 2022 Impact Report,https://ceowatermandate.org/resilience/wp-content/uploads/sites/37/2023/07/WRC-Impact-Report-2022.pdf
"Business Leadership in Times of Crisis: Collected Insights from Chief Executive Officers into Successes, Challenges and Areas for Future Focus",https://ungc-communications-assets.s3.amazonaws.com/docs/publications/Business%20Leadership%20in%20Times%20of%20Crisis_Low-Res.pdf
Global Seaweed Coalition Annual Report,https://ungc-communications-assets.s3.amazonaws.com/docs/publications/Seaweed%20Report%20Design%20Project%20Final.pdf
United Nations Global Compact-Accenture Global Private Sector SDG Stocktake,https://info.unglobalcompact.org/l/591891/-SDG-Stocktake-Report-2023-pdf/58cmjy
United Nations Global Compact-Accenture Global Private Sector SDG Stocktake,https://info.unglobalcompact.org/l/591891/UNGC-Stocktake-Infographic-pdf/58cmk2
SDG Playbook for SMEs,https://ungc-communications-assets.s3.amazonaws.com/docs/publications/UNGC-Playbook-Final.pdf
ILO Helpdesk for Business on International Labour Standards,https://ungc-communications-assets.s3.amazonaws.com/docs/publications/ILO%20Helpdesk%20for%20business%20flyer%20french.pdf
UN Global Compact Annual Report,http://www.unglobalcompact.org/docs/publications/UNGC_2016_Annual_Mgmt_Report.pdf
SDG Ambition Benchmark Reference Sheets,https://info.unglobalcompact.org/l/591891/ark-Reference-Sheets--All--pdf/58cg58
SDG Ambition Benchmark Reference Sheets,https://info.unglobalcompact.org/l/591891/on-Benchmarks-Russian-2021-pdf/58cg5c
SDG Ambition Benchmark Reference Sheets,https://info.unglobalcompact.org/l/591891/EGRATED-SDG-INVESTMENTS-AN-pdf/58cg5g
SDG Ambition Benchmark Reference Sheets,https://info.unglobalcompact.org/l/591891/ade-Referencia-empresarial-pdf/58cg5k
SDG Ambition Benchmark Reference Sheets,https://info.unglobalcompact.org/l/591891/NTS--INJURIES-AND-DISEASES-pdf/58cg5n
SDG Ambition Benchmark Reference Sheets,https://info.unglobalcompact.org/l/591891/ones-y-enfermedades-de-tra-pdf/58cg5r
SDG Ambition Benchmark Reference Sheets,https://info.unglobalcompact.org/l/591891/lement-SDG-Ambition-Benchm-pdf/58cg5v
SDG Ambition Benchmark Reference Sheets,https://info.unglobalcompact.org/l/591891/ay-for-work-of-equal-value-pdf/58cg5y
SDG Ambition Benchmark Reference Sheets,https://info.unglobalcompact.org/l/591891/on-Benchmark-Reference-She-pdf/58cg62
SDG Ambition Benchmark Reference Sheets,https://info.unglobalcompact.org/l/591891/t-all-levels-of-management-pdf/58cg65
SDG Ambition Benchmark Reference Sheets,https://info.unglobalcompact.org/l/591891/T-IN-WATER-STRESSED-BASINS-pdf/58cg68
SDG Ambition Benchmark Reference Sheets,https://info.unglobalcompact.org/l/591891/-LANDFILL-AND-INCINERATION-pdf/58cg6g
SDG Ambition Benchmark Reference Sheets,https://info.unglobalcompact.org/l/591891/S-POLLUTANTS-AND-CHEMICALS-pdf/58cg6k
SDG Ambition Benchmark Reference Sheets,https://info.unglobalcompact.org/l/591891/EWABLE-RECYCABLE-OR-REUSAB-pdf/58cg6n
SDG Ambition Benchmark Reference Sheets,https://info.unglobalcompact.org/l/591891/N-LINE-WITH-A-1-5C-PATHWAY-pdf/58cg6r
SDG Ambition Benchmark Reference Sheets,https://info.unglobalcompact.org/l/591891/N-LINE-WITH-A-1-5C-PATHWAY-pdf/58cg6r
SDG Ambition Benchmark Reference Sheets,https://info.unglobalcompact.org/l/591891/5-SDG-Ambition-SBTi-200923-pdf/58cg6v
SDG Ambition Benchmark Reference Sheets,https://info.unglobalcompact.org/l/591891/-PRODUCTS-RECOVERED-AND-RE-pdf/58cg6y
SDG Ambition Benchmark Reference Sheets,https://info.unglobalcompact.org/l/591891/ITY-AND-ZERO-DEFORESTATION-pdf/58cg72
SDG Ambition Benchmark Reference Sheets,https://info.unglobalcompact.org/l/591891/ZERO-INCIDENCES-OF-BRIBERY-pdf/58cg75
Advancing Gender Equality on International Women's Day and Every Other Day,https://info.unglobalcompact.org/l/591891/C-International-Womans-Day-pdf/58cq6y
Advancing Gender Equality on International Women's Day and Every Other Day,https://info.unglobalcompact.org/l/591891/C-International-Womans-Day-pdf/58cq72
Advancing Gender Equality on International Women's Day and Every Other Day,https://info.unglobalcompact.org/l/591891/C-International-Womans-Day-pdf/58cq75
Advancing Gender Equality on International Women's Day and Every Other Day,https://info.unglobalcompact.org/l/591891/C-International-Womans-Day-pdf/58cq78
Advancing Gender Equality on International Women's Day and Every Other Day,https://info.unglobalcompact.org/l/591891/C-International-Womans-Day-pdf/58cq7c
Advancing Gender Equality on International Women's Day and Every Other Day,https://info.unglobalcompact.org/l/591891/C-International-Womans-Day-pdf/58cq7g
Advancing Gender Equality on International Women's Day and Every Other Day,https://info.unglobalcompact.org/l/591891/C-International-Womans-Day-pdf/58cq7k
Corporate Net Zero Pathway - Delivering the Paris Agreement and the Sustainable Development Goals,https://ungc-communications-assets.s3.amazonaws.com/docs/publications/Corporate%20Net%20Zero%20Pathway%20-%20Delivering%20the%20Paris%20Agreement%20and%20the%20SDGs%20%282021%29_English%20version.pdf
Ukraine Humanitarian Crisis Business Guide,https://ungc-communications-assets.s3.amazonaws.com/docs/publications/2022-03-01%20ukr_business_guide.pdf
Women’s Empowerment and Business 2022 Trends and Opportunities: Progress Amid Pandemic Challenges Across Regions,https://info.unglobalcompact.org/l/591891/r335-2022-WEPs-Tool-Report-pdf/58cq7n
Women’s Empowerment and Business 2022 Trends and Opportunities: Progress Amid Pandemic Challenges Across Regions,https://info.unglobalcompact.org/l/591891/2-WEPs-Tool-Report-Chinese-pdf/58cq7r
Women’s Empowerment and Business 2022 Trends and Opportunities: Progress Amid Pandemic Challenges Across Regions,https://info.unglobalcompact.org/l/591891/22-WEPs-Tool-Report-French-pdf/58cq7v
Women’s Empowerment and Business 2022 Trends and Opportunities: Progress Amid Pandemic Challenges Across Regions,https://info.unglobalcompact.org/l/591891/22-WEPs-Tool-Report-German-pdf/58cq7y
Women’s Empowerment and Business 2022 Trends and Opportunities: Progress Amid Pandemic Challenges Across Regions,https://info.unglobalcompact.org/l/591891/2-WEPs-Tool-Report-Spanish-pdf/58cq82
Women’s Empowerment and Business 2022 Trends and Opportunities: Progress Amid Pandemic Challenges Across Regions,https://info.unglobalcompact.org/l/591891/EPs-Tool-Report-Portuguese-pdf/58cq85
SME Engagement Strategy,https://ungc-communications-assets.s3.amazonaws.com/docs/publications/UN%20Global%20Compact%20SME%20Strategy.pdf
Setting Science-Based Targets in the Seafood Sector: Best Practices to Date,https://ungc-communications-assets.s3.amazonaws.com/docs/publications/Seafood%20Sector%20Guide%20to%20Setting%20Science%20Based%20Targets.pdf
UN Global Compact China Strategy,https://ungc-communications-assets.s3.amazonaws.com/docs/publications/CHINA%20STRATEGY-digital%20version-English.pdf
Charting the Course: Embedding children’s rights in responsible business conduct,https://ungc-communications-assets.s3.amazonaws.com/docs/publications/Charting%20the%20Course%20UNI%20Save%20UNGC%20Brief.pdf
ABLC Roundtable Perspectives: Making Ambitious Climate Mitigation Action a Reality in Africa,https://info.unglobalcompact.org/l/591891/-Reality-in-Africa-ABLC-Ro-pdf/58cq8r
Financing Climate Action in Africa,https://info.unglobalcompact.org/l/591891/LC-Roundtable-Perspectives-pdf/58cq8v
Shifting the Focus to Adaptation and Resilience in Africa,https://info.unglobalcompact.org/l/591891/nce-in-Africa-ABLC-Roundta-pdf/58cq8y
Delivering on the Promise of a Just Transition in Africa,https://info.unglobalcompact.org/l/591891/on-in-Africa-ABLC-Roundtab-pdf/58cq92
Elevating African Business Leaders’ Call for Global Collective Action,https://info.unglobalcompact.org/l/591891/Global-Collective-Action-A-pdf/58cq95
Introduction to Just Transition: A Business Brief,https://info.unglobalcompact.org/l/591891/duction-to-Just-Transition-pdf/58cq98
Introduction to Just Transition: A Business Brief,https://info.unglobalcompact.org/l/591891/ta-Pacto-Mundial-de-la-ONU-pdf/58cq9c
Introduction to Just Transition: A Business Brief,https://info.unglobalcompact.org/l/591891/Y-Just-Transition---Korean-pdf/58cq9g
A Path Forward: 5 Key Elements to Drive Climate Action in Africa,https://info.unglobalcompact.org/l/591891/ate-Action-ABLC-Roundtable-pdf/58cq9y
Applying a Gender Lens to Sustainable Procurement,https://www.ohchr.org/Documents/Issues/Business/BookletGenderDimensionsGuidingPrinciples.pdf
Applying a Gender Lens to Sustainable Procurement,https://www.ilo.org/wcmsp5/groups/public/---dgreports/---dcomm/---publ/documents/publication/wcms_650553.pdf
Applying a Gender Lens to Sustainable Procurement,https://www.ilo.org/wcmsp5/groups/public/---dgreports/---dcomm/---publ/documents/publication/wcms_674831.pdf
Applying a Gender Lens to Sustainable Procurement,https://www.smefinanceforum.org/sites/default/files/Data%20Sites%20downloads/MSME%20Report.pdf
Applying a Gender Lens to Sustainable Procurement,https://www.ohchr.org/Documents/Issues/Business/BookletGenderDimensionsGuidingPrinciples.pdf
Bridging the Gap in the Arab States: Emerging Private Sector Response and Recovery Measures for Gender Equality amid COVID-19,https://ungc-communications-assets.s3.amazonaws.com/docs/publications/WEPs%20Bridging%20the%20Gap%20Companion%20Report_English.pdf
CHARTING THE COURSE: Embedding children’s rights in responsible business conduct,https://ungc-communications-assets.s3.amazonaws.com/docs/publications/UNICEF_Charting-Course-2022_Web.pdf
The African Business Leaders' Climate Statement,https://ungc-communications-assets.s3.amazonaws.com/docs/publications/The%20African%20Business%20Leaders%E2%80%99%20Climate%20Statement.pdf
Just Transition for Climate Adaptation: A Business Brief,https://info.unglobalcompact.org/l/591891/e-Adaptation---Final-Brief-pdf/58cqb2
Just Transition for Climate Adaptation: A Business Brief,https://info.unglobalcompact.org/l/591891/ion-Final-Brief-ES-Digital-pdf/58cqb5
Mapping a Maritime Just Transition for Seafarers,https://info.unglobalcompact.org/l/591891/t-Transition-for-Seafarers-pdf/58cqb8
Water Resilience Assessment Framework - Corporate Guidance,https://info.unglobalcompact.org/l/591891/ience-Assessment-Framework-pdf/58cqbr
Financing a Just Transition: A Business Brief,https://info.unglobalcompact.org/l/591891/inancing-a-Just-Transition-pdf/58cqc8
Financing a Just Transition: A Business Brief,https://info.unglobalcompact.org/l/591891/Just-Transition-ES-Digital-pdf/58cqcc
2022 UN Ocean Conference - Outcomes of the High-Level Meeting on Ocean and Climate,https://ungc-communications-assets.s3.amazonaws.com/docs/publications/UN%20Ocean%20Conference%20Report.pdf
Race to Zero: Mobilizing Leadership for a Net Zero Economy,https://ungc-communications-assets.s3.amazonaws.com/docs/publications/Race%20to%20Zero%20Report-singles.pdf
UN Global Compact Strategy 2021–2023,https://ungc-communications-assets.s3.amazonaws.com/docs/about_the_gc/UN-GLOBAL-COMPACT-STRATEGY-2021-2023.pdf
From Ambition to Impact: How companies are reducing emissions at scale with science-based targets (Science Based Targets initiative Annual Progress Report 2020),https://sciencebasedtargets.org/resources/files/SBTiProgressReport2020.pdf
Accelerating Sustainable Seafood,https://ungc-communications-assets.s3.amazonaws.com/docs/publications/Accelerating%20Sustainable%20Seafood.pdf
Building Sustainable and Resilient Healthcare Infrastructure in BRI Countries to Accelerate the Sustainable Development Goals,https://ungc-communications-assets.s3.amazonaws.com/docs/publications/UNGC%20BRI%20AP%20Healthcare%20Report_English.pdf
Implementing Effective Modern Slavery Grievance Mechanisms: A Guidance Note for Business,https://unglobalcompact.org.au/wp-content/uploads/2021/03/4261-UNGC-Grievance-Mechanisms-GUIDANCE-DOC_28pp-9-FA.pdf
Effective Modern Slavery Grievance Mechanisms: A Case Study Publication for Business,https://unglobalcompact.org.au/wp-content/uploads/2021/03/4261-UNGC-Grievance-Mechanisms-CASE-STUDY-10-FA.pdf
Tackling Climate Change is the Greatest Global Health Opportunity of the Twenty-First Century - An Empowering Business Narrative and Call for Health Resilient Climate Action,https://ungc-communications-assets.s3.amazonaws.com/docs/publications/UNGC%20Business%20Narrative%20and%20Call%20for%20Health%20Resilient%20Climate%20Action.pdf
Black Lives Matter & Business,https://ungc-communications-assets.s3.amazonaws.com/docs/publications/Black-Lives-Matter-Business-report.pdf
Implementing Effective Modern Slavery Grievance Mechanisms: A Guidance Note for Business,https://ungc-communications-assets.s3.amazonaws.com/docs/publications/Implementing%20Effective%20Modern%20Slavery%20Grievance%20Mechanisms_Guidance%20Note%20for%20Business_FINAL.pdf
Effective Modern Slavery Grievance Mechanisms: A Case Study Publication for Business,https://ungc-communications-assets.s3.amazonaws.com/docs/publications/GCNA_Effective%20Modern%20Slavery%20Grievance%20Mechanisms_Case%20Study%20Report%20for%20Business_FINAL.pdf
SBTi Corporate Manual,https://ungc-communications-assets.s3.amazonaws.com/docs/publications/SBTi-Corporate-Manual.pdf
Maritime Transport and the COVID-19 Crew Change Crisis: A Tool to Support Human Rights Due Diligence,https://ungc-communications-assets.s3.amazonaws.com/docs/publications/Maritime-Human-Rights-Risks-and-the-COVID-19-Crew-Change-Crisis.pdf
Achieving the Living Wage Ambition: Reference Sheet and Implementation Guidance,https://ungc-communications-assets.s3.amazonaws.com/docs/publications/Achieving_the_Living_Wage_Ambition_Reference_Sheet_and_Implementation_Guidance_EN.pdf
EXECUTIVE SUMMARY - SDG 16 Business Framework Inspiring Transformational Governance,https://ungc-communications-assets.s3.amazonaws.com/docs/publications/EXECUTIVE-SUMMARY-SDG-16-Business-Framework-Inspiring-Transformational-Governance.pdf
"Advancing Business Understanding of Peace, Justice and Strong Institutions Country Consultation Reports",https://assets.adobe.com/public/1288267c-25b0-4b9d-6020-872fd163ce70/Country%20Consultation%20Report_Brazil.pdf
"ADVANCING BUSINESS UNDERSTANDING OF PEACE, JUSTICE AND STRONG INSTITUTIONS - COUNTRY CONSULTATION GLOBAL SYNTHESIS REPORT",https://ungc-communications-assets.s3.amazonaws.com/docs/publications/Country%20Consultation%20Global%20Synthesis%20Report.pdf
Accelerating Blue Bonds Issuances in Latin America and the Caribbean,https://ungc-communications-assets.s3.amazonaws.com/docs/publications/Accelerating%20Blue%20Bonds%20Issuances%20in%20Latin%20America%20and%20the%20Caribbean.pdf
Target Gender Equality Case Studies,https://ungc-communications-assets.s3.amazonaws.com/docs/publications/Case%20Study%20-%20Natura.pdf
Target Gender Equality Interviews with Female Leaders,https://ungc-communications-assets.s3.amazonaws.com/docs/publications/TGE%20Profile%20-%20Ferrocarrils%20de%20la%20Generalitat%20de%20Catalunya.pdf
Taking the Temperature. Assessing and scaling-up climate ambition in the G7 business sector,https://sciencebasedtargets.org/resources/files/SBTi-TakingtheTemperatureReport2021.pdf
Leadership Briefing from the UN Global Compact,https://info.unglobalcompact.org/l/591891/une-Summit-Executive-Brief-pdf/58cqcn
Uniting against Corruption: A Playbook on Anti-Corruption Collective Action,https://ungc-communications-assets.s3.amazonaws.com/docs/publications/2021_Anti-Corruption_Collective.pdf
CFO Principles KPIs and Definitions for Progress Measurement and Target Setting,https://ungc-communications-assets.s3.amazonaws.com/docs/publications/KPIs-and-Definitions-for-Progress-Measurement-and-Targets-setting-UN-Global-Compact-CFO-Taskforce-for-the-SDGs.pdf
The SME Guide to Corporate Sustainability,https://info.unglobalcompact.org/l/591891/o-Corporate-Sustainability-pdf/58cqcr
The Future Is Green And Inclusive - Eastern Europe,https://ungc-communications-assets.s3.amazonaws.com/docs/publications/The%20Future%20Is%20Green%20and%20Inclusive.pdf
Charting a 1.5°C Trajectory for Maritime Transport,https://ungc-communications-assets.s3.amazonaws.com/docs/publications/Charting%20a%201.5%C2%B0C%20Trajectory%20for%20Maritime%20Transport.pdf
Blueprint for a Climate-Smart Ocean to Meet 1.5°C,https://ungc-communications-assets.s3.amazonaws.com/docs/publications/_Blueprint%20for%20a%20Climate-Smart%20Ocean%20to%20Meet%201.5%C2%B0C.pdf
"Gender Equality, Diversity & Inclusion Spotlight",https://info.unglobalcompact.org/l/591891/nd20Inclusion20Spotlight20-pdf/58cqcv
"Gender Equality, Diversity & Inclusion Spotlight",https://info.unglobalcompact.org/l/591891/ight-DE-REV-FINAL-Designed-pdf/58cqcy
"Gender Equality, Diversity & Inclusion Spotlight",https://info.unglobalcompact.org/l/591891/lusion20Spotlight-Georgian-pdf/58cqd2
"Gender Equality, Diversity & Inclusion Spotlight",https://info.unglobalcompact.org/l/591891/ht20-PT-REV-FINAL-Designed-pdf/58cqd5
"Gender Equality, Diversity & Inclusion Spotlight",https://info.unglobalcompact.org/l/591891/ht20-ES-REV-FINAL-Designed-pdf/58cqd8
"Gender Equality, Diversity & Inclusion Spotlight",https://info.unglobalcompact.org/l/591891/clusion20Spotlight-Turkish-pdf/58cqdc
UN Global Compact Africa Strategy 2021–2023,https://ungc-communications-assets.s3.amazonaws.com/docs/publications/UNGC_Mobilising%20Business%20in%20Africa_2021_2023.pdf
Nine Business Practices for Improving Safety and Health Through Supply Chains and Building a Culture of Prevention and Protection,https://info.unglobalcompact.org/l/591891/lications-OSH20Brief-FINAL-pdf/58cqdg
Taking the Temperature: Unlocking Breakthrough Climate Action in the G20,https://sciencebasedtargets.org/resources/files/Taking-the-Temperature-in-the-G20.pdf
Seaweed as a Nature-Based Climate Solution Vision Statement,https://ungc-communications-assets.s3.amazonaws.com/docs/publications/Seaweed%20as%20a%20Nature-Based%20Climate%20Solution.pdf
"Women, Peace and Security: A Guidance for Business",https://ungc-communications-assets.s3.amazonaws.com/docs/publications/UNGC_Women__Peace_and_Security_Paper.pdf
The 2021 United Nations Global Compact–Accenture CEO Sustainability Study,https://info.unglobalcompact.org/l/591891/-Sustainability-2021-FINAL-pdf/58cqdk
The 2021 United Nations Global Compact–Accenture CEO Sustainability Study,https://info.unglobalcompact.org/l/591891/-2021-CEO-Study-SlideShare-pdf/58cqdn
Roadmap to Integrate Clean Offshore Renewable Energy into Climate-smart Marine Spatial Planning,https://ungc-communications-assets.s3.amazonaws.com/docs/publications/Roadmap-to-Integrate-Clean-Offshore-Renewable-Energy-into-Climate-smart-Marine-Spatial-Planning.pdf
Status Report: Business Ambition for 1.5°C - Responding to the Climate Crisis,https://sciencebasedtargets.org/resources/files/status-report-Business-Ambition-for-1-5C-campaign.pdf
SBTi Corporate Net-Zero Standard,https://sciencebasedtargets.org/resources/files/Net-Zero-Standard.pdf
Frequently Asked Questions About the Guiding Principles on Business and Human Rights,https://www.unglobalcompact.org/docs/publications/FAQ_PrinciplesBussinessHR.pdf
SDG Ambition – Scaling Business Impact for the Decade of Action,https://info.unglobalcompact.org/l/591891/-New-UN-Compact-Initiative-pdf/58cqdr
SDG Ambition – Scaling Business Impact for the Decade of Action,https://info.unglobalcompact.org/l/591891/-SDG-Ambition20-20FINAL-ES-pdf/58cqdv
SDG Ambition – Scaling Business Impact for the Decade of Action,https://info.unglobalcompact.org/l/591891/Compact-Initiative-Russian-pdf/58cqdy
UNGC 2020 Business Plan,http://www.unglobalcompact.org/docs/about_the_gc/UNGC-2020-UNGC-Business-Plan.pdf
Why climate change and human rights are a business issue,http://www.unglobalcompact.org.au/new/wp-content/uploads/2020/01/2020.01_GCNA-Climate-HR-Discussion-Paper-Final.pdf
See how companies are reporting on the SDGS,https://info.unglobalcompact.org/l/591891/yala-Danone-Unilever-FINAL-pdf/58cqf2
See how companies are reporting on the SDGS,https://info.unglobalcompact.org/l/591891/rategy-Danone-Maersk-FINAL-pdf/58cqf5
See how companies are reporting on the SDGS,https://info.unglobalcompact.org/l/591891/sStrategy-CDL-Maersk-FINAL-pdf/58cqf8
See how companies are reporting on the SDGS,https://info.unglobalcompact.org/l/591891/-Iberdrola-Safaricom-FINAL-pdf/58cqfc
See how companies are reporting on the SDGS,https://info.unglobalcompact.org/l/591891/Danone-Iberdrola-PTT-FINAL-pdf/58cqfg
See how companies are reporting on the SDGS,https://info.unglobalcompact.org/l/591891/s-Enel-Maersk-Natura-FINAL-pdf/58cqfk
See how companies are reporting on the SDGS,https://info.unglobalcompact.org/l/591891/Iberdrola-Telefonica-FINAL-pdf/58cqfn
See how companies are reporting on the SDGS,https://info.unglobalcompact.org/l/591891/Cemex-Maersk-Nutresa-FINAL-pdf/58cqfr
See how companies are reporting on the SDGS,https://info.unglobalcompact.org/l/591891/stmanChemical-Natura-FINAL-pdf/58cqfv
See how companies are reporting on the SDGS,https://info.unglobalcompact.org/l/591891/t-CDL-Enel-Iberdrola-FINAL-pdf/58cqfy
See how companies are reporting on the SDGS,https://info.unglobalcompact.org/l/591891/-Iberdrola-PTTGlobal-FINAL-pdf/58cqg2
See how companies are reporting on the SDGS,https://info.unglobalcompact.org/l/591891/ontent-CDL-PTTGlobal-FINAL-pdf/58cqg5
See how companies are reporting on the SDGS,https://info.unglobalcompact.org/l/591891/-PTTGlobal-Safaricom-FINAL-pdf/58cqg8
See how companies are reporting on the SDGS,https://info.unglobalcompact.org/l/591891/iona-Ayala-Safaricom-FINAL-pdf/58cqgc
Blue Bonds Reference Paper,https://info.unglobalcompact.org/l/591891/tainable-Ocean-Investments-pdf/58cqgk
Ocean Stewardship 2030,https://info.unglobalcompact.org/l/591891/an-Stewardship-2030-Report-pdf/58cqgn
Seaweed Manifesto,https://ungc-communications-assets.s3.amazonaws.com/docs/publications/The-Seaweed-Manifesto.pdf
Advancing Science for Sustainable Ocean Business,https://ungc-communications-assets.s3.amazonaws.com/docs/publications/Advancing-Science-for-Sustainable-Ocean-Business.pdf
Leadership for the Decade of Action,https://info.unglobalcompact.org/l/591891/-the-Decade-of-Action-2020-pdf/58cqgr
Leadership for the Decade of Action,https://info.unglobalcompact.org/l/591891/A8E79083E68AA5E5918A-final-pdf/58cqgv
UN Global Compact 20th-Anniversary Progress Report: Uniting Business in the Decade of Action,https://info.unglobalcompact.org/l/591891/mpact-Progress-Report-2020-pdf/58cqgy
2020 Pressures Report,https://ungc-communications-assets.s3.amazonaws.com/docs/publications/GCNA-Pressures-Report-2020-WEBpageslow.pdf
Strengthening Resilience: Acting on Climate Change and Health,https://ungc-communications-assets.s3.amazonaws.com/docs/publications/Climate-Change-and-Health-Report.pdf
Business Guide - Beirut Explosions,https://ungc-communications-assets.s3.amazonaws.com/docs/publications/BeirutPortExplosions-BusinessGuide.pdf
Sustainable Development Goals: A Guide for Employees,https://ungc-communications-assets.s3.amazonaws.com/docs/publications/2019.11.26_GCNA-SDG-Employees-Guide.pdf
Navigating Decent Work Challenges in Multi-Tiered Supply Chains: Leadership Brief,https://info.unglobalcompact.org/l/591891/-Tiered-Supply-Chains-2020-pdf/58cqqy
Blue Resilience Brief,https://ungc-communications-assets.s3.amazonaws.com/docs/publications/Towards-a-More-Resilient-and-Sustainable-Blue-Economy.pdf
Integration Guide: Designing Business Systems for the SDGs,https://info.unglobalcompact.org/l/591891/on-IntegrationGuide-200923-pdf/58cml2
Integration Guide: Designing Business Systems for the SDGs,https://info.unglobalcompact.org/l/591891/tion-IntegrationGuide-THAI-pdf/58cml5
Integration Guide: Designing Business Systems for the SDGs,https://info.unglobalcompact.org/l/591891/n-IntegrationGuide-Russian-pdf/58cml8
Ambition Guide: Setting Goals for the Decade of Action,https://info.unglobalcompact.org/l/591891/mbition-AmbitionGuide-THAI-pdf/58cmlg
Financial Sector Science -Based Targets Guidance,https://ungc-communications-assets.s3.amazonaws.com/docs/publications/Financial-Sector-Science-Based-Targets-Guidance-Pilot-Version.pdf
Foundations for Science- Based Net- Zero Target Setting in the Corporate Sector,https://ungc-communications-assets.s3.amazonaws.com/docs/publications/foundations-for-net-zero-full-paper.pdf
Practical Guidance to Issue a Blue Bond,https://ungc-communications-assets.s3.amazonaws.com/docs/publications/Practical-Guidance-to-Issue-a-Blue-Bond.pdf
Family-Friendly Workplaces: Policies and Practices to Advance Decent Work in Global Supply Chains,https://info.unglobalcompact.org/l/591891/ndly-Workplaces28202029-EN-pdf/58cqr2
Family-Friendly Workplaces: Policies and Practices to Advance Decent Work in Global Supply Chains,https://info.unglobalcompact.org/l/591891/ndly-Workplaces28202029-ES-pdf/58cqr5
Family-Friendly Workplaces: Policies and Practices to Advance Decent Work in Global Supply Chains,https://info.unglobalcompact.org/l/591891/-Workplaces28202029-Bahasa-pdf/58cqr8
Family-Friendly Workplaces: Policies and Practices to Advance Decent Work in Global Supply Chains,https://info.unglobalcompact.org/l/591891/ndly-Workplaces28202029-DE-pdf/58cqrc
Target Gender Equality Newsletter,https://ungc-communications-assets.s3.amazonaws.com/docs/publications/TGE%20Newsletter_October%202020.pdf
Setting Science-Based Targets,https://ungc-communications-assets.s3.amazonaws.com/docs/publications/SBTi%20Corporate%20Net-Zero%20Standard_Chinese.pdf
Oil and Gas Practical Guidance for the Sustainable Ocean Principles,https://ungc-communications-assets.s3.amazonaws.com/docs/publications/UN-Global-Compact-Sustainable-Ocean-Principles-Oil-and-Gas.pdf
Aquaculture Practical Guidance for the Sustainable Ocean Principles,https://ungc-communications-assets.s3.amazonaws.com/docs/publications/UN-Global-Compact-Sustainable-Ocean-Principles-%20Aquaculture.pdf
Ocean Renewable Energy Practical Guidance for the Sustainable Ocean Principles,https://ungc-communications-assets.s3.amazonaws.com/docs/publications/UN-Global-Compact-Sustainable-Ocean-Principles-Ocean-Renewable-Energy.pdf
Seaweed Practical Guidance for the Sustainable Ocean Principles,https://ungc-communications-assets.s3.amazonaws.com/docs/publications/UN%20Global-Compact-Sustainable-Ocean-Principles-Seaweed.pdf
Fisheries Practical Guidance for the Sustainable Ocean Principles,https://ungc-communications-assets.s3.amazonaws.com/docs/publications/UN%20Global-Compact-Sustainable-Ocean-Principles-Fisheries.pdf.pdf
Stakeholder Inclusion as an Accelerator for the Sustainable Development Goals,https://ungc-communications-assets.s3.amazonaws.com/docs/publications/Global-compact-NL-Stakeholder-Inclusion.FINAL_.pdf
Closing the SDG Financing Gap in ASEAN: A Sustainable Finance Guide for Corporates,https://info.unglobalcompact.org/l/591891/nance-Guide-for-Corporates-pdf/58cqrg
Global Opportunity Report Series,https://info.unglobalcompact.org/l/591891/ications-GOE-2019-Insights-pdf/58cqrk
Global Opportunity Report Series,https://info.unglobalcompact.org/l/591891/al-Opportunity-Report-2018-pdf/58cqrn
Global Opportunity Report Series,https://info.unglobalcompact.org/l/591891/Opportunity-Report-2017-SM-pdf/58cqrr
Global Opportunity Report Series,https://info.unglobalcompact.org/l/591891/al-Opportunity-Report-2016-pdf/58cqrv
Global Opportunity Report Series,https://info.unglobalcompact.org/l/591891/-Global-Opportunity-Report-pdf/58cqry
Making Global Goals Local Business: Responsible business in the era of the Sustainable Development Goals,https://www.unglobalcompact.org/docs/publications/MGGLB%20Brochure%202019.pdf
Science-based climate targets as the basis for a corporate climate strategy,https://www.unglobalcompact.org/docs/publications/Discussion-paper-SBT-DGCN_screen_k_neu.pdf
Business School Rankings for the 21st Century,http://www.unglobalcompact.org/docs/publications/Business-School-Rankings_2019.pdf
Gender Equality in Social Auditing Guidance,https://www.bsr.org/reports/BSR_Gender_Equality_in_Social_Auditing_Guidance.pdf
Achieving Decent Work and Inclusive Growth: The Business Case for Social Dialogue,http://globaldeal.azurewebsites.net/wp-content/uploads/2017/09/Thematic-Brief-Achieving-Decent-Work-and-Inclusive-Growth_The-Business-Case-for-Social-Dialogue-2.pdf
SDG Investment Forum Brazil — Summary Report,https://www.unglobalcompact.org/docs/publications/SDG%20Investment%20Forum%20Brazil%20-%20Meeting%20Summary.pdf
"Global Goals, Ocean Opportunities",https://info.unglobalcompact.org/l/591891/-Goals-Ocean-Opportunities-pdf/58cqs2
Corporate Finance | A Roadmap to Mainstream SDG Investments,https://info.unglobalcompact.org/l/591891/orate-Finance-Report-Final-pdf/58cqs5
Corporate Finance | A Roadmap to Mainstream SDG Investments,https://info.unglobalcompact.org/l/591891/nce-Report-Final2028129-ES-pdf/58cqs8
SDG Bonds | Leveraging Capital Markets for the SDGs,https://info.unglobalcompact.org/l/591891/SDG-BONDS-REPORT2028129-ES-pdf/58cqsg
"Business Leadership Brief For Healthy Planet, Healthy People",https://info.unglobalcompact.org/l/591891/ions-2019-HealthReport-Web-pdf/58cqsk
"Business Leadership Brief For Healthy Planet, Healthy People",https://info.unglobalcompact.org/l/591891/ta-sano-con-personas-sanas-pdf/58cqsn
UN Global Compact-Accenture Strategy 2019 CEO Study – The Decade to Deliver: A Call to Business Action,https://info.unglobalcompact.org/l/591891/9-UNGC-Accenture-CEO-Study-pdf/58cqsr
UN Global Compact Progress Report 2019,https://info.unglobalcompact.org/l/591891/-2019-UNGC-Progress-Report-pdf/58cqsv
Business Leadership for 1.5 °C,https://info.unglobalcompact.org/l/591891/degree-Business-Leadership-pdf/58cqsy
Can government policies that drive strong economic outcomes for the private sector alleviate poverty?,https://www.unglobalcompact.org/docs/publications/2019_GCNA_Businesses_and_SDG1_in_Asia_Pacific.pdf
Framework for Corporate Action on Workplace Women's Health and Empowerment,https://info.unglobalcompact.org/l/591891/0Health20Empowerment202019-pdf/58cqt2
Scaling SDG Finance for the Sustainable Development Goals,https://info.unglobalcompact.org/l/591891/ons-Scaling-SDG-Finance-ES-pdf/58cqvy
"Climate Change, A Human Rights Issue",https://info.unglobalcompact.org/l/591891/uman-Rights-Issue-Briefing-pdf/58cqw8
Guide To Setting Site Water Targets Informed By Catchment Context,https://info.unglobalcompact.org/l/591891/ndateSiteWaterTargetsGuide-pdf/58cqwc
5 Tipping Points for a Healthy and Productive Ocean By 2030,https://info.unglobalcompact.org/l/591891/roductive20Ocean20by202030-pdf/58cqwg
Navigating the Future of Business and Human Rights: Good Practice Examples,https://info.unglobalcompact.org/l/591891/ting20the20Future20of20BHR-pdf/58cqwk
Navigating the Future of Business and Human Rights: Good Practice Examples,https://info.unglobalcompact.org/l/591891/sas-y-los-derechos-humanos-pdf/58cqwn
"Setting Site Water Targets Informed by Catchment Context, CASE STUDY: Santa Ana River Watershed, California",https://ceowatermandate.org/watertargets/wp-content/uploads/sites/30/2019/08/CEOWaterMandateTargetsCaseStudy.pdf
Raising the Bar: Exploring the Science Based Targets initiative's progress in driving ambitious climate action,http://www.unglobalcompact.org/docs/publications/SBTi-Progress-Report-2019-FINAL.pdf
"Ending child labour, forced labour and human trafficking in global supply chains",http://www.unglobalcompact.org/docs/publications/Ending-child-labour-forced-labour-and-human-trafficking-in-global-supply-chains.pdf
Private Sector Forum Meeting Report 2019,https://www.unglobalcompact.org/docs/publications/2019-Private-Sector-Forum-Meeting-Report.pdf
UN Global Compact Board Meeting Reports,https://unglobalcompact.org/docs/about_the_gc/final_rep_board030806.pdf
UN Global Compact Logo Policy,http://www.unglobalcompact.org/docs/about_the_gc/logo_policy/Logo_Policy_AR.pdf
"Better Leadership, Better World",https://www.unglobalcompact.org/docs/publications/2018/WomenRising2030-Better-Leadership-Better-World.pdf
Transforming Partnerships for the SDGs,https://info.unglobalcompact.org/l/591891/-Partnerships-for-the-SDGs-pdf/58cqwr
Women's Empowerment Principles Global Trends Report 2018,https://info.unglobalcompact.org/l/591891/18-WEPs-Trends-Report-2018-pdf/58cqwv
Business: It's Time to Act,https://info.unglobalcompact.org/l/591891/blications-Its-Time-To-Act-pdf/58cqwy
Business: It's Time to Act,https://info.unglobalcompact.org/l/591891/men-es-ist-Zeit-zu-Handeln-pdf/58cqx2
Business Partnerships for the Global Goals: Advances in Latin America and the Caribbean,https://www.unglobalcompact.org/docs/publications/mgglb-arg-infographic-flyer-EN.pdf
Sustainable Development Goal 6: Synthesis Report 2018 on Water and Sanitation,http://www.unglobalcompact.org/docs/publications/SDG6_SR2018.pdf
Global Compact Local Networks: Accelerating National SDG Implementation,https://www.unglobalcompact.org/docs/publications/GCLNs-Accelerating_National-SDG-Implementation.pdf
Global Compact Local Networks: Accelerating National SDG Implementation,https://www.unglobalcompact.org/docs/publications/GCLNs-Accelerating_National-SDG-Implementation.pdf
Promoting Anti-Corruption Collective Action through Global Compact Local Networks – Second Edition,https://www.unglobalcompact.org/docs/publications/UN_Anti_Corruption_Brochure-2018.pdf
Promoting Anti-Corruption Collective Action through Global Compact Local Networks – Second Edition,https://www.unglobalcompact.org/docs/publications/UN_Anti_Corruption_Brochure-2018.pdf
Decent Work in Global Supply Chains — A Baseline Report,https://info.unglobalcompact.org/l/591891/y-Chains-UN-Global-Compact-pdf/58cqx5
UN Global Compact Progress Report 2018,https://info.unglobalcompact.org/l/591891/mpact-Progress-Report-2018-pdf/58cqx8
Building Peace and Prosperity: What Business Can Do,https://info.unglobalcompact.org/l/591891/erity-What-Business-Can-Do-pdf/58cqxg
"Action Platform for Peace, Justice and Strong Institutions Flyer",http://www.unglobalcompact.org/docs/publications/ActionPlatform_Launch_Flyer.pdf
Human Rights: The Foundation of Sustainable Business,https://info.unglobalcompact.org/l/591891/on-of-Sustainable-Business-pdf/58cqxk
The Ambition Loop — How Business and Government Can Advance Policies that Fast Track Zero-Carbon Economic Growth,https://info.unglobalcompact.org/l/591891/bition-Loop-Report---FINAL-pdf/58cqzc
The Ambition Loop — How Business and Government Can Advance Policies that Fast Track Zero-Carbon Economic Growth,https://info.unglobalcompact.org/l/591891/op-Summary-for-Leaders--1--pdf/58cqzg
Internal carbon pricing in companies — Preparing for future regulation and designing the transition to a <2°C economy,https://ungc-communications-assets.s3.amazonaws.com/docs/publications/Discussion-paper-SBT-DGCN_screen_k_neu.pdf
"Climate and Supply Chain, The Business Case for Action",https://www.bsr.org/reports/BSR_Climate_and_Supply_Chain_Management.pdf
"Climate and Inclusive Economy, The Business Case for Action",https://www.bsr.org/reports/BSR_Climate_Nexus_Inclusive_Economy.pdf
"Resilient Business, Resilient World: A Framework for Private-Sector Leadership on Climate Adaptation",https://www.bsr.org/reports/BSR_Resilient_Business_Resilient_World_A_Research_Framework_for_Private_Sector_Leadership_on_Climate_Adaptation.pdf
"Climate and Health, The Business Case for Action",https://www.bsr.org/reports/BSR_Climate_Nexus_Health.pdf
Empowering Female Workers in the Apparel Industry,https://www.bsr.org/reports/BSR_Empowering_Female_Workers_in_the_Apparel_Industry.pdf
Private-Sector Action for Women's Health and Empowerment,https://www.bsr.org/reports/Private_Sector_Action_For_Womens_Health_Empowerment_Brief.pdf
Mapping Ocean Governance and Regulation — Working Paper for consultation,https://info.unglobalcompact.org/l/591891/-Governance-and-Regulation-pdf/58cqzk
"Better Business, Better World",https://unglobalcompact.org/docs/news_events/9.3/better-business-better-world.pdf
"SDG Industry Matrix: Energy, Natural Resources and Chemicals",http://www.unglobalcompact.org/docs/publications/2017/SDG-industry-matrix-enrc.pdf
Global Opportunity Report 2017,http://www.unglobalcompact.org/docs/publications/Global_Opportunity_Report_2017_SM.pdf
Relations with the Private Sector from the Oxford Handbook of International Organisations,https://www.unglobalcompact.org/docs/publications/2017/Oxford-Handbook-International-Organisations-Georg-Kell-Jan17.pdf
Guidance for Global Compact Local Networks on National Action Plans on Business and Human Rights,https://www.unglobalcompact.org/docs/issues_doc/human_rights/Resources/GCLN-NAP-HR-Guidance.pdf
"Business Guide to Prevent Famine and Support Response in North-East Nigeria, South Sudan, Yemen and Somalia",http://www.unglobalcompact.org/docs/publications/Business_Guide_for_Four_Famines.pdf
Sustainable Development Goals: From Promise to Practice,http://www.unglobalcompact.org/docs/publications/UNA-UK%20SDGS%202017.pdf
Aligning Values: Why corporate pension plans should mirror their sponsors,https://www.unglobalcompact.org/docs/publications/Aligning_Values-Why_corporate_pension_plans_should_mirror_their_sponsors_final.pdf
Statements of the UN Global Compact on the Integrity Measures,https://www.unglobalcompact.org/docs/publications/UN_Global_Compact_Statement_16%20May_2017.pdf
Human Rights Translated 2.0,https://www.unglobalcompact.org/docs/publications/HRT_final_web.pdf
Human Rights Good Practice for Business Operating in Areas with Violent Crime,https://www.unglobalcompact.org/docs/publications/Violent_Crime_GPN_final.pdf
Addressing Adverse Human Rights Impacts Connected to Product Misuse,https://www.unglobalcompact.org/docs/publications/Product_Misuse_GPN_final.pdf
Guide for Business on the Rights of Persons with Disabilities,https://www.unglobalcompact.org/docs/publications/Accessible_Disabilities_Guide.pdf
Decent Work and the 2030 Agenda for Sustainable Development,https://www.unglobalcompact.org/docs/publications/Decent_Work_and_the_2030_Agenda.pdf
2017 United Nations Global Compact Progress Report: Business Solutions to Sustainable Development,https://www.unglobalcompact.org/docs/publications/UN%20Impact%20Brochure_Concept-FINAL.pdf
Blueprint for Business Leadership on the SDGs,http://www.unglobalcompact.org/docs/publications/Blueprint-for-Business-Leadership-on-the-SDGs.pdf
"Tackling Discrimination against Lesbian, Gay, Bi, Trans, & Intersex People STANDARDS OF CONDUCT FOR BUSINESS",https://www.unglobalcompact.org/docs/publications/UN_Brochure_single_pages.pdf
A Call to Action for Sustainable Business,http://www.unglobalcompact.org/docs/publications/UNGC-Value-Proposition.pdf
2030 Vision: Uniting to Deliver Technology for the Global Goals,http://www.unglobalcompact.org/docs/publications/ARM_2030VisionReport.pdf
The Breakthrough Pitch,http://www.unglobalcompact.org/docs/publications/guide-breakthrough-pitch.pdf
"Guide to Unlocking Prosperity: Finance, Investment and Sustainable Development",https://www.unglobalcompact.org/docs/news_events/PSF2017/unga-finance-flyer-print.pdf
Global Climate Action Playbook 2018,https://www.unglobalcompact.org/docs/issues_doc/Environment/climate/Global-Climate-Action-Playbook-2018.pdf
Uniting to Deliver Technology for the Global Goals: Full Report,https://www.unglobalcompact.org/docs/publications/2017/2030Vision_Report.pdf
Gender Equality in Codes of Conduct Guidance,https://www.bsr.org/reports/BSR_Gender_Equality_in_Codes_of_Conduct_Guidance.pdf
The Five Levels of an Ethical Culture,https://www.bsr.org/reports/BSR_Ethical_Corporate_Culture_Five_Levels.pdf
"Big Brands, Big Impact: A Marketer's Guide to Behavior Change",https://www.bsr.org/reports/BSR_SLFG_Marketers_Guide_to_Behavior_Change.pdf
The Supply Chain Leadership Ladder,https://www.bsr.org/reports/BSR_Supply_Chain_Leadership_Ladder_2017.pdf
Automation: A Framework for a Sustainable Transition,https://www.bsr.org/reports/BSR_Automation_Sustainable_Jobs_Business_Transition.pdf
"Climate and Women, The Business Case for Action",https://www.bsr.org/reports/BSR_Climate_Nexus_Women.pdf
UNGC 2020 Global Strategy,http://www.unglobalcompact.org/docs/about_the_gc/UNGC-2020-Global-Strategy.pdf
Fighting Corruption in the Supply Chain: A Guide for Customers and Suppliers,http://www.unglobalcompact.org/docs/issues_doc/Anti-Corruption/Fighting_Corruption_Supply_Chain.pdf
UN Global Compact Annual Local Network Report Series,https://www.unglobalcompact.org/docs/publications/LN_Report_2015.pdf
Caring for Climate Progress Report Series,https://unglobalcompact.org/docs/issues_doc/Environment/climate/C4C-progress-report-2016.pdf
UN Global Compact Financial Reports,http://globalcompactfoundation.org/docs/2012_ungc_financial_report.pdf
Summary Report: 2015 Caring for Climate Business Forum at COP21,https://www.unglobalcompact.org/docs/issues_doc/Environment/climate/C4C-business-forum-2016-meeting-report.pdf
ILO-IOE Child Labour Guidance Tool for Business,https://www.unglobalcompact.org/docs/issues_doc/labour/tools_guidance_materials/ILO-IOE-child-labour-guidance.pdf
"SDG Industry Matrix: Food, Beverage & Consumer Goods",https://unglobalcompact.org/docs/issues_doc/development/SDGMatrix-ConsumerGoods.pdf
SDG Industry Matrix: Financial Services,https://www.unglobalcompact.org/docs/issues_doc/development/SDGMatrix_FinancialSvcs.pdf
Business and Responsible Taxation,https://unglobalcompact.org/docs/issues_doc/human_rights/Webinars/responsible-taxation-business.pdf
Principles for Sustainable Soil Management,https://unglobalcompact.org/docs/issues_doc/agriculture_and_food/soil-principles.pdf
Traceability Technical Solutions for the Apparel Sector,https://unglobalcompact.org/docs/issues_doc/supply_chain/Traceability/webinar-technical-solutions-apparel-sector.pdf
The UK Modern Slavery Act: Implications for Global Compact Participants,https://unglobalcompact.org/docs/issues_doc/human_rights/Webinars/modern-slavery-act-implications.pdf
Integrating Human Rights Considerations into Mergers & Acquisitions,https://unglobalcompact.org/docs/issues_doc/human_rights/Webinars/ma-human-rights.pdf
